idx	suffix_id	prompt_n	cache_n	prompt_ms	predicted_ms	eval_tps	wall_ms
1	s1_summarize	428	0	10263.192	13506.282	18.954142968434986	24350.9
2	s2_critique	252	172	5573.169	13458.034	19.02209490628423	19232.4
3	s3_translate	253	172	5716.925	13371.878	19.144655672150165	19300.3
4	s4_keywords	255	172	5690.991	14031.956	18.24407089075821	19910.3
5	s5_questions	251	172	5639.109	13365.04	19.154450716196884	19228.1
