idx	suffix_id	prompt_n	cache_n	prompt_ms	predicted_ms	eval_tps	wall_ms
1	s1_summarize	428	0	10268.84	13532.505	18.917414033839265	24452.9
2	s2_critique	252	172	5572.503	13484.415	18.98487995215217	19270.7
3	s3_translate	253	172	5706.046	13391.668	19.11636399588162	19340.0
4	s4_keywords	255	172	5687.56	14061.427	18.20583359000477	19945.3
5	s5_questions	251	172	5628.55	13392.562	19.115087912230685	19270.6
