13:57:34 0, 60, N/A, 30.80, 0|1, 61, N/A, 34.99, 0|2, 35, N/A, 28.83, 0|3, 37, N/A, 26.84, 0|4, 38, N/A, 27.60, 0|5, 39, N/A, 26.88, 0|6, 36, N/A, 28.07, 0|
13:57:37 0, 59, N/A, 37.70, 0|1, 60, N/A, 41.64, 0|2, 35, N/A, 34.74, 0|3, 37, N/A, 26.84, 0|4, 38, N/A, 27.60, 0|5, 39, N/A, 26.86, 0|6, 36, N/A, 28.07, 0|
13:57:39 0, 59, N/A, 42.63, 57|1, 59, N/A, 41.89, 0|2, 35, N/A, 34.74, 0|3, 37, N/A, 26.86, 0|4, 38, N/A, 27.35, 0|5, 39, N/A, 26.86, 0|6, 36, N/A, 28.07, 0|
13:57:41 0, 59, N/A, 41.89, 0|1, 59, N/A, 47.77, 57|2, 35, N/A, 34.74, 0|3, 37, N/A, 26.86, 0|4, 38, N/A, 27.35, 0|5, 39, N/A, 27.12, 0|6, 36, N/A, 28.07, 0|
13:57:43 0, 58, N/A, 41.89, 0|1, 59, N/A, 47.04, 0|2, 35, N/A, 40.41, 59|3, 37, N/A, 26.86, 0|4, 38, N/A, 27.35, 0|5, 39, N/A, 26.88, 0|6, 36, N/A, 27.83, 0|
13:57:45 0, 58, N/A, 42.85, 0|1, 58, N/A, 47.04, 0|2, 35, N/A, 39.89, 1|3, 37, N/A, 26.84, 0|4, 38, N/A, 27.35, 0|5, 39, N/A, 26.86, 0|6, 36, N/A, 28.06, 0|
13:57:47 0, 57, N/A, 42.38, 0|1, 58, N/A, 47.80, 0|2, 35, N/A, 40.66, 0|3, 37, N/A, 26.86, 0|4, 38, N/A, 27.35, 0|5, 39, N/A, 26.88, 0|6, 36, N/A, 28.07, 0|
13:57:49 0, 57, N/A, 41.40, 0|1, 58, N/A, 47.56, 0|2, 35, N/A, 34.74, 0|3, 37, N/A, 26.86, 0|4, 38, N/A, 27.35, 0|5, 39, N/A, 26.88, 0|6, 36, N/A, 28.07, 0|
13:57:51 0, 59, N/A, 51.71, 30|1, 58, N/A, 101.72, 31|2, 37, N/A, 142.86, 37|3, 37, N/A, 26.84, 0|4, 38, N/A, 27.33, 0|5, 39, N/A, 26.86, 0|6, 36, N/A, 28.05, 0|
13:57:53 0, 58, N/A, 45.07, 31|1, 59, N/A, 60.05, 31|2, 38, N/A, 139.50, 38|3, 37, N/A, 26.84, 0|4, 38, N/A, 27.35, 0|5, 39, N/A, 27.10, 0|6, 36, N/A, 28.05, 0|
13:57:55 0, 58, N/A, 144.98, 30|1, 59, N/A, 51.22, 31|2, 39, N/A, 64.00, 37|3, 37, N/A, 26.84, 0|4, 38, N/A, 27.35, 0|5, 39, N/A, 26.87, 0|6, 36, N/A, 27.83, 0|
13:57:57 0, 59, N/A, 92.00, 30|1, 59, N/A, 146.77, 33|2, 39, N/A, 48.02, 37|3, 37, N/A, 26.86, 0|4, 38, N/A, 27.35, 0|5, 39, N/A, 26.63, 0|6, 36, N/A, 27.83, 0|
13:57:59 0, 59, N/A, 52.20, 31|1, 59, N/A, 102.21, 31|2, 39, N/A, 153.48, 38|3, 37, N/A, 26.84, 0|4, 38, N/A, 27.60, 0|5, 39, N/A, 26.86, 0|6, 36, N/A, 28.07, 0|
13:58:02 0, 58, N/A, 44.82, 30|1, 59, N/A, 58.08, 31|2, 41, N/A, 125.99, 37|3, 37, N/A, 26.84, 0|4, 38, N/A, 27.58, 0|5, 39, N/A, 26.86, 0|6, 36, N/A, 28.05, 0|
13:58:04 0, 59, N/A, 152.66, 30|1, 59, N/A, 50.24, 33|2, 41, N/A, 59.07, 37|3, 37, N/A, 26.86, 0|4, 38, N/A, 27.35, 0|5, 39, N/A, 26.86, 0|6, 36, N/A, 27.83, 0|
13:58:06 0, 59, N/A, 74.57, 31|1, 58, N/A, 162.63, 31|2, 41, N/A, 47.04, 38|3, 37, N/A, 26.86, 0|4, 38, N/A, 27.35, 0|5, 39, N/A, 26.87, 0|6, 36, N/A, 27.83, 0|
13:58:08 0, 58, N/A, 50.24, 30|1, 59, N/A, 90.03, 31|2, 41, N/A, 161.68, 37|3, 37, N/A, 26.86, 0|4, 38, N/A, 27.35, 0|5, 39, N/A, 26.88, 0|6, 36, N/A, 27.83, 0|
13:58:10 0, 58, N/A, 63.25, 30|1, 59, N/A, 55.65, 31|2, 42, N/A, 111.07, 37|3, 37, N/A, 26.86, 0|4, 38, N/A, 27.35, 0|5, 39, N/A, 26.86, 0|6, 36, N/A, 28.07, 0|
13:58:12 0, 59, N/A, 147.28, 31|1, 58, N/A, 50.73, 31|2, 43, N/A, 64.00, 38|3, 37, N/A, 27.09, 0|4, 38, N/A, 27.35, 0|5, 39, N/A, 26.87, 0|6, 36, N/A, 28.07, 0|
13:58:14 0, 58, N/A, 86.34, 30|1, 58, N/A, 148.16, 31|2, 42, N/A, 48.76, 37|3, 37, N/A, 26.84, 0|4, 38, N/A, 27.35, 0|5, 39, N/A, 26.86, 0|6, 36, N/A, 27.81, 0|
13:58:16 0, 58, N/A, 54.67, 30|1, 58, N/A, 111.30, 33|2, 42, N/A, 137.70, 37|3, 37, N/A, 26.84, 0|4, 38, N/A, 27.35, 0|5, 39, N/A, 26.86, 0|6, 36, N/A, 28.05, 0|
13:58:18 0, 58, N/A, 46.05, 31|1, 58, N/A, 65.46, 31|2, 43, N/A, 181.57, 38|3, 37, N/A, 26.86, 0|4, 37, N/A, 27.35, 0|5, 39, N/A, 26.87, 0|6, 36, N/A, 28.05, 0|
13:58:20 0, 58, N/A, 43.37, 28|1, 58, N/A, 88.56, 34|2, 43, N/A, 151.94, 35|3, 37, N/A, 26.86, 0|4, 38, N/A, 27.35, 0|5, 39, N/A, 26.88, 0|6, 36, N/A, 28.07, 0|
13:58:22 0, 57, N/A, 40.90, 29|1, 57, N/A, 71.87, 34|2, 43, N/A, 161.43, 33|3, 37, N/A, 26.86, 0|4, 38, N/A, 27.35, 0|5, 39, N/A, 26.87, 0|6, 36, N/A, 27.83, 0|
13:58:24 0, 57, N/A, 40.66, 29|1, 57, N/A, 67.20, 34|2, 43, N/A, 164.38, 33|3, 37, N/A, 26.86, 0|4, 38, N/A, 27.35, 0|5, 39, N/A, 26.87, 0|6, 36, N/A, 28.07, 0|
13:58:27 0, 57, N/A, 40.16, 32|1, 57, N/A, 64.23, 34|2, 44, N/A, 166.97, 36|3, 38, N/A, 26.86, 0|4, 37, N/A, 27.35, 0|5, 39, N/A, 26.86, 0|6, 36, N/A, 28.06, 0|
13:58:29 0, 57, N/A, 39.65, 32|1, 57, N/A, 59.80, 34|2, 44, N/A, 174.57, 37|3, 37, N/A, 27.09, 0|4, 38, N/A, 27.35, 0|5, 39, N/A, 26.86, 0|6, 36, N/A, 27.83, 0|
13:58:31 0, 57, N/A, 39.18, 32|1, 57, N/A, 57.59, 31|2, 44, N/A, 177.41, 37|3, 38, N/A, 27.09, 0|4, 38, N/A, 27.35, 0|5, 39, N/A, 26.87, 0|6, 36, N/A, 27.81, 0|
13:58:33 0, 57, N/A, 39.42, 32|1, 57, N/A, 60.55, 30|2, 45, N/A, 174.57, 37|3, 37, N/A, 26.86, 0|4, 38, N/A, 27.35, 0|5, 39, N/A, 27.12, 0|6, 36, N/A, 27.81, 0|
13:58:35 0, 57, N/A, 38.93, 32|1, 57, N/A, 55.90, 30|2, 45, N/A, 181.34, 37|3, 38, N/A, 26.86, 0|4, 38, N/A, 27.60, 0|5, 39, N/A, 26.87, 0|6, 36, N/A, 28.07, 0|
13:58:37 0, 57, N/A, 38.93, 32|1, 57, N/A, 55.65, 31|2, 46, N/A, 183.88, 37|3, 38, N/A, 26.86, 0|4, 38, N/A, 27.35, 0|5, 39, N/A, 26.88, 0|6, 36, N/A, 28.07, 0|
13:58:39 0, 57, N/A, 38.69, 32|1, 57, N/A, 54.39, 34|2, 46, N/A, 185.26, 37|3, 38, N/A, 26.84, 0|4, 38, N/A, 27.60, 0|5, 39, N/A, 26.86, 0|6, 36, N/A, 27.81, 0|
13:58:41 0, 57, N/A, 38.69, 28|1, 57, N/A, 54.67, 34|2, 47, N/A, 184.02, 35|3, 38, N/A, 26.86, 0|4, 38, N/A, 27.60, 0|5, 39, N/A, 26.86, 0|6, 36, N/A, 28.07, 0|
13:58:43 0, 57, N/A, 38.93, 28|1, 58, N/A, 55.62, 34|2, 46, N/A, 182.80, 33|3, 38, N/A, 26.86, 0|4, 38, N/A, 27.60, 0|5, 40, N/A, 27.12, 0|6, 36, N/A, 27.83, 0|
13:58:45 0, 57, N/A, 39.42, 28|1, 58, N/A, 54.18, 34|2, 47, N/A, 184.53, 33|3, 38, N/A, 27.09, 0|4, 38, N/A, 27.60, 0|5, 40, N/A, 27.10, 0|6, 36, N/A, 27.83, 0|
13:58:47 0, 57, N/A, 39.42, 29|1, 58, N/A, 58.33, 34|2, 47, N/A, 179.61, 33|3, 38, N/A, 27.09, 0|4, 38, N/A, 27.60, 0|5, 40, N/A, 27.12, 0|6, 36, N/A, 27.81, 0|
13:58:49 0, 58, N/A, 39.67, 32|1, 58, N/A, 61.29, 34|2, 48, N/A, 175.06, 37|3, 38, N/A, 27.09, 0|4, 38, N/A, 27.60, 0|5, 40, N/A, 27.12, 0|6, 37, N/A, 28.07, 0|
13:58:52 0, 57, N/A, 39.89, 32|1, 58, N/A, 65.22, 34|2, 48, N/A, 169.32, 37|3, 38, N/A, 27.09, 0|4, 38, N/A, 27.58, 0|5, 40, N/A, 27.10, 0|6, 37, N/A, 28.05, 0|
13:58:54 0, 58, N/A, 39.67, 32|1, 58, N/A, 61.53, 34|2, 48, N/A, 166.25, 37|3, 38, N/A, 27.09, 0|4, 38, N/A, 27.60, 0|5, 40, N/A, 27.12, 0|6, 37, N/A, 27.81, 0|
13:58:56 0, 58, N/A, 41.62, 32|1, 58, N/A, 76.00, 33|2, 49, N/A, 158.88, 37|3, 38, N/A, 27.09, 0|4, 38, N/A, 27.60, 0|5, 40, N/A, 27.10, 0|6, 37, N/A, 28.05, 0|
13:58:58 0, 58, N/A, 42.13, 32|1, 58, N/A, 78.47, 30|2, 49, N/A, 156.77, 37|3, 38, N/A, 27.09, 0|4, 38, N/A, 27.60, 0|5, 40, N/A, 27.10, 0|6, 37, N/A, 28.07, 0|
13:59:00 0, 58, N/A, 42.13, 32|1, 58, N/A, 79.21, 30|2, 49, N/A, 153.31, 37|3, 38, N/A, 27.10, 0|4, 38, N/A, 27.60, 0|5, 40, N/A, 27.12, 0|6, 37, N/A, 28.07, 0|
13:59:02 0, 58, N/A, 41.15, 32|1, 58, N/A, 71.87, 30|2, 49, N/A, 163.79, 37|3, 38, N/A, 27.10, 0|4, 38, N/A, 27.60, 0|5, 40, N/A, 27.12, 0|6, 37, N/A, 28.07, 0|
13:59:04 0, 58, N/A, 42.38, 32|1, 58, N/A, 81.42, 30|2, 50, N/A, 152.85, 35|3, 38, N/A, 27.09, 0|4, 38, N/A, 27.60, 0|5, 40, N/A, 27.10, 0|6, 37, N/A, 27.81, 0|
13:59:06 0, 58, N/A, 44.11, 32|1, 58, N/A, 95.64, 34|2, 50, N/A, 138.19, 34|3, 38, N/A, 27.10, 0|4, 38, N/A, 27.60, 0|5, 40, N/A, 27.12, 0|6, 37, N/A, 28.07, 0|
13:59:08 0, 58, N/A, 45.07, 28|1, 58, N/A, 100.55, 34|2, 50, N/A, 129.85, 33|3, 38, N/A, 27.10, 0|4, 38, N/A, 27.60, 0|5, 40, N/A, 27.12, 0|6, 37, N/A, 28.05, 0|
13:59:10 0, 58, N/A, 44.85, 28|1, 58, N/A, 88.81, 34|2, 51, N/A, 147.03, 33|3, 38, N/A, 27.09, 0|4, 38, N/A, 27.60, 0|5, 40, N/A, 27.12, 0|6, 37, N/A, 28.07, 0|
13:59:12 0, 58, N/A, 44.57, 28|1, 58, N/A, 95.63, 34|2, 51, N/A, 135.00, 33|3, 38, N/A, 27.09, 0|4, 38, N/A, 27.60, 0|5, 40, N/A, 27.10, 0|6, 37, N/A, 27.83, 0|
13:59:14 0, 58, N/A, 44.57, 28|1, 58, N/A, 96.37, 34|2, 51, N/A, 135.25, 36|3, 38, N/A, 27.10, 0|4, 39, N/A, 27.60, 0|5, 40, N/A, 26.88, 0|6, 37, N/A, 28.07, 0|
13:59:16 0, 58, N/A, 139.41, 5|1, 57, N/A, 40.66, 1|2, 50, N/A, 47.53, 6|3, 38, N/A, 27.09, 0|4, 38, N/A, 27.58, 0|5, 40, N/A, 27.11, 0|6, 37, N/A, 28.06, 0|
13:59:19 0, 58, N/A, 42.60, 0|1, 60, N/A, 173.83, 100|2, 49, N/A, 39.40, 0|3, 38, N/A, 27.09, 0|4, 39, N/A, 27.60, 0|5, 40, N/A, 27.10, 0|6, 37, N/A, 28.32, 0|
13:59:21 0, 59, N/A, 43.34, 0|1, 60, N/A, 160.81, 100|2, 51, N/A, 47.28, 0|3, 38, N/A, 27.09, 0|4, 39, N/A, 27.58, 0|5, 40, N/A, 27.10, 0|6, 37, N/A, 28.30, 0|
13:59:23 0, 62, N/A, 160.09, 100|1, 58, N/A, 47.77, 0|2, 54, N/A, 65.46, 100|3, 38, N/A, 27.09, 0|4, 39, N/A, 27.58, 0|5, 40, N/A, 27.10, 0|6, 37, N/A, 28.05, 0|
13:59:25 0, 62, N/A, 183.27, 100|1, 59, N/A, 47.28, 0|2, 54, N/A, 153.47, 100|3, 38, N/A, 27.09, 0|4, 38, N/A, 27.58, 0|5, 40, N/A, 27.10, 0|6, 37, N/A, 28.30, 0|
13:59:27 0, 61, N/A, 162.28, 10|1, 60, N/A, 49.96, 0|2, 53, N/A, 186.37, 64|3, 38, N/A, 27.08, 0|4, 39, N/A, 27.58, 0|5, 40, N/A, 27.10, 0|6, 37, N/A, 28.30, 0|
13:59:29 0, 59, N/A, 42.60, 0|1, 62, N/A, 176.17, 100|2, 51, N/A, 47.25, 0|3, 38, N/A, 27.09, 0|4, 39, N/A, 27.58, 0|5, 40, N/A, 27.10, 0|6, 37, N/A, 28.30, 0|
13:59:31 0, 60, N/A, 43.59, 0|1, 61, N/A, 153.07, 100|2, 52, N/A, 47.77, 0|3, 38, N/A, 27.09, 0|4, 39, N/A, 27.60, 0|5, 40, N/A, 27.10, 0|6, 37, N/A, 28.30, 0|
13:59:33 0, 63, N/A, 150.87, 100|1, 59, N/A, 48.27, 0|2, 54, N/A, 49.74, 100|3, 38, N/A, 27.09, 0|4, 39, N/A, 27.58, 0|5, 40, N/A, 27.10, 0|6, 37, N/A, 28.30, 0|
13:59:35 0, 62, N/A, 147.41, 100|1, 60, N/A, 48.73, 0|2, 55, N/A, 179.01, 100|3, 38, N/A, 27.08, 0|4, 39, N/A, 27.58, 0|5, 40, N/A, 27.10, 0|6, 37, N/A, 28.30, 0|
13:59:37 0, 61, N/A, 142.83, 85|1, 61, N/A, 50.20, 19|2, 53, N/A, 177.67, 37|3, 38, N/A, 27.08, 0|4, 39, N/A, 27.58, 0|5, 40, N/A, 27.10, 0|6, 37, N/A, 28.30, 0|
13:59:39 0, 60, N/A, 43.34, 0|1, 62, N/A, 151.83, 100|2, 52, N/A, 47.78, 0|3, 38, N/A, 27.09, 0|4, 39, N/A, 27.59, 0|5, 40, N/A, 27.10, 0|6, 37, N/A, 28.05, 0|
13:59:41 0, 60, N/A, 43.83, 0|1, 61, N/A, 191.36, 100|2, 53, N/A, 48.24, 0|3, 38, N/A, 27.09, 0|4, 39, N/A, 27.58, 0|5, 40, N/A, 27.10, 0|6, 37, N/A, 28.30, 0|
13:59:44 0, 62, N/A, 161.55, 100|1, 59, N/A, 48.48, 0|2, 55, N/A, 201.44, 100|3, 38, N/A, 27.08, 0|4, 39, N/A, 27.58, 0|5, 40, N/A, 27.10, 0|6, 37, N/A, 28.05, 0|
13:59:46 0, 62, N/A, 153.07, 100|1, 60, N/A, 49.25, 0|2, 55, N/A, 190.55, 100|3, 38, N/A, 27.09, 0|4, 39, N/A, 27.58, 0|5, 40, N/A, 27.10, 0|6, 37, N/A, 28.05, 0|
13:59:48 0, 59, N/A, 43.09, 0|1, 62, N/A, 175.52, 100|2, 52, N/A, 47.53, 0|3, 38, N/A, 27.09, 0|4, 38, N/A, 27.60, 0|5, 40, N/A, 27.10, 0|6, 37, N/A, 28.05, 0|
13:59:50 0, 60, N/A, 43.36, 0|1, 62, N/A, 170.62, 100|2, 52, N/A, 48.02, 0|3, 38, N/A, 27.10, 0|4, 38, N/A, 27.60, 0|5, 40, N/A, 27.10, 0|6, 37, N/A, 28.07, 0|
13:59:52 0, 61, N/A, 45.07, 82|1, 60, N/A, 180.93, 9|2, 54, N/A, 49.01, 0|3, 38, N/A, 27.09, 0|4, 38, N/A, 27.60, 0|5, 40, N/A, 27.12, 0|6, 37, N/A, 28.07, 0|
13:59:54 0, 62, N/A, 188.91, 100|1, 59, N/A, 48.76, 0|2, 55, N/A, 162.30, 100|3, 38, N/A, 27.09, 0|4, 38, N/A, 27.58, 0|5, 40, N/A, 27.10, 0|6, 37, N/A, 28.05, 0|
13:59:56 0, 61, N/A, 169.15, 81|1, 61, N/A, 50.20, 23|2, 54, N/A, 196.65, 100|3, 38, N/A, 27.09, 0|4, 38, N/A, 27.58, 0|5, 40, N/A, 26.86, 0|6, 37, N/A, 28.05, 0|
13:59:58 0, 59, N/A, 43.34, 0|1, 62, N/A, 166.80, 100|2, 52, N/A, 48.02, 0|3, 38, N/A, 27.09, 0|4, 38, N/A, 27.60, 0|5, 40, N/A, 27.10, 0|6, 37, N/A, 28.07, 0|
14:00:00 0, 61, N/A, 44.32, 0|1, 60, N/A, 202.76, 100|2, 53, N/A, 48.74, 0|3, 38, N/A, 27.09, 0|4, 38, N/A, 27.60, 0|5, 40, N/A, 27.12, 0|6, 37, N/A, 28.07, 0|
14:00:02 0, 63, N/A, 173.59, 100|1, 59, N/A, 48.26, 0|2, 56, N/A, 169.91, 100|3, 38, N/A, 27.09, 0|4, 38, N/A, 27.58, 0|5, 40, N/A, 26.86, 0|6, 37, N/A, 28.05, 0|
14:00:04 0, 61, N/A, 152.33, 100|1, 60, N/A, 49.74, 1|2, 54, N/A, 166.97, 100|3, 38, N/A, 27.09, 0|4, 38, N/A, 27.58, 0|5, 40, N/A, 27.10, 0|6, 37, N/A, 28.30, 0|
14:00:06 0, 60, N/A, 43.37, 0|1, 62, N/A, 165.50, 100|2, 53, N/A, 48.24, 0|3, 38, N/A, 27.09, 0|4, 39, N/A, 27.60, 0|5, 40, N/A, 27.10, 0|6, 37, N/A, 28.05, 0|
14:00:09 0, 61, N/A, 44.08, 0|1, 61, N/A, 182.15, 100|2, 54, N/A, 48.76, 1|3, 38, N/A, 27.10, 0|4, 38, N/A, 27.60, 0|5, 40, N/A, 27.12, 0|6, 37, N/A, 28.07, 0|
14:00:11 0, 63, N/A, 150.36, 100|1, 59, N/A, 48.51, 0|2, 56, N/A, 190.79, 100|3, 38, N/A, 27.08, 0|4, 38, N/A, 27.58, 0|5, 40, N/A, 27.10, 0|6, 37, N/A, 28.05, 0|
14:00:13 0, 61, N/A, 169.90, 100|1, 60, N/A, 49.96, 1|2, 55, N/A, 156.99, 100|3, 38, N/A, 27.09, 0|4, 38, N/A, 27.58, 0|5, 40, N/A, 27.10, 0|6, 37, N/A, 28.30, 0|
14:00:15 0, 59, N/A, 43.34, 0|1, 62, N/A, 169.64, 100|2, 53, N/A, 48.27, 0|3, 38, N/A, 27.09, 0|4, 38, N/A, 27.60, 0|5, 40, N/A, 27.12, 0|6, 37, N/A, 27.81, 0|
14:00:17 0, 61, N/A, 44.32, 32|1, 60, N/A, 166.23, 100|2, 54, N/A, 49.25, 1|3, 38, N/A, 27.09, 0|4, 38, N/A, 27.59, 0|5, 40, N/A, 27.10, 0|6, 37, N/A, 28.07, 0|
14:00:19 0, 62, N/A, 189.89, 100|1, 59, N/A, 48.48, 0|2, 56, N/A, 183.76, 100|3, 38, N/A, 27.09, 0|4, 38, N/A, 27.58, 0|5, 40, N/A, 27.10, 0|6, 37, N/A, 28.05, 0|
14:00:21 0, 61, N/A, 158.19, 19|1, 61, N/A, 50.20, 1|2, 54, N/A, 190.64, 73|3, 38, N/A, 27.08, 0|4, 38, N/A, 27.58, 0|5, 40, N/A, 27.10, 0|6, 37, N/A, 28.05, 0|
14:00:23 0, 60, N/A, 43.58, 0|1, 62, N/A, 184.74, 100|2, 53, N/A, 48.49, 0|3, 38, N/A, 27.09, 0|4, 38, N/A, 27.58, 0|5, 40, N/A, 27.10, 0|6, 37, N/A, 28.05, 0|
14:00:25 0, 62, N/A, 45.31, 100|1, 60, N/A, 178.48, 0|2, 55, N/A, 49.74, 0|3, 38, N/A, 27.09, 0|4, 38, N/A, 27.60, 0|5, 40, N/A, 27.10, 0|6, 37, N/A, 27.81, 0|
14:00:27 0, 62, N/A, 171.61, 100|1, 59, N/A, 48.97, 0|2, 56, N/A, 190.52, 100|3, 38, N/A, 27.08, 0|4, 38, N/A, 27.58, 0|5, 40, N/A, 27.10, 0|6, 37, N/A, 27.81, 0|
14:00:29 0, 59, N/A, 43.09, 0|1, 62, N/A, 202.78, 100|2, 53, N/A, 48.27, 0|3, 38, N/A, 27.09, 0|4, 38, N/A, 27.60, 0|5, 40, N/A, 26.88, 0|6, 37, N/A, 28.07, 0|
14:00:31 0, 60, N/A, 43.83, 0|1, 62, N/A, 193.83, 100|2, 54, N/A, 48.98, 0|3, 38, N/A, 27.10, 0|4, 38, N/A, 27.60, 0|5, 40, N/A, 27.12, 0|6, 37, N/A, 28.07, 0|
14:00:34 0, 63, N/A, 175.04, 100|1, 59, N/A, 48.26, 0|2, 57, N/A, 183.29, 100|3, 38, N/A, 27.09, 0|4, 38, N/A, 27.58, 0|5, 40, N/A, 27.10, 0|6, 36, N/A, 28.05, 0|
14:00:36 0, 62, N/A, 176.27, 100|1, 60, N/A, 49.47, 0|2, 56, N/A, 193.72, 100|3, 38, N/A, 27.08, 0|4, 38, N/A, 27.58, 0|5, 40, N/A, 27.10, 0|6, 36, N/A, 28.05, 0|
14:00:38 0, 60, N/A, 43.34, 0|1, 62, N/A, 162.62, 100|2, 53, N/A, 48.49, 0|3, 38, N/A, 26.84, 0|4, 38, N/A, 27.59, 0|5, 40, N/A, 27.10, 0|6, 36, N/A, 28.05, 0|
14:00:40 0, 62, N/A, 148.00, 100|1, 58, N/A, 48.02, 0|2, 54, N/A, 49.01, 0|3, 38, N/A, 27.09, 0|4, 38, N/A, 27.60, 0|5, 40, N/A, 27.10, 0|6, 36, N/A, 28.05, 0|
14:00:42 0, 59, N/A, 43.09, 0|1, 62, N/A, 159.45, 100|2, 53, N/A, 40.63, 0|3, 38, N/A, 27.09, 0|4, 38, N/A, 27.60, 0|5, 40, N/A, 27.10, 0|6, 37, N/A, 27.81, 0|
14:00:44 0, 59, N/A, 52.45, 25|1, 59, N/A, 176.53, 35|2, 55, N/A, 87.97, 39|3, 38, N/A, 27.09, 0|4, 38, N/A, 27.60, 0|5, 40, N/A, 27.10, 0|6, 36, N/A, 28.07, 0|
14:00:46 0, 59, N/A, 129.42, 29|1, 59, N/A, 78.23, 35|2, 56, N/A, 57.87, 30|3, 38, N/A, 27.10, 0|4, 38, N/A, 27.60, 0|5, 40, N/A, 27.12, 0|6, 37, N/A, 27.83, 0|
14:00:48 0, 59, N/A, 62.76, 35|1, 59, N/A, 54.67, 23|2, 55, N/A, 113.77, 34|3, 38, N/A, 26.84, 0|4, 38, N/A, 27.60, 0|5, 40, N/A, 27.10, 0|6, 37, N/A, 27.81, 0|
14:00:50 0, 59, N/A, 43.34, 35|1, 59, N/A, 106.64, 32|2, 55, N/A, 151.10, 39|3, 38, N/A, 27.09, 0|4, 38, N/A, 27.59, 0|5, 40, N/A, 27.10, 0|6, 36, N/A, 28.05, 0|
14:00:52 0, 59, N/A, 83.88, 25|1, 59, N/A, 142.85, 35|2, 55, N/A, 53.90, 39|3, 38, N/A, 27.09, 0|4, 38, N/A, 27.33, 0|5, 40, N/A, 27.10, 0|6, 36, N/A, 28.05, 0|
14:00:54 0, 58, N/A, 114.25, 28|1, 59, N/A, 50.73, 34|2, 56, N/A, 72.58, 31|3, 38, N/A, 26.86, 0|4, 38, N/A, 27.60, 0|5, 40, N/A, 27.10, 0|6, 37, N/A, 27.83, 0|
14:00:57 0, 58, N/A, 38.93, 35|1, 59, N/A, 63.74, 28|2, 55, N/A, 191.77, 30|3, 38, N/A, 27.09, 0|4, 38, N/A, 27.60, 0|5, 40, N/A, 27.12, 0|6, 37, N/A, 27.81, 0|
14:00:59 0, 58, N/A, 47.04, 35|1, 59, N/A, 149.72, 25|2, 55, N/A, 115.67, 39|3, 38, N/A, 26.86, 0|4, 38, N/A, 27.60, 0|5, 40, N/A, 27.10, 0|6, 36, N/A, 28.07, 0|
14:01:01 0, 58, N/A, 111.31, 29|1, 58, N/A, 103.74, 35|2, 55, N/A, 57.87, 39|3, 38, N/A, 26.84, 0|4, 38, N/A, 27.60, 0|5, 40, N/A, 27.12, 0|6, 37, N/A, 28.07, 0|
14:01:03 0, 58, N/A, 51.93, 26|1, 58, N/A, 54.67, 35|2, 56, N/A, 120.10, 35|3, 38, N/A, 27.09, 0|4, 38, N/A, 27.60, 0|5, 40, N/A, 27.10, 0|6, 37, N/A, 27.83, 0|
14:01:05 0, 58, N/A, 41.37, 25|1, 58, N/A, 92.68, 30|2, 55, N/A, 166.38, 29|3, 38, N/A, 26.84, 0|4, 38, N/A, 27.60, 0|5, 40, N/A, 27.10, 0|6, 37, N/A, 27.83, 0|
14:01:07 0, 58, N/A, 69.15, 35|1, 58, N/A, 153.14, 25|2, 55, N/A, 54.15, 39|3, 38, N/A, 27.09, 0|4, 38, N/A, 27.33, 0|5, 40, N/A, 27.10, 0|6, 37, N/A, 27.81, 0|
14:01:09 0, 57, N/A, 112.78, 35|1, 58, N/A, 50.48, 35|2, 56, N/A, 73.81, 39|3, 38, N/A, 27.09, 0|4, 38, N/A, 27.60, 0|5, 40, N/A, 27.10, 0|6, 36, N/A, 28.05, 0|
14:01:11 0, 57, N/A, 38.69, 31|1, 59, N/A, 63.00, 35|2, 56, N/A, 192.75, 37|3, 38, N/A, 26.86, 0|4, 38, N/A, 27.60, 0|5, 40, N/A, 27.10, 0|6, 36, N/A, 27.81, 0|
14:01:13 0, 57, N/A, 63.49, 25|1, 58, N/A, 158.95, 27|2, 55, N/A, 53.90, 30|3, 38, N/A, 26.84, 0|4, 38, N/A, 27.60, 0|5, 40, N/A, 27.12, 0|6, 36, N/A, 27.83, 0|
14:01:15 0, 57, N/A, 100.30, 35|1, 58, N/A, 51.22, 25|2, 56, N/A, 77.25, 30|3, 38, N/A, 26.84, 0|4, 38, N/A, 27.60, 0|5, 40, N/A, 26.88, 0|6, 36, N/A, 28.07, 0|
14:01:17 0, 57, N/A, 40.41, 35|1, 58, N/A, 76.99, 32|2, 55, N/A, 177.51, 39|3, 38, N/A, 27.09, 0|4, 38, N/A, 27.60, 0|5, 39, N/A, 27.12, 0|6, 37, N/A, 27.83, 0|
14:01:19 0, 57, N/A, 70.10, 25|1, 58, N/A, 152.09, 35|2, 56, N/A, 54.39, 39|3, 38, N/A, 27.09, 0|4, 38, N/A, 27.35, 0|5, 40, N/A, 27.10, 0|6, 36, N/A, 27.81, 0|
14:01:22 0, 56, N/A, 80.14, 33|1, 57, N/A, 52.21, 35|2, 56, N/A, 97.36, 29|3, 38, N/A, 27.09, 0|4, 38, N/A, 27.35, 0|5, 40, N/A, 27.10, 0|6, 36, N/A, 28.05, 0|
14:01:24 0, 57, N/A, 43.83, 35|1, 58, N/A, 122.54, 28|2, 56, N/A, 134.26, 36|3, 38, N/A, 27.09, 0|4, 38, N/A, 27.60, 0|5, 40, N/A, 26.86, 0|6, 36, N/A, 28.05, 0|
14:01:26 0, 56, N/A, 124.51, 35|1, 57, N/A, 53.17, 35|2, 56, N/A, 61.53, 39|3, 37, N/A, 26.84, 0|4, 38, N/A, 27.60, 0|5, 40, N/A, 27.10, 0|6, 36, N/A, 27.81, 0|
14:01:28 0, 56, N/A, 37.95, 30|1, 58, N/A, 58.33, 35|2, 56, N/A, 170.25, 37|3, 38, N/A, 26.86, 0|4, 38, N/A, 27.60, 0|5, 40, N/A, 26.88, 0|6, 36, N/A, 28.07, 0|
14:01:30 0, 56, N/A, 51.22, 33|1, 57, N/A, 174.08, 26|2, 55, N/A, 65.93, 33|3, 37, N/A, 26.84, 0|4, 38, N/A, 27.60, 0|5, 40, N/A, 27.10, 0|6, 36, N/A, 28.07, 0|
14:01:32 0, 56, N/A, 117.44, 35|1, 57, N/A, 49.50, 35|2, 56, N/A, 66.46, 39|3, 38, N/A, 26.86, 0|4, 38, N/A, 27.60, 0|5, 40, N/A, 26.88, 0|6, 36, N/A, 27.83, 0|
14:01:34 0, 56, N/A, 38.93, 31|1, 58, N/A, 65.71, 35|2, 56, N/A, 186.98, 39|3, 38, N/A, 26.86, 0|4, 38, N/A, 27.60, 0|5, 40, N/A, 27.12, 0|6, 36, N/A, 27.83, 0|
14:01:36 0, 56, N/A, 72.11, 25|1, 57, N/A, 148.25, 24|2, 56, N/A, 54.15, 30|3, 38, N/A, 27.09, 0|4, 38, N/A, 27.60, 0|5, 40, N/A, 27.10, 0|6, 36, N/A, 27.81, 0|
14:01:38 0, 56, N/A, 80.68, 35|1, 58, N/A, 52.21, 29|2, 57, N/A, 91.70, 31|3, 38, N/A, 26.84, 0|4, 38, N/A, 27.35, 0|5, 40, N/A, 27.10, 0|6, 36, N/A, 27.83, 0|
14:01:40 0, 56, N/A, 43.59, 35|1, 58, N/A, 112.04, 35|2, 56, N/A, 145.98, 39|3, 38, N/A, 27.10, 0|4, 38, N/A, 27.60, 0|5, 40, N/A, 27.10, 0|6, 37, N/A, 27.83, 0|
14:01:42 0, 56, N/A, 126.47, 29|1, 58, N/A, 60.55, 35|2, 57, N/A, 61.53, 38|3, 38, N/A, 27.09, 0|4, 38, N/A, 27.60, 0|5, 40, N/A, 27.12, 0|6, 37, N/A, 27.83, 0|
14:01:44 0, 56, N/A, 38.68, 35|1, 59, N/A, 69.86, 24|2, 57, N/A, 184.27, 35|3, 38, N/A, 27.09, 0|4, 38, N/A, 27.58, 0|5, 40, N/A, 27.10, 0|6, 37, N/A, 27.81, 0|
14:01:47 0, 56, N/A, 77.98, 35|1, 58, N/A, 139.65, 35|2, 57, N/A, 56.12, 39|3, 38, N/A, 27.10, 0|4, 38, N/A, 27.60, 0|5, 40, N/A, 27.12, 0|6, 37, N/A, 27.81, 0|
14:01:49 0, 56, N/A, 67.43, 28|1, 59, N/A, 53.44, 35|2, 58, N/A, 112.79, 34|3, 38, N/A, 27.09, 0|4, 38, N/A, 27.60, 0|5, 40, N/A, 27.11, 0|6, 37, N/A, 27.83, 0|
14:01:51 0, 57, N/A, 47.53, 27|1, 59, N/A, 157.99, 24|2, 58, N/A, 102.22, 29|3, 38, N/A, 27.09, 0|4, 38, N/A, 27.60, 0|5, 40, N/A, 27.12, 0|6, 37, N/A, 27.83, 0|
14:01:53 0, 57, N/A, 113.76, 35|1, 59, N/A, 50.24, 35|2, 58, N/A, 73.35, 39|3, 38, N/A, 27.09, 0|4, 38, N/A, 27.60, 0|5, 40, N/A, 27.10, 0|6, 37, N/A, 28.05, 0|
14:01:55 0, 57, N/A, 40.63, 35|1, 59, N/A, 88.06, 35|2, 58, N/A, 170.43, 39|3, 38, N/A, 27.09, 0|4, 38, N/A, 27.60, 0|5, 40, N/A, 26.88, 0|6, 37, N/A, 28.07, 0|
14:01:57 0, 57, N/A, 120.89, 32|1, 59, N/A, 85.85, 24|2, 59, N/A, 60.55, 29|3, 38, N/A, 27.10, 0|4, 38, N/A, 27.60, 0|5, 40, N/A, 27.11, 0|6, 37, N/A, 28.07, 0|
14:01:59 0, 57, N/A, 38.69, 35|1, 60, N/A, 67.20, 33|2, 59, N/A, 194.96, 39|3, 38, N/A, 27.09, 0|4, 38, N/A, 27.60, 0|5, 40, N/A, 27.10, 0|6, 37, N/A, 28.32, 0|
14:02:01 0, 57, N/A, 71.61, 27|1, 59, N/A, 149.40, 35|2, 59, N/A, 56.12, 40|3, 38, N/A, 27.09, 0|4, 38, N/A, 27.60, 0|5, 40, N/A, 27.12, 0|6, 37, N/A, 28.07, 0|
14:02:03 0, 57, N/A, 51.72, 30|1, 60, N/A, 55.16, 33|2, 60, N/A, 117.70, 29|3, 38, N/A, 27.10, 0|4, 39, N/A, 27.60, 0|5, 40, N/A, 27.12, 0|6, 37, N/A, 28.32, 0|
14:02:05 0, 57, N/A, 50.98, 35|1, 60, N/A, 176.04, 34|2, 59, N/A, 75.28, 37|3, 38, N/A, 27.10, 0|4, 38, N/A, 27.60, 0|5, 40, N/A, 27.12, 0|6, 37, N/A, 28.07, 0|
14:02:07 0, 57, N/A, 106.63, 30|1, 60, N/A, 51.47, 35|2, 60, N/A, 80.43, 39|3, 38, N/A, 27.09, 0|4, 38, N/A, 27.58, 0|5, 40, N/A, 27.10, 0|6, 37, N/A, 28.30, 0|
14:02:09 0, 57, N/A, 43.61, 25|1, 60, N/A, 118.43, 24|2, 59, N/A, 143.59, 32|3, 38, N/A, 27.09, 0|4, 39, N/A, 27.60, 0|5, 40, N/A, 27.12, 0|6, 37, N/A, 28.07, 0|
14:02:11 0, 57, N/A, 121.62, 35|1, 60, N/A, 50.48, 34|2, 60, N/A, 68.92, 29|3, 38, N/A, 27.09, 0|4, 39, N/A, 27.60, 0|5, 40, N/A, 27.12, 0|6, 37, N/A, 28.07, 0|
14:02:14 0, 58, N/A, 40.16, 35|1, 60, N/A, 79.70, 35|2, 60, N/A, 178.74, 39|3, 38, N/A, 27.10, 0|4, 39, N/A, 27.60, 0|5, 40, N/A, 27.12, 0|6, 37, N/A, 28.32, 0|
14:02:16 0, 57, N/A, 37.21, 30|1, 60, N/A, 49.99, 24|2, 60, N/A, 58.36, 36|3, 38, N/A, 27.10, 0|4, 39, N/A, 27.60, 0|5, 40, N/A, 27.12, 0|6, 37, N/A, 28.07, 0|
14:02:18 0, 59, N/A, 43.37, 44|1, 60, N/A, 161.90, 100|2, 58, N/A, 52.45, 1|3, 38, N/A, 27.10, 0|4, 39, N/A, 27.60, 0|5, 40, N/A, 27.12, 0|6, 37, N/A, 28.32, 0|
14:02:20 0, 61, N/A, 148.16, 100|1, 60, N/A, 49.00, 0|2, 61, N/A, 207.90, 100|3, 38, N/A, 27.09, 0|4, 39, N/A, 27.58, 0|5, 40, N/A, 27.10, 0|6, 37, N/A, 28.30, 0|
14:02:22 0, 58, N/A, 42.35, 0|1, 64, N/A, 196.16, 100|2, 58, N/A, 51.44, 0|3, 38, N/A, 27.09, 0|4, 39, N/A, 27.60, 0|5, 40, N/A, 27.12, 0|6, 37, N/A, 28.32, 0|
14:02:24 0, 59, N/A, 42.85, 0|1, 62, N/A, 170.14, 100|2, 59, N/A, 52.18, 0|3, 38, N/A, 27.10, 0|4, 39, N/A, 27.60, 0|5, 40, N/A, 27.10, 0|6, 37, N/A, 28.32, 0|
14:02:26 0, 61, N/A, 172.84, 100|1, 60, N/A, 48.76, 0|2, 62, N/A, 175.69, 100|3, 38, N/A, 27.09, 0|4, 39, N/A, 27.58, 0|5, 40, N/A, 27.10, 0|6, 37, N/A, 28.30, 0|
14:02:28 0, 60, N/A, 155.27, 100|1, 61, N/A, 50.20, 1|2, 61, N/A, 189.89, 100|3, 38, N/A, 27.09, 0|4, 39, N/A, 27.58, 0|5, 40, N/A, 27.10, 0|6, 37, N/A, 28.30, 0|
14:02:30 0, 58, N/A, 42.60, 0|1, 63, N/A, 183.13, 100|2, 59, N/A, 51.94, 0|3, 38, N/A, 27.09, 0|4, 39, N/A, 27.60, 0|5, 40, N/A, 27.12, 0|6, 37, N/A, 28.32, 0|
14:02:32 0, 61, N/A, 94.89, 100|1, 59, N/A, 104.91, 0|2, 61, N/A, 53.93, 45|3, 38, N/A, 27.09, 0|4, 39, N/A, 27.60, 0|5, 40, N/A, 27.12, 0|6, 37, N/A, 28.30, 0|
14:02:34 0, 61, N/A, 155.66, 100|1, 60, N/A, 49.47, 0|2, 61, N/A, 169.41, 100|3, 38, N/A, 27.08, 0|4, 39, N/A, 27.58, 0|5, 40, N/A, 27.10, 0|6, 37, N/A, 28.30, 0|
14:02:36 0, 58, N/A, 42.60, 0|1, 63, N/A, 191.13, 100|2, 58, N/A, 51.44, 0|3, 38, N/A, 27.09, 0|4, 39, N/A, 27.59, 0|5, 40, N/A, 27.10, 0|6, 37, N/A, 28.30, 0|
14:02:39 0, 60, N/A, 43.83, 0|1, 61, N/A, 186.71, 99|2, 60, N/A, 52.67, 0|3, 38, N/A, 27.09, 0|4, 39, N/A, 27.60, 0|5, 40, N/A, 27.10, 0|6, 37, N/A, 28.07, 0|
14:02:41 0, 61, N/A, 177.48, 100|1, 60, N/A, 49.00, 0|2, 62, N/A, 161.16, 100|3, 38, N/A, 27.09, 0|4, 38, N/A, 27.58, 0|5, 40, N/A, 27.10, 0|6, 37, N/A, 28.05, 0|
14:02:43 0, 58, N/A, 42.60, 0|1, 63, N/A, 200.07, 100|2, 58, N/A, 51.20, 0|3, 38, N/A, 27.09, 0|4, 39, N/A, 27.60, 0|5, 40, N/A, 27.10, 0|6, 37, N/A, 28.07, 0|
14:02:45 0, 59, N/A, 43.58, 0|1, 62, N/A, 178.87, 100|2, 59, N/A, 52.17, 0|3, 38, N/A, 27.09, 0|4, 38, N/A, 27.58, 0|5, 40, N/A, 27.10, 0|6, 37, N/A, 28.05, 0|
14:02:47 0, 61, N/A, 169.55, 100|1, 60, N/A, 49.00, 0|2, 62, N/A, 182.14, 100|3, 38, N/A, 27.08, 0|4, 39, N/A, 27.58, 0|5, 40, N/A, 27.10, 0|6, 37, N/A, 28.05, 0|
14:02:49 0, 58, N/A, 134.49, 0|1, 63, N/A, 53.90, 100|2, 59, N/A, 169.91, 16|3, 38, N/A, 27.09, 0|4, 38, N/A, 27.58, 0|5, 40, N/A, 27.10, 0|6, 37, N/A, 28.05, 0|
14:02:51 0, 59, N/A, 43.09, 0|1, 62, N/A, 189.65, 100|2, 59, N/A, 51.68, 0|3, 38, N/A, 27.09, 0|4, 38, N/A, 27.60, 0|5, 40, N/A, 27.10, 0|6, 37, N/A, 28.05, 0|
14:02:53 0, 62, N/A, 172.58, 100|1, 59, N/A, 48.76, 0|2, 62, N/A, 159.20, 100|3, 38, N/A, 27.09, 0|4, 38, N/A, 27.58, 0|5, 40, N/A, 27.10, 0|6, 37, N/A, 28.05, 0|
14:02:55 0, 60, N/A, 173.96, 83|1, 61, N/A, 50.69, 27|2, 60, N/A, 188.33, 48|3, 38, N/A, 27.08, 0|4, 38, N/A, 27.58, 0|5, 40, N/A, 27.10, 0|6, 37, N/A, 28.30, 0|
14:02:57 0, 59, N/A, 43.09, 0|1, 62, N/A, 164.02, 100|2, 59, N/A, 51.72, 0|3, 38, N/A, 27.09, 0|4, 38, N/A, 27.60, 0|5, 40, N/A, 27.10, 0|6, 37, N/A, 27.81, 0|
14:02:59 0, 62, N/A, 148.88, 100|1, 59, N/A, 48.73, 0|2, 62, N/A, 197.15, 100|3, 38, N/A, 27.08, 0|4, 38, N/A, 27.58, 0|5, 40, N/A, 27.10, 0|6, 37, N/A, 28.05, 0|
14:03:02 0, 61, N/A, 140.30, 90|1, 61, N/A, 50.20, 1|2, 60, N/A, 186.38, 100|3, 38, N/A, 27.08, 0|4, 38, N/A, 27.58, 0|5, 40, N/A, 27.10, 0|6, 37, N/A, 28.05, 0|
14:03:04 0, 59, N/A, 42.85, 0|1, 62, N/A, 159.59, 100|2, 58, N/A, 51.44, 0|3, 38, N/A, 27.09, 0|4, 38, N/A, 27.58, 0|5, 40, N/A, 27.10, 0|6, 37, N/A, 28.05, 0|
14:03:06 0, 62, N/A, 172.09, 100|1, 59, N/A, 48.72, 0|2, 62, N/A, 205.13, 100|3, 38, N/A, 27.08, 0|4, 38, N/A, 27.58, 0|5, 40, N/A, 27.10, 0|6, 37, N/A, 28.05, 0|
14:03:08 0, 61, N/A, 152.82, 100|1, 61, N/A, 49.96, 1|2, 60, N/A, 196.67, 100|3, 38, N/A, 27.08, 0|4, 38, N/A, 27.58, 0|5, 40, N/A, 27.10, 0|6, 37, N/A, 28.05, 0|
14:03:10 0, 59, N/A, 43.10, 0|1, 62, N/A, 158.46, 100|2, 58, N/A, 51.44, 0|3, 38, N/A, 27.09, 0|4, 38, N/A, 27.60, 0|5, 40, N/A, 27.10, 0|6, 37, N/A, 28.07, 0|
14:03:12 0, 62, N/A, 142.10, 100|1, 59, N/A, 48.51, 0|2, 62, N/A, 199.59, 100|3, 38, N/A, 27.09, 0|4, 38, N/A, 27.58, 0|5, 40, N/A, 27.10, 0|6, 37, N/A, 28.05, 0|
14:03:14 0, 61, N/A, 178.38, 100|1, 61, N/A, 50.20, 10|2, 60, N/A, 159.20, 100|3, 38, N/A, 26.84, 0|4, 38, N/A, 27.58, 0|5, 40, N/A, 27.10, 0|6, 37, N/A, 28.05, 0|
14:03:16 0, 59, N/A, 43.09, 0|1, 62, N/A, 150.61, 100|2, 58, N/A, 51.44, 0|3, 38, N/A, 27.09, 0|4, 38, N/A, 27.60, 0|5, 40, N/A, 27.10, 0|6, 37, N/A, 28.05, 0|
14:03:18 0, 62, N/A, 161.55, 100|1, 59, N/A, 48.73, 0|2, 62, N/A, 200.57, 100|3, 38, N/A, 27.09, 0|4, 38, N/A, 27.58, 0|5, 40, N/A, 27.10, 0|6, 37, N/A, 27.81, 0|
14:03:20 0, 60, N/A, 176.76, 7|1, 61, N/A, 50.97, 8|2, 59, N/A, 177.26, 67|3, 38, N/A, 27.09, 0|4, 38, N/A, 27.58, 0|5, 40, N/A, 27.10, 0|6, 37, N/A, 28.05, 0|
14:03:22 0, 59, N/A, 43.37, 0|1, 62, N/A, 192.11, 100|2, 58, N/A, 51.47, 0|3, 38, N/A, 27.10, 0|4, 38, N/A, 27.60, 0|5, 40, N/A, 27.12, 0|6, 37, N/A, 28.07, 0|
14:03:24 0, 62, N/A, 163.54, 100|1, 59, N/A, 48.76, 0|2, 62, N/A, 166.48, 100|3, 38, N/A, 26.84, 0|4, 38, N/A, 27.58, 0|5, 40, N/A, 27.10, 0|6, 37, N/A, 28.05, 0|
14:03:27 0, 58, N/A, 42.85, 0|1, 63, N/A, 70.35, 100|2, 58, N/A, 150.05, 0|3, 38, N/A, 27.09, 0|4, 38, N/A, 27.58, 0|5, 40, N/A, 27.10, 0|6, 37, N/A, 28.05, 0|
14:03:29 0, 60, N/A, 43.58, 0|1, 62, N/A, 189.40, 100|2, 59, N/A, 52.17, 0|3, 38, N/A, 27.09, 0|4, 38, N/A, 27.60, 0|5, 40, N/A, 27.10, 0|6, 37, N/A, 28.05, 0|
14:03:31 0, 62, N/A, 146.92, 100|1, 60, N/A, 48.97, 0|2, 61, N/A, 187.09, 100|3, 38, N/A, 27.08, 0|4, 38, N/A, 27.58, 0|5, 40, N/A, 26.86, 0|6, 37, N/A, 28.05, 0|
14:03:33 0, 59, N/A, 42.85, 0|1, 63, N/A, 199.09, 100|2, 58, N/A, 51.19, 0|3, 38, N/A, 27.09, 0|4, 38, N/A, 27.58, 0|5, 40, N/A, 27.10, 0|6, 37, N/A, 28.07, 0|
14:03:35 0, 60, N/A, 44.08, 0|1, 61, N/A, 182.54, 100|2, 59, N/A, 52.43, 0|3, 38, N/A, 27.09, 0|4, 38, N/A, 27.60, 0|5, 40, N/A, 27.10, 0|6, 37, N/A, 27.81, 0|
14:03:37 0, 62, N/A, 160.67, 100|1, 60, N/A, 49.25, 0|2, 61, N/A, 186.48, 100|3, 38, N/A, 26.84, 0|4, 38, N/A, 27.58, 0|5, 40, N/A, 27.10, 0|6, 37, N/A, 28.05, 0|
14:03:39 0, 59, N/A, 42.85, 0|1, 63, N/A, 162.05, 100|2, 58, N/A, 51.19, 0|3, 38, N/A, 27.09, 0|4, 38, N/A, 27.58, 0|5, 40, N/A, 27.12, 0|6, 37, N/A, 28.05, 0|
14:03:41 0, 62, N/A, 71.09, 100|1, 59, N/A, 139.65, 0|2, 60, N/A, 53.66, 94|3, 38, N/A, 26.84, 0|4, 38, N/A, 27.58, 0|5, 40, N/A, 27.10, 0|6, 37, N/A, 27.81, 0|
14:03:43 0, 61, N/A, 145.04, 100|1, 61, N/A, 49.96, 0|2, 60, N/A, 199.33, 100|3, 38, N/A, 26.84, 0|4, 38, N/A, 27.58, 0|5, 40, N/A, 27.10, 0|6, 37, N/A, 28.05, 0|
14:03:45 0, 59, N/A, 43.09, 0|1, 62, N/A, 163.28, 100|2, 58, N/A, 51.20, 0|3, 38, N/A, 26.84, 0|4, 38, N/A, 27.59, 0|5, 40, N/A, 27.10, 0|6, 37, N/A, 28.05, 0|
14:03:47 0, 63, N/A, 143.57, 100|1, 59, N/A, 48.48, 0|2, 62, N/A, 209.51, 100|3, 38, N/A, 26.84, 0|4, 38, N/A, 27.58, 0|5, 40, N/A, 27.10, 0|6, 37, N/A, 28.05, 0|
14:03:49 0, 60, N/A, 169.90, 38|1, 62, N/A, 51.19, 74|2, 59, N/A, 160.92, 0|3, 38, N/A, 27.09, 0|4, 38, N/A, 27.58, 0|5, 40, N/A, 27.10, 0|6, 36, N/A, 28.05, 0|
14:03:51 0, 60, N/A, 43.58, 0|1, 62, N/A, 189.05, 100|2, 59, N/A, 51.93, 0|3, 38, N/A, 27.09, 0|4, 38, N/A, 27.60, 0|5, 40, N/A, 27.10, 0|6, 37, N/A, 28.07, 0|
14:03:54 0, 62, N/A, 151.10, 100|1, 60, N/A, 49.00, 0|2, 61, N/A, 201.78, 100|3, 38, N/A, 26.84, 0|4, 38, N/A, 27.58, 0|5, 40, N/A, 27.10, 0|6, 37, N/A, 28.05, 0|
14:03:56 0, 59, N/A, 42.85, 0|1, 63, N/A, 177.15, 100|2, 58, N/A, 51.20, 0|3, 38, N/A, 26.84, 0|4, 38, N/A, 27.60, 0|5, 40, N/A, 27.10, 0|6, 37, N/A, 28.07, 0|
14:03:58 0, 59, N/A, 42.85, 0|1, 62, N/A, 167.18, 100|2, 59, N/A, 52.91, 0|3, 38, N/A, 26.84, 0|4, 38, N/A, 27.59, 0|5, 40, N/A, 27.10, 0|6, 37, N/A, 28.07, 0|
14:04:00 0, 62, N/A, 156.75, 100|1, 59, N/A, 48.27, 0|2, 58, N/A, 51.23, 0|3, 38, N/A, 26.84, 0|4, 38, N/A, 27.58, 0|5, 40, N/A, 27.10, 0|6, 36, N/A, 28.05, 0|
14:04:02 0, 59, N/A, 42.85, 0|1, 63, N/A, 162.88, 100|2, 57, N/A, 43.10, 0|3, 38, N/A, 26.84, 0|4, 38, N/A, 27.60, 0|5, 40, N/A, 27.12, 0|6, 36, N/A, 28.07, 0|
14:04:04 0, 58, N/A, 62.72, 38|1, 60, N/A, 53.93, 22|2, 60, N/A, 115.73, 34|3, 38, N/A, 26.84, 0|4, 38, N/A, 27.60, 0|5, 40, N/A, 26.86, 0|6, 36, N/A, 27.81, 0|
14:04:06 0, 58, N/A, 38.93, 38|1, 60, N/A, 65.96, 38|2, 59, N/A, 188.70, 42|3, 38, N/A, 26.86, 0|4, 38, N/A, 27.60, 0|5, 40, N/A, 27.10, 0|6, 37, N/A, 28.07, 0|
14:04:08 0, 58, N/A, 42.13, 34|1, 60, N/A, 108.85, 38|2, 59, N/A, 150.39, 37|3, 38, N/A, 26.86, 0|4, 38, N/A, 27.60, 0|5, 40, N/A, 27.10, 0|6, 36, N/A, 28.07, 0|
14:04:10 0, 59, N/A, 57.10, 37|1, 60, N/A, 168.43, 38|2, 59, N/A, 54.89, 42|3, 38, N/A, 26.84, 0|4, 38, N/A, 27.60, 0|5, 40, N/A, 27.10, 0|6, 37, N/A, 28.05, 0|
14:04:12 0, 58, N/A, 119.17, 19|1, 59, N/A, 96.37, 35|2, 59, N/A, 59.57, 42|3, 38, N/A, 26.84, 0|4, 38, N/A, 27.33, 0|5, 40, N/A, 27.10, 0|6, 37, N/A, 28.05, 0|
14:04:14 0, 58, N/A, 106.94, 22|1, 59, N/A, 50.98, 38|2, 60, N/A, 78.97, 42|3, 38, N/A, 26.84, 0|4, 38, N/A, 27.60, 0|5, 40, N/A, 27.10, 0|6, 36, N/A, 28.05, 0|
14:04:16 0, 58, N/A, 38.19, 33|1, 59, N/A, 56.63, 29|2, 60, N/A, 160.45, 42|3, 38, N/A, 27.09, 0|4, 38, N/A, 27.60, 0|5, 40, N/A, 27.12, 0|6, 36, N/A, 28.05, 0|
14:04:19 0, 58, N/A, 39.92, 29|1, 59, N/A, 86.04, 32|2, 59, N/A, 173.59, 28|3, 38, N/A, 26.84, 0|4, 38, N/A, 27.35, 0|5, 40, N/A, 27.10, 0|6, 36, N/A, 28.05, 0|
14:04:21 0, 58, N/A, 49.99, 23|1, 59, N/A, 175.54, 23|2, 59, N/A, 54.40, 30|3, 38, N/A, 26.86, 0|4, 38, N/A, 27.60, 0|5, 40, N/A, 27.12, 0|6, 36, N/A, 28.07, 0|
14:04:23 0, 58, N/A, 81.17, 35|1, 59, N/A, 139.16, 20|2, 59, N/A, 56.86, 34|3, 38, N/A, 27.09, 0|4, 38, N/A, 27.60, 0|5, 40, N/A, 27.12, 0|6, 36, N/A, 28.07, 0|
14:04:25 0, 57, N/A, 120.58, 32|1, 59, N/A, 49.74, 37|2, 59, N/A, 67.20, 27|3, 38, N/A, 27.09, 0|4, 38, N/A, 27.60, 0|5, 40, N/A, 27.10, 0|6, 36, N/A, 28.07, 0|
14:04:27 0, 57, N/A, 63.01, 38|1, 59, N/A, 53.19, 34|2, 59, N/A, 114.26, 24|3, 38, N/A, 26.84, 0|4, 38, N/A, 27.60, 0|5, 40, N/A, 27.12, 0|6, 36, N/A, 28.07, 0|
14:04:29 0, 57, N/A, 38.93, 38|1, 59, N/A, 66.45, 38|2, 59, N/A, 187.85, 41|3, 38, N/A, 26.84, 0|4, 38, N/A, 27.59, 0|5, 40, N/A, 26.87, 0|6, 36, N/A, 28.05, 0|
14:04:31 0, 57, N/A, 42.60, 38|1, 59, N/A, 122.61, 38|2, 59, N/A, 141.63, 37|3, 38, N/A, 26.84, 0|4, 38, N/A, 27.60, 0|5, 39, N/A, 27.10, 0|6, 36, N/A, 28.07, 0|
14:04:33 0, 57, N/A, 58.33, 38|1, 58, N/A, 164.85, 32|2, 59, N/A, 55.16, 42|3, 38, N/A, 26.86, 0|4, 38, N/A, 27.35, 0|5, 39, N/A, 27.12, 0|6, 36, N/A, 28.07, 0|
14:04:35 0, 57, N/A, 126.96, 23|1, 58, N/A, 60.79, 32|2, 59, N/A, 61.04, 42|3, 38, N/A, 26.84, 0|4, 38, N/A, 27.60, 0|5, 40, N/A, 26.88, 0|6, 36, N/A, 28.07, 0|
14:04:37 0, 56, N/A, 108.35, 25|1, 58, N/A, 50.24, 37|2, 59, N/A, 77.00, 37|3, 37, N/A, 26.84, 0|4, 38, N/A, 27.60, 0|5, 40, N/A, 27.12, 0|6, 36, N/A, 27.83, 0|
14:04:39 0, 56, N/A, 37.70, 31|1, 58, N/A, 56.64, 22|2, 59, N/A, 161.04, 39|3, 37, N/A, 26.86, 0|4, 38, N/A, 27.60, 0|5, 40, N/A, 26.88, 0|6, 36, N/A, 28.07, 0|
14:04:41 0, 56, N/A, 39.42, 30|1, 58, N/A, 80.93, 23|2, 59, N/A, 176.77, 23|3, 38, N/A, 26.86, 0|4, 38, N/A, 27.35, 0|5, 40, N/A, 27.12, 0|6, 36, N/A, 28.07, 0|
14:04:44 0, 57, N/A, 44.08, 38|1, 58, N/A, 141.45, 34|2, 59, N/A, 117.64, 23|3, 37, N/A, 26.86, 0|4, 38, N/A, 27.35, 0|5, 40, N/A, 27.12, 0|6, 36, N/A, 28.07, 0|
14:04:46 0, 56, N/A, 59.80, 38|1, 58, N/A, 163.29, 32|2, 59, N/A, 54.89, 40|3, 38, N/A, 26.84, 0|4, 38, N/A, 27.60, 0|5, 40, N/A, 27.12, 0|6, 36, N/A, 28.05, 0|
14:04:48 0, 56, N/A, 128.19, 32|1, 58, N/A, 68.18, 38|2, 59, N/A, 60.80, 39|3, 38, N/A, 26.84, 0|4, 38, N/A, 27.35, 0|5, 40, N/A, 27.12, 0|6, 36, N/A, 27.83, 0|
14:04:50 0, 56, N/A, 93.17, 37|1, 58, N/A, 50.98, 38|2, 59, N/A, 92.00, 42|3, 38, N/A, 26.84, 0|4, 38, N/A, 27.60, 0|5, 40, N/A, 27.10, 0|6, 36, N/A, 28.05, 0|
14:04:52 0, 56, N/A, 37.95, 38|1, 58, N/A, 65.46, 29|2, 59, N/A, 190.90, 42|3, 37, N/A, 26.84, 0|4, 38, N/A, 27.60, 0|5, 40, N/A, 27.10, 0|6, 36, N/A, 28.07, 0|
14:04:54 0, 56, N/A, 44.57, 24|1, 58, N/A, 149.95, 30|2, 58, N/A, 114.93, 42|3, 37, N/A, 26.84, 0|4, 38, N/A, 27.58, 0|5, 40, N/A, 27.10, 0|6, 36, N/A, 28.07, 0|
14:04:56 0, 56, N/A, 80.19, 26|1, 58, N/A, 137.03, 25|2, 59, N/A, 56.61, 38|3, 37, N/A, 26.84, 0|4, 38, N/A, 27.60, 0|5, 40, N/A, 27.10, 0|6, 36, N/A, 27.81, 0|
14:04:58 0, 55, N/A, 114.74, 30|1, 57, N/A, 49.50, 21|2, 59, N/A, 72.86, 40|3, 37, N/A, 26.84, 0|4, 38, N/A, 27.60, 0|5, 40, N/A, 27.12, 0|6, 36, N/A, 27.81, 0|
14:05:00 0, 55, N/A, 37.21, 28|1, 58, N/A, 53.44, 23|2, 59, N/A, 126.05, 23|3, 37, N/A, 26.84, 0|4, 38, N/A, 27.58, 0|5, 39, N/A, 27.10, 0|6, 36, N/A, 28.06, 0|
14:05:02 0, 55, N/A, 38.93, 38|1, 58, N/A, 78.71, 34|2, 59, N/A, 178.49, 22|3, 38, N/A, 26.84, 0|4, 38, N/A, 27.59, 0|5, 40, N/A, 27.12, 0|6, 36, N/A, 28.07, 0|
14:05:04 0, 55, N/A, 45.31, 38|1, 58, N/A, 163.87, 33|2, 59, N/A, 95.63, 40|3, 37, N/A, 26.84, 0|4, 38, N/A, 27.60, 0|5, 40, N/A, 26.88, 0|6, 36, N/A, 28.07, 0|
14:05:06 0, 55, N/A, 68.92, 34|1, 57, N/A, 156.35, 38|2, 59, N/A, 54.92, 38|3, 37, N/A, 26.86, 0|4, 38, N/A, 27.60, 0|5, 39, N/A, 26.86, 0|6, 36, N/A, 28.07, 0|
14:05:09 0, 55, N/A, 111.56, 36|1, 57, N/A, 98.83, 38|2, 59, N/A, 59.07, 42|3, 37, N/A, 26.86, 0|4, 38, N/A, 27.35, 0|5, 40, N/A, 27.10, 0|6, 36, N/A, 28.07, 0|
14:05:11 0, 55, N/A, 98.77, 19|1, 57, N/A, 49.99, 31|2, 59, N/A, 85.36, 42|3, 38, N/A, 26.84, 0|4, 38, N/A, 27.35, 0|5, 40, N/A, 26.86, 0|6, 36, N/A, 27.83, 0|
14:05:13 0, 55, N/A, 36.96, 25|1, 58, N/A, 57.34, 34|2, 59, N/A, 184.62, 32|3, 37, N/A, 26.84, 0|4, 38, N/A, 27.35, 0|5, 39, N/A, 26.86, 0|6, 36, N/A, 28.05, 0|
14:05:15 0, 55, N/A, 39.42, 29|1, 58, N/A, 89.54, 20|2, 58, N/A, 166.83, 34|3, 37, N/A, 27.10, 0|4, 38, N/A, 27.60, 0|5, 40, N/A, 26.88, 0|6, 36, N/A, 28.07, 0|
14:05:17 0, 55, N/A, 52.45, 26|1, 57, N/A, 169.91, 23|2, 58, N/A, 54.67, 40|3, 37, N/A, 26.86, 0|4, 38, N/A, 27.60, 0|5, 39, N/A, 27.10, 0|6, 36, N/A, 28.07, 0|
14:05:19 0, 54, N/A, 128.93, 25|1, 57, N/A, 72.82, 32|2, 59, N/A, 60.30, 25|3, 37, N/A, 26.84, 0|4, 38, N/A, 27.60, 0|5, 39, N/A, 27.12, 0|6, 36, N/A, 28.07, 0|
14:05:21 0, 54, N/A, 87.52, 38|1, 57, N/A, 50.73, 31|2, 59, N/A, 93.92, 26|3, 37, N/A, 26.84, 0|4, 38, N/A, 27.33, 0|5, 40, N/A, 26.86, 0|6, 36, N/A, 28.05, 0|
14:05:23 0, 55, N/A, 37.70, 38|1, 57, N/A, 66.70, 38|2, 59, N/A, 186.97, 35|3, 37, N/A, 26.86, 0|4, 38, N/A, 27.60, 0|5, 39, N/A, 26.87, 0|6, 36, N/A, 28.07, 0|
14:05:25 0, 54, N/A, 42.11, 38|1, 57, N/A, 110.57, 38|2, 58, N/A, 152.33, 34|3, 38, N/A, 26.84, 0|4, 38, N/A, 27.35, 0|5, 39, N/A, 26.86, 0|6, 36, N/A, 28.05, 0|
14:05:27 0, 55, N/A, 60.54, 37|1, 57, N/A, 159.04, 29|2, 58, N/A, 54.92, 42|3, 37, N/A, 26.84, 0|4, 38, N/A, 27.35, 0|5, 39, N/A, 26.86, 0|6, 36, N/A, 28.07, 0|
14:05:29 0, 54, N/A, 124.26, 19|1, 57, N/A, 48.27, 29|2, 59, N/A, 63.26, 42|3, 37, N/A, 26.86, 0|4, 38, N/A, 27.35, 0|5, 39, N/A, 26.87, 0|6, 36, N/A, 28.05, 0|
14:05:31 0, 54, N/A, 53.68, 19|1, 57, N/A, 52.70, 29|2, 59, N/A, 119.17, 30|3, 37, N/A, 26.84, 0|4, 38, N/A, 27.35, 0|5, 39, N/A, 27.12, 0|6, 36, N/A, 28.07, 0|
14:05:34 0, 54, N/A, 38.68, 37|1, 57, N/A, 82.40, 28|2, 59, N/A, 173.10, 30|3, 37, N/A, 26.86, 0|4, 38, N/A, 27.60, 0|5, 39, N/A, 27.10, 0|6, 36, N/A, 28.07, 0|
14:05:36 0, 54, N/A, 53.44, 32|1, 57, N/A, 168.54, 25|2, 58, N/A, 54.40, 33|3, 37, N/A, 26.84, 0|4, 38, N/A, 27.60, 0|5, 39, N/A, 27.12, 0|6, 36, N/A, 27.83, 0|
14:05:38 0, 54, N/A, 126.72, 31|1, 57, N/A, 59.81, 38|2, 59, N/A, 61.29, 32|3, 37, N/A, 26.84, 0|4, 38, N/A, 27.35, 0|5, 39, N/A, 27.10, 0|6, 36, N/A, 27.83, 0|
14:05:40 0, 54, N/A, 70.10, 38|1, 57, N/A, 51.46, 38|2, 59, N/A, 103.94, 27|3, 37, N/A, 26.84, 0|4, 38, N/A, 27.58, 0|5, 39, N/A, 27.10, 0|6, 36, N/A, 28.05, 0|
14:05:42 0, 54, N/A, 38.19, 38|1, 57, N/A, 75.52, 37|2, 58, N/A, 180.36, 42|3, 37, N/A, 26.84, 0|4, 38, N/A, 27.60, 0|5, 40, N/A, 26.87, 0|6, 36, N/A, 28.07, 0|
14:05:44 0, 53, N/A, 35.73, 0|1, 56, N/A, 47.07, 19|2, 58, N/A, 52.46, 42|3, 37, N/A, 26.86, 0|4, 38, N/A, 27.35, 0|5, 40, N/A, 26.88, 0|6, 36, N/A, 27.83, 0|
14:05:46 0, 56, N/A, 43.61, 100|1, 56, N/A, 166.07, 35|2, 56, N/A, 50.98, 0|3, 37, N/A, 26.86, 0|4, 38, N/A, 27.35, 0|5, 39, N/A, 26.86, 0|6, 36, N/A, 28.07, 0|
14:05:48 0, 56, N/A, 149.39, 100|1, 57, N/A, 47.52, 0|2, 58, N/A, 179.77, 100|3, 37, N/A, 26.84, 0|4, 38, N/A, 27.58, 0|5, 39, N/A, 26.85, 0|6, 36, N/A, 28.05, 0|
14:05:50 0, 54, N/A, 41.12, 0|1, 59, N/A, 155.27, 100|2, 57, N/A, 49.74, 0|3, 37, N/A, 26.84, 0|4, 38, N/A, 27.60, 0|5, 39, N/A, 27.10, 0|6, 36, N/A, 28.05, 0|
14:05:52 0, 58, N/A, 159.94, 100|1, 56, N/A, 46.79, 0|2, 60, N/A, 177.16, 100|3, 37, N/A, 26.84, 0|4, 38, N/A, 27.58, 0|5, 39, N/A, 26.86, 0|6, 36, N/A, 27.81, 0|
14:05:54 0, 54, N/A, 40.90, 0|1, 60, N/A, 129.42, 100|2, 56, N/A, 87.04, 0|3, 37, N/A, 26.86, 0|4, 38, N/A, 27.35, 0|5, 39, N/A, 27.12, 0|6, 36, N/A, 28.07, 0|
14:05:56 0, 56, N/A, 41.89, 0|1, 58, N/A, 187.70, 100|2, 57, N/A, 50.73, 2|3, 37, N/A, 26.86, 0|4, 38, N/A, 27.35, 0|5, 39, N/A, 27.12, 0|6, 36, N/A, 28.07, 0|
14:05:58 0, 58, N/A, 150.37, 100|1, 57, N/A, 47.28, 0|2, 59, N/A, 169.65, 100|3, 37, N/A, 26.84, 0|4, 38, N/A, 27.58, 0|5, 40, N/A, 27.10, 0|6, 36, N/A, 28.05, 0|
14:06:01 0, 55, N/A, 41.37, 0|1, 59, N/A, 166.70, 100|2, 57, N/A, 50.24, 0|3, 37, N/A, 26.84, 0|4, 38, N/A, 27.60, 0|5, 39, N/A, 26.87, 0|6, 36, N/A, 28.05, 0|
14:06:03 0, 59, N/A, 171.87, 100|1, 56, N/A, 46.79, 0|2, 61, N/A, 62.77, 100|3, 38, N/A, 26.84, 0|4, 38, N/A, 27.35, 0|5, 39, N/A, 26.86, 0|6, 36, N/A, 28.05, 0|
14:06:05 0, 56, N/A, 167.18, 41|1, 58, N/A, 48.73, 2|2, 58, N/A, 197.15, 100|3, 37, N/A, 26.84, 0|4, 38, N/A, 27.58, 0|5, 39, N/A, 26.85, 0|6, 36, N/A, 28.05, 0|
14:06:07 0, 56, N/A, 41.89, 0|1, 59, N/A, 156.01, 100|2, 57, N/A, 50.98, 0|3, 37, N/A, 26.86, 0|4, 38, N/A, 27.60, 0|5, 39, N/A, 27.12, 0|6, 36, N/A, 28.07, 0|
14:06:09 0, 58, N/A, 148.41, 100|1, 57, N/A, 47.28, 0|2, 60, N/A, 177.51, 100|3, 37, N/A, 26.84, 0|4, 38, N/A, 27.33, 0|5, 39, N/A, 26.86, 0|6, 36, N/A, 28.05, 0|
14:06:11 0, 55, N/A, 41.64, 0|1, 60, N/A, 190.89, 100|2, 57, N/A, 50.24, 0|3, 37, N/A, 27.09, 0|4, 38, N/A, 27.60, 0|5, 39, N/A, 26.87, 0|6, 36, N/A, 27.83, 0|
14:06:13 0, 59, N/A, 141.13, 100|1, 56, N/A, 53.69, 0|2, 59, N/A, 52.70, 14|3, 37, N/A, 26.86, 0|4, 38, N/A, 27.35, 0|5, 39, N/A, 26.87, 0|6, 36, N/A, 28.07, 0|
14:06:15 0, 58, N/A, 137.68, 100|1, 58, N/A, 48.73, 2|2, 59, N/A, 184.67, 100|3, 37, N/A, 26.84, 0|4, 38, N/A, 27.58, 0|5, 39, N/A, 26.85, 0|6, 36, N/A, 28.05, 0|
14:06:17 0, 56, N/A, 41.86, 0|1, 59, N/A, 189.91, 100|2, 57, N/A, 50.94, 0|3, 37, N/A, 26.84, 0|4, 38, N/A, 27.33, 0|5, 39, N/A, 27.10, 0|6, 36, N/A, 27.81, 0|
14:06:19 0, 59, N/A, 177.41, 100|1, 57, N/A, 47.25, 0|2, 60, N/A, 160.92, 100|3, 37, N/A, 26.84, 0|4, 38, N/A, 27.33, 0|5, 39, N/A, 26.86, 0|6, 36, N/A, 28.05, 0|
14:06:21 0, 56, N/A, 41.37, 0|1, 61, N/A, 161.39, 100|2, 57, N/A, 50.21, 0|3, 37, N/A, 26.84, 0|4, 38, N/A, 27.60, 0|5, 39, N/A, 26.86, 0|6, 36, N/A, 28.07, 0|
14:06:23 0, 59, N/A, 48.76, 100|1, 57, N/A, 187.29, 10|2, 59, N/A, 52.67, 16|3, 37, N/A, 26.84, 0|4, 38, N/A, 27.60, 0|5, 39, N/A, 27.12, 0|6, 36, N/A, 28.07, 0|
14:06:26 0, 58, N/A, 151.10, 100|1, 59, N/A, 48.48, 2|2, 59, N/A, 182.79, 100|3, 37, N/A, 26.84, 0|4, 38, N/A, 27.33, 0|5, 39, N/A, 27.10, 0|6, 36, N/A, 28.05, 0|
14:06:28 0, 57, N/A, 42.13, 0|1, 60, N/A, 187.95, 100|2, 57, N/A, 50.98, 0|3, 37, N/A, 27.09, 0|4, 38, N/A, 27.58, 0|5, 39, N/A, 26.86, 0|6, 36, N/A, 27.81, 0|
14:06:30 0, 60, N/A, 160.43, 100|1, 57, N/A, 47.52, 0|2, 60, N/A, 187.58, 100|3, 37, N/A, 27.08, 0|4, 38, N/A, 27.33, 0|5, 40, N/A, 27.10, 0|6, 36, N/A, 28.05, 0|
14:06:32 0, 56, N/A, 41.86, 0|1, 61, N/A, 192.11, 100|2, 57, N/A, 50.45, 0|3, 37, N/A, 26.84, 0|4, 38, N/A, 27.35, 0|5, 39, N/A, 26.86, 0|6, 36, N/A, 28.05, 0|
14:06:34 0, 60, N/A, 148.75, 100|1, 57, N/A, 47.28, 0|2, 59, N/A, 53.69, 98|3, 37, N/A, 26.84, 0|4, 38, N/A, 27.35, 0|5, 39, N/A, 27.10, 0|6, 36, N/A, 28.05, 0|
14:06:36 0, 58, N/A, 172.84, 80|1, 59, N/A, 49.25, 37|2, 59, N/A, 198.61, 100|3, 37, N/A, 26.84, 0|4, 38, N/A, 27.33, 0|5, 39, N/A, 27.10, 0|6, 36, N/A, 28.05, 0|
14:06:38 0, 57, N/A, 42.36, 0|1, 60, N/A, 151.10, 100|2, 58, N/A, 51.20, 0|3, 37, N/A, 26.84, 0|4, 38, N/A, 27.60, 0|5, 39, N/A, 26.87, 0|6, 36, N/A, 28.07, 0|
14:06:40 0, 60, N/A, 174.31, 100|1, 58, N/A, 47.99, 0|2, 61, N/A, 200.82, 100|3, 37, N/A, 26.84, 0|4, 37, N/A, 27.33, 0|5, 39, N/A, 26.86, 0|6, 36, N/A, 27.81, 0|
14:06:42 0, 57, N/A, 42.11, 0|1, 61, N/A, 146.20, 100|2, 57, N/A, 50.46, 0|3, 37, N/A, 26.84, 0|4, 38, N/A, 27.35, 0|5, 39, N/A, 27.10, 0|6, 36, N/A, 27.81, 0|
14:06:44 0, 60, N/A, 165.22, 100|1, 57, N/A, 47.25, 0|2, 61, N/A, 202.04, 100|3, 37, N/A, 26.84, 0|4, 38, N/A, 27.58, 0|5, 39, N/A, 27.10, 0|6, 36, N/A, 28.05, 0|
14:06:46 0, 56, N/A, 42.11, 0|1, 61, N/A, 59.56, 92|2, 57, N/A, 174.47, 0|3, 37, N/A, 26.84, 0|4, 38, N/A, 27.33, 0|5, 39, N/A, 27.10, 0|6, 36, N/A, 27.81, 0|
14:06:48 0, 58, N/A, 42.85, 0|1, 59, N/A, 188.18, 100|2, 58, N/A, 51.69, 2|3, 37, N/A, 26.84, 0|4, 38, N/A, 27.60, 0|5, 39, N/A, 26.86, 0|6, 36, N/A, 28.05, 0|
14:06:51 0, 60, N/A, 177.01, 100|1, 58, N/A, 48.51, 0|2, 60, N/A, 210.25, 100|3, 37, N/A, 26.84, 0|4, 38, N/A, 27.33, 0|5, 39, N/A, 26.86, 0|6, 36, N/A, 28.05, 0|
14:06:53 0, 57, N/A, 42.11, 0|1, 60, N/A, 174.80, 100|2, 57, N/A, 50.70, 0|3, 37, N/A, 26.84, 0|4, 38, N/A, 27.58, 0|5, 39, N/A, 27.10, 0|6, 36, N/A, 27.81, 0|
14:06:55 0, 60, N/A, 168.90, 100|1, 58, N/A, 47.99, 0|2, 61, N/A, 201.31, 100|3, 37, N/A, 26.84, 0|4, 38, N/A, 27.58, 0|5, 39, N/A, 27.10, 0|6, 36, N/A, 27.81, 0|
14:06:57 0, 57, N/A, 42.11, 0|1, 61, N/A, 160.84, 100|2, 57, N/A, 50.71, 0|3, 37, N/A, 26.84, 0|4, 38, N/A, 27.35, 0|5, 39, N/A, 26.86, 0|6, 36, N/A, 27.81, 0|
14:06:59 0, 61, N/A, 183.87, 100|1, 57, N/A, 47.53, 0|2, 60, N/A, 53.20, 16|3, 37, N/A, 26.84, 0|4, 38, N/A, 27.35, 0|5, 39, N/A, 27.10, 0|6, 36, N/A, 28.07, 0|
14:07:01 0, 59, N/A, 165.07, 23|1, 60, N/A, 49.71, 2|2, 59, N/A, 197.63, 88|3, 37, N/A, 26.84, 0|4, 38, N/A, 27.33, 0|5, 39, N/A, 27.10, 0|6, 36, N/A, 27.81, 0|
14:07:03 0, 58, N/A, 42.85, 0|1, 60, N/A, 157.73, 100|2, 58, N/A, 51.47, 2|3, 37, N/A, 27.09, 0|4, 38, N/A, 27.60, 0|5, 39, N/A, 27.10, 0|6, 36, N/A, 27.81, 0|
14:07:05 0, 60, N/A, 150.61, 100|1, 58, N/A, 48.26, 0|2, 60, N/A, 169.16, 100|3, 37, N/A, 26.84, 0|4, 38, N/A, 27.33, 0|5, 39, N/A, 26.86, 0|6, 36, N/A, 27.81, 0|
14:07:07 0, 58, N/A, 42.35, 0|1, 61, N/A, 189.17, 100|2, 57, N/A, 50.95, 0|3, 37, N/A, 27.09, 0|4, 38, N/A, 27.35, 0|5, 39, N/A, 27.12, 0|6, 36, N/A, 28.07, 0|
14:07:09 0, 61, N/A, 169.66, 100|1, 58, N/A, 47.52, 0|2, 61, N/A, 165.24, 100|3, 37, N/A, 27.09, 0|4, 38, N/A, 27.33, 0|5, 39, N/A, 26.86, 0|6, 36, N/A, 28.05, 0|
14:07:11 0, 57, N/A, 42.35, 0|1, 61, N/A, 166.45, 100|2, 57, N/A, 50.70, 0|3, 37, N/A, 26.84, 0|4, 38, N/A, 27.58, 0|5, 39, N/A, 27.10, 0|6, 36, N/A, 27.81, 0|
14:07:13 0, 61, N/A, 51.96, 100|1, 58, N/A, 180.42, 0|2, 59, N/A, 53.19, 6|3, 37, N/A, 26.84, 0|4, 38, N/A, 27.35, 0|5, 39, N/A, 26.86, 0|6, 36, N/A, 28.07, 0|
14:07:16 0, 59, N/A, 174.80, 100|1, 60, N/A, 49.71, 3|2, 60, N/A, 199.35, 90|3, 37, N/A, 26.84, 0|4, 38, N/A, 27.58, 0|5, 39, N/A, 26.86, 0|6, 36, N/A, 28.05, 0|
14:07:18 0, 58, N/A, 42.85, 0|1, 61, N/A, 159.45, 100|2, 58, N/A, 51.44, 0|3, 37, N/A, 26.84, 0|4, 38, N/A, 27.35, 0|5, 39, N/A, 27.10, 0|6, 36, N/A, 28.05, 0|
14:07:20 0, 61, N/A, 149.85, 100|1, 59, N/A, 48.48, 0|2, 60, N/A, 168.43, 100|3, 37, N/A, 26.84, 0|4, 38, N/A, 27.58, 0|5, 39, N/A, 26.85, 0|6, 36, N/A, 28.05, 0|
14:07:22 0, 58, N/A, 42.35, 0|1, 61, N/A, 159.68, 100|2, 58, N/A, 50.98, 0|3, 37, N/A, 26.86, 0|4, 38, N/A, 27.35, 0|5, 39, N/A, 26.61, 0|6, 36, N/A, 28.07, 0|
14:07:24 0, 61, N/A, 177.50, 100|1, 58, N/A, 47.99, 0|2, 61, N/A, 202.29, 100|3, 37, N/A, 26.84, 0|4, 38, N/A, 27.33, 0|5, 39, N/A, 27.10, 0|6, 36, N/A, 27.81, 0|
14:07:26 0, 58, N/A, 42.11, 0|1, 62, N/A, 189.40, 100|2, 57, N/A, 50.71, 0|3, 37, N/A, 26.84, 0|4, 38, N/A, 27.35, 0|5, 39, N/A, 27.10, 0|6, 36, N/A, 27.81, 0|
14:07:28 0, 62, N/A, 155.53, 100|1, 58, N/A, 47.53, 0|2, 60, N/A, 55.16, 100|3, 37, N/A, 26.84, 0|4, 38, N/A, 27.33, 0|5, 39, N/A, 27.10, 0|6, 36, N/A, 28.05, 0|
14:07:30 0, 58, N/A, 143.08, 6|1, 61, N/A, 50.70, 99|2, 58, N/A, 190.14, 0|3, 37, N/A, 26.84, 0|4, 38, N/A, 27.33, 0|5, 39, N/A, 26.86, 0|6, 36, N/A, 28.05, 0|
14:07:32 0, 59, N/A, 43.58, 0|1, 60, N/A, 155.77, 100|2, 59, N/A, 51.94, 3|3, 37, N/A, 26.86, 0|4, 38, N/A, 27.60, 0|5, 39, N/A, 26.88, 0|6, 36, N/A, 27.83, 0|
14:07:34 0, 60, N/A, 162.05, 100|1, 59, N/A, 48.97, 0|2, 60, N/A, 192.00, 100|3, 37, N/A, 26.84, 0|4, 38, N/A, 27.33, 0|5, 39, N/A, 26.86, 0|6, 36, N/A, 27.81, 0|
14:07:36 0, 58, N/A, 42.85, 0|1, 61, N/A, 191.13, 100|2, 58, N/A, 51.44, 0|3, 37, N/A, 26.86, 0|4, 38, N/A, 27.35, 0|5, 39, N/A, 26.88, 0|6, 36, N/A, 27.81, 0|
14:07:38 0, 61, N/A, 177.74, 100|1, 59, N/A, 48.26, 0|2, 61, N/A, 200.82, 100|3, 37, N/A, 26.84, 0|4, 38, N/A, 27.33, 0|5, 39, N/A, 26.86, 0|6, 36, N/A, 28.05, 0|
14:07:40 0, 58, N/A, 42.60, 0|1, 62, N/A, 175.54, 100|2, 58, N/A, 50.98, 0|3, 37, N/A, 26.84, 0|4, 38, N/A, 27.35, 0|5, 39, N/A, 27.10, 0|6, 36, N/A, 27.83, 0|
14:07:43 0, 62, N/A, 171.37, 100|1, 58, N/A, 48.26, 0|2, 62, N/A, 169.17, 100|3, 37, N/A, 26.84, 0|4, 38, N/A, 27.33, 0|5, 39, N/A, 27.10, 0|6, 36, N/A, 28.05, 0|
14:07:45 0, 58, N/A, 42.37, 0|1, 62, N/A, 168.44, 100|2, 57, N/A, 50.94, 0|3, 37, N/A, 26.84, 0|4, 38, N/A, 27.35, 0|5, 39, N/A, 27.10, 0|6, 36, N/A, 28.07, 0|
14:07:47 0, 62, N/A, 174.80, 100|1, 58, N/A, 47.77, 0|2, 61, N/A, 54.67, 100|3, 37, N/A, 26.84, 0|4, 38, N/A, 27.35, 0|5, 40, N/A, 27.10, 0|6, 36, N/A, 27.83, 0|
14:07:49 0, 59, N/A, 152.82, 0|1, 61, N/A, 51.22, 100|2, 58, N/A, 190.06, 0|3, 37, N/A, 26.84, 0|4, 38, N/A, 27.33, 0|5, 39, N/A, 27.10, 0|6, 36, N/A, 28.05, 0|
14:07:51 0, 60, N/A, 43.59, 0|1, 60, N/A, 187.44, 100|2, 59, N/A, 52.17, 3|3, 37, N/A, 26.84, 0|4, 38, N/A, 27.35, 0|5, 39, N/A, 26.87, 0|6, 36, N/A, 28.07, 0|
14:07:53 0, 61, N/A, 176.28, 100|1, 60, N/A, 49.25, 0|2, 60, N/A, 160.82, 100|3, 37, N/A, 26.84, 0|4, 38, N/A, 27.33, 0|5, 40, N/A, 26.86, 0|6, 36, N/A, 28.05, 0|
14:07:55 0, 59, N/A, 43.09, 0|1, 61, N/A, 155.03, 100|2, 58, N/A, 51.44, 0|3, 37, N/A, 26.84, 0|4, 38, N/A, 27.35, 0|5, 39, N/A, 27.10, 0|6, 36, N/A, 27.83, 0|
14:07:57 0, 61, N/A, 177.99, 100|1, 59, N/A, 48.76, 0|2, 61, N/A, 175.45, 100|3, 37, N/A, 27.09, 0|4, 38, N/A, 27.33, 0|5, 39, N/A, 26.86, 0|6, 36, N/A, 27.81, 0|
14:07:59 0, 59, N/A, 42.85, 0|1, 62, N/A, 158.95, 100|2, 58, N/A, 51.20, 0|3, 37, N/A, 26.84, 0|4, 38, N/A, 27.35, 0|5, 39, N/A, 27.10, 0|6, 36, N/A, 28.07, 0|
14:08:01 0, 62, N/A, 156.01, 100|1, 59, N/A, 48.26, 0|2, 61, N/A, 200.07, 100|3, 37, N/A, 26.84, 0|4, 38, N/A, 27.33, 0|5, 39, N/A, 27.10, 0|6, 36, N/A, 28.05, 0|
14:08:03 0, 58, N/A, 42.60, 0|1, 62, N/A, 164.11, 100|2, 58, N/A, 50.95, 0|3, 37, N/A, 26.84, 0|4, 38, N/A, 27.60, 0|5, 39, N/A, 27.10, 0|6, 36, N/A, 27.83, 0|
14:08:05 0, 62, N/A, 156.99, 100|1, 58, N/A, 48.26, 0|2, 62, N/A, 206.92, 100|3, 37, N/A, 26.84, 0|4, 38, N/A, 27.33, 0|5, 39, N/A, 26.86, 0|6, 36, N/A, 28.05, 0|
14:08:08 0, 58, N/A, 42.60, 0|1, 62, N/A, 155.27, 100|2, 58, N/A, 50.95, 0|3, 37, N/A, 26.84, 0|4, 38, N/A, 27.35, 0|5, 39, N/A, 27.10, 0|6, 36, N/A, 28.05, 0|
14:08:10 0, 62, N/A, 148.48, 100|1, 58, N/A, 47.77, 0|2, 60, N/A, 53.93, 73|3, 37, N/A, 26.84, 0|4, 38, N/A, 27.33, 0|5, 39, N/A, 26.86, 0|6, 36, N/A, 28.05, 0|
14:08:12 0, 58, N/A, 163.29, 0|1, 62, N/A, 51.93, 100|2, 58, N/A, 160.82, 0|3, 37, N/A, 26.84, 0|4, 38, N/A, 27.33, 0|5, 39, N/A, 27.10, 0|6, 36, N/A, 28.05, 0|
14:08:14 0, 60, N/A, 44.08, 28|1, 60, N/A, 187.58, 100|2, 59, N/A, 52.42, 0|3, 37, N/A, 26.84, 0|4, 38, N/A, 27.33, 0|5, 39, N/A, 26.86, 0|6, 36, N/A, 28.05, 0|
14:08:16 0, 61, N/A, 160.81, 100|1, 60, N/A, 49.71, 3|2, 60, N/A, 173.98, 100|3, 37, N/A, 26.84, 0|4, 38, N/A, 27.58, 0|5, 39, N/A, 27.10, 0|6, 36, N/A, 28.05, 0|
14:08:18 0, 59, N/A, 43.34, 0|1, 61, N/A, 200.31, 100|2, 59, N/A, 51.68, 0|3, 37, N/A, 26.84, 0|4, 38, N/A, 27.60, 0|5, 39, N/A, 26.86, 0|6, 36, N/A, 28.07, 0|
14:08:20 0, 62, N/A, 178.72, 100|1, 59, N/A, 49.25, 0|2, 61, N/A, 187.10, 100|3, 37, N/A, 26.84, 0|4, 38, N/A, 27.33, 0|5, 39, N/A, 26.86, 0|6, 36, N/A, 28.05, 0|
14:08:22 0, 59, N/A, 43.09, 0|1, 62, N/A, 194.07, 100|2, 58, N/A, 51.44, 0|3, 37, N/A, 26.84, 0|4, 38, N/A, 27.35, 0|5, 39, N/A, 26.86, 0|6, 36, N/A, 28.05, 0|
14:08:24 0, 62, N/A, 165.96, 100|1, 59, N/A, 48.48, 0|2, 61, N/A, 200.33, 100|3, 37, N/A, 26.84, 0|4, 38, N/A, 27.58, 0|5, 39, N/A, 27.10, 0|6, 36, N/A, 28.05, 0|
14:08:26 0, 59, N/A, 42.85, 0|1, 62, N/A, 154.78, 100|2, 58, N/A, 51.20, 0|3, 37, N/A, 26.84, 0|4, 38, N/A, 27.58, 0|5, 39, N/A, 26.86, 0|6, 36, N/A, 28.05, 0|
14:08:28 0, 62, N/A, 158.22, 100|1, 59, N/A, 48.51, 0|2, 61, N/A, 195.45, 100|3, 37, N/A, 26.84, 0|4, 38, N/A, 27.33, 0|5, 39, N/A, 26.86, 0|6, 36, N/A, 28.05, 0|
14:08:30 0, 59, N/A, 42.85, 0|1, 62, N/A, 168.44, 100|2, 58, N/A, 50.95, 0|3, 37, N/A, 26.84, 0|4, 38, N/A, 27.35, 0|5, 39, N/A, 26.86, 0|6, 36, N/A, 28.05, 0|
14:08:33 0, 63, N/A, 147.16, 100|1, 59, N/A, 48.48, 0|2, 62, N/A, 175.68, 100|3, 37, N/A, 26.84, 0|4, 38, N/A, 27.58, 0|5, 39, N/A, 26.85, 0|6, 36, N/A, 28.05, 0|
14:08:35 0, 59, N/A, 42.58, 0|1, 63, N/A, 204.11, 100|2, 58, N/A, 50.94, 0|3, 37, N/A, 27.08, 0|4, 38, N/A, 27.58, 0|5, 39, N/A, 26.86, 0|6, 36, N/A, 28.05, 0|
14:08:37 0, 63, N/A, 178.49, 100|1, 59, N/A, 48.20, 0|2, 62, N/A, 204.22, 100|3, 37, N/A, 26.81, 0|4, 38, N/A, 27.31, 0|5, 39, N/A, 27.07, 0|6, 36, N/A, 28.03, 0|
14:08:39 0, 58, N/A, 42.57, 0|1, 62, N/A, 185.86, 100|2, 57, N/A, 50.91, 0|3, 37, N/A, 27.07, 0|4, 38, N/A, 27.32, 0|5, 39, N/A, 27.09, 0|6, 36, N/A, 28.03, 0|
14:08:41 0, 63, N/A, 159.01, 100|1, 58, N/A, 47.99, 0|2, 60, N/A, 53.86, 26|3, 37, N/A, 26.82, 0|4, 38, N/A, 27.56, 0|5, 39, N/A, 27.09, 0|6, 36, N/A, 27.79, 0|
14:08:43 0, 58, N/A, 136.12, 4|1, 62, N/A, 52.63, 100|2, 58, N/A, 157.29, 0|3, 37, N/A, 26.82, 0|4, 38, N/A, 27.56, 0|5, 39, N/A, 27.08, 0|6, 36, N/A, 28.03, 0|
14:08:45 0, 61, N/A, 44.54, 43|1, 61, N/A, 173.95, 36|2, 59, N/A, 52.63, 0|3, 37, N/A, 26.82, 0|4, 38, N/A, 27.56, 0|5, 39, N/A, 26.84, 0|6, 36, N/A, 28.03, 0|
14:08:47 0, 60, N/A, 176.30, 100|1, 61, N/A, 50.41, 3|2, 60, N/A, 200.20, 100|3, 37, N/A, 26.82, 0|4, 38, N/A, 27.56, 0|5, 39, N/A, 26.84, 0|6, 36, N/A, 28.03, 0|
14:08:49 0, 60, N/A, 43.80, 0|1, 61, N/A, 202.63, 100|2, 59, N/A, 52.38, 0|3, 37, N/A, 26.82, 0|4, 38, N/A, 27.56, 0|5, 39, N/A, 26.84, 0|6, 36, N/A, 27.79, 0|
14:08:51 0, 61, N/A, 151.74, 100|1, 60, N/A, 49.68, 0|2, 60, N/A, 192.26, 100|3, 37, N/A, 26.82, 0|4, 38, N/A, 27.32, 0|5, 39, N/A, 26.84, 0|6, 36, N/A, 28.03, 0|
14:08:53 0, 60, N/A, 43.56, 0|1, 62, N/A, 203.13, 100|2, 59, N/A, 51.65, 0|3, 37, N/A, 26.82, 0|4, 38, N/A, 27.32, 0|5, 39, N/A, 27.09, 0|6, 36, N/A, 28.03, 0|
14:08:55 0, 62, N/A, 177.03, 100|1, 60, N/A, 49.43, 0|2, 61, N/A, 201.91, 100|3, 37, N/A, 27.07, 0|4, 38, N/A, 27.56, 0|5, 39, N/A, 26.84, 0|6, 36, N/A, 28.03, 0|
14:08:57 0, 60, N/A, 43.31, 0|1, 62, N/A, 167.81, 100|2, 59, N/A, 51.65, 0|3, 37, N/A, 26.82, 0|4, 38, N/A, 27.32, 0|5, 39, N/A, 27.09, 0|6, 36, N/A, 28.03, 0|
14:09:00 0, 62, N/A, 154.44, 100|1, 60, N/A, 48.94, 0|2, 61, N/A, 159.99, 100|3, 37, N/A, 26.82, 0|4, 38, N/A, 27.32, 0|5, 39, N/A, 27.09, 0|6, 36, N/A, 28.03, 0|
14:09:02 0, 59, N/A, 43.31, 0|1, 62, N/A, 193.70, 100|2, 58, N/A, 51.41, 0|3, 37, N/A, 26.82, 0|4, 38, N/A, 27.56, 0|5, 39, N/A, 26.84, 0|6, 36, N/A, 27.79, 0|
14:09:04 0, 62, N/A, 166.59, 100|1, 60, N/A, 48.94, 0|2, 61, N/A, 189.43, 100|3, 37, N/A, 26.81, 0|4, 38, N/A, 27.56, 0|5, 39, N/A, 26.82, 0|6, 36, N/A, 28.03, 0|
14:09:06 0, 59, N/A, 43.06, 0|1, 62, N/A, 155.15, 100|2, 58, N/A, 51.41, 0|3, 37, N/A, 26.82, 0|4, 38, N/A, 27.32, 0|5, 39, N/A, 26.84, 0|6, 36, N/A, 28.03, 0|
14:09:08 0, 63, N/A, 179.48, 100|1, 59, N/A, 48.94, 0|2, 62, N/A, 190.16, 100|3, 37, N/A, 26.81, 0|4, 38, N/A, 27.31, 0|5, 39, N/A, 26.82, 0|6, 36, N/A, 28.02, 0|
14:09:10 0, 59, N/A, 43.06, 0|1, 62, N/A, 167.57, 100|2, 58, N/A, 51.16, 0|3, 37, N/A, 27.07, 0|4, 38, N/A, 27.56, 0|5, 39, N/A, 26.84, 0|6, 36, N/A, 28.03, 0|
14:09:12 0, 63, N/A, 171.63, 100|1, 59, N/A, 48.45, 0|2, 61, N/A, 171.40, 100|3, 37, N/A, 26.82, 0|4, 37, N/A, 27.56, 0|5, 39, N/A, 26.84, 0|6, 36, N/A, 28.03, 0|
14:09:14 0, 59, N/A, 43.06, 0|1, 63, N/A, 194.68, 100|2, 58, N/A, 51.16, 0|3, 37, N/A, 26.82, 0|4, 38, N/A, 27.32, 0|5, 39, N/A, 27.09, 0|6, 36, N/A, 28.03, 0|
14:09:16 0, 63, N/A, 142.16, 100|1, 59, N/A, 48.69, 0|2, 61, N/A, 161.46, 100|3, 37, N/A, 26.81, 0|4, 38, N/A, 27.31, 0|5, 39, N/A, 26.82, 0|6, 36, N/A, 28.02, 0|
14:09:18 0, 59, N/A, 43.06, 0|1, 63, N/A, 153.45, 100|2, 58, N/A, 51.16, 0|3, 37, N/A, 26.82, 0|4, 38, N/A, 27.32, 0|5, 39, N/A, 27.09, 0|6, 36, N/A, 28.03, 0|
14:09:20 0, 63, N/A, 177.75, 100|1, 59, N/A, 48.69, 0|2, 62, N/A, 203.74, 100|3, 37, N/A, 26.81, 0|4, 38, N/A, 27.30, 0|5, 39, N/A, 27.07, 0|6, 36, N/A, 28.02, 0|
14:09:22 0, 59, N/A, 42.82, 0|1, 63, N/A, 189.77, 100|2, 58, N/A, 51.16, 0|3, 37, N/A, 26.82, 0|4, 38, N/A, 27.58, 0|5, 39, N/A, 26.84, 0|6, 36, N/A, 28.05, 0|
14:09:25 0, 63, N/A, 179.97, 100|1, 59, N/A, 48.69, 0|2, 62, N/A, 219.79, 100|3, 37, N/A, 26.82, 0|4, 38, N/A, 27.32, 0|5, 39, N/A, 26.84, 0|6, 36, N/A, 28.03, 0|
14:09:27 0, 59, N/A, 43.06, 0|1, 63, N/A, 163.01, 100|2, 58, N/A, 51.16, 0|3, 37, N/A, 26.82, 0|4, 38, N/A, 27.32, 0|5, 39, N/A, 26.84, 0|6, 36, N/A, 28.03, 0|
14:09:29 0, 63, N/A, 163.32, 100|1, 59, N/A, 48.69, 0|2, 62, N/A, 210.01, 100|3, 37, N/A, 26.81, 0|4, 38, N/A, 27.56, 0|5, 39, N/A, 26.84, 0|6, 36, N/A, 28.03, 0|
14:09:31 0, 59, N/A, 43.06, 0|1, 63, N/A, 193.46, 100|2, 58, N/A, 50.91, 0|3, 37, N/A, 26.82, 0|4, 38, N/A, 27.58, 0|5, 39, N/A, 26.84, 0|6, 36, N/A, 28.03, 0|
14:09:33 0, 63, N/A, 173.12, 100|1, 59, N/A, 48.45, 0|2, 62, N/A, 187.95, 100|3, 37, N/A, 26.82, 0|4, 38, N/A, 27.56, 0|5, 39, N/A, 27.08, 0|6, 36, N/A, 28.03, 0|
14:09:35 0, 59, N/A, 43.06, 0|1, 63, N/A, 195.17, 100|2, 58, N/A, 51.16, 0|3, 37, N/A, 26.82, 0|4, 38, N/A, 27.58, 0|5, 39, N/A, 26.84, 0|6, 36, N/A, 28.05, 0|
14:09:37 0, 63, N/A, 177.02, 100|1, 59, N/A, 48.45, 0|2, 62, N/A, 175.57, 100|3, 37, N/A, 26.81, 0|4, 38, N/A, 27.31, 0|5, 39, N/A, 26.82, 0|6, 36, N/A, 28.03, 0|
14:09:39 0, 59, N/A, 43.06, 0|1, 63, N/A, 195.30, 100|2, 58, N/A, 50.91, 0|3, 37, N/A, 26.82, 0|4, 38, N/A, 27.32, 0|5, 39, N/A, 26.84, 0|6, 36, N/A, 28.03, 0|
14:09:41 0, 59, N/A, 42.82, 0|1, 60, N/A, 49.46, 0|2, 62, N/A, 187.58, 100|3, 37, N/A, 26.82, 0|4, 38, N/A, 27.56, 0|5, 39, N/A, 27.09, 0|6, 36, N/A, 28.03, 0|
14:09:43 0, 62, N/A, 177.54, 100|1, 58, N/A, 48.23, 0|2, 58, N/A, 51.41, 0|3, 37, N/A, 26.81, 0|4, 38, N/A, 27.32, 0|5, 39, N/A, 26.84, 0|6, 36, N/A, 28.03, 0|
14:09:45 0, 59, N/A, 43.06, 0|1, 63, N/A, 189.67, 100|2, 57, N/A, 43.06, 0|3, 37, N/A, 27.07, 0|4, 38, N/A, 27.56, 0|5, 39, N/A, 27.09, 0|6, 36, N/A, 28.03, 0|
14:09:47 0, 58, N/A, 37.18, 0|1, 59, N/A, 48.24, 0|2, 61, N/A, 180.23, 100|3, 37, N/A, 26.82, 0|4, 38, N/A, 27.56, 0|5, 39, N/A, 27.09, 0|6, 36, N/A, 28.03, 0|
14:09:50 0, 59, N/A, 44.79, 21|1, 60, N/A, 74.48, 34|2, 60, N/A, 180.72, 24|3, 37, N/A, 26.82, 0|4, 38, N/A, 27.56, 0|5, 39, N/A, 26.84, 0|6, 36, N/A, 28.03, 0|
14:09:52 0, 59, N/A, 44.05, 24|1, 60, N/A, 55.35, 28|2, 59, N/A, 180.09, 49|3, 37, N/A, 26.82, 0|4, 38, N/A, 27.33, 0|5, 39, N/A, 27.10, 0|6, 36, N/A, 28.05, 0|
14:09:54 0, 59, N/A, 117.95, 34|1, 60, N/A, 50.98, 39|2, 60, N/A, 91.52, 45|3, 37, N/A, 26.86, 0|4, 38, N/A, 27.35, 0|5, 39, N/A, 26.88, 0|6, 36, N/A, 27.83, 0|
14:09:56 0, 60, N/A, 160.35, 29|1, 59, N/A, 49.74, 44|2, 60, N/A, 63.26, 28|3, 37, N/A, 26.84, 0|4, 37, N/A, 27.35, 0|5, 39, N/A, 26.86, 0|6, 36, N/A, 28.07, 0|
14:09:58 0, 59, N/A, 98.34, 33|1, 59, N/A, 142.19, 23|2, 59, N/A, 56.12, 30|3, 37, N/A, 26.84, 0|4, 38, N/A, 27.35, 0|5, 39, N/A, 27.12, 0|6, 36, N/A, 28.07, 0|
14:10:00 0, 59, N/A, 60.05, 40|1, 59, N/A, 175.04, 23|2, 59, N/A, 54.40, 41|3, 37, N/A, 26.84, 0|4, 38, N/A, 27.35, 0|5, 39, N/A, 26.87, 0|6, 36, N/A, 27.83, 0|
14:10:02 0, 59, N/A, 48.02, 21|1, 59, N/A, 116.16, 46|2, 59, N/A, 144.75, 29|3, 37, N/A, 26.84, 0|4, 38, N/A, 27.60, 0|5, 39, N/A, 26.88, 0|6, 36, N/A, 28.05, 0|
14:10:04 0, 59, N/A, 44.57, 39|1, 59, N/A, 64.48, 46|2, 58, N/A, 192.51, 33|3, 37, N/A, 26.84, 0|4, 38, N/A, 27.33, 0|5, 39, N/A, 26.86, 0|6, 36, N/A, 27.81, 0|
14:10:06 0, 59, N/A, 78.47, 40|1, 59, N/A, 51.72, 23|2, 59, N/A, 112.54, 35|3, 37, N/A, 26.84, 0|4, 38, N/A, 27.35, 0|5, 39, N/A, 26.86, 0|6, 36, N/A, 28.05, 0|
14:10:08 0, 58, N/A, 147.74, 21|1, 59, N/A, 49.74, 24|2, 59, N/A, 71.13, 30|3, 37, N/A, 26.86, 0|4, 38, N/A, 27.35, 0|5, 39, N/A, 26.88, 0|6, 36, N/A, 28.07, 0|
14:10:10 0, 58, N/A, 142.60, 21|1, 59, N/A, 100.55, 40|2, 59, N/A, 58.09, 41|3, 37, N/A, 26.84, 0|4, 38, N/A, 27.35, 0|5, 39, N/A, 26.88, 0|6, 36, N/A, 28.07, 0|
14:10:12 0, 59, N/A, 76.99, 42|1, 58, N/A, 159.94, 28|2, 59, N/A, 54.92, 46|3, 37, N/A, 26.84, 0|4, 38, N/A, 27.35, 0|5, 39, N/A, 26.87, 0|6, 36, N/A, 27.83, 0|
14:10:15 0, 59, N/A, 54.17, 41|1, 58, N/A, 180.44, 32|2, 59, N/A, 58.08, 24|3, 37, N/A, 26.84, 0|4, 38, N/A, 27.35, 0|5, 39, N/A, 27.10, 0|6, 36, N/A, 28.07, 0|
14:10:17 0, 58, N/A, 48.76, 24|1, 59, N/A, 131.63, 29|2, 59, N/A, 127.71, 24|3, 37, N/A, 27.09, 0|4, 38, N/A, 27.35, 0|5, 39, N/A, 26.87, 0|6, 36, N/A, 27.83, 0|
14:10:19 0, 58, N/A, 45.55, 30|1, 59, N/A, 71.33, 23|2, 59, N/A, 182.08, 47|3, 37, N/A, 26.84, 0|4, 38, N/A, 27.35, 0|5, 39, N/A, 26.86, 0|6, 36, N/A, 27.83, 0|
14:10:21 0, 58, N/A, 43.85, 26|1, 59, N/A, 55.41, 46|2, 59, N/A, 194.33, 44|3, 37, N/A, 26.86, 0|4, 38, N/A, 27.60, 0|5, 39, N/A, 26.88, 0|6, 36, N/A, 28.07, 0|
14:10:23 0, 58, N/A, 93.91, 21|1, 59, N/A, 51.22, 46|2, 59, N/A, 102.29, 24|3, 37, N/A, 26.86, 0|4, 38, N/A, 27.35, 0|5, 39, N/A, 27.12, 0|6, 36, N/A, 28.07, 0|
14:10:25 0, 58, N/A, 142.59, 42|1, 58, N/A, 49.50, 23|2, 59, N/A, 73.59, 42|3, 37, N/A, 26.84, 0|4, 38, N/A, 27.33, 0|5, 39, N/A, 26.86, 0|6, 36, N/A, 28.05, 0|
14:10:27 0, 58, N/A, 161.57, 21|1, 58, N/A, 48.76, 23|2, 59, N/A, 61.78, 36|3, 37, N/A, 26.84, 0|4, 37, N/A, 27.35, 0|5, 39, N/A, 26.87, 0|6, 36, N/A, 28.07, 0|
14:10:29 0, 59, N/A, 114.75, 21|1, 58, N/A, 126.78, 43|2, 59, N/A, 56.85, 37|3, 37, N/A, 26.84, 0|4, 38, N/A, 27.33, 0|5, 39, N/A, 27.10, 0|6, 36, N/A, 28.07, 0|
14:10:31 0, 59, N/A, 70.64, 42|1, 58, N/A, 164.26, 26|2, 59, N/A, 54.64, 44|3, 37, N/A, 26.84, 0|4, 38, N/A, 27.35, 0|5, 39, N/A, 26.86, 0|6, 36, N/A, 28.05, 0|
14:10:33 0, 58, N/A, 51.46, 40|1, 58, N/A, 177.74, 33|2, 58, N/A, 86.29, 24|3, 37, N/A, 26.84, 0|4, 38, N/A, 27.35, 0|5, 39, N/A, 26.86, 0|6, 36, N/A, 28.05, 0|
14:10:35 0, 58, N/A, 45.80, 23|1, 58, N/A, 88.75, 30|2, 59, N/A, 171.38, 24|3, 37, N/A, 26.84, 0|4, 38, N/A, 27.35, 0|5, 39, N/A, 26.63, 0|6, 36, N/A, 28.07, 0|
14:10:37 0, 58, N/A, 44.08, 30|1, 58, N/A, 61.28, 23|2, 59, N/A, 191.62, 48|3, 37, N/A, 26.84, 0|4, 38, N/A, 27.58, 0|5, 39, N/A, 26.86, 0|6, 36, N/A, 27.81, 0|
14:10:40 0, 58, N/A, 43.61, 26|1, 58, N/A, 53.44, 46|2, 59, N/A, 157.60, 41|3, 37, N/A, 26.86, 0|4, 38, N/A, 27.35, 0|5, 39, N/A, 26.88, 0|6, 36, N/A, 28.07, 0|
14:10:42 0, 58, N/A, 123.76, 21|1, 58, N/A, 49.74, 46|2, 59, N/A, 86.83, 30|3, 37, N/A, 26.84, 0|4, 38, N/A, 27.58, 0|5, 39, N/A, 27.10, 0|6, 36, N/A, 28.05, 0|
14:10:44 0, 58, N/A, 157.48, 42|1, 58, N/A, 48.51, 23|2, 59, N/A, 64.24, 42|3, 37, N/A, 26.84, 0|4, 38, N/A, 27.35, 0|5, 39, N/A, 26.86, 0|6, 36, N/A, 28.07, 0|
14:10:46 0, 58, N/A, 153.89, 21|1, 57, N/A, 88.01, 28|2, 59, N/A, 58.33, 36|3, 37, N/A, 26.84, 0|4, 38, N/A, 27.35, 0|5, 39, N/A, 26.86, 0|6, 36, N/A, 28.07, 0|
14:10:48 0, 58, N/A, 82.16, 21|1, 57, N/A, 152.17, 39|2, 59, N/A, 54.67, 37|3, 37, N/A, 26.84, 0|4, 38, N/A, 27.60, 0|5, 39, N/A, 26.86, 0|6, 36, N/A, 28.05, 0|
14:10:50 0, 58, N/A, 50.73, 39|1, 58, N/A, 171.56, 35|2, 59, N/A, 93.19, 43|3, 37, N/A, 26.86, 0|4, 37, N/A, 27.35, 0|5, 39, N/A, 26.63, 0|6, 36, N/A, 28.07, 0|
14:10:52 0, 58, N/A, 45.83, 33|1, 58, N/A, 80.20, 34|2, 58, N/A, 174.34, 24|3, 37, N/A, 26.86, 0|4, 38, N/A, 27.35, 0|5, 39, N/A, 26.87, 0|6, 36, N/A, 27.83, 0|
14:10:54 0, 57, N/A, 43.58, 30|1, 58, N/A, 56.86, 40|2, 59, N/A, 195.69, 24|3, 37, N/A, 26.86, 0|4, 37, N/A, 27.60, 0|5, 39, N/A, 26.86, 0|6, 36, N/A, 28.07, 0|
14:10:56 0, 57, N/A, 83.14, 37|1, 57, N/A, 50.72, 23|2, 59, N/A, 108.85, 49|3, 37, N/A, 26.84, 0|4, 37, N/A, 27.58, 0|5, 39, N/A, 26.86, 0|6, 36, N/A, 28.05, 0|
14:10:58 0, 57, N/A, 150.86, 21|1, 57, N/A, 48.76, 23|2, 59, N/A, 66.95, 43|3, 37, N/A, 26.84, 0|4, 38, N/A, 27.33, 0|5, 39, N/A, 26.86, 0|6, 36, N/A, 28.05, 0|
14:11:00 0, 58, N/A, 120.64, 21|1, 57, N/A, 134.09, 46|2, 59, N/A, 55.87, 30|3, 37, N/A, 26.84, 0|4, 38, N/A, 27.35, 0|5, 39, N/A, 26.86, 0|6, 36, N/A, 28.07, 0|
14:11:02 0, 58, N/A, 59.56, 41|1, 58, N/A, 175.03, 23|2, 58, N/A, 53.90, 35|3, 37, N/A, 26.84, 0|4, 38, N/A, 27.35, 0|5, 39, N/A, 26.86, 0|6, 36, N/A, 28.05, 0|
14:11:05 0, 57, N/A, 46.79, 42|1, 58, N/A, 111.07, 23|2, 58, N/A, 147.28, 34|3, 37, N/A, 26.86, 0|4, 38, N/A, 27.35, 0|5, 39, N/A, 26.87, 0|6, 36, N/A, 28.07, 0|
14:11:07 0, 57, N/A, 44.08, 21|1, 58, N/A, 65.46, 44|2, 58, N/A, 188.45, 32|3, 37, N/A, 26.84, 0|4, 38, N/A, 27.35, 0|5, 39, N/A, 26.87, 0|6, 36, N/A, 27.83, 0|
14:11:09 0, 57, N/A, 43.34, 22|1, 58, N/A, 52.42, 38|2, 59, N/A, 145.80, 40|3, 37, N/A, 26.84, 0|4, 38, N/A, 27.35, 0|5, 39, N/A, 26.86, 0|6, 36, N/A, 28.05, 0|
14:11:11 0, 57, N/A, 121.31, 34|1, 57, N/A, 49.49, 31|2, 59, N/A, 86.34, 46|3, 37, N/A, 26.84, 0|4, 38, N/A, 27.58, 0|5, 39, N/A, 26.86, 0|6, 36, N/A, 28.05, 0|
14:11:13 0, 57, N/A, 154.05, 27|1, 57, N/A, 48.26, 38|2, 59, N/A, 66.94, 24|3, 37, N/A, 26.84, 0|4, 38, N/A, 27.33, 0|5, 39, N/A, 26.86, 0|6, 36, N/A, 28.05, 0|
14:11:15 0, 58, N/A, 161.25, 37|1, 57, N/A, 83.83, 23|2, 59, N/A, 58.33, 49|3, 37, N/A, 26.84, 0|4, 38, N/A, 27.35, 0|5, 39, N/A, 26.87, 0|6, 36, N/A, 28.07, 0|
14:11:17 0, 58, N/A, 72.35, 42|1, 57, N/A, 160.67, 23|2, 58, N/A, 54.40, 43|3, 37, N/A, 26.84, 0|4, 38, N/A, 27.35, 0|5, 39, N/A, 26.86, 0|6, 36, N/A, 28.07, 0|
14:11:19 0, 57, N/A, 50.73, 21|1, 57, N/A, 174.32, 46|2, 58, N/A, 90.72, 31|3, 37, N/A, 26.86, 0|4, 38, N/A, 27.35, 0|5, 39, N/A, 26.87, 0|6, 36, N/A, 28.07, 0|
14:11:21 0, 57, N/A, 45.55, 41|1, 57, N/A, 90.47, 38|2, 58, N/A, 166.23, 39|3, 37, N/A, 26.84, 0|4, 38, N/A, 27.35, 0|5, 39, N/A, 26.86, 0|6, 36, N/A, 28.07, 0|
14:11:23 0, 57, N/A, 43.59, 38|1, 57, N/A, 59.07, 29|2, 59, N/A, 191.62, 27|3, 37, N/A, 26.86, 0|4, 38, N/A, 27.35, 0|5, 39, N/A, 26.87, 0|6, 36, N/A, 27.83, 0|
14:11:25 0, 57, N/A, 43.09, 22|1, 57, N/A, 51.22, 32|2, 59, N/A, 124.52, 24|3, 37, N/A, 26.84, 0|4, 38, N/A, 27.33, 0|5, 39, N/A, 27.10, 0|6, 36, N/A, 28.05, 0|
14:11:27 0, 57, N/A, 129.16, 30|1, 57, N/A, 49.01, 30|2, 59, N/A, 81.91, 49|3, 37, N/A, 26.84, 0|4, 38, N/A, 27.33, 0|5, 39, N/A, 26.86, 0|6, 36, N/A, 28.05, 0|
14:11:30 0, 57, N/A, 157.48, 25|1, 57, N/A, 48.27, 40|2, 59, N/A, 64.24, 49|3, 37, N/A, 27.09, 0|4, 38, N/A, 27.35, 0|5, 39, N/A, 26.86, 0|6, 36, N/A, 27.83, 0|
14:11:32 0, 57, N/A, 153.15, 21|1, 57, N/A, 93.17, 46|2, 58, N/A, 58.08, 25|3, 37, N/A, 26.84, 0|4, 38, N/A, 27.35, 0|5, 39, N/A, 26.86, 0|6, 36, N/A, 28.05, 0|
14:11:34 0, 58, N/A, 75.76, 42|1, 57, N/A, 158.31, 23|2, 58, N/A, 54.67, 31|3, 37, N/A, 26.86, 0|4, 38, N/A, 27.35, 0|5, 39, N/A, 26.63, 0|6, 36, N/A, 28.07, 0|
14:11:36 0, 57, N/A, 55.65, 39|1, 57, N/A, 176.04, 26|2, 58, N/A, 53.69, 35|3, 37, N/A, 26.86, 0|4, 38, N/A, 27.35, 0|5, 39, N/A, 26.88, 0|6, 36, N/A, 28.07, 0|
14:11:38 0, 57, N/A, 47.28, 25|1, 57, N/A, 115.98, 36|2, 58, N/A, 140.56, 28|3, 37, N/A, 26.84, 0|4, 38, N/A, 27.35, 0|5, 39, N/A, 26.86, 0|6, 36, N/A, 28.05, 0|
14:11:40 0, 57, N/A, 44.82, 33|1, 57, N/A, 82.16, 28|2, 58, N/A, 170.89, 47|3, 37, N/A, 26.84, 0|4, 38, N/A, 27.35, 0|5, 39, N/A, 26.87, 0|6, 36, N/A, 28.05, 0|
14:11:42 0, 57, N/A, 43.83, 22|1, 57, N/A, 62.76, 43|2, 58, N/A, 188.34, 24|3, 37, N/A, 26.84, 0|4, 38, N/A, 27.35, 0|5, 39, N/A, 27.10, 0|6, 36, N/A, 27.81, 0|
14:11:44 0, 59, N/A, 182.55, 100|1, 55, N/A, 46.32, 0|2, 57, N/A, 51.23, 0|3, 37, N/A, 26.84, 0|4, 38, N/A, 27.35, 0|5, 39, N/A, 26.86, 0|6, 36, N/A, 28.06, 0|
14:11:46 0, 57, N/A, 42.87, 0|1, 57, N/A, 142.35, 100|2, 56, N/A, 42.36, 4|3, 37, N/A, 27.09, 0|4, 38, N/A, 27.35, 0|5, 39, N/A, 26.87, 0|6, 36, N/A, 28.07, 0|
14:11:48 0, 59, N/A, 163.51, 100|1, 57, N/A, 47.77, 0|2, 58, N/A, 163.12, 100|3, 37, N/A, 26.84, 0|4, 38, N/A, 27.58, 0|5, 39, N/A, 26.85, 0|6, 36, N/A, 27.81, 0|
14:11:50 0, 58, N/A, 42.85, 0|1, 57, N/A, 181.82, 100|2, 57, N/A, 50.20, 4|3, 37, N/A, 26.84, 0|4, 38, N/A, 27.35, 0|5, 39, N/A, 26.86, 0|6, 36, N/A, 28.05, 0|
14:11:52 0, 59, N/A, 141.28, 100|1, 57, N/A, 47.74, 0|2, 58, N/A, 197.15, 100|3, 37, N/A, 26.84, 0|4, 38, N/A, 27.33, 0|5, 39, N/A, 26.85, 0|6, 36, N/A, 28.05, 0|
14:11:55 0, 58, N/A, 43.34, 0|1, 58, N/A, 183.54, 100|2, 57, N/A, 50.45, 4|3, 37, N/A, 26.84, 0|4, 38, N/A, 27.58, 0|5, 39, N/A, 26.86, 0|6, 36, N/A, 28.05, 0|
14:11:57 0, 59, N/A, 152.82, 100|1, 57, N/A, 48.02, 0|2, 59, N/A, 193.70, 100|3, 37, N/A, 26.84, 0|4, 38, N/A, 27.33, 0|5, 39, N/A, 26.86, 0|6, 36, N/A, 28.05, 0|
14:11:59 0, 58, N/A, 43.09, 0|1, 58, N/A, 173.56, 100|2, 57, N/A, 50.45, 4|3, 37, N/A, 26.84, 0|4, 38, N/A, 27.33, 0|5, 39, N/A, 26.86, 0|6, 36, N/A, 28.05, 0|
14:12:01 0, 60, N/A, 163.04, 100|1, 58, N/A, 48.26, 4|2, 59, N/A, 165.24, 100|3, 37, N/A, 26.84, 0|4, 38, N/A, 27.58, 0|5, 39, N/A, 26.86, 0|6, 36, N/A, 27.81, 0|
14:12:03 0, 58, N/A, 43.61, 0|1, 58, N/A, 195.43, 100|2, 57, N/A, 51.23, 4|3, 37, N/A, 26.84, 0|4, 38, N/A, 27.35, 0|5, 39, N/A, 26.86, 0|6, 36, N/A, 28.07, 0|
14:12:05 0, 60, N/A, 178.97, 100|1, 58, N/A, 48.48, 4|2, 59, N/A, 193.32, 100|3, 37, N/A, 26.84, 0|4, 38, N/A, 27.58, 0|5, 39, N/A, 26.85, 0|6, 36, N/A, 28.05, 0|
14:12:07 0, 59, N/A, 43.58, 0|1, 58, N/A, 171.87, 100|2, 58, N/A, 51.20, 4|3, 37, N/A, 26.84, 0|4, 38, N/A, 27.60, 0|5, 39, N/A, 26.86, 0|6, 36, N/A, 28.07, 0|
14:12:09 0, 59, N/A, 178.13, 100|1, 58, N/A, 48.72, 4|2, 59, N/A, 200.08, 91|3, 37, N/A, 26.84, 0|4, 38, N/A, 27.33, 0|5, 39, N/A, 26.85, 0|6, 36, N/A, 28.05, 0|
14:12:11 0, 59, N/A, 43.83, 7|1, 58, N/A, 155.77, 100|2, 58, N/A, 51.47, 0|3, 37, N/A, 26.84, 0|4, 38, N/A, 27.33, 0|5, 39, N/A, 27.10, 0|6, 36, N/A, 28.05, 0|
14:12:13 0, 58, N/A, 169.15, 78|1, 59, N/A, 49.25, 24|2, 58, N/A, 197.39, 61|3, 37, N/A, 26.84, 0|4, 38, N/A, 27.33, 0|5, 39, N/A, 26.85, 0|6, 36, N/A, 28.05, 0|
14:12:15 0, 59, N/A, 44.08, 46|1, 58, N/A, 190.63, 100|2, 58, N/A, 51.68, 0|3, 37, N/A, 26.84, 0|4, 38, N/A, 27.35, 0|5, 39, N/A, 26.86, 0|6, 36, N/A, 27.81, 0|
14:12:17 0, 58, N/A, 153.80, 34|1, 59, N/A, 49.74, 66|2, 58, N/A, 202.52, 19|3, 37, N/A, 26.84, 0|4, 38, N/A, 27.33, 0|5, 39, N/A, 26.86, 0|6, 36, N/A, 28.05, 0|
14:12:20 0, 60, N/A, 44.57, 93|1, 58, N/A, 188.93, 88|2, 59, N/A, 52.18, 0|3, 37, N/A, 26.84, 0|4, 38, N/A, 27.59, 0|5, 39, N/A, 26.86, 0|6, 36, N/A, 27.81, 0|
14:12:22 0, 57, N/A, 123.03, 0|1, 60, N/A, 51.44, 100|2, 57, N/A, 155.68, 0|3, 37, N/A, 26.84, 0|4, 38, N/A, 27.33, 0|5, 39, N/A, 27.10, 0|6, 36, N/A, 28.05, 0|
14:12:24 0, 61, N/A, 45.80, 100|1, 57, N/A, 166.48, 0|2, 59, N/A, 52.70, 0|3, 37, N/A, 26.84, 0|4, 38, N/A, 27.35, 0|5, 39, N/A, 27.10, 0|6, 36, N/A, 27.81, 0|
14:12:26 0, 57, N/A, 42.85, 0|1, 62, N/A, 170.50, 100|2, 56, N/A, 49.99, 0|3, 37, N/A, 26.84, 0|4, 37, N/A, 27.60, 0|5, 39, N/A, 26.86, 0|6, 36, N/A, 28.07, 0|
14:12:28 0, 62, N/A, 155.52, 100|1, 57, N/A, 47.04, 0|2, 60, N/A, 53.44, 100|3, 37, N/A, 26.84, 0|4, 38, N/A, 27.33, 0|5, 39, N/A, 26.86, 0|6, 36, N/A, 27.81, 0|
14:12:30 0, 57, N/A, 42.60, 0|1, 61, N/A, 192.36, 100|2, 57, N/A, 50.21, 0|3, 37, N/A, 26.84, 0|4, 38, N/A, 27.60, 0|5, 39, N/A, 26.86, 0|6, 36, N/A, 28.07, 0|
14:12:32 0, 63, N/A, 163.38, 100|1, 57, N/A, 47.03, 0|2, 61, N/A, 94.40, 100|3, 37, N/A, 26.84, 0|4, 38, N/A, 27.33, 0|5, 39, N/A, 26.86, 0|6, 36, N/A, 28.05, 0|
14:12:34 0, 57, N/A, 42.85, 0|1, 61, N/A, 163.02, 100|2, 57, N/A, 50.21, 0|3, 37, N/A, 26.84, 0|4, 38, N/A, 27.35, 0|5, 39, N/A, 26.86, 0|6, 36, N/A, 28.07, 0|
14:12:36 0, 62, N/A, 176.76, 100|1, 57, N/A, 47.28, 0|2, 61, N/A, 202.04, 100|3, 37, N/A, 26.84, 0|4, 38, N/A, 27.33, 0|5, 39, N/A, 27.10, 0|6, 36, N/A, 28.05, 0|
14:12:38 0, 58, N/A, 41.86, 0|1, 62, N/A, 181.32, 100|2, 57, N/A, 50.45, 0|3, 37, N/A, 26.84, 0|4, 38, N/A, 27.33, 0|5, 39, N/A, 26.86, 0|6, 36, N/A, 28.07, 0|
14:12:40 0, 62, N/A, 143.08, 100|1, 57, N/A, 47.50, 0|2, 61, N/A, 182.07, 100|3, 37, N/A, 26.84, 0|4, 38, N/A, 27.33, 0|5, 39, N/A, 26.86, 0|6, 36, N/A, 28.05, 0|
14:12:42 0, 58, N/A, 42.35, 0|1, 61, N/A, 185.49, 100|2, 57, N/A, 50.46, 0|3, 37, N/A, 26.84, 0|4, 38, N/A, 27.60, 0|5, 39, N/A, 27.10, 0|6, 36, N/A, 28.07, 0|
14:12:44 0, 62, N/A, 179.35, 100|1, 57, N/A, 47.52, 0|2, 62, N/A, 181.17, 100|3, 37, N/A, 26.84, 0|4, 38, N/A, 27.58, 0|5, 39, N/A, 26.85, 0|6, 36, N/A, 27.81, 0|
14:12:47 0, 58, N/A, 42.63, 0|1, 61, N/A, 201.05, 100|2, 57, N/A, 50.73, 0|3, 37, N/A, 26.86, 0|4, 38, N/A, 27.60, 0|5, 39, N/A, 27.12, 0|6, 36, N/A, 28.07, 0|
14:12:49 0, 62, N/A, 140.87, 100|1, 58, N/A, 47.77, 0|2, 61, N/A, 162.05, 100|3, 37, N/A, 26.84, 0|4, 38, N/A, 27.33, 0|5, 39, N/A, 26.86, 0|6, 36, N/A, 28.05, 0|
14:12:51 0, 58, N/A, 42.60, 0|1, 61, N/A, 192.36, 100|2, 57, N/A, 50.95, 0|3, 37, N/A, 26.84, 0|4, 38, N/A, 27.35, 0|5, 39, N/A, 26.86, 0|6, 36, N/A, 28.05, 0|
14:12:53 0, 62, N/A, 178.48, 100|1, 58, N/A, 47.99, 0|2, 61, N/A, 198.84, 100|3, 37, N/A, 26.84, 0|4, 38, N/A, 27.33, 0|5, 39, N/A, 26.86, 0|6, 36, N/A, 27.81, 0|
14:12:55 0, 58, N/A, 42.85, 0|1, 61, N/A, 152.09, 100|2, 57, N/A, 50.95, 0|3, 37, N/A, 26.84, 0|4, 38, N/A, 27.35, 0|5, 39, N/A, 26.86, 0|6, 36, N/A, 27.81, 0|
14:12:57 0, 61, N/A, 153.56, 100|1, 58, N/A, 47.03, 0|2, 61, N/A, 159.45, 100|3, 37, N/A, 26.84, 0|4, 38, N/A, 27.33, 0|5, 39, N/A, 26.85, 0|6, 36, N/A, 28.05, 0|
14:12:59 0, 59, N/A, 42.85, 0|1, 61, N/A, 189.42, 100|2, 58, N/A, 51.20, 0|3, 37, N/A, 26.84, 0|4, 38, N/A, 27.60, 0|5, 39, N/A, 26.86, 0|6, 36, N/A, 28.05, 0|
14:13:01 0, 62, N/A, 179.85, 100|1, 59, N/A, 47.99, 0|2, 61, N/A, 211.23, 100|3, 37, N/A, 26.84, 0|4, 38, N/A, 27.33, 0|5, 39, N/A, 26.61, 0|6, 36, N/A, 27.81, 0|
14:13:03 0, 59, N/A, 43.09, 0|1, 61, N/A, 158.46, 100|2, 58, N/A, 51.20, 0|3, 37, N/A, 26.84, 0|4, 38, N/A, 27.35, 0|5, 39, N/A, 26.86, 0|6, 36, N/A, 27.81, 0|
14:13:05 0, 61, N/A, 147.40, 100|1, 59, N/A, 48.72, 0|2, 60, N/A, 195.17, 100|3, 37, N/A, 26.84, 0|4, 38, N/A, 27.58, 0|5, 39, N/A, 26.85, 0|6, 36, N/A, 27.81, 0|
14:13:07 0, 60, N/A, 43.56, 0|1, 60, N/A, 190.27, 100|2, 58, N/A, 51.65, 4|3, 37, N/A, 26.82, 0|4, 38, N/A, 27.32, 0|5, 39, N/A, 26.84, 0|6, 36, N/A, 27.79, 0|
14:13:09 0, 61, N/A, 177.03, 100|1, 60, N/A, 49.43, 4|2, 60, N/A, 197.02, 100|3, 37, N/A, 26.82, 0|4, 38, N/A, 27.56, 0|5, 39, N/A, 27.08, 0|6, 36, N/A, 27.79, 0|
14:13:12 0, 60, N/A, 44.05, 0|1, 60, N/A, 167.57, 100|2, 59, N/A, 52.38, 0|3, 37, N/A, 26.82, 0|4, 38, N/A, 27.32, 0|5, 39, N/A, 27.09, 0|6, 36, N/A, 28.03, 0|
14:13:14 0, 59, N/A, 151.23, 0|1, 61, N/A, 50.91, 100|2, 58, N/A, 203.16, 56|3, 37, N/A, 26.82, 0|4, 38, N/A, 27.56, 0|5, 39, N/A, 27.08, 0|6, 36, N/A, 28.03, 0|
14:13:16 0, 62, N/A, 57.80, 100|1, 58, N/A, 170.03, 0|2, 60, N/A, 53.38, 30|3, 37, N/A, 26.82, 0|4, 38, N/A, 27.32, 0|5, 39, N/A, 26.84, 0|6, 36, N/A, 27.79, 0|
14:13:18 0, 58, N/A, 42.57, 0|1, 62, N/A, 193.95, 100|2, 57, N/A, 50.67, 0|3, 37, N/A, 26.82, 0|4, 38, N/A, 27.33, 0|5, 39, N/A, 26.85, 0|6, 36, N/A, 28.05, 0|
14:13:20 0, 63, N/A, 179.96, 100|1, 58, N/A, 47.71, 0|2, 62, N/A, 203.74, 100|3, 37, N/A, 26.81, 0|4, 38, N/A, 27.30, 0|5, 39, N/A, 27.08, 0|6, 36, N/A, 28.03, 0|
14:13:22 0, 58, N/A, 42.82, 0|1, 62, N/A, 190.26, 100|2, 57, N/A, 50.67, 0|3, 37, N/A, 26.82, 0|4, 38, N/A, 27.56, 0|5, 39, N/A, 26.85, 0|6, 36, N/A, 27.79, 0|
14:13:24 0, 63, N/A, 171.98, 100|1, 58, N/A, 47.95, 0|2, 62, N/A, 172.12, 100|3, 37, N/A, 27.07, 0|4, 38, N/A, 27.31, 0|5, 39, N/A, 26.84, 0|6, 36, N/A, 28.03, 0|
14:13:26 0, 59, N/A, 42.84, 0|1, 62, N/A, 169.31, 100|2, 57, N/A, 50.94, 0|3, 37, N/A, 26.84, 0|4, 38, N/A, 27.33, 0|5, 39, N/A, 26.84, 0|6, 36, N/A, 27.81, 0|
14:13:28 0, 62, N/A, 150.49, 100|1, 58, N/A, 48.20, 0|2, 61, N/A, 180.85, 100|3, 37, N/A, 26.81, 0|4, 38, N/A, 27.56, 0|5, 39, N/A, 27.08, 0|6, 36, N/A, 28.03, 0|
14:13:30 0, 59, N/A, 42.82, 0|1, 62, N/A, 187.82, 100|2, 58, N/A, 51.16, 0|3, 37, N/A, 26.82, 0|4, 38, N/A, 27.32, 0|5, 39, N/A, 27.09, 0|6, 36, N/A, 27.79, 0|
14:13:32 0, 62, N/A, 178.01, 100|1, 59, N/A, 48.20, 0|2, 61, N/A, 202.15, 100|3, 37, N/A, 26.81, 0|4, 38, N/A, 27.31, 0|5, 39, N/A, 27.08, 0|6, 36, N/A, 28.02, 0|
14:13:34 0, 59, N/A, 43.31, 0|1, 62, N/A, 193.59, 100|2, 58, N/A, 51.16, 0|3, 37, N/A, 26.82, 0|4, 38, N/A, 27.32, 0|5, 39, N/A, 26.84, 0|6, 36, N/A, 28.03, 0|
14:13:37 0, 62, N/A, 179.73, 100|1, 59, N/A, 48.70, 0|2, 61, N/A, 201.42, 100|3, 37, N/A, 26.82, 0|4, 38, N/A, 27.32, 0|5, 39, N/A, 27.08, 0|6, 36, N/A, 28.03, 0|
14:13:39 0, 60, N/A, 43.56, 0|1, 62, N/A, 178.85, 100|2, 58, N/A, 51.66, 0|3, 37, N/A, 26.84, 0|4, 38, N/A, 27.33, 0|5, 39, N/A, 26.85, 0|6, 36, N/A, 28.05, 0|
14:13:41 0, 62, N/A, 145.22, 100|1, 60, N/A, 49.49, 4|2, 60, N/A, 155.77, 100|3, 37, N/A, 26.84, 0|4, 38, N/A, 27.33, 0|5, 39, N/A, 26.86, 0|6, 36, N/A, 27.81, 0|
14:13:43 0, 61, N/A, 44.08, 0|1, 60, N/A, 164.35, 100|2, 59, N/A, 52.18, 3|3, 37, N/A, 26.84, 0|4, 38, N/A, 27.35, 0|5, 39, N/A, 26.86, 0|6, 36, N/A, 27.81, 0|
14:13:45 0, 59, N/A, 160.18, 11|1, 62, N/A, 50.94, 81|2, 59, N/A, 167.95, 0|3, 37, N/A, 26.84, 0|4, 38, N/A, 27.33, 0|5, 39, N/A, 27.10, 0|6, 36, N/A, 27.81, 0|
14:13:47 0, 63, N/A, 69.41, 100|1, 58, N/A, 138.67, 7|2, 60, N/A, 53.66, 14|3, 37, N/A, 26.84, 0|4, 38, N/A, 27.35, 0|5, 39, N/A, 26.86, 0|6, 36, N/A, 27.81, 0|
14:13:49 0, 59, N/A, 42.60, 0|1, 63, N/A, 183.27, 100|2, 57, N/A, 50.70, 0|3, 37, N/A, 26.84, 0|4, 38, N/A, 27.35, 0|5, 39, N/A, 26.86, 0|6, 36, N/A, 27.81, 0|
14:13:51 0, 63, N/A, 167.68, 100|1, 58, N/A, 48.24, 0|2, 62, N/A, 202.53, 100|3, 37, N/A, 26.84, 0|4, 38, N/A, 27.33, 0|5, 39, N/A, 26.86, 0|6, 36, N/A, 28.05, 0|
14:13:53 0, 59, N/A, 42.85, 0|1, 63, N/A, 194.32, 100|2, 58, N/A, 50.95, 0|3, 37, N/A, 26.84, 0|4, 38, N/A, 27.60, 0|5, 39, N/A, 26.61, 0|6, 36, N/A, 27.81, 0|
14:13:55 0, 63, N/A, 178.97, 100|1, 59, N/A, 48.26, 0|2, 62, N/A, 204.25, 100|3, 37, N/A, 26.84, 0|4, 38, N/A, 27.33, 0|5, 39, N/A, 26.85, 0|6, 36, N/A, 27.81, 0|
14:13:57 0, 59, N/A, 42.85, 0|1, 63, N/A, 195.54, 100|2, 58, N/A, 50.98, 0|3, 37, N/A, 26.84, 0|4, 38, N/A, 27.35, 0|5, 39, N/A, 27.10, 0|6, 36, N/A, 27.81, 0|
14:13:59 0, 63, N/A, 181.07, 100|1, 59, N/A, 48.72, 0|2, 62, N/A, 204.64, 100|3, 37, N/A, 26.84, 0|4, 38, N/A, 27.33, 0|5, 39, N/A, 27.10, 0|6, 36, N/A, 28.05, 0|
14:14:02 0, 59, N/A, 43.34, 0|1, 63, N/A, 194.07, 100|2, 58, N/A, 51.19, 0|3, 37, N/A, 26.84, 0|4, 38, N/A, 27.59, 0|5, 39, N/A, 27.10, 0|6, 36, N/A, 27.81, 0|
14:14:04 0, 63, N/A, 178.48, 100|1, 60, N/A, 48.97, 0|2, 61, N/A, 199.59, 100|3, 37, N/A, 26.84, 0|4, 38, N/A, 27.58, 0|5, 39, N/A, 27.10, 0|6, 36, N/A, 28.05, 0|
14:14:06 0, 60, N/A, 43.58, 0|1, 62, N/A, 193.58, 100|2, 59, N/A, 51.93, 0|3, 37, N/A, 26.84, 0|4, 38, N/A, 27.35, 0|5, 39, N/A, 27.10, 0|6, 36, N/A, 28.05, 0|
14:14:08 0, 62, N/A, 178.23, 100|1, 61, N/A, 50.23, 5|2, 61, N/A, 181.34, 100|3, 37, N/A, 26.84, 0|4, 38, N/A, 27.33, 0|5, 39, N/A, 26.86, 0|6, 36, N/A, 28.05, 0|
14:14:10 0, 61, N/A, 44.32, 0|1, 61, N/A, 179.70, 100|2, 60, N/A, 52.67, 0|3, 37, N/A, 26.84, 0|4, 38, N/A, 27.35, 0|5, 39, N/A, 26.86, 0|6, 36, N/A, 27.81, 0|
14:14:12 0, 59, N/A, 42.60, 0|1, 64, N/A, 185.48, 100|2, 57, N/A, 50.94, 0|3, 37, N/A, 26.86, 0|4, 38, N/A, 27.35, 0|5, 39, N/A, 26.63, 0|6, 36, N/A, 27.83, 0|
14:14:14 0, 64, N/A, 165.32, 100|1, 59, N/A, 48.02, 0|2, 62, N/A, 120.33, 100|3, 37, N/A, 26.84, 0|4, 38, N/A, 27.33, 0|5, 39, N/A, 26.86, 0|6, 36, N/A, 27.81, 0|
14:14:16 0, 59, N/A, 43.09, 0|1, 63, N/A, 190.63, 100|2, 58, N/A, 50.94, 0|3, 37, N/A, 26.84, 0|4, 38, N/A, 27.59, 0|5, 39, N/A, 26.86, 0|6, 36, N/A, 28.05, 0|
14:14:18 0, 64, N/A, 178.23, 100|1, 59, N/A, 48.24, 0|2, 62, N/A, 169.65, 100|3, 37, N/A, 26.84, 0|4, 38, N/A, 27.33, 0|5, 39, N/A, 26.85, 0|6, 36, N/A, 27.81, 0|
14:14:20 0, 59, N/A, 42.85, 0|1, 63, N/A, 179.70, 100|2, 58, N/A, 51.20, 0|3, 37, N/A, 26.59, 0|4, 38, N/A, 27.35, 0|5, 39, N/A, 26.87, 0|6, 36, N/A, 28.05, 0|
14:14:22 0, 63, N/A, 178.87, 100|1, 59, N/A, 48.76, 0|2, 62, N/A, 200.57, 100|3, 37, N/A, 26.84, 0|4, 38, N/A, 27.58, 0|5, 39, N/A, 26.86, 0|6, 36, N/A, 28.05, 0|
14:14:24 0, 59, N/A, 43.34, 0|1, 63, N/A, 194.81, 100|2, 58, N/A, 51.44, 0|3, 37, N/A, 26.84, 0|4, 38, N/A, 27.35, 0|5, 39, N/A, 26.86, 0|6, 36, N/A, 28.05, 0|
14:14:27 0, 63, N/A, 179.35, 100|1, 60, N/A, 49.22, 0|2, 62, N/A, 185.49, 100|3, 37, N/A, 26.84, 0|4, 38, N/A, 27.58, 0|5, 39, N/A, 26.61, 0|6, 36, N/A, 27.81, 0|
14:14:29 0, 60, N/A, 43.58, 0|1, 62, N/A, 193.72, 100|2, 59, N/A, 51.93, 0|3, 37, N/A, 26.84, 0|4, 38, N/A, 27.33, 0|5, 39, N/A, 26.86, 0|6, 36, N/A, 28.05, 0|
14:14:31 0, 62, N/A, 178.38, 88|1, 61, N/A, 50.45, 5|2, 61, N/A, 201.80, 100|3, 37, N/A, 26.84, 0|4, 38, N/A, 27.33, 0|5, 39, N/A, 27.10, 0|6, 36, N/A, 28.05, 0|
14:14:33 0, 62, N/A, 44.82, 40|1, 61, N/A, 192.85, 51|2, 60, N/A, 53.16, 0|3, 37, N/A, 26.84, 0|4, 38, N/A, 27.59, 0|5, 39, N/A, 26.86, 0|6, 36, N/A, 27.81, 0|
14:14:35 0, 59, N/A, 43.09, 0|1, 64, N/A, 196.03, 100|2, 58, N/A, 50.94, 0|3, 37, N/A, 26.84, 0|4, 38, N/A, 27.35, 0|5, 39, N/A, 26.86, 0|6, 36, N/A, 27.81, 0|
14:14:37 0, 63, N/A, 178.38, 100|1, 59, N/A, 48.23, 0|2, 63, N/A, 203.66, 100|3, 37, N/A, 26.82, 0|4, 38, N/A, 27.33, 0|5, 39, N/A, 27.09, 0|6, 36, N/A, 27.81, 0|
14:14:39 0, 59, N/A, 43.07, 0|1, 63, N/A, 191.50, 100|2, 58, N/A, 51.19, 0|3, 37, N/A, 27.07, 0|4, 38, N/A, 27.58, 0|5, 39, N/A, 26.84, 0|6, 36, N/A, 27.81, 0|
14:14:41 0, 63, N/A, 185.74, 100|1, 59, N/A, 48.45, 0|2, 62, N/A, 199.95, 100|3, 37, N/A, 26.82, 0|4, 38, N/A, 27.31, 0|5, 39, N/A, 26.84, 0|6, 36, N/A, 27.79, 0|
14:14:43 0, 59, N/A, 43.31, 0|1, 63, N/A, 180.30, 100|2, 58, N/A, 51.16, 0|3, 37, N/A, 26.82, 0|4, 38, N/A, 27.56, 0|5, 39, N/A, 27.09, 0|6, 36, N/A, 27.79, 0|
14:14:45 0, 63, N/A, 178.59, 100|1, 60, N/A, 48.94, 0|2, 61, N/A, 162.43, 100|3, 37, N/A, 27.07, 0|4, 38, N/A, 27.32, 0|5, 39, N/A, 26.84, 0|6, 36, N/A, 27.79, 0|
14:14:47 0, 60, N/A, 43.56, 0|1, 62, N/A, 164.23, 100|2, 59, N/A, 51.16, 0|3, 37, N/A, 26.82, 0|4, 38, N/A, 27.32, 0|5, 39, N/A, 26.84, 0|6, 36, N/A, 28.03, 0|
14:14:50 0, 62, N/A, 147.82, 100|1, 61, N/A, 49.93, 0|2, 60, N/A, 158.51, 100|3, 37, N/A, 26.82, 0|4, 38, N/A, 27.56, 0|5, 39, N/A, 26.84, 0|6, 36, N/A, 27.79, 0|
14:14:52 0, 61, N/A, 44.54, 0|1, 61, N/A, 188.94, 92|2, 59, N/A, 51.89, 0|3, 37, N/A, 27.07, 0|4, 38, N/A, 27.56, 0|5, 39, N/A, 26.84, 0|6, 36, N/A, 27.79, 0|
14:14:54 0, 59, N/A, 43.06, 0|1, 64, N/A, 180.07, 100|2, 58, N/A, 50.43, 0|3, 37, N/A, 26.82, 0|4, 38, N/A, 27.33, 0|5, 39, N/A, 26.85, 0|6, 36, N/A, 28.03, 0|
14:14:56 0, 64, N/A, 180.45, 100|1, 59, N/A, 48.20, 0|2, 63, N/A, 201.78, 100|3, 37, N/A, 26.81, 0|4, 38, N/A, 27.30, 0|5, 39, N/A, 26.82, 0|6, 36, N/A, 27.79, 0|
14:14:58 0, 59, N/A, 42.82, 0|1, 64, N/A, 194.57, 100|2, 58, N/A, 50.42, 0|3, 37, N/A, 26.82, 0|4, 38, N/A, 27.32, 0|5, 39, N/A, 26.84, 0|6, 36, N/A, 27.79, 0|
14:15:00 0, 63, N/A, 159.47, 100|1, 59, N/A, 48.69, 0|2, 62, N/A, 199.45, 100|3, 37, N/A, 26.81, 0|4, 38, N/A, 27.30, 0|5, 39, N/A, 27.07, 0|6, 36, N/A, 28.03, 0|
14:15:02 0, 59, N/A, 43.31, 0|1, 63, N/A, 193.08, 100|2, 58, N/A, 50.91, 0|3, 37, N/A, 26.82, 0|4, 38, N/A, 27.32, 0|5, 39, N/A, 26.84, 0|6, 36, N/A, 28.03, 0|
14:15:04 0, 63, N/A, 147.07, 100|1, 60, N/A, 49.43, 0|2, 61, N/A, 160.23, 100|3, 37, N/A, 26.82, 0|4, 38, N/A, 27.56, 0|5, 39, N/A, 26.84, 0|6, 36, N/A, 28.03, 0|
14:15:06 0, 60, N/A, 43.56, 0|1, 62, N/A, 170.67, 100|2, 59, N/A, 51.90, 0|3, 37, N/A, 26.82, 0|4, 38, N/A, 27.56, 0|5, 39, N/A, 27.09, 0|6, 36, N/A, 28.03, 0|
14:15:08 0, 62, N/A, 177.88, 100|1, 61, N/A, 50.45, 5|2, 60, N/A, 181.32, 100|3, 37, N/A, 26.84, 0|4, 38, N/A, 27.58, 0|5, 39, N/A, 26.85, 0|6, 36, N/A, 28.05, 0|
14:15:10 0, 62, N/A, 44.82, 76|1, 61, N/A, 191.76, 100|2, 60, N/A, 52.91, 0|3, 37, N/A, 26.84, 0|4, 38, N/A, 27.33, 0|5, 39, N/A, 26.86, 0|6, 36, N/A, 27.81, 0|
14:15:12 0, 59, N/A, 42.85, 0|1, 64, N/A, 196.16, 100|2, 58, N/A, 50.94, 0|3, 37, N/A, 26.84, 0|4, 38, N/A, 27.59, 0|5, 39, N/A, 27.10, 0|6, 36, N/A, 27.81, 0|
14:15:15 0, 63, N/A, 166.46, 100|1, 59, N/A, 48.76, 0|2, 62, N/A, 201.10, 100|3, 37, N/A, 26.84, 0|4, 38, N/A, 27.33, 0|5, 39, N/A, 27.10, 0|6, 36, N/A, 28.05, 0|
14:15:17 0, 59, N/A, 43.09, 0|1, 63, N/A, 170.86, 100|2, 58, N/A, 51.19, 0|3, 37, N/A, 26.84, 0|4, 38, N/A, 27.35, 0|5, 39, N/A, 26.86, 0|6, 36, N/A, 27.81, 0|
14:15:19 0, 64, N/A, 149.62, 100|1, 60, N/A, 49.00, 0|2, 62, N/A, 172.84, 100|3, 37, N/A, 26.84, 0|4, 38, N/A, 27.33, 0|5, 39, N/A, 26.86, 0|6, 36, N/A, 27.81, 0|
14:15:21 0, 60, N/A, 43.34, 0|1, 63, N/A, 193.09, 100|2, 58, N/A, 51.44, 0|3, 37, N/A, 26.84, 0|4, 38, N/A, 27.35, 0|5, 39, N/A, 26.86, 0|6, 36, N/A, 28.05, 0|
14:15:23 0, 63, N/A, 178.87, 100|1, 60, N/A, 49.71, 0|2, 62, N/A, 205.23, 100|3, 37, N/A, 26.84, 0|4, 38, N/A, 27.33, 0|5, 39, N/A, 26.85, 0|6, 36, N/A, 28.05, 0|
14:15:25 0, 61, N/A, 44.08, 0|1, 62, N/A, 182.29, 100|2, 59, N/A, 52.17, 5|3, 37, N/A, 26.84, 0|4, 38, N/A, 27.33, 0|5, 39, N/A, 27.10, 0|6, 36, N/A, 28.05, 0|
14:15:27 0, 60, N/A, 160.65, 0|1, 63, N/A, 51.68, 100|2, 59, N/A, 167.44, 80|3, 37, N/A, 26.84, 0|4, 38, N/A, 27.33, 0|5, 39, N/A, 26.61, 0|6, 36, N/A, 28.05, 0|
14:15:29 0, 64, N/A, 148.48, 100|1, 59, N/A, 48.51, 0|2, 61, N/A, 55.66, 100|3, 37, N/A, 26.84, 0|4, 38, N/A, 27.33, 0|5, 39, N/A, 26.86, 0|6, 36, N/A, 28.05, 0|
14:15:31 0, 59, N/A, 43.09, 0|1, 64, N/A, 193.58, 100|2, 58, N/A, 51.19, 0|3, 37, N/A, 26.84, 0|4, 38, N/A, 27.33, 0|5, 39, N/A, 26.86, 0|6, 36, N/A, 27.81, 0|
14:15:33 0, 64, N/A, 180.09, 100|1, 59, N/A, 48.73, 0|2, 62, N/A, 201.55, 100|3, 37, N/A, 26.84, 0|4, 38, N/A, 27.58, 0|5, 39, N/A, 26.85, 0|6, 36, N/A, 28.05, 0|
14:15:35 0, 60, N/A, 43.36, 0|1, 63, N/A, 163.78, 100|2, 58, N/A, 50.95, 0|3, 37, N/A, 26.84, 0|4, 38, N/A, 27.35, 0|5, 39, N/A, 26.86, 0|6, 36, N/A, 27.81, 0|
14:15:37 0, 63, N/A, 167.69, 100|1, 60, N/A, 49.25, 0|2, 61, N/A, 173.00, 100|3, 37, N/A, 26.84, 0|4, 38, N/A, 27.33, 0|5, 39, N/A, 26.86, 0|6, 36, N/A, 28.05, 0|
14:15:40 0, 61, N/A, 43.83, 0|1, 63, N/A, 173.57, 100|2, 59, N/A, 51.94, 0|3, 37, N/A, 26.84, 0|4, 38, N/A, 27.35, 0|5, 39, N/A, 26.86, 0|6, 36, N/A, 27.81, 0|
14:15:42 0, 62, N/A, 178.23, 72|1, 62, N/A, 50.94, 17|2, 60, N/A, 201.31, 100|3, 37, N/A, 26.84, 0|4, 38, N/A, 27.58, 0|5, 39, N/A, 26.85, 0|6, 36, N/A, 27.81, 0|
14:15:44 0, 64, N/A, 51.71, 100|1, 60, N/A, 194.79, 0|2, 61, N/A, 53.69, 33|3, 37, N/A, 26.84, 0|4, 38, N/A, 27.60, 0|5, 39, N/A, 26.87, 0|6, 36, N/A, 27.83, 0|
14:15:46 0, 59, N/A, 43.09, 0|1, 64, N/A, 158.21, 100|2, 58, N/A, 50.95, 0|3, 37, N/A, 26.84, 0|4, 38, N/A, 27.33, 0|5, 39, N/A, 27.10, 0|6, 36, N/A, 27.81, 0|
14:15:48 0, 64, N/A, 180.82, 100|1, 60, N/A, 48.72, 0|2, 62, N/A, 213.08, 100|3, 37, N/A, 26.84, 0|4, 38, N/A, 27.58, 0|5, 39, N/A, 26.86, 0|6, 36, N/A, 27.81, 0|
14:15:50 0, 60, N/A, 43.09, 0|1, 64, N/A, 194.81, 100|2, 58, N/A, 51.44, 0|3, 37, N/A, 26.84, 0|4, 38, N/A, 27.33, 0|5, 39, N/A, 27.10, 0|6, 36, N/A, 27.81, 0|
14:15:52 0, 63, N/A, 144.47, 100|1, 60, N/A, 49.49, 0|2, 61, N/A, 164.35, 100|3, 37, N/A, 26.84, 0|4, 38, N/A, 27.33, 0|5, 39, N/A, 27.10, 0|6, 36, N/A, 28.05, 0|
14:15:54 0, 60, N/A, 43.83, 0|1, 63, N/A, 172.25, 100|2, 59, N/A, 51.94, 0|3, 37, N/A, 26.84, 0|4, 38, N/A, 27.33, 0|5, 39, N/A, 27.10, 0|6, 36, N/A, 27.81, 0|
14:15:56 0, 62, N/A, 178.62, 100|1, 62, N/A, 50.70, 5|2, 61, N/A, 201.55, 100|3, 37, N/A, 26.84, 0|4, 38, N/A, 27.58, 0|5, 39, N/A, 26.86, 0|6, 36, N/A, 27.81, 0|
14:15:58 0, 63, N/A, 46.05, 100|1, 60, N/A, 177.99, 0|2, 60, N/A, 53.65, 30|3, 37, N/A, 26.84, 0|4, 38, N/A, 27.60, 0|5, 39, N/A, 27.10, 0|6, 36, N/A, 27.83, 0|
14:16:00 0, 59, N/A, 43.09, 0|1, 64, N/A, 183.27, 100|2, 58, N/A, 51.19, 0|3, 37, N/A, 26.84, 0|4, 38, N/A, 27.59, 0|5, 39, N/A, 26.86, 0|6, 36, N/A, 27.81, 0|
14:16:02 0, 64, N/A, 180.34, 100|1, 60, N/A, 48.97, 0|2, 62, N/A, 198.12, 100|3, 37, N/A, 26.84, 0|4, 38, N/A, 27.33, 0|5, 39, N/A, 26.85, 0|6, 36, N/A, 27.81, 0|
14:16:05 0, 60, N/A, 43.34, 0|1, 64, N/A, 195.79, 100|2, 58, N/A, 51.44, 0|3, 37, N/A, 26.86, 0|4, 38, N/A, 27.35, 0|5, 39, N/A, 26.86, 0|6, 36, N/A, 27.83, 0|
14:16:07 0, 63, N/A, 174.05, 100|1, 60, N/A, 49.47, 0|2, 61, N/A, 179.61, 100|3, 37, N/A, 27.08, 0|4, 38, N/A, 27.58, 0|5, 39, N/A, 26.86, 0|6, 36, N/A, 27.81, 0|
14:16:09 0, 61, N/A, 43.83, 0|1, 63, N/A, 193.46, 100|2, 59, N/A, 52.17, 0|3, 37, N/A, 26.84, 0|4, 38, N/A, 27.35, 0|5, 39, N/A, 26.86, 0|6, 36, N/A, 27.83, 0|
14:16:11 0, 62, N/A, 178.48, 100|1, 62, N/A, 51.19, 5|2, 60, N/A, 200.82, 100|3, 37, N/A, 26.84, 0|4, 38, N/A, 27.58, 0|5, 39, N/A, 26.85, 0|6, 36, N/A, 28.05, 0|
14:16:13 0, 64, N/A, 143.34, 100|1, 59, N/A, 49.01, 0|2, 61, N/A, 54.18, 5|3, 37, N/A, 26.84, 0|4, 38, N/A, 27.35, 0|5, 39, N/A, 26.86, 0|6, 36, N/A, 27.81, 0|
14:16:15 0, 60, N/A, 43.09, 0|1, 64, N/A, 160.59, 100|2, 58, N/A, 51.19, 0|3, 37, N/A, 26.84, 0|4, 38, N/A, 27.60, 0|5, 39, N/A, 27.10, 0|6, 36, N/A, 27.83, 0|
14:16:17 0, 64, N/A, 180.82, 100|1, 60, N/A, 48.97, 0|2, 63, N/A, 204.39, 100|3, 37, N/A, 26.84, 0|4, 38, N/A, 27.33, 0|5, 39, N/A, 27.10, 0|6, 36, N/A, 27.81, 0|
14:16:19 0, 60, N/A, 43.34, 0|1, 64, N/A, 159.20, 100|2, 58, N/A, 51.47, 0|3, 37, N/A, 26.86, 0|4, 38, N/A, 27.35, 0|5, 39, N/A, 27.12, 0|6, 36, N/A, 27.83, 0|
14:16:21 0, 64, N/A, 167.95, 100|1, 61, N/A, 49.74, 0|2, 62, N/A, 165.33, 100|3, 37, N/A, 26.84, 0|4, 38, N/A, 27.33, 0|5, 39, N/A, 26.86, 0|6, 36, N/A, 27.81, 0|
14:16:23 0, 61, N/A, 43.83, 0|1, 63, N/A, 193.09, 100|2, 59, N/A, 52.43, 1|3, 37, N/A, 26.84, 0|4, 38, N/A, 27.35, 0|5, 40, N/A, 26.86, 0|6, 36, N/A, 27.83, 0|
14:16:25 0, 60, N/A, 140.54, 0|1, 63, N/A, 52.17, 100|2, 59, N/A, 138.43, 0|3, 37, N/A, 26.84, 0|4, 38, N/A, 27.58, 0|5, 39, N/A, 26.86, 0|6, 36, N/A, 28.05, 0|
14:16:27 0, 65, N/A, 180.58, 100|1, 60, N/A, 48.73, 0|2, 63, N/A, 193.47, 100|3, 37, N/A, 27.08, 0|4, 38, N/A, 27.58, 0|5, 39, N/A, 26.86, 0|6, 36, N/A, 27.81, 0|
14:16:30 0, 60, N/A, 43.34, 0|1, 64, N/A, 193.09, 100|2, 58, N/A, 50.70, 0|3, 37, N/A, 26.86, 0|4, 38, N/A, 27.35, 0|5, 39, N/A, 27.10, 0|6, 36, N/A, 28.05, 0|
14:16:32 0, 64, N/A, 154.05, 100|1, 60, N/A, 49.22, 0|2, 62, N/A, 175.78, 100|3, 37, N/A, 26.84, 0|4, 38, N/A, 27.58, 0|5, 39, N/A, 26.86, 0|6, 36, N/A, 27.81, 0|
14:16:34 0, 60, N/A, 43.34, 0|1, 64, N/A, 196.52, 100|2, 59, N/A, 51.44, 0|3, 37, N/A, 26.84, 0|4, 38, N/A, 27.35, 0|5, 39, N/A, 26.86, 0|6, 36, N/A, 27.81, 0|
14:16:36 0, 63, N/A, 144.55, 100|1, 61, N/A, 50.20, 0|2, 61, N/A, 173.34, 100|3, 37, N/A, 26.84, 0|4, 38, N/A, 27.33, 0|5, 39, N/A, 26.86, 0|6, 36, N/A, 27.81, 0|
14:16:38 0, 62, N/A, 44.82, 0|1, 62, N/A, 162.79, 100|2, 60, N/A, 52.92, 0|3, 37, N/A, 26.84, 0|4, 38, N/A, 27.59, 0|5, 39, N/A, 27.10, 0|6, 36, N/A, 27.81, 0|
14:16:40 0, 59, N/A, 43.09, 0|1, 65, N/A, 196.65, 100|2, 58, N/A, 51.19, 0|3, 37, N/A, 26.84, 0|4, 38, N/A, 27.33, 0|5, 39, N/A, 27.10, 0|6, 36, N/A, 27.81, 0|
14:16:42 0, 64, N/A, 172.82, 100|1, 60, N/A, 48.97, 0|2, 62, N/A, 197.88, 100|3, 37, N/A, 26.84, 0|4, 38, N/A, 27.33, 0|5, 39, N/A, 26.86, 0|6, 36, N/A, 28.05, 0|
14:16:44 0, 60, N/A, 43.34, 0|1, 64, N/A, 197.01, 100|2, 58, N/A, 51.44, 0|3, 37, N/A, 26.84, 0|4, 38, N/A, 27.60, 0|5, 39, N/A, 27.10, 0|6, 36, N/A, 27.83, 0|
14:16:46 0, 63, N/A, 147.17, 100|1, 60, N/A, 49.49, 0|2, 62, N/A, 163.03, 100|3, 37, N/A, 26.84, 0|4, 38, N/A, 27.58, 0|5, 39, N/A, 26.86, 0|6, 36, N/A, 27.81, 0|
14:16:48 0, 61, N/A, 43.83, 0|1, 63, N/A, 170.88, 100|2, 59, N/A, 52.17, 0|3, 37, N/A, 26.84, 0|4, 38, N/A, 27.35, 0|5, 39, N/A, 27.10, 0|6, 36, N/A, 27.81, 0|
14:16:50 0, 61, N/A, 169.88, 100|1, 63, N/A, 51.68, 6|2, 60, N/A, 200.33, 100|3, 37, N/A, 26.84, 0|4, 38, N/A, 27.33, 0|5, 39, N/A, 26.85, 0|6, 36, N/A, 27.81, 0|
14:16:52 0, 65, N/A, 157.74, 100|1, 60, N/A, 48.76, 0|2, 62, N/A, 55.66, 100|3, 37, N/A, 26.84, 0|4, 38, N/A, 27.33, 0|5, 39, N/A, 27.10, 0|6, 36, N/A, 27.81, 0|
14:16:55 0, 60, N/A, 43.34, 0|1, 65, N/A, 197.63, 100|2, 58, N/A, 51.19, 0|3, 37, N/A, 26.84, 0|4, 38, N/A, 27.33, 0|5, 39, N/A, 26.86, 0|6, 36, N/A, 27.81, 0|
14:16:57 0, 64, N/A, 143.82, 100|1, 60, N/A, 49.22, 0|2, 62, N/A, 163.54, 100|3, 37, N/A, 26.84, 0|4, 38, N/A, 27.58, 0|5, 39, N/A, 26.85, 0|6, 36, N/A, 27.81, 0|
14:16:59 0, 60, N/A, 43.58, 0|1, 64, N/A, 196.52, 100|2, 59, N/A, 51.69, 0|3, 37, N/A, 26.84, 0|4, 38, N/A, 27.60, 0|5, 39, N/A, 26.86, 0|6, 36, N/A, 27.81, 0|
14:17:01 0, 63, N/A, 147.65, 100|1, 61, N/A, 50.20, 0|2, 61, N/A, 200.95, 100|3, 37, N/A, 27.08, 0|4, 38, N/A, 27.58, 0|5, 39, N/A, 26.86, 0|6, 36, N/A, 28.05, 0|
14:17:03 0, 62, N/A, 45.06, 33|1, 62, N/A, 193.83, 58|2, 60, N/A, 52.92, 0|3, 37, N/A, 26.84, 0|4, 38, N/A, 27.60, 0|5, 39, N/A, 26.86, 0|6, 36, N/A, 28.05, 0|
14:17:05 0, 59, N/A, 43.09, 0|1, 64, N/A, 185.73, 100|2, 58, N/A, 51.19, 0|3, 37, N/A, 26.84, 0|4, 38, N/A, 27.33, 0|5, 39, N/A, 26.86, 0|6, 36, N/A, 28.05, 0|
14:17:07 0, 64, N/A, 157.25, 100|1, 60, N/A, 49.22, 0|2, 62, N/A, 175.30, 100|3, 37, N/A, 27.08, 0|4, 38, N/A, 27.33, 0|5, 39, N/A, 26.85, 0|6, 36, N/A, 28.05, 0|
14:17:09 0, 60, N/A, 43.34, 0|1, 64, N/A, 194.94, 100|2, 58, N/A, 51.44, 0|3, 37, N/A, 26.84, 0|4, 38, N/A, 27.33, 0|5, 39, N/A, 26.86, 0|6, 36, N/A, 28.05, 0|
14:17:11 0, 64, N/A, 187.20, 100|1, 61, N/A, 49.99, 0|2, 62, N/A, 189.78, 100|3, 37, N/A, 26.84, 0|4, 38, N/A, 27.33, 0|5, 39, N/A, 26.86, 0|6, 36, N/A, 28.05, 0|
14:17:13 0, 61, N/A, 44.32, 0|1, 63, N/A, 193.34, 100|2, 59, N/A, 51.69, 6|3, 37, N/A, 26.84, 0|4, 38, N/A, 27.59, 0|5, 39, N/A, 26.86, 0|6, 36, N/A, 27.83, 0|
14:17:15 0, 59, N/A, 43.34, 0|1, 64, N/A, 56.60, 100|2, 59, N/A, 183.78, 0|3, 37, N/A, 26.84, 0|4, 38, N/A, 27.59, 0|5, 39, N/A, 26.87, 0|6, 36, N/A, 28.05, 0|
14:17:17 0, 64, N/A, 180.09, 100|1, 60, N/A, 49.00, 0|2, 63, N/A, 202.04, 100|3, 37, N/A, 26.84, 0|4, 38, N/A, 27.33, 0|5, 39, N/A, 26.85, 0|6, 36, N/A, 28.05, 0|
14:17:20 0, 60, N/A, 43.34, 0|1, 64, N/A, 197.88, 100|2, 58, N/A, 50.94, 0|3, 37, N/A, 26.84, 0|4, 38, N/A, 27.60, 0|5, 39, N/A, 26.86, 0|6, 36, N/A, 27.83, 0|
14:17:22 0, 64, N/A, 179.11, 100|1, 61, N/A, 49.71, 0|2, 62, N/A, 204.88, 100|3, 37, N/A, 26.84, 0|4, 38, N/A, 27.33, 0|5, 39, N/A, 27.10, 0|6, 36, N/A, 28.05, 0|
14:17:24 0, 61, N/A, 43.83, 0|1, 63, N/A, 188.42, 100|2, 59, N/A, 51.93, 0|3, 37, N/A, 26.84, 0|4, 38, N/A, 27.35, 0|5, 40, N/A, 27.10, 0|6, 36, N/A, 27.83, 0|
14:17:26 0, 62, N/A, 177.64, 50|1, 62, N/A, 51.43, 6|2, 61, N/A, 200.82, 100|3, 37, N/A, 26.84, 0|4, 38, N/A, 27.58, 0|5, 39, N/A, 27.10, 0|6, 36, N/A, 27.81, 0|
14:17:28 0, 64, N/A, 156.27, 100|1, 60, N/A, 49.01, 0|2, 62, N/A, 55.38, 100|3, 37, N/A, 26.84, 0|4, 38, N/A, 27.58, 0|5, 39, N/A, 26.86, 0|6, 36, N/A, 28.05, 0|
14:17:30 0, 60, N/A, 43.09, 0|1, 65, N/A, 196.52, 100|2, 58, N/A, 51.19, 0|3, 37, N/A, 26.84, 0|4, 38, N/A, 27.58, 0|5, 39, N/A, 26.86, 0|6, 36, N/A, 28.05, 0|
14:17:32 0, 64, N/A, 145.21, 100|1, 60, N/A, 49.49, 0|2, 62, N/A, 170.39, 100|3, 37, N/A, 26.84, 0|4, 38, N/A, 27.33, 0|5, 39, N/A, 26.86, 0|6, 36, N/A, 28.05, 0|
14:17:34 0, 60, N/A, 43.58, 0|1, 64, N/A, 194.81, 100|2, 59, N/A, 51.93, 0|3, 37, N/A, 27.09, 0|4, 38, N/A, 27.59, 0|5, 39, N/A, 27.10, 0|6, 36, N/A, 27.81, 0|
14:17:36 0, 62, N/A, 181.30, 100|1, 62, N/A, 50.69, 0|2, 61, N/A, 199.33, 100|3, 37, N/A, 26.84, 0|4, 38, N/A, 27.33, 0|5, 39, N/A, 26.86, 0|6, 36, N/A, 27.81, 0|
14:17:38 0, 63, N/A, 45.80, 100|1, 61, N/A, 185.83, 0|2, 61, N/A, 53.90, 38|3, 37, N/A, 26.84, 0|4, 38, N/A, 27.35, 0|5, 39, N/A, 26.87, 0|6, 36, N/A, 27.83, 0|
14:17:40 0, 60, N/A, 43.09, 0|1, 65, N/A, 206.94, 100|2, 58, N/A, 51.19, 0|3, 37, N/A, 26.84, 0|4, 38, N/A, 27.59, 0|5, 39, N/A, 26.86, 0|6, 36, N/A, 27.81, 0|
14:17:42 0, 64, N/A, 170.62, 100|1, 60, N/A, 49.47, 0|2, 62, N/A, 200.82, 100|3, 37, N/A, 27.08, 0|4, 38, N/A, 27.58, 0|5, 39, N/A, 26.85, 0|6, 36, N/A, 28.05, 0|
14:17:44 0, 60, N/A, 43.58, 0|1, 64, N/A, 195.54, 100|2, 59, N/A, 51.68, 0|3, 37, N/A, 26.84, 0|4, 38, N/A, 27.35, 0|5, 39, N/A, 27.10, 0|6, 36, N/A, 28.07, 0|
14:17:47 0, 63, N/A, 157.88, 100|1, 62, N/A, 50.20, 0|2, 61, N/A, 196.16, 100|3, 37, N/A, 27.09, 0|4, 38, N/A, 27.58, 0|5, 39, N/A, 26.86, 0|6, 36, N/A, 27.81, 0|
14:17:49 0, 62, N/A, 45.31, 70|1, 62, N/A, 194.32, 100|2, 60, N/A, 53.17, 0|3, 37, N/A, 27.09, 0|4, 38, N/A, 27.35, 0|5, 39, N/A, 26.87, 0|6, 36, N/A, 28.07, 0|
14:17:51 0, 60, N/A, 43.09, 0|1, 65, N/A, 194.92, 100|2, 58, N/A, 51.19, 0|3, 37, N/A, 26.84, 0|4, 38, N/A, 27.35, 0|5, 39, N/A, 27.10, 0|6, 36, N/A, 28.05, 0|
14:17:53 0, 64, N/A, 180.82, 100|1, 60, N/A, 49.22, 0|2, 63, N/A, 207.08, 100|3, 37, N/A, 26.84, 0|4, 38, N/A, 27.58, 0|5, 39, N/A, 27.10, 0|6, 36, N/A, 27.81, 0|
14:17:55 0, 60, N/A, 43.34, 0|1, 64, N/A, 194.19, 100|2, 59, N/A, 51.69, 0|3, 37, N/A, 26.84, 0|4, 38, N/A, 27.35, 0|5, 40, N/A, 27.12, 0|6, 36, N/A, 28.07, 0|
14:17:57 0, 63, N/A, 171.35, 100|1, 62, N/A, 50.20, 0|2, 61, N/A, 199.10, 100|3, 37, N/A, 26.84, 0|4, 38, N/A, 27.33, 0|5, 39, N/A, 26.85, 0|6, 36, N/A, 28.05, 0|
14:17:59 0, 62, N/A, 44.57, 0|1, 63, N/A, 165.97, 100|2, 60, N/A, 52.17, 0|3, 37, N/A, 26.84, 0|4, 38, N/A, 27.58, 0|5, 39, N/A, 27.10, 0|6, 36, N/A, 28.05, 0|
14:18:01 0, 60, N/A, 43.09, 0|1, 65, N/A, 163.28, 100|2, 58, N/A, 50.71, 0|3, 37, N/A, 26.84, 0|4, 38, N/A, 27.58, 0|5, 39, N/A, 26.86, 0|6, 36, N/A, 28.05, 0|
14:18:03 0, 65, N/A, 180.82, 100|1, 60, N/A, 49.22, 0|2, 63, N/A, 208.06, 100|3, 37, N/A, 26.84, 0|4, 38, N/A, 27.58, 0|5, 39, N/A, 26.85, 0|6, 36, N/A, 28.05, 0|
14:18:05 0, 60, N/A, 43.34, 0|1, 64, N/A, 166.48, 100|2, 59, N/A, 51.44, 0|3, 37, N/A, 26.84, 0|4, 38, N/A, 27.59, 0|5, 39, N/A, 26.86, 0|6, 36, N/A, 28.05, 0|
14:18:07 0, 63, N/A, 178.13, 100|1, 61, N/A, 50.20, 0|2, 62, N/A, 203.51, 100|3, 37, N/A, 27.08, 0|4, 38, N/A, 27.58, 0|5, 39, N/A, 26.85, 0|6, 36, N/A, 28.05, 0|
14:18:09 0, 62, N/A, 44.82, 0|1, 63, N/A, 195.68, 100|2, 60, N/A, 52.91, 0|3, 37, N/A, 26.84, 0|4, 38, N/A, 27.35, 0|5, 39, N/A, 27.10, 0|6, 36, N/A, 27.83, 0|
14:18:12 0, 59, N/A, 43.34, 0|1, 64, N/A, 175.43, 100|2, 58, N/A, 51.20, 0|3, 37, N/A, 26.84, 0|4, 38, N/A, 27.35, 0|5, 40, N/A, 26.86, 0|6, 36, N/A, 28.05, 0|
14:18:14 0, 65, N/A, 181.32, 100|1, 60, N/A, 49.22, 0|2, 63, N/A, 206.21, 100|3, 37, N/A, 26.84, 0|4, 38, N/A, 27.33, 0|5, 39, N/A, 26.85, 0|6, 36, N/A, 28.05, 0|
14:18:16 0, 60, N/A, 43.37, 0|1, 64, N/A, 159.45, 100|2, 59, N/A, 51.69, 0|3, 37, N/A, 26.86, 0|4, 38, N/A, 27.35, 0|5, 39, N/A, 27.12, 0|6, 36, N/A, 28.07, 0|
14:18:18 0, 63, N/A, 173.08, 100|1, 61, N/A, 50.23, 0|2, 62, N/A, 202.78, 100|3, 37, N/A, 26.84, 0|4, 38, N/A, 27.33, 0|5, 39, N/A, 26.86, 0|6, 36, N/A, 28.05, 0|
14:18:20 0, 62, N/A, 45.06, 11|1, 63, N/A, 192.11, 83|2, 60, N/A, 53.16, 0|3, 37, N/A, 26.84, 0|4, 38, N/A, 27.35, 0|5, 39, N/A, 27.10, 0|6, 36, N/A, 28.05, 0|
14:18:22 0, 60, N/A, 43.34, 0|1, 65, N/A, 170.13, 100|2, 58, N/A, 51.44, 0|3, 37, N/A, 26.84, 0|4, 38, N/A, 27.58, 0|5, 39, N/A, 26.86, 0|6, 36, N/A, 28.05, 0|
14:18:24 0, 64, N/A, 182.05, 100|1, 60, N/A, 49.46, 0|2, 63, N/A, 207.33, 100|3, 37, N/A, 26.84, 0|4, 38, N/A, 27.33, 0|5, 39, N/A, 26.85, 0|6, 36, N/A, 27.81, 0|
14:18:26 0, 60, N/A, 43.34, 0|1, 64, N/A, 161.16, 100|2, 59, N/A, 51.72, 0|3, 37, N/A, 26.84, 0|4, 38, N/A, 27.60, 0|5, 39, N/A, 27.10, 0|6, 36, N/A, 28.05, 0|
14:18:28 0, 63, N/A, 168.67, 100|1, 61, N/A, 50.23, 0|2, 61, N/A, 193.96, 100|3, 37, N/A, 26.84, 0|4, 38, N/A, 27.33, 0|5, 39, N/A, 27.10, 0|6, 36, N/A, 28.05, 0|
14:18:30 0, 62, N/A, 45.06, 0|1, 62, N/A, 195.79, 100|2, 60, N/A, 53.17, 0|3, 37, N/A, 26.86, 0|4, 38, N/A, 27.35, 0|5, 39, N/A, 26.87, 0|6, 36, N/A, 27.83, 0|
14:18:32 0, 60, N/A, 43.34, 0|1, 65, N/A, 164.24, 100|2, 58, N/A, 51.44, 0|3, 37, N/A, 26.84, 0|4, 38, N/A, 27.33, 0|5, 39, N/A, 26.86, 0|6, 36, N/A, 27.81, 0|
14:18:34 0, 64, N/A, 172.82, 100|1, 60, N/A, 49.47, 0|2, 63, N/A, 206.35, 100|3, 37, N/A, 27.08, 0|4, 38, N/A, 27.58, 0|5, 39, N/A, 26.85, 0|6, 36, N/A, 27.81, 0|
14:18:37 0, 60, N/A, 43.58, 0|1, 65, N/A, 198.61, 100|2, 59, N/A, 51.93, 0|3, 37, N/A, 26.84, 0|4, 38, N/A, 27.33, 0|5, 39, N/A, 27.10, 0|6, 36, N/A, 28.05, 0|
14:18:39 0, 63, N/A, 157.95, 100|1, 62, N/A, 50.70, 0|2, 61, N/A, 181.33, 100|3, 37, N/A, 26.84, 0|4, 38, N/A, 27.33, 0|5, 39, N/A, 27.10, 0|6, 36, N/A, 27.81, 0|
14:18:41 0, 63, N/A, 45.55, 78|1, 61, N/A, 191.87, 19|2, 61, N/A, 53.66, 0|3, 37, N/A, 26.84, 0|4, 38, N/A, 27.35, 0|5, 39, N/A, 27.12, 0|6, 36, N/A, 28.07, 0|
14:18:43 0, 60, N/A, 43.34, 0|1, 65, N/A, 194.32, 100|2, 58, N/A, 51.23, 0|3, 37, N/A, 26.84, 0|4, 38, N/A, 27.35, 0|5, 39, N/A, 26.87, 0|6, 36, N/A, 28.07, 0|
14:18:45 0, 64, N/A, 145.94, 100|1, 61, N/A, 49.49, 0|2, 63, N/A, 158.62, 100|3, 37, N/A, 26.84, 0|4, 38, N/A, 27.33, 0|5, 39, N/A, 27.10, 0|6, 36, N/A, 28.05, 0|
14:18:47 0, 60, N/A, 43.58, 0|1, 64, N/A, 196.28, 100|2, 59, N/A, 51.93, 0|3, 37, N/A, 26.84, 0|4, 38, N/A, 27.60, 0|5, 39, N/A, 26.86, 0|6, 36, N/A, 27.81, 0|
14:18:49 0, 63, N/A, 179.70, 100|1, 62, N/A, 50.94, 0|2, 61, N/A, 176.76, 100|3, 37, N/A, 26.84, 0|4, 38, N/A, 27.33, 0|5, 39, N/A, 27.10, 0|6, 36, N/A, 28.05, 0|
14:18:51 0, 64, N/A, 148.26, 100|1, 60, N/A, 49.25, 0|2, 62, N/A, 55.16, 26|3, 37, N/A, 26.84, 0|4, 38, N/A, 27.33, 0|5, 39, N/A, 26.86, 0|6, 36, N/A, 28.05, 0|
14:18:53 0, 60, N/A, 43.09, 0|1, 65, N/A, 197.01, 100|2, 58, N/A, 51.44, 0|3, 37, N/A, 26.84, 0|4, 38, N/A, 27.59, 0|5, 39, N/A, 27.10, 0|6, 36, N/A, 28.05, 0|
14:18:55 0, 64, N/A, 181.80, 100|1, 61, N/A, 49.49, 0|2, 63, N/A, 197.15, 100|3, 37, N/A, 26.84, 0|4, 38, N/A, 27.58, 0|5, 39, N/A, 26.86, 0|6, 36, N/A, 28.05, 0|
14:18:57 0, 61, N/A, 43.83, 0|1, 64, N/A, 187.44, 100|2, 59, N/A, 52.18, 0|3, 37, N/A, 26.86, 0|4, 38, N/A, 27.35, 0|5, 39, N/A, 26.87, 0|6, 36, N/A, 28.07, 0|
14:18:59 0, 61, N/A, 182.52, 45|1, 63, N/A, 52.17, 29|2, 60, N/A, 195.54, 50|3, 37, N/A, 26.84, 0|4, 38, N/A, 27.33, 0|5, 39, N/A, 27.10, 0|6, 36, N/A, 28.05, 0|
14:19:02 0, 65, N/A, 181.79, 100|1, 60, N/A, 49.22, 0|2, 64, N/A, 206.56, 100|3, 37, N/A, 26.84, 0|4, 38, N/A, 27.58, 0|5, 40, N/A, 26.85, 0|6, 36, N/A, 27.79, 0|
14:19:04 0, 60, N/A, 43.34, 0|1, 65, N/A, 198.61, 100|2, 59, N/A, 51.44, 0|3, 37, N/A, 26.84, 0|4, 38, N/A, 27.33, 0|5, 40, N/A, 27.10, 0|6, 36, N/A, 28.05, 0|
14:19:06 0, 63, N/A, 180.81, 100|1, 61, N/A, 49.96, 0|2, 62, N/A, 183.17, 100|3, 37, N/A, 26.84, 0|4, 38, N/A, 27.58, 0|5, 39, N/A, 26.85, 0|6, 36, N/A, 28.05, 0|
14:19:08 0, 61, N/A, 44.08, 0|1, 63, N/A, 194.94, 100|2, 60, N/A, 52.42, 6|3, 37, N/A, 26.84, 0|4, 38, N/A, 27.33, 0|5, 39, N/A, 26.86, 0|6, 36, N/A, 28.05, 0|
14:19:10 0, 60, N/A, 43.09, 0|1, 66, N/A, 199.09, 100|2, 58, N/A, 51.19, 0|3, 37, N/A, 26.84, 0|4, 38, N/A, 27.58, 0|5, 39, N/A, 26.85, 0|6, 36, N/A, 28.05, 0|
14:19:12 0, 65, N/A, 154.17, 100|1, 60, N/A, 49.19, 0|2, 63, N/A, 177.77, 100|3, 37, N/A, 26.81, 0|4, 38, N/A, 27.56, 0|5, 39, N/A, 26.84, 0|6, 36, N/A, 28.02, 0|
14:19:14 0, 60, N/A, 43.31, 0|1, 64, N/A, 170.75, 100|2, 59, N/A, 51.66, 0|3, 37, N/A, 26.82, 0|4, 38, N/A, 27.32, 0|5, 39, N/A, 27.09, 0|6, 36, N/A, 28.03, 0|
14:19:16 0, 63, N/A, 180.45, 100|1, 61, N/A, 50.17, 0|2, 62, N/A, 205.94, 100|3, 37, N/A, 26.81, 0|4, 38, N/A, 27.56, 0|5, 39, N/A, 26.82, 0|6, 36, N/A, 28.03, 0|
14:19:18 0, 62, N/A, 45.03, 0|1, 63, N/A, 193.67, 100|2, 60, N/A, 53.12, 0|3, 37, N/A, 26.82, 0|4, 38, N/A, 27.56, 0|5, 39, N/A, 27.09, 0|6, 36, N/A, 28.03, 0|
14:19:20 0, 60, N/A, 43.07, 0|1, 65, N/A, 171.51, 100|2, 58, N/A, 51.41, 0|3, 37, N/A, 26.82, 0|4, 38, N/A, 27.33, 0|5, 39, N/A, 27.09, 0|6, 36, N/A, 28.03, 0|
14:19:22 0, 64, N/A, 151.47, 100|1, 61, N/A, 49.43, 0|2, 63, N/A, 202.54, 100|3, 37, N/A, 26.82, 0|4, 38, N/A, 27.56, 0|5, 39, N/A, 27.08, 0|6, 36, N/A, 28.03, 0|
14:19:24 0, 61, N/A, 43.56, 0|1, 65, N/A, 197.75, 100|2, 59, N/A, 52.14, 0|3, 37, N/A, 26.82, 0|4, 38, N/A, 27.32, 0|5, 39, N/A, 26.84, 0|6, 36, N/A, 28.03, 0|
14:19:27 0, 63, N/A, 177.03, 100|1, 62, N/A, 51.16, 0|2, 62, N/A, 162.68, 100|3, 37, N/A, 26.82, 0|4, 38, N/A, 27.56, 0|5, 39, N/A, 27.08, 0|6, 36, N/A, 28.03, 0|
14:19:29 0, 65, N/A, 158.51, 100|1, 60, N/A, 48.97, 0|2, 62, N/A, 55.10, 40|3, 37, N/A, 26.82, 0|4, 38, N/A, 27.56, 0|5, 39, N/A, 27.09, 0|6, 36, N/A, 28.03, 0|
14:19:31 0, 60, N/A, 43.31, 0|1, 64, N/A, 193.46, 100|2, 59, N/A, 51.41, 0|3, 37, N/A, 26.82, 0|4, 38, N/A, 27.56, 0|5, 39, N/A, 27.09, 0|6, 36, N/A, 28.03, 0|
14:19:33 0, 64, N/A, 179.97, 100|1, 61, N/A, 49.92, 0|2, 63, N/A, 205.94, 100|3, 37, N/A, 26.81, 0|4, 38, N/A, 27.54, 0|5, 39, N/A, 27.07, 0|6, 36, N/A, 28.03, 0|
14:19:35 0, 61, N/A, 43.80, 0|1, 64, N/A, 167.43, 100|2, 59, N/A, 52.39, 0|3, 37, N/A, 26.82, 0|4, 38, N/A, 27.56, 0|5, 39, N/A, 26.84, 0|6, 36, N/A, 28.03, 0|
14:19:37 0, 60, N/A, 178.75, 0|1, 64, N/A, 53.12, 100|2, 59, N/A, 202.40, 49|3, 37, N/A, 26.82, 0|4, 38, N/A, 27.32, 0|5, 39, N/A, 26.84, 0|6, 36, N/A, 28.03, 0|
14:19:39 0, 64, N/A, 165.36, 100|1, 60, N/A, 49.43, 0|2, 63, N/A, 202.79, 100|3, 37, N/A, 26.82, 0|4, 38, N/A, 27.56, 0|5, 39, N/A, 27.08, 0|6, 36, N/A, 28.03, 0|
14:19:41 0, 60, N/A, 43.56, 0|1, 65, N/A, 197.51, 100|2, 59, N/A, 51.90, 0|3, 37, N/A, 26.82, 0|4, 38, N/A, 27.32, 0|5, 39, N/A, 26.84, 0|6, 36, N/A, 28.03, 0|
14:19:43 0, 64, N/A, 180.95, 100|1, 62, N/A, 50.17, 0|2, 62, N/A, 200.93, 100|3, 37, N/A, 26.82, 0|4, 38, N/A, 27.56, 0|5, 39, N/A, 26.84, 0|6, 36, N/A, 28.03, 0|
14:19:45 0, 62, N/A, 44.79, 0|1, 63, N/A, 156.88, 100|2, 60, N/A, 52.88, 0|3, 37, N/A, 26.82, 0|4, 38, N/A, 27.56, 0|5, 39, N/A, 27.09, 0|6, 36, N/A, 28.03, 0|
14:19:47 0, 60, N/A, 43.06, 0|1, 65, N/A, 156.63, 100|2, 58, N/A, 51.41, 0|3, 37, N/A, 26.82, 0|4, 38, N/A, 27.56, 0|5, 39, N/A, 27.09, 0|6, 36, N/A, 28.03, 0|
14:19:49 0, 64, N/A, 170.26, 100|1, 61, N/A, 49.68, 0|2, 63, N/A, 204.96, 100|3, 37, N/A, 26.82, 0|4, 38, N/A, 27.56, 0|5, 39, N/A, 26.84, 0|6, 36, N/A, 27.79, 0|
14:19:52 0, 60, N/A, 43.56, 0|1, 64, N/A, 197.99, 100|2, 59, N/A, 52.14, 0|3, 37, N/A, 26.82, 0|4, 38, N/A, 27.56, 0|5, 39, N/A, 26.84, 0|6, 36, N/A, 27.79, 0|
14:19:54 0, 63, N/A, 179.73, 100|1, 63, N/A, 51.40, 2|2, 62, N/A, 198.73, 100|3, 37, N/A, 26.82, 0|4, 38, N/A, 27.56, 0|5, 39, N/A, 27.08, 0|6, 36, N/A, 28.03, 0|
14:19:56 0, 65, N/A, 152.97, 100|1, 60, N/A, 49.22, 0|2, 63, N/A, 56.32, 77|3, 37, N/A, 26.82, 0|4, 38, N/A, 27.56, 0|5, 39, N/A, 26.84, 0|6, 36, N/A, 28.03, 0|
14:19:58 0, 60, N/A, 43.31, 0|1, 65, N/A, 165.63, 100|2, 59, N/A, 51.41, 0|3, 37, N/A, 26.82, 0|4, 38, N/A, 27.58, 0|5, 39, N/A, 27.09, 0|6, 36, N/A, 28.03, 0|
14:20:00 0, 64, N/A, 156.40, 100|1, 61, N/A, 49.95, 0|2, 62, N/A, 201.91, 100|3, 37, N/A, 26.82, 0|4, 38, N/A, 27.32, 0|5, 39, N/A, 27.09, 0|6, 36, N/A, 28.03, 0|
14:20:02 0, 61, N/A, 44.05, 0|1, 64, N/A, 196.77, 100|2, 60, N/A, 52.38, 0|3, 37, N/A, 26.82, 0|4, 38, N/A, 27.56, 0|5, 39, N/A, 26.84, 0|6, 36, N/A, 28.03, 0|
14:20:04 0, 60, N/A, 43.06, 0|1, 66, N/A, 199.95, 100|2, 58, N/A, 51.16, 0|3, 37, N/A, 26.82, 0|4, 38, N/A, 27.33, 0|5, 40, N/A, 27.10, 0|6, 36, N/A, 28.05, 0|
14:20:06 0, 65, N/A, 159.08, 100|1, 61, N/A, 49.43, 0|2, 63, N/A, 179.25, 100|3, 37, N/A, 26.82, 0|4, 38, N/A, 27.32, 0|5, 39, N/A, 27.08, 0|6, 36, N/A, 28.03, 0|
14:20:08 0, 60, N/A, 43.56, 0|1, 64, N/A, 161.95, 100|2, 59, N/A, 51.66, 0|3, 37, N/A, 26.82, 0|4, 38, N/A, 27.33, 0|5, 39, N/A, 26.85, 0|6, 36, N/A, 28.05, 0|
14:20:10 0, 63, N/A, 150.26, 100|1, 62, N/A, 50.69, 0|2, 62, N/A, 164.88, 100|3, 37, N/A, 26.82, 0|4, 38, N/A, 27.32, 0|5, 39, N/A, 26.84, 0|6, 36, N/A, 28.03, 0|
14:20:12 0, 63, N/A, 45.77, 89|1, 62, N/A, 190.76, 10|2, 61, N/A, 53.86, 13|3, 37, N/A, 26.82, 0|4, 38, N/A, 27.58, 0|5, 39, N/A, 26.84, 0|6, 36, N/A, 27.79, 0|
14:20:14 0, 60, N/A, 43.31, 0|1, 65, N/A, 198.97, 100|2, 59, N/A, 51.41, 0|3, 37, N/A, 26.82, 0|4, 38, N/A, 27.32, 0|5, 39, N/A, 26.84, 0|6, 36, N/A, 28.03, 0|
14:20:17 0, 65, N/A, 181.93, 100|1, 61, N/A, 49.68, 0|2, 63, N/A, 202.40, 100|3, 37, N/A, 26.82, 0|4, 38, N/A, 27.56, 0|5, 39, N/A, 26.84, 0|6, 36, N/A, 28.03, 0|
14:20:19 0, 61, N/A, 44.05, 0|1, 64, N/A, 193.35, 100|2, 59, N/A, 52.15, 0|3, 37, N/A, 26.82, 0|4, 38, N/A, 27.58, 0|5, 39, N/A, 26.85, 0|6, 36, N/A, 27.81, 0|
14:20:21 0, 59, N/A, 111.90, 0|1, 64, N/A, 53.86, 98|2, 59, N/A, 129.02, 0|3, 37, N/A, 26.82, 0|4, 38, N/A, 27.32, 0|5, 39, N/A, 26.84, 0|6, 36, N/A, 27.79, 0|
14:20:23 0, 64, N/A, 165.85, 100|1, 60, N/A, 49.43, 0|2, 63, N/A, 188.68, 100|3, 37, N/A, 26.82, 0|4, 38, N/A, 27.32, 0|5, 39, N/A, 26.84, 0|6, 36, N/A, 28.03, 0|
14:20:25 0, 60, N/A, 43.31, 0|1, 64, N/A, 190.76, 100|2, 59, N/A, 51.65, 0|3, 37, N/A, 27.07, 0|4, 38, N/A, 27.58, 0|5, 39, N/A, 27.09, 0|6, 36, N/A, 27.79, 0|
14:20:27 0, 63, N/A, 178.98, 100|1, 62, N/A, 50.66, 0|2, 62, N/A, 203.74, 100|3, 37, N/A, 26.81, 0|4, 38, N/A, 27.56, 0|5, 39, N/A, 26.82, 0|6, 36, N/A, 27.79, 0|
14:20:29 0, 63, N/A, 45.28, 0|1, 63, N/A, 194.81, 100|2, 61, N/A, 53.62, 0|3, 37, N/A, 26.82, 0|4, 38, N/A, 27.56, 0|5, 39, N/A, 26.84, 0|6, 36, N/A, 28.03, 0|
14:20:31 0, 60, N/A, 43.31, 0|1, 66, N/A, 196.53, 100|2, 59, N/A, 51.41, 0|3, 37, N/A, 26.82, 0|4, 38, N/A, 27.56, 0|5, 39, N/A, 27.09, 0|6, 36, N/A, 28.03, 0|
14:20:33 0, 65, N/A, 152.46, 100|1, 61, N/A, 49.68, 0|2, 63, N/A, 178.98, 100|3, 37, N/A, 26.82, 0|4, 38, N/A, 27.56, 0|5, 39, N/A, 27.07, 0|6, 36, N/A, 28.03, 0|
14:20:35 0, 61, N/A, 43.80, 0|1, 64, N/A, 186.09, 100|2, 59, N/A, 52.39, 0|3, 37, N/A, 26.82, 0|4, 38, N/A, 27.58, 0|5, 39, N/A, 26.84, 0|6, 36, N/A, 27.79, 0|
14:20:37 0, 61, N/A, 144.14, 44|1, 64, N/A, 52.66, 37|2, 60, N/A, 164.40, 38|3, 37, N/A, 26.82, 0|4, 38, N/A, 27.56, 0|5, 39, N/A, 26.84, 0|6, 36, N/A, 28.03, 0|
14:20:39 0, 64, N/A, 179.71, 100|1, 60, N/A, 49.18, 0|2, 63, N/A, 201.78, 100|3, 37, N/A, 27.05, 0|4, 38, N/A, 27.54, 0|5, 39, N/A, 26.84, 0|6, 36, N/A, 27.79, 0|
14:20:42 0, 60, N/A, 43.31, 0|1, 65, N/A, 195.06, 100|2, 59, N/A, 51.65, 0|3, 37, N/A, 26.82, 0|4, 38, N/A, 27.32, 0|5, 40, N/A, 26.84, 0|6, 36, N/A, 28.03, 0|
14:20:44 0, 63, N/A, 179.97, 100|1, 62, N/A, 50.41, 0|2, 62, N/A, 204.26, 100|3, 37, N/A, 26.82, 0|4, 38, N/A, 27.56, 0|5, 39, N/A, 26.84, 0|6, 36, N/A, 27.79, 0|
14:20:46 0, 63, N/A, 45.53, 68|1, 62, N/A, 154.92, 100|2, 61, N/A, 53.62, 0|3, 37, N/A, 26.82, 0|4, 38, N/A, 27.32, 0|5, 40, N/A, 26.84, 0|6, 36, N/A, 28.03, 0|
14:20:48 0, 60, N/A, 43.31, 0|1, 66, N/A, 198.24, 100|2, 59, N/A, 51.41, 0|3, 37, N/A, 26.82, 0|4, 38, N/A, 27.56, 0|5, 39, N/A, 26.84, 0|6, 36, N/A, 27.79, 0|
14:20:50 0, 65, N/A, 182.91, 100|1, 61, N/A, 49.68, 0|2, 63, N/A, 198.86, 100|3, 37, N/A, 26.82, 0|4, 38, N/A, 27.31, 0|5, 39, N/A, 27.08, 0|6, 36, N/A, 28.03, 0|
14:20:52 0, 61, N/A, 43.80, 0|1, 64, N/A, 191.97, 100|2, 59, N/A, 52.14, 0|3, 37, N/A, 26.82, 0|4, 38, N/A, 27.32, 0|5, 39, N/A, 26.84, 0|6, 36, N/A, 28.03, 0|
14:20:54 0, 60, N/A, 57.80, 0|1, 65, N/A, 54.60, 100|2, 59, N/A, 156.58, 23|3, 37, N/A, 26.82, 0|4, 38, N/A, 27.32, 0|5, 40, N/A, 26.84, 0|6, 36, N/A, 27.79, 0|
14:20:56 0, 64, N/A, 150.91, 100|1, 60, N/A, 49.43, 0|2, 63, N/A, 172.38, 100|3, 37, N/A, 26.81, 0|4, 38, N/A, 27.56, 0|5, 39, N/A, 27.08, 0|6, 36, N/A, 28.03, 0|
14:20:58 0, 60, N/A, 43.31, 0|1, 65, N/A, 168.79, 100|2, 59, N/A, 51.65, 0|3, 37, N/A, 26.82, 0|4, 38, N/A, 27.32, 0|5, 40, N/A, 26.84, 0|6, 36, N/A, 27.79, 0|
14:21:00 0, 63, N/A, 172.86, 100|1, 62, N/A, 50.66, 0|2, 62, N/A, 194.08, 100|3, 37, N/A, 26.81, 0|4, 38, N/A, 27.54, 0|5, 40, N/A, 27.07, 0|6, 36, N/A, 28.02, 0|
14:21:02 0, 63, N/A, 46.02, 100|1, 61, N/A, 185.13, 0|2, 61, N/A, 54.11, 40|3, 37, N/A, 26.82, 0|4, 38, N/A, 27.56, 0|5, 39, N/A, 26.84, 0|6, 36, N/A, 27.79, 0|
14:21:04 0, 59, N/A, 43.06, 0|1, 65, N/A, 198.11, 100|2, 58, N/A, 51.16, 0|3, 37, N/A, 26.82, 0|4, 37, N/A, 27.56, 0|5, 39, N/A, 26.84, 0|6, 36, N/A, 27.79, 0|
14:21:07 0, 63, N/A, 180.69, 100|1, 60, N/A, 49.43, 0|2, 62, N/A, 205.45, 100|3, 37, N/A, 26.81, 0|4, 38, N/A, 27.31, 0|5, 39, N/A, 27.07, 0|6, 36, N/A, 28.03, 0|
14:21:09 0, 60, N/A, 43.56, 0|1, 63, N/A, 197.75, 100|2, 59, N/A, 51.65, 0|3, 37, N/A, 26.82, 0|4, 38, N/A, 27.32, 0|5, 39, N/A, 26.84, 0|6, 36, N/A, 27.79, 0|
14:21:11 0, 58, N/A, 42.82, 0|1, 64, N/A, 199.22, 100|2, 57, N/A, 43.04, 0|3, 37, N/A, 26.82, 0|4, 38, N/A, 27.32, 0|5, 39, N/A, 26.84, 0|6, 36, N/A, 27.79, 0|
14:21:13 0, 63, N/A, 181.92, 100|1, 59, N/A, 48.45, 0|2, 62, N/A, 197.16, 100|3, 37, N/A, 26.81, 0|4, 37, N/A, 27.31, 0|5, 39, N/A, 26.82, 0|6, 36, N/A, 27.79, 0|
14:21:15 0, 59, N/A, 43.06, 0|1, 63, N/A, 193.21, 100|2, 57, N/A, 50.18, 0|3, 37, N/A, 26.82, 0|4, 38, N/A, 27.32, 0|5, 39, N/A, 26.84, 0|6, 36, N/A, 28.03, 0|
14:21:17 0, 61, N/A, 177.52, 100|1, 61, N/A, 49.92, 7|2, 60, N/A, 191.86, 100|3, 37, N/A, 26.82, 0|4, 38, N/A, 27.32, 0|5, 39, N/A, 26.84, 0|6, 36, N/A, 27.79, 0|
14:21:19 0, 64, N/A, 161.07, 100|1, 58, N/A, 47.99, 0|2, 61, N/A, 64.69, 100|3, 37, N/A, 26.82, 0|4, 38, N/A, 27.32, 0|5, 39, N/A, 26.84, 0|6, 36, N/A, 27.79, 0|
14:21:21 0, 59, N/A, 42.82, 0|1, 63, N/A, 157.62, 100|2, 57, N/A, 49.96, 0|3, 37, N/A, 26.82, 0|4, 37, N/A, 27.33, 0|5, 39, N/A, 26.84, 0|6, 36, N/A, 27.79, 0|
14:21:23 0, 62, N/A, 166.10, 100|1, 60, N/A, 49.18, 0|2, 60, N/A, 198.47, 100|3, 37, N/A, 26.82, 0|4, 37, N/A, 27.32, 0|5, 39, N/A, 26.84, 0|6, 36, N/A, 27.79, 0|
14:21:25 0, 60, N/A, 44.05, 0|1, 61, N/A, 178.26, 100|2, 59, N/A, 51.65, 0|3, 37, N/A, 26.82, 0|4, 37, N/A, 27.32, 0|5, 39, N/A, 26.84, 0|6, 36, N/A, 28.03, 0|
14:21:27 0, 58, N/A, 42.57, 0|1, 64, N/A, 166.59, 100|2, 57, N/A, 49.93, 0|3, 37, N/A, 26.82, 0|4, 37, N/A, 27.32, 0|5, 39, N/A, 26.84, 0|6, 36, N/A, 27.79, 0|
14:21:29 0, 63, N/A, 141.68, 100|1, 59, N/A, 48.70, 0|2, 61, N/A, 152.63, 100|3, 37, N/A, 26.82, 0|4, 37, N/A, 27.32, 0|5, 39, N/A, 26.84, 0|6, 36, N/A, 27.79, 0|
14:21:31 0, 59, N/A, 43.06, 0|1, 62, N/A, 164.48, 100|2, 58, N/A, 51.16, 0|3, 37, N/A, 26.82, 0|4, 38, N/A, 27.32, 0|5, 39, N/A, 26.84, 0|6, 36, N/A, 27.79, 0|
14:21:34 0, 59, N/A, 141.51, 5|1, 63, N/A, 51.92, 85|2, 58, N/A, 152.97, 0|3, 37, N/A, 26.82, 0|4, 38, N/A, 27.32, 0|5, 39, N/A, 26.84, 0|6, 36, N/A, 28.03, 0|
14:21:36 0, 63, N/A, 190.38, 100|1, 59, N/A, 48.45, 0|2, 62, N/A, 198.86, 100|3, 37, N/A, 26.82, 0|4, 37, N/A, 27.31, 0|5, 39, N/A, 27.08, 0|6, 36, N/A, 27.79, 0|
14:21:38 0, 59, N/A, 43.06, 0|1, 63, N/A, 167.81, 100|2, 58, N/A, 50.91, 0|3, 37, N/A, 26.82, 0|4, 38, N/A, 27.32, 0|5, 39, N/A, 26.84, 0|6, 36, N/A, 27.79, 0|
14:21:40 0, 62, N/A, 143.88, 100|1, 61, N/A, 49.68, 0|2, 60, N/A, 163.41, 100|3, 37, N/A, 26.82, 0|4, 37, N/A, 27.32, 0|5, 39, N/A, 26.84, 0|6, 36, N/A, 28.03, 0|
14:21:42 0, 63, N/A, 56.32, 100|1, 59, N/A, 174.20, 0|2, 60, N/A, 53.62, 37|3, 37, N/A, 26.82, 0|4, 38, N/A, 27.32, 0|5, 39, N/A, 26.84, 0|6, 36, N/A, 28.03, 0|
14:21:44 0, 59, N/A, 42.82, 0|1, 64, N/A, 156.88, 100|2, 57, N/A, 50.91, 0|3, 37, N/A, 26.82, 0|4, 38, N/A, 27.32, 0|5, 39, N/A, 26.84, 0|6, 36, N/A, 27.79, 0|
14:21:46 0, 62, N/A, 151.72, 100|1, 60, N/A, 49.18, 0|2, 61, N/A, 193.83, 100|3, 37, N/A, 26.82, 0|4, 38, N/A, 27.31, 0|5, 39, N/A, 26.84, 0|6, 36, N/A, 27.79, 0|
14:21:48 0, 60, N/A, 43.80, 0|1, 62, N/A, 155.66, 100|2, 59, N/A, 51.90, 7|3, 37, N/A, 26.82, 0|4, 38, N/A, 27.32, 0|5, 39, N/A, 26.84, 0|6, 36, N/A, 28.03, 0|
14:21:50 0, 59, N/A, 42.82, 0|1, 64, N/A, 188.80, 100|2, 57, N/A, 50.67, 0|3, 37, N/A, 26.82, 0|4, 38, N/A, 27.56, 0|5, 39, N/A, 26.84, 0|6, 36, N/A, 27.79, 0|
14:21:52 0, 63, N/A, 178.65, 100|1, 60, N/A, 48.69, 0|2, 62, N/A, 201.78, 100|3, 37, N/A, 26.81, 0|4, 38, N/A, 27.30, 0|5, 39, N/A, 26.82, 0|6, 36, N/A, 27.79, 0|
14:21:54 0, 60, N/A, 43.31, 0|1, 63, N/A, 176.05, 100|2, 58, N/A, 51.41, 0|3, 37, N/A, 26.82, 0|4, 38, N/A, 27.32, 0|5, 39, N/A, 27.09, 0|6, 36, N/A, 28.03, 0|
14:21:56 0, 60, N/A, 158.76, 55|1, 63, N/A, 52.14, 36|2, 58, N/A, 143.73, 40|3, 37, N/A, 26.82, 0|4, 38, N/A, 27.32, 0|5, 39, N/A, 26.84, 0|6, 36, N/A, 27.79, 0|
14:21:59 0, 63, N/A, 181.18, 100|1, 59, N/A, 48.45, 0|2, 62, N/A, 195.06, 100|3, 37, N/A, 26.82, 0|4, 37, N/A, 27.32, 0|5, 39, N/A, 27.08, 0|6, 36, N/A, 28.03, 0|
14:22:01 0, 59, N/A, 43.06, 0|1, 64, N/A, 168.82, 100|2, 58, N/A, 50.43, 0|3, 37, N/A, 26.82, 0|4, 38, N/A, 27.33, 0|5, 39, N/A, 26.85, 0|6, 36, N/A, 27.79, 0|
14:22:03 0, 59, N/A, 42.08, 0|1, 62, N/A, 50.17, 0|2, 60, N/A, 184.41, 100|3, 37, N/A, 26.82, 0|4, 38, N/A, 27.32, 0|5, 39, N/A, 26.84, 0|6, 36, N/A, 27.79, 0|
14:22:05 0, 58, N/A, 41.86, 6|1, 59, N/A, 48.49, 0|2, 61, N/A, 55.87, 100|3, 37, N/A, 26.84, 0|4, 37, N/A, 27.33, 0|5, 39, N/A, 26.86, 0|6, 36, N/A, 27.81, 0|
14:22:07 0, 63, N/A, 173.23, 100|1, 59, N/A, 48.23, 0|2, 58, N/A, 51.43, 0|3, 37, N/A, 26.82, 0|4, 38, N/A, 27.32, 0|5, 39, N/A, 26.84, 0|6, 36, N/A, 28.03, 0|
14:22:09 0, 59, N/A, 42.82, 0|1, 63, N/A, 155.66, 100|2, 57, N/A, 51.16, 0|3, 37, N/A, 26.82, 0|4, 38, N/A, 27.33, 0|5, 39, N/A, 26.59, 0|6, 36, N/A, 27.79, 0|
14:22:11 0, 58, N/A, 42.57, 0|1, 61, N/A, 49.95, 0|2, 60, N/A, 161.73, 100|3, 37, N/A, 26.82, 0|4, 38, N/A, 27.33, 0|5, 39, N/A, 26.59, 0|6, 36, N/A, 27.79, 0|
14:22:13 0, 58, N/A, 42.08, 1|1, 59, N/A, 48.24, 0|2, 62, N/A, 74.24, 100|3, 37, N/A, 26.84, 0|4, 38, N/A, 27.33, 0|5, 39, N/A, 26.86, 0|6, 36, N/A, 27.81, 0|
14:22:15 0, 59, N/A, 43.83, 37|1, 60, N/A, 54.39, 31|2, 60, N/A, 194.96, 40|3, 37, N/A, 26.84, 0|4, 38, N/A, 27.33, 0|5, 39, N/A, 26.85, 0|6, 36, N/A, 28.05, 0|
14:22:17 0, 59, N/A, 47.28, 28|1, 60, N/A, 183.76, 40|2, 59, N/A, 74.25, 31|3, 37, N/A, 26.84, 0|4, 38, N/A, 27.35, 0|5, 39, N/A, 26.86, 0|6, 36, N/A, 28.07, 0|
14:22:19 0, 59, N/A, 136.78, 28|1, 60, N/A, 103.68, 39|2, 59, N/A, 55.38, 31|3, 37, N/A, 26.84, 0|4, 38, N/A, 27.35, 0|5, 39, N/A, 27.10, 0|6, 36, N/A, 28.05, 0|
14:22:21 0, 59, N/A, 62.26, 28|1, 60, N/A, 50.73, 31|2, 59, N/A, 124.33, 33|3, 37, N/A, 26.84, 0|4, 38, N/A, 27.35, 0|5, 39, N/A, 26.86, 0|6, 36, N/A, 28.05, 0|
14:22:24 0, 59, N/A, 44.57, 37|1, 60, N/A, 89.24, 31|2, 58, N/A, 166.00, 40|3, 37, N/A, 26.86, 0|4, 38, N/A, 27.35, 0|5, 39, N/A, 26.87, 0|6, 36, N/A, 28.07, 0|
14:22:26 0, 59, N/A, 73.58, 28|1, 60, N/A, 161.90, 36|2, 59, N/A, 53.90, 31|3, 37, N/A, 26.84, 0|4, 38, N/A, 27.35, 0|5, 39, N/A, 26.87, 0|6, 36, N/A, 28.07, 0|
14:22:28 0, 58, N/A, 152.82, 28|1, 59, N/A, 49.50, 40|2, 59, N/A, 67.69, 31|3, 37, N/A, 26.84, 0|4, 38, N/A, 27.33, 0|5, 39, N/A, 26.86, 0|6, 36, N/A, 28.06, 0|
14:22:30 0, 58, N/A, 43.83, 28|1, 60, N/A, 61.04, 31|2, 59, N/A, 190.41, 31|3, 37, N/A, 26.84, 0|4, 38, N/A, 27.35, 0|5, 39, N/A, 26.87, 0|6, 36, N/A, 27.83, 0|
14:22:32 0, 59, N/A, 51.22, 37|1, 59, N/A, 180.94, 31|2, 59, N/A, 53.41, 41|3, 37, N/A, 26.84, 0|4, 38, N/A, 27.35, 0|5, 39, N/A, 26.86, 0|6, 36, N/A, 28.07, 0|
14:22:34 0, 59, N/A, 166.97, 28|1, 59, N/A, 49.01, 40|2, 59, N/A, 57.87, 31|3, 37, N/A, 26.84, 0|4, 38, N/A, 27.33, 0|5, 39, N/A, 26.86, 0|6, 36, N/A, 28.05, 0|
14:22:36 0, 58, N/A, 43.58, 28|1, 60, N/A, 52.17, 34|2, 59, N/A, 200.10, 31|3, 37, N/A, 26.84, 0|4, 38, N/A, 27.33, 0|5, 39, N/A, 26.86, 0|6, 36, N/A, 28.05, 0|
14:22:38 0, 58, N/A, 45.80, 31|1, 60, N/A, 154.31, 31|2, 58, N/A, 109.84, 31|3, 37, N/A, 26.84, 0|4, 38, N/A, 27.35, 0|5, 39, N/A, 26.87, 0|6, 36, N/A, 28.07, 0|
14:22:40 0, 59, N/A, 103.51, 33|1, 59, N/A, 137.20, 31|2, 59, N/A, 54.15, 40|3, 37, N/A, 26.84, 0|4, 38, N/A, 27.33, 0|5, 39, N/A, 26.86, 0|6, 36, N/A, 28.05, 0|
14:22:42 0, 58, N/A, 130.16, 28|1, 59, N/A, 49.50, 40|2, 59, N/A, 80.93, 32|3, 37, N/A, 26.84, 0|4, 38, N/A, 27.60, 0|5, 39, N/A, 26.86, 0|6, 36, N/A, 28.05, 0|
14:22:44 0, 58, N/A, 43.86, 28|1, 59, N/A, 65.97, 35|2, 58, N/A, 186.09, 31|3, 37, N/A, 26.86, 0|4, 38, N/A, 27.35, 0|5, 39, N/A, 26.86, 0|6, 36, N/A, 27.83, 0|
14:22:46 0, 59, N/A, 52.45, 31|1, 59, N/A, 178.25, 31|2, 58, N/A, 53.44, 31|3, 37, N/A, 26.86, 0|4, 38, N/A, 27.35, 0|5, 39, N/A, 26.87, 0|6, 36, N/A, 28.07, 0|
14:22:49 0, 58, N/A, 162.39, 37|1, 59, N/A, 48.76, 31|2, 59, N/A, 59.10, 40|3, 37, N/A, 26.84, 0|4, 38, N/A, 27.35, 0|5, 39, N/A, 26.86, 0|6, 36, N/A, 28.05, 0|
14:22:51 0, 58, N/A, 43.37, 28|1, 59, N/A, 55.41, 37|2, 59, N/A, 195.56, 38|3, 37, N/A, 26.86, 0|4, 38, N/A, 27.35, 0|5, 39, N/A, 27.12, 0|6, 36, N/A, 28.07, 0|
14:22:53 0, 58, N/A, 48.51, 28|1, 59, N/A, 182.54, 41|2, 58, N/A, 53.17, 31|3, 37, N/A, 26.86, 0|4, 38, N/A, 27.60, 0|5, 39, N/A, 26.86, 0|6, 36, N/A, 28.07, 0|
14:22:55 0, 58, N/A, 166.31, 28|1, 58, N/A, 48.51, 31|2, 58, N/A, 57.38, 31|3, 37, N/A, 26.84, 0|4, 38, N/A, 27.35, 0|5, 39, N/A, 26.86, 0|6, 36, N/A, 27.83, 0|
14:22:57 0, 58, N/A, 43.34, 37|1, 59, N/A, 53.19, 31|2, 59, N/A, 195.05, 40|3, 37, N/A, 26.84, 0|4, 38, N/A, 27.35, 0|5, 39, N/A, 26.86, 0|6, 36, N/A, 28.05, 0|
14:22:59 0, 58, N/A, 47.52, 28|1, 59, N/A, 183.38, 38|2, 58, N/A, 52.92, 39|3, 37, N/A, 26.84, 0|4, 38, N/A, 27.35, 0|5, 39, N/A, 26.86, 0|6, 36, N/A, 27.81, 0|
14:23:01 0, 58, N/A, 167.69, 28|1, 58, N/A, 70.64, 40|2, 58, N/A, 55.41, 31|3, 37, N/A, 26.84, 0|4, 38, N/A, 27.35, 0|5, 39, N/A, 26.87, 0|6, 36, N/A, 28.07, 0|
14:23:03 0, 58, N/A, 43.36, 28|1, 58, N/A, 51.22, 31|2, 59, N/A, 179.72, 31|3, 37, N/A, 26.86, 0|4, 38, N/A, 27.60, 0|5, 39, N/A, 26.87, 0|6, 36, N/A, 27.83, 0|
14:23:05 0, 58, N/A, 45.55, 37|1, 59, N/A, 166.79, 31|2, 58, N/A, 101.73, 31|3, 37, N/A, 26.84, 0|4, 38, N/A, 27.35, 0|5, 39, N/A, 26.87, 0|6, 36, N/A, 27.81, 0|
14:23:07 0, 58, N/A, 139.42, 37|1, 58, N/A, 100.79, 31|2, 58, N/A, 54.92, 40|3, 37, N/A, 26.84, 0|4, 38, N/A, 27.35, 0|5, 39, N/A, 26.86, 0|6, 36, N/A, 28.07, 0|
14:23:09 0, 57, N/A, 55.40, 28|1, 58, N/A, 49.74, 40|2, 59, N/A, 111.80, 33|3, 37, N/A, 26.84, 0|4, 38, N/A, 27.60, 0|5, 39, N/A, 26.86, 0|6, 36, N/A, 27.81, 0|
14:23:11 0, 58, N/A, 44.08, 28|1, 59, N/A, 97.11, 33|2, 58, N/A, 157.02, 31|3, 37, N/A, 26.84, 0|4, 38, N/A, 27.60, 0|5, 39, N/A, 26.87, 0|6, 36, N/A, 28.07, 0|
14:23:14 0, 58, N/A, 74.58, 30|1, 58, N/A, 159.69, 31|2, 58, N/A, 53.44, 31|3, 37, N/A, 26.86, 0|4, 38, N/A, 27.35, 0|5, 39, N/A, 26.88, 0|6, 36, N/A, 27.83, 0|
14:23:16 0, 57, N/A, 134.24, 37|1, 58, N/A, 48.76, 31|2, 58, N/A, 73.84, 40|3, 37, N/A, 26.84, 0|4, 38, N/A, 27.35, 0|5, 39, N/A, 26.86, 0|6, 36, N/A, 27.81, 0|
14:23:18 0, 57, N/A, 43.58, 28|1, 58, N/A, 61.03, 40|2, 58, N/A, 187.85, 36|3, 37, N/A, 26.84, 0|4, 38, N/A, 27.33, 0|5, 39, N/A, 26.86, 0|6, 36, N/A, 27.81, 0|
14:23:20 0, 58, N/A, 52.45, 28|1, 58, N/A, 175.79, 40|2, 58, N/A, 52.92, 31|3, 37, N/A, 26.86, 0|4, 38, N/A, 27.35, 0|5, 39, N/A, 26.87, 0|6, 36, N/A, 27.83, 0|
14:23:22 0, 58, N/A, 163.12, 33|1, 58, N/A, 48.27, 31|2, 58, N/A, 59.32, 31|3, 37, N/A, 26.84, 0|4, 38, N/A, 27.58, 0|5, 39, N/A, 26.86, 0|6, 36, N/A, 28.05, 0|
14:23:24 0, 57, N/A, 43.36, 37|1, 58, N/A, 53.44, 31|2, 59, N/A, 195.56, 40|3, 37, N/A, 26.84, 0|4, 38, N/A, 27.60, 0|5, 39, N/A, 27.12, 0|6, 36, N/A, 27.81, 0|
14:23:26 0, 57, N/A, 47.03, 28|1, 58, N/A, 183.37, 39|2, 58, N/A, 84.37, 40|3, 37, N/A, 26.84, 0|4, 38, N/A, 27.35, 0|5, 39, N/A, 27.12, 0|6, 36, N/A, 27.83, 0|
14:23:28 0, 57, N/A, 169.04, 28|1, 57, N/A, 48.29, 40|2, 58, N/A, 56.15, 31|3, 37, N/A, 26.86, 0|4, 38, N/A, 27.35, 0|5, 39, N/A, 26.88, 0|6, 36, N/A, 28.07, 0|
14:23:30 0, 57, N/A, 43.09, 28|1, 58, N/A, 51.44, 31|2, 59, N/A, 200.83, 32|3, 37, N/A, 26.84, 0|4, 38, N/A, 27.35, 0|5, 39, N/A, 26.86, 0|6, 36, N/A, 27.81, 0|
14:23:32 0, 58, N/A, 47.04, 34|1, 58, N/A, 182.79, 31|2, 58, N/A, 52.67, 31|3, 37, N/A, 26.84, 0|4, 38, N/A, 27.60, 0|5, 39, N/A, 26.87, 0|6, 36, N/A, 28.07, 0|
14:23:34 0, 57, N/A, 167.79, 37|1, 57, N/A, 53.16, 31|2, 58, N/A, 55.65, 40|3, 37, N/A, 26.84, 0|4, 38, N/A, 27.35, 0|5, 39, N/A, 27.10, 0|6, 36, N/A, 27.83, 0|
14:23:36 0, 57, N/A, 43.09, 28|1, 58, N/A, 50.97, 40|2, 58, N/A, 168.29, 40|3, 37, N/A, 26.84, 0|4, 38, N/A, 27.35, 0|5, 39, N/A, 26.86, 0|6, 36, N/A, 28.05, 0|
14:23:39 0, 57, N/A, 46.55, 28|1, 58, N/A, 182.90, 40|2, 58, N/A, 59.07, 31|3, 37, N/A, 26.84, 0|4, 38, N/A, 27.35, 0|5, 39, N/A, 26.87, 0|6, 36, N/A, 28.07, 0|
14:23:41 0, 57, N/A, 165.09, 28|1, 57, N/A, 48.02, 32|2, 58, N/A, 56.89, 31|3, 37, N/A, 26.84, 0|4, 38, N/A, 27.58, 0|5, 39, N/A, 26.86, 0|6, 36, N/A, 28.05, 0|
14:23:43 0, 57, N/A, 42.85, 37|1, 58, N/A, 52.95, 31|2, 58, N/A, 194.56, 31|3, 37, N/A, 26.86, 0|4, 38, N/A, 27.60, 0|5, 39, N/A, 26.87, 0|6, 36, N/A, 28.07, 0|
14:23:45 0, 57, N/A, 48.51, 31|1, 58, N/A, 178.49, 31|2, 58, N/A, 52.92, 40|3, 37, N/A, 26.84, 0|4, 38, N/A, 27.60, 0|5, 39, N/A, 27.10, 0|6, 36, N/A, 28.05, 0|
14:23:47 0, 57, N/A, 163.37, 28|1, 57, N/A, 48.02, 40|2, 58, N/A, 58.33, 34|3, 37, N/A, 26.84, 0|4, 38, N/A, 27.33, 0|5, 39, N/A, 26.86, 0|6, 36, N/A, 28.05, 0|
14:23:49 0, 57, N/A, 43.09, 28|1, 58, N/A, 55.37, 36|2, 58, N/A, 193.98, 31|3, 37, N/A, 26.84, 0|4, 38, N/A, 27.35, 0|5, 39, N/A, 27.10, 0|6, 36, N/A, 28.05, 0|
14:23:51 0, 57, N/A, 51.71, 28|1, 58, N/A, 177.15, 32|2, 57, N/A, 52.92, 31|3, 37, N/A, 26.84, 0|4, 38, N/A, 27.59, 0|5, 39, N/A, 26.86, 0|6, 36, N/A, 28.07, 0|
14:23:53 0, 56, N/A, 157.97, 37|1, 57, N/A, 47.77, 32|2, 58, N/A, 59.60, 31|3, 37, N/A, 26.84, 0|4, 38, N/A, 27.33, 0|5, 39, N/A, 26.86, 0|6, 36, N/A, 28.05, 0|
14:23:55 0, 57, N/A, 43.09, 32|1, 57, N/A, 53.93, 31|2, 58, N/A, 195.20, 40|3, 37, N/A, 26.84, 0|4, 38, N/A, 27.35, 0|5, 39, N/A, 26.86, 0|6, 36, N/A, 28.05, 0|
14:23:57 0, 57, N/A, 48.02, 28|1, 58, N/A, 179.20, 40|2, 58, N/A, 52.67, 35|3, 37, N/A, 26.84, 0|4, 38, N/A, 27.35, 0|5, 39, N/A, 26.61, 0|6, 36, N/A, 28.05, 0|
14:23:59 0, 57, N/A, 164.52, 28|1, 57, N/A, 47.77, 35|2, 58, N/A, 57.63, 31|3, 37, N/A, 26.84, 0|4, 38, N/A, 27.60, 0|5, 39, N/A, 26.86, 0|6, 36, N/A, 28.07, 0|
14:24:01 0, 57, N/A, 42.87, 28|1, 57, N/A, 52.70, 31|2, 58, N/A, 193.09, 32|3, 37, N/A, 26.86, 0|4, 38, N/A, 27.35, 0|5, 39, N/A, 26.87, 0|6, 36, N/A, 28.05, 0|
14:24:03 0, 57, N/A, 49.74, 37|1, 57, N/A, 178.63, 31|2, 58, N/A, 52.67, 33|3, 37, N/A, 26.84, 0|4, 38, N/A, 27.35, 0|5, 39, N/A, 27.10, 0|6, 36, N/A, 27.83, 0|
14:24:06 0, 57, N/A, 162.65, 28|1, 57, N/A, 47.77, 35|2, 58, N/A, 59.60, 40|3, 37, N/A, 26.84, 0|4, 38, N/A, 27.35, 0|5, 39, N/A, 26.87, 0|6, 36, N/A, 28.07, 0|
14:24:08 0, 57, N/A, 43.09, 28|1, 57, N/A, 59.06, 40|2, 58, N/A, 188.94, 35|3, 37, N/A, 26.86, 0|4, 38, N/A, 27.35, 0|5, 39, N/A, 26.87, 0|6, 36, N/A, 27.83, 0|
14:24:10 0, 57, N/A, 60.09, 28|1, 57, N/A, 170.97, 34|2, 58, N/A, 52.95, 31|3, 37, N/A, 26.86, 0|4, 38, N/A, 27.35, 0|5, 39, N/A, 26.88, 0|6, 36, N/A, 27.83, 0|
14:24:12 0, 57, N/A, 138.68, 31|1, 57, N/A, 48.26, 31|2, 58, N/A, 75.76, 32|3, 37, N/A, 26.84, 0|4, 38, N/A, 27.59, 0|5, 39, N/A, 27.10, 0|6, 36, N/A, 27.81, 0|
14:24:14 0, 57, N/A, 43.58, 37|1, 57, N/A, 83.39, 32|2, 57, N/A, 168.68, 34|3, 37, N/A, 26.84, 0|4, 38, N/A, 27.58, 0|5, 39, N/A, 26.86, 0|6, 36, N/A, 27.83, 0|
14:24:16 0, 57, N/A, 94.21, 36|1, 57, N/A, 140.64, 34|2, 58, N/A, 53.44, 40|3, 37, N/A, 26.84, 0|4, 38, N/A, 27.60, 0|5, 39, N/A, 26.87, 0|6, 36, N/A, 28.07, 0|
14:24:18 0, 56, N/A, 42.87, 28|1, 57, N/A, 49.25, 40|2, 58, N/A, 128.94, 36|3, 37, N/A, 26.84, 0|4, 38, N/A, 27.35, 0|5, 39, N/A, 26.87, 0|6, 36, N/A, 28.05, 0|
14:24:20 0, 57, N/A, 44.33, 28|1, 57, N/A, 116.47, 40|2, 58, N/A, 140.16, 32|3, 37, N/A, 26.86, 0|4, 38, N/A, 27.35, 0|5, 39, N/A, 27.12, 0|6, 36, N/A, 28.07, 0|
14:24:22 0, 57, N/A, 121.39, 28|1, 56, N/A, 129.59, 31|2, 58, N/A, 53.66, 31|3, 37, N/A, 26.84, 0|4, 38, N/A, 27.33, 0|5, 39, N/A, 26.86, 0|6, 36, N/A, 28.05, 0|
14:24:24 0, 56, N/A, 75.02, 37|1, 57, N/A, 48.51, 31|2, 58, N/A, 103.51, 31|3, 37, N/A, 26.84, 0|4, 38, N/A, 27.35, 0|5, 39, N/A, 26.86, 0|6, 36, N/A, 28.05, 0|
14:24:26 0, 57, N/A, 44.08, 28|1, 57, N/A, 105.40, 33|2, 57, N/A, 149.90, 40|3, 37, N/A, 26.86, 0|4, 38, N/A, 27.35, 0|5, 39, N/A, 26.86, 0|6, 36, N/A, 28.07, 0|
14:24:28 0, 57, N/A, 145.05, 28|1, 57, N/A, 94.65, 40|2, 58, N/A, 54.42, 40|3, 37, N/A, 26.84, 0|4, 38, N/A, 27.35, 0|5, 39, N/A, 26.86, 0|6, 36, N/A, 28.05, 0|
14:24:31 0, 56, N/A, 42.60, 28|1, 57, N/A, 50.45, 36|2, 58, N/A, 195.95, 31|3, 37, N/A, 26.59, 0|4, 38, N/A, 27.33, 0|5, 39, N/A, 26.86, 0|6, 36, N/A, 28.05, 0|
14:24:33 0, 57, N/A, 46.05, 28|1, 57, N/A, 182.64, 32|2, 57, N/A, 65.92, 31|3, 37, N/A, 26.86, 0|4, 38, N/A, 27.35, 0|5, 39, N/A, 26.87, 0|6, 36, N/A, 28.07, 0|
14:24:35 0, 57, N/A, 165.25, 36|1, 56, N/A, 47.53, 32|2, 58, N/A, 56.15, 31|3, 37, N/A, 26.84, 0|4, 38, N/A, 27.60, 0|5, 39, N/A, 26.86, 0|6, 36, N/A, 28.07, 0|
14:24:37 0, 56, N/A, 42.85, 36|1, 57, N/A, 52.67, 32|2, 58, N/A, 193.98, 40|3, 37, N/A, 26.84, 0|4, 38, N/A, 27.35, 0|5, 39, N/A, 26.86, 0|6, 36, N/A, 28.05, 0|
14:24:39 0, 57, N/A, 51.22, 28|1, 57, N/A, 176.17, 40|2, 57, N/A, 52.67, 40|3, 37, N/A, 26.84, 0|4, 38, N/A, 27.59, 0|5, 39, N/A, 26.86, 0|6, 36, N/A, 28.05, 0|
14:24:41 0, 56, N/A, 155.03, 28|1, 56, N/A, 47.77, 40|2, 58, N/A, 61.53, 31|3, 37, N/A, 26.84, 0|4, 38, N/A, 27.33, 0|5, 39, N/A, 26.86, 0|6, 36, N/A, 28.05, 0|
14:24:43 0, 56, N/A, 42.87, 28|1, 57, N/A, 60.29, 31|2, 57, N/A, 188.68, 31|3, 37, N/A, 26.86, 0|4, 38, N/A, 27.35, 0|5, 39, N/A, 27.12, 0|6, 36, N/A, 28.07, 0|
14:24:45 0, 57, N/A, 59.84, 35|1, 56, N/A, 170.40, 31|2, 57, N/A, 52.95, 31|3, 37, N/A, 26.84, 0|4, 38, N/A, 27.35, 0|5, 39, N/A, 26.87, 0|6, 36, N/A, 28.07, 0|
14:24:47 0, 55, N/A, 41.86, 0|1, 55, N/A, 39.18, 0|2, 56, N/A, 50.73, 0|3, 37, N/A, 26.84, 0|4, 38, N/A, 27.35, 0|5, 39, N/A, 26.86, 0|6, 36, N/A, 28.07, 0|
14:24:49 0, 54, N/A, 40.63, 55|1, 54, N/A, 39.65, 0|2, 55, N/A, 41.86, 0|3, 37, N/A, 26.84, 0|4, 38, N/A, 27.33, 0|5, 39, N/A, 26.86, 0|6, 36, N/A, 28.06, 0|
14:24:51 0, 55, N/A, 78.18, 17|1, 54, N/A, 147.90, 19|2, 55, N/A, 53.65, 27|3, 37, N/A, 26.84, 0|4, 38, N/A, 27.58, 0|5, 39, N/A, 26.86, 0|6, 36, N/A, 28.05, 0|
14:24:53 0, 56, N/A, 43.09, 0|1, 56, N/A, 181.80, 100|2, 55, N/A, 50.20, 0|3, 37, N/A, 26.84, 0|4, 38, N/A, 27.58, 0|5, 39, N/A, 26.86, 0|6, 36, N/A, 27.81, 0|
14:24:56 0, 54, N/A, 41.62, 0|1, 54, N/A, 46.05, 0|2, 58, N/A, 198.27, 100|3, 37, N/A, 26.84, 0|4, 38, N/A, 27.35, 0|5, 39, N/A, 26.86, 0|6, 36, N/A, 27.81, 0|
14:24:58 0, 56, N/A, 57.87, 31|1, 56, N/A, 143.34, 32|2, 57, N/A, 113.70, 38|3, 37, N/A, 26.86, 0|4, 38, N/A, 27.60, 0|5, 39, N/A, 26.87, 0|6, 36, N/A, 27.83, 0|
14:25:00 0, 56, N/A, 47.28, 30|1, 56, N/A, 77.24, 33|2, 57, N/A, 176.28, 37|3, 38, N/A, 26.84, 0|4, 38, N/A, 27.35, 0|5, 40, N/A, 27.12, 0|6, 36, N/A, 27.83, 0|
14:25:02 0, 58, N/A, 177.25, 100|1, 55, N/A, 46.32, 0|2, 56, N/A, 50.98, 0|3, 38, N/A, 26.84, 0|4, 38, N/A, 27.35, 0|5, 39, N/A, 26.86, 0|6, 36, N/A, 28.07, 0|
14:25:04 0, 58, N/A, 151.60, 97|1, 57, N/A, 47.77, 0|2, 58, N/A, 168.59, 100|3, 38, N/A, 27.08, 0|4, 38, N/A, 27.33, 0|5, 40, N/A, 26.85, 0|6, 36, N/A, 28.05, 0|
14:25:06 0, 56, N/A, 42.13, 0|1, 59, N/A, 190.63, 100|2, 56, N/A, 49.26, 0|3, 38, N/A, 26.84, 0|4, 38, N/A, 27.60, 0|5, 40, N/A, 26.87, 0|6, 36, N/A, 28.07, 0|
14:25:08 0, 56, N/A, 42.35, 0|1, 58, N/A, 48.97, 75|2, 59, N/A, 210.53, 70|3, 38, N/A, 27.09, 0|4, 38, N/A, 27.59, 0|5, 40, N/A, 27.10, 0|6, 36, N/A, 28.05, 0|
14:25:10 0, 59, N/A, 45.07, 100|1, 57, N/A, 163.29, 0|2, 57, N/A, 50.24, 0|3, 38, N/A, 27.10, 0|4, 38, N/A, 27.60, 0|5, 40, N/A, 27.12, 0|6, 36, N/A, 28.07, 0|
14:25:12 0, 56, N/A, 42.36, 0|1, 57, N/A, 47.03, 0|2, 60, N/A, 178.14, 100|3, 38, N/A, 26.84, 0|4, 38, N/A, 27.59, 0|5, 40, N/A, 27.10, 0|6, 37, N/A, 28.05, 0|
14:25:14 0, 57, N/A, 86.54, 30|1, 57, N/A, 53.44, 32|2, 59, N/A, 106.64, 37|3, 38, N/A, 27.09, 0|4, 38, N/A, 27.58, 0|5, 40, N/A, 27.10, 0|6, 36, N/A, 28.05, 0|
14:25:16 0, 58, N/A, 109.59, 30|1, 58, N/A, 51.72, 32|2, 60, N/A, 89.54, 37|3, 38, N/A, 27.09, 0|4, 38, N/A, 27.58, 0|5, 40, N/A, 27.10, 0|6, 37, N/A, 28.07, 0|
14:25:18 0, 60, N/A, 169.01, 100|1, 57, N/A, 47.06, 0|2, 58, N/A, 52.21, 0|3, 38, N/A, 27.09, 0|4, 38, N/A, 27.60, 0|5, 40, N/A, 27.10, 0|6, 37, N/A, 28.06, 0|
14:25:21 0, 57, N/A, 42.60, 0|1, 60, N/A, 78.22, 100|2, 57, N/A, 144.82, 0|3, 38, N/A, 27.09, 0|4, 38, N/A, 27.60, 0|5, 40, N/A, 27.10, 0|6, 37, N/A, 28.05, 0|
14:25:23 0, 58, N/A, 43.09, 0|1, 60, N/A, 186.21, 100|2, 58, N/A, 52.17, 0|3, 38, N/A, 27.09, 0|4, 38, N/A, 27.59, 0|5, 40, N/A, 27.10, 0|6, 37, N/A, 28.07, 0|
14:25:25 0, 59, N/A, 44.08, 0|1, 59, N/A, 176.41, 100|2, 59, N/A, 53.41, 0|3, 38, N/A, 27.09, 0|4, 38, N/A, 27.59, 0|5, 40, N/A, 27.10, 0|6, 37, N/A, 28.07, 0|
14:25:27 0, 61, N/A, 143.73, 100|1, 58, N/A, 47.74, 0|2, 62, N/A, 212.21, 100|3, 38, N/A, 27.08, 0|4, 38, N/A, 27.58, 0|5, 40, N/A, 27.10, 0|6, 37, N/A, 28.30, 0|
14:25:29 0, 61, N/A, 180.34, 100|1, 59, N/A, 48.26, 0|2, 62, N/A, 177.65, 100|3, 38, N/A, 26.84, 0|4, 38, N/A, 27.58, 0|5, 40, N/A, 27.10, 0|6, 37, N/A, 28.05, 0|
14:25:31 0, 60, N/A, 147.17, 23|1, 60, N/A, 49.96, 69|2, 60, N/A, 171.77, 75|3, 38, N/A, 27.08, 0|4, 38, N/A, 27.58, 0|5, 40, N/A, 27.10, 0|6, 37, N/A, 28.30, 0|
14:25:33 0, 59, N/A, 43.36, 0|1, 61, N/A, 191.01, 100|2, 59, N/A, 53.17, 0|3, 38, N/A, 27.09, 0|4, 38, N/A, 27.59, 0|5, 40, N/A, 27.10, 0|6, 37, N/A, 28.05, 0|
14:25:35 0, 60, N/A, 44.08, 0|1, 60, N/A, 195.18, 100|2, 60, N/A, 53.65, 0|3, 38, N/A, 27.09, 0|4, 38, N/A, 27.60, 0|5, 40, N/A, 27.10, 0|6, 37, N/A, 28.07, 0|
14:25:37 0, 62, N/A, 176.99, 100|1, 58, N/A, 48.02, 0|2, 63, N/A, 124.76, 100|3, 38, N/A, 27.09, 0|4, 39, N/A, 27.58, 0|5, 40, N/A, 27.10, 0|6, 37, N/A, 28.05, 0|
14:25:39 0, 62, N/A, 178.71, 100|1, 59, N/A, 48.48, 0|2, 62, N/A, 161.33, 100|3, 38, N/A, 27.08, 0|4, 38, N/A, 27.58, 0|5, 40, N/A, 27.10, 0|6, 37, N/A, 28.05, 0|
14:25:41 0, 60, N/A, 156.50, 0|1, 60, N/A, 50.20, 100|2, 60, N/A, 183.76, 31|3, 38, N/A, 27.08, 0|4, 38, N/A, 27.58, 0|5, 40, N/A, 27.10, 0|6, 37, N/A, 28.05, 0|
14:25:43 0, 59, N/A, 43.58, 0|1, 61, N/A, 167.92, 100|2, 59, N/A, 53.17, 0|3, 38, N/A, 27.09, 0|4, 38, N/A, 27.59, 0|5, 40, N/A, 27.10, 0|6, 37, N/A, 28.07, 0|
14:25:46 0, 60, N/A, 44.57, 0|1, 60, N/A, 150.85, 100|2, 60, N/A, 53.90, 0|3, 38, N/A, 27.09, 0|4, 38, N/A, 27.58, 0|5, 40, N/A, 27.10, 0|6, 37, N/A, 28.05, 0|
14:25:48 0, 62, N/A, 156.26, 100|1, 58, N/A, 48.02, 0|2, 62, N/A, 187.44, 100|3, 38, N/A, 27.08, 0|4, 38, N/A, 27.58, 0|5, 40, N/A, 27.10, 0|6, 37, N/A, 28.05, 0|
14:25:50 0, 61, N/A, 183.18, 100|1, 59, N/A, 48.97, 0|2, 62, N/A, 167.43, 100|3, 38, N/A, 27.08, 0|4, 38, N/A, 27.58, 0|5, 40, N/A, 27.10, 0|6, 37, N/A, 28.05, 0|
14:25:52 0, 59, N/A, 43.34, 0|1, 62, N/A, 149.39, 100|2, 59, N/A, 52.92, 0|3, 38, N/A, 27.09, 0|4, 38, N/A, 27.60, 0|5, 40, N/A, 27.10, 0|6, 37, N/A, 28.05, 0|
14:25:54 0, 60, N/A, 44.08, 0|1, 61, N/A, 155.74, 100|2, 59, N/A, 53.41, 0|3, 38, N/A, 27.09, 0|4, 38, N/A, 27.58, 0|5, 40, N/A, 27.10, 0|6, 37, N/A, 28.05, 0|
14:25:56 0, 60, N/A, 43.31, 0|1, 61, N/A, 201.76, 100|2, 61, N/A, 55.59, 67|3, 38, N/A, 27.08, 0|4, 38, N/A, 27.58, 0|5, 40, N/A, 27.10, 0|6, 37, N/A, 28.05, 0|
14:25:58 0, 61, N/A, 177.02, 100|1, 58, N/A, 47.03, 0|2, 60, N/A, 53.69, 0|3, 38, N/A, 27.09, 0|4, 38, N/A, 27.58, 0|5, 40, N/A, 27.10, 0|6, 37, N/A, 28.05, 0|
14:26:00 0, 59, N/A, 42.85, 0|1, 62, N/A, 195.28, 100|2, 58, N/A, 43.34, 0|3, 38, N/A, 27.09, 0|4, 38, N/A, 27.58, 0|5, 40, N/A, 26.86, 0|6, 37, N/A, 28.05, 0|
14:26:02 0, 58, N/A, 63.74, 34|1, 59, N/A, 54.92, 27|2, 61, N/A, 115.98, 38|3, 38, N/A, 27.10, 0|4, 38, N/A, 27.60, 0|5, 40, N/A, 27.10, 0|6, 37, N/A, 28.06, 0|
14:26:04 0, 59, N/A, 46.54, 28|1, 59, N/A, 118.43, 33|2, 60, N/A, 143.84, 38|3, 38, N/A, 27.09, 0|4, 38, N/A, 27.60, 0|5, 40, N/A, 27.12, 0|6, 37, N/A, 28.07, 0|
14:26:06 0, 58, N/A, 43.10, 33|1, 58, N/A, 87.57, 27|2, 60, N/A, 155.30, 38|3, 38, N/A, 27.10, 0|4, 38, N/A, 27.60, 0|5, 40, N/A, 27.12, 0|6, 37, N/A, 28.07, 0|
14:26:08 0, 57, N/A, 41.40, 0|1, 57, N/A, 45.56, 0|2, 58, N/A, 52.21, 0|3, 38, N/A, 27.10, 0|4, 38, N/A, 27.60, 0|5, 40, N/A, 27.11, 0|6, 37, N/A, 28.07, 0|
