14:26:11 0, 57, N/A, 41.38, 0|1, 56, N/A, 45.31, 0|2, 57, N/A, 49.74, 0|3, 38, N/A, 27.09, 0|4, 38, N/A, 27.58, 0|5, 40, N/A, 27.10, 0|6, 36, N/A, 28.05, 0|
14:26:13 0, 56, N/A, 41.12, 0|1, 56, N/A, 45.55, 0|2, 57, N/A, 49.22, 0|3, 38, N/A, 31.99, 0|4, 38, N/A, 27.58, 0|5, 40, N/A, 27.10, 0|6, 37, N/A, 28.05, 0|
14:26:15 0, 56, N/A, 41.12, 0|1, 55, N/A, 46.05, 71|2, 56, N/A, 48.98, 0|3, 38, N/A, 31.99, 0|4, 38, N/A, 27.58, 0|5, 40, N/A, 27.10, 0|6, 37, N/A, 28.05, 0|
14:26:17 0, 55, N/A, 40.88, 0|1, 55, N/A, 45.07, 0|2, 56, N/A, 49.50, 67|3, 38, N/A, 31.76, 0|4, 38, N/A, 27.58, 0|5, 40, N/A, 27.10, 0|6, 37, N/A, 28.05, 0|
14:26:19 0, 55, N/A, 40.88, 0|1, 54, N/A, 45.07, 0|2, 56, N/A, 48.76, 0|3, 38, N/A, 36.20, 65|4, 38, N/A, 27.60, 0|5, 40, N/A, 26.86, 0|6, 37, N/A, 28.06, 0|
14:26:21 0, 55, N/A, 41.89, 0|1, 54, N/A, 45.80, 0|2, 55, N/A, 49.51, 0|3, 38, N/A, 36.94, 0|4, 38, N/A, 27.60, 0|5, 40, N/A, 27.12, 0|6, 37, N/A, 28.07, 0|
14:26:23 0, 56, N/A, 52.21, 23|1, 55, N/A, 80.19, 22|2, 57, N/A, 166.74, 25|3, 40, N/A, 56.82, 29|4, 38, N/A, 27.60, 0|5, 40, N/A, 26.86, 0|6, 37, N/A, 28.05, 0|
14:26:25 0, 57, N/A, 57.37, 23|1, 56, N/A, 94.95, 22|2, 57, N/A, 150.88, 24|3, 40, N/A, 33.74, 31|4, 38, N/A, 27.60, 0|5, 40, N/A, 27.12, 0|6, 37, N/A, 28.07, 0|
14:26:27 0, 56, N/A, 127.53, 23|1, 56, N/A, 100.06, 22|2, 57, N/A, 53.69, 23|3, 41, N/A, 39.89, 31|4, 38, N/A, 27.60, 0|5, 40, N/A, 27.12, 0|6, 37, N/A, 28.07, 0|
14:26:29 0, 57, N/A, 43.34, 23|1, 56, N/A, 49.53, 21|2, 58, N/A, 63.05, 24|3, 41, N/A, 79.40, 31|4, 38, N/A, 27.60, 0|5, 40, N/A, 27.10, 0|6, 37, N/A, 28.06, 0|
14:26:31 0, 57, N/A, 47.28, 23|1, 56, N/A, 62.77, 22|2, 58, N/A, 116.66, 24|3, 41, N/A, 92.57, 30|4, 38, N/A, 27.60, 0|5, 40, N/A, 27.11, 0|6, 37, N/A, 28.07, 0|
14:26:33 0, 57, N/A, 75.02, 22|1, 56, N/A, 132.86, 22|2, 57, N/A, 108.36, 24|3, 41, N/A, 35.21, 31|4, 38, N/A, 27.60, 0|5, 40, N/A, 27.10, 0|6, 37, N/A, 28.07, 0|
14:26:36 0, 57, N/A, 127.21, 23|1, 56, N/A, 48.02, 22|2, 58, N/A, 56.15, 23|3, 41, N/A, 45.78, 31|4, 38, N/A, 27.60, 0|5, 40, N/A, 27.12, 0|6, 37, N/A, 28.07, 0|
14:26:38 0, 57, N/A, 44.85, 23|1, 56, N/A, 53.69, 22|2, 58, N/A, 73.35, 24|3, 41, N/A, 123.20, 31|4, 38, N/A, 27.60, 0|5, 40, N/A, 27.12, 0|6, 37, N/A, 28.07, 0|
14:26:40 0, 58, N/A, 55.16, 23|1, 56, N/A, 89.04, 21|2, 58, N/A, 165.74, 24|3, 42, N/A, 54.60, 31|4, 38, N/A, 27.60, 0|5, 40, N/A, 27.12, 0|6, 37, N/A, 28.07, 0|
14:26:42 0, 58, N/A, 100.07, 22|1, 56, N/A, 127.70, 22|2, 58, N/A, 53.69, 24|3, 42, N/A, 37.43, 30|4, 38, N/A, 27.60, 0|5, 40, N/A, 27.12, 0|6, 37, N/A, 28.32, 0|
14:26:44 0, 57, N/A, 44.08, 23|1, 57, N/A, 50.73, 22|2, 59, N/A, 66.46, 24|3, 42, N/A, 93.36, 31|4, 39, N/A, 27.60, 0|5, 40, N/A, 27.10, 0|6, 37, N/A, 28.05, 0|
14:26:46 0, 58, N/A, 55.66, 23|1, 56, N/A, 91.02, 20|2, 58, N/A, 118.45, 25|3, 42, N/A, 34.23, 31|4, 39, N/A, 27.60, 0|5, 40, N/A, 27.12, 0|6, 37, N/A, 28.07, 0|
14:26:48 0, 57, N/A, 57.62, 25|1, 57, N/A, 138.02, 22|2, 58, N/A, 85.12, 25|3, 43, N/A, 34.72, 31|4, 39, N/A, 27.60, 0|5, 40, N/A, 27.12, 0|6, 37, N/A, 28.07, 0|
14:26:50 0, 57, N/A, 119.41, 25|1, 57, N/A, 78.47, 22|2, 57, N/A, 44.85, 26|3, 43, N/A, 41.35, 31|4, 39, N/A, 27.60, 0|5, 40, N/A, 27.12, 0|6, 37, N/A, 28.07, 0|
14:26:52 0, 57, N/A, 39.92, 22|1, 57, N/A, 51.47, 24|2, 58, N/A, 83.39, 26|3, 43, N/A, 98.71, 28|4, 39, N/A, 27.60, 0|5, 40, N/A, 27.11, 0|6, 37, N/A, 28.07, 0|
14:26:54 0, 57, N/A, 102.51, 25|1, 56, N/A, 41.64, 24|2, 58, N/A, 45.83, 26|3, 43, N/A, 47.74, 31|4, 39, N/A, 27.60, 0|5, 40, N/A, 27.10, 0|6, 37, N/A, 28.32, 0|
14:26:56 0, 57, N/A, 46.32, 25|1, 56, N/A, 77.78, 24|2, 57, N/A, 118.63, 26|3, 44, N/A, 34.23, 31|4, 39, N/A, 27.60, 0|5, 40, N/A, 27.12, 0|6, 37, N/A, 28.07, 0|
14:26:58 0, 57, N/A, 37.45, 25|1, 56, N/A, 42.87, 23|2, 57, N/A, 50.98, 26|3, 44, N/A, 69.11, 31|4, 39, N/A, 27.60, 0|5, 40, N/A, 27.12, 0|6, 37, N/A, 28.32, 0|
14:27:01 0, 57, N/A, 61.78, 25|1, 56, N/A, 124.25, 24|2, 57, N/A, 59.07, 26|3, 44, N/A, 35.95, 24|4, 39, N/A, 27.60, 0|5, 40, N/A, 27.12, 0|6, 37, N/A, 28.32, 0|
14:27:03 0, 57, N/A, 38.69, 25|1, 56, N/A, 48.76, 19|2, 58, N/A, 76.75, 26|3, 44, N/A, 105.77, 31|4, 39, N/A, 27.60, 0|5, 40, N/A, 27.10, 0|6, 37, N/A, 28.30, 0|
14:27:05 0, 57, N/A, 96.13, 25|1, 56, N/A, 41.64, 24|2, 57, N/A, 44.82, 26|3, 44, N/A, 43.07, 29|4, 39, N/A, 27.60, 0|5, 40, N/A, 27.10, 0|6, 37, N/A, 28.32, 0|
14:27:07 0, 57, N/A, 48.02, 25|1, 56, N/A, 82.16, 20|2, 57, N/A, 113.04, 26|3, 44, N/A, 34.72, 27|4, 39, N/A, 27.60, 0|5, 41, N/A, 27.12, 0|6, 37, N/A, 28.32, 0|
14:27:09 0, 57, N/A, 37.95, 25|1, 56, N/A, 44.35, 24|2, 57, N/A, 57.13, 19|3, 45, N/A, 103.86, 31|4, 39, N/A, 27.60, 0|5, 41, N/A, 27.12, 0|6, 37, N/A, 28.32, 0|
14:27:11 0, 57, N/A, 90.96, 18|1, 56, N/A, 96.38, 24|2, 57, N/A, 44.08, 26|3, 45, N/A, 37.68, 24|4, 39, N/A, 27.60, 0|5, 40, N/A, 27.12, 0|6, 37, N/A, 28.07, 0|
14:27:13 0, 57, N/A, 40.66, 25|1, 57, N/A, 54.92, 24|2, 58, N/A, 104.50, 23|3, 45, N/A, 82.30, 31|4, 39, N/A, 27.60, 0|5, 41, N/A, 27.10, 0|6, 37, N/A, 28.30, 0|
14:27:15 0, 57, N/A, 53.93, 22|1, 56, N/A, 42.13, 24|2, 57, N/A, 49.25, 26|3, 45, N/A, 66.86, 29|4, 39, N/A, 27.60, 0|5, 41, N/A, 27.11, 0|6, 37, N/A, 28.32, 0|
14:27:17 0, 57, N/A, 69.90, 25|1, 56, N/A, 118.36, 24|2, 57, N/A, 43.83, 26|3, 45, N/A, 36.94, 31|4, 39, N/A, 27.60, 0|5, 41, N/A, 27.11, 0|6, 37, N/A, 28.32, 0|
14:27:19 0, 57, N/A, 39.65, 25|1, 56, N/A, 51.72, 24|2, 57, N/A, 89.05, 26|3, 45, N/A, 97.23, 31|4, 39, N/A, 27.58, 0|5, 41, N/A, 27.10, 0|6, 37, N/A, 28.30, 0|
14:27:21 0, 57, N/A, 96.87, 25|1, 56, N/A, 41.64, 21|2, 57, N/A, 46.05, 26|3, 46, N/A, 51.44, 31|4, 39, N/A, 27.60, 0|5, 41, N/A, 27.12, 0|6, 37, N/A, 28.32, 0|
14:27:23 0, 57, N/A, 49.74, 25|1, 56, N/A, 91.51, 24|2, 57, N/A, 104.99, 26|3, 46, N/A, 35.22, 31|4, 39, N/A, 27.60, 0|5, 41, N/A, 27.12, 0|6, 37, N/A, 28.32, 0|
14:27:26 0, 57, N/A, 38.19, 22|1, 56, N/A, 46.08, 17|2, 57, N/A, 64.98, 26|3, 46, N/A, 116.32, 31|4, 39, N/A, 27.60, 0|5, 41, N/A, 27.11, 0|6, 38, N/A, 28.32, 0|
14:27:28 0, 57, N/A, 96.37, 25|1, 56, N/A, 41.64, 24|2, 57, N/A, 45.80, 22|3, 46, N/A, 50.20, 30|4, 39, N/A, 27.60, 0|5, 41, N/A, 27.10, 0|6, 38, N/A, 28.30, 0|
14:27:30 0, 57, N/A, 55.90, 19|1, 56, N/A, 116.22, 24|2, 57, N/A, 77.45, 26|3, 46, N/A, 35.95, 28|4, 39, N/A, 27.60, 0|5, 41, N/A, 27.10, 0|6, 38, N/A, 28.30, 0|
14:27:32 0, 57, N/A, 38.66, 25|1, 56, N/A, 47.77, 22|2, 57, N/A, 72.61, 21|3, 46, N/A, 109.51, 31|4, 39, N/A, 27.60, 0|5, 41, N/A, 27.10, 0|6, 38, N/A, 28.30, 0|
14:27:34 0, 57, N/A, 91.21, 21|1, 56, N/A, 41.64, 24|2, 57, N/A, 46.54, 26|3, 47, N/A, 52.42, 24|4, 39, N/A, 27.58, 0|5, 41, N/A, 27.10, 0|6, 38, N/A, 28.30, 0|
14:27:36 0, 57, N/A, 59.35, 25|1, 56, N/A, 127.28, 20|2, 57, N/A, 65.47, 26|3, 47, N/A, 36.20, 31|4, 39, N/A, 27.60, 0|5, 41, N/A, 27.12, 0|6, 38, N/A, 28.32, 0|
14:27:38 0, 57, N/A, 39.67, 25|1, 56, N/A, 51.22, 24|2, 57, N/A, 88.31, 22|3, 47, N/A, 95.51, 28|4, 39, N/A, 27.60, 0|5, 41, N/A, 27.11, 0|6, 38, N/A, 28.32, 0|
14:27:40 0, 57, N/A, 81.92, 25|1, 56, N/A, 41.89, 19|2, 57, N/A, 47.06, 26|3, 47, N/A, 56.82, 31|4, 39, N/A, 27.60, 0|5, 41, N/A, 27.11, 0|6, 38, N/A, 28.32, 0|
14:27:42 0, 57, N/A, 59.84, 25|1, 56, N/A, 127.71, 24|2, 57, N/A, 60.30, 26|3, 47, N/A, 36.69, 31|4, 39, N/A, 27.60, 0|5, 41, N/A, 27.12, 0|6, 38, N/A, 28.32, 0|
14:27:44 0, 57, N/A, 39.40, 20|1, 56, N/A, 50.48, 18|2, 57, N/A, 83.64, 26|3, 47, N/A, 99.69, 30|4, 39, N/A, 27.60, 0|5, 41, N/A, 27.10, 0|6, 38, N/A, 28.30, 0|
14:27:46 0, 57, N/A, 88.26, 25|1, 56, N/A, 41.64, 24|2, 57, N/A, 46.82, 19|3, 48, N/A, 53.90, 31|4, 39, N/A, 27.60, 0|5, 41, N/A, 27.12, 0|6, 38, N/A, 28.32, 0|
14:27:48 0, 57, N/A, 54.42, 19|1, 56, N/A, 109.41, 24|2, 57, N/A, 86.80, 26|3, 48, N/A, 36.20, 24|4, 39, N/A, 27.84, 0|5, 41, N/A, 27.10, 0|6, 38, N/A, 28.32, 0|
14:27:50 0, 59, N/A, 177.03, 100|1, 55, N/A, 39.92, 0|2, 56, N/A, 42.38, 0|3, 46, N/A, 33.98, 0|4, 39, N/A, 27.60, 0|5, 41, N/A, 27.12, 0|6, 38, N/A, 28.32, 0|
14:27:53 0, 57, N/A, 41.89, 0|1, 56, N/A, 46.30, 0|2, 59, N/A, 189.68, 100|3, 46, N/A, 33.74, 0|4, 39, N/A, 27.60, 0|5, 41, N/A, 27.37, 0|6, 38, N/A, 28.32, 0|
14:27:55 0, 61, N/A, 85.85, 100|1, 58, N/A, 123.26, 72|2, 57, N/A, 163.78, 0|3, 47, N/A, 38.88, 0|4, 39, N/A, 27.83, 0|5, 41, N/A, 27.35, 0|6, 38, N/A, 28.30, 0|
14:27:57 0, 61, N/A, 142.53, 100|1, 57, N/A, 46.82, 0|2, 59, N/A, 52.95, 5|3, 50, N/A, 143.31, 100|4, 39, N/A, 27.83, 0|5, 41, N/A, 27.10, 0|6, 38, N/A, 28.30, 0|
14:27:59 0, 59, N/A, 42.84, 0|1, 60, N/A, 176.41, 100|2, 61, N/A, 166.87, 100|3, 48, N/A, 39.13, 0|4, 40, N/A, 27.83, 0|5, 41, N/A, 27.10, 0|6, 38, N/A, 28.30, 0|
14:28:01 0, 62, N/A, 173.10, 100|1, 60, N/A, 163.85, 100|2, 59, N/A, 51.46, 0|3, 50, N/A, 40.61, 23|4, 39, N/A, 27.83, 0|5, 41, N/A, 27.10, 0|6, 38, N/A, 28.30, 0|
14:28:03 0, 60, N/A, 142.27, 0|1, 59, N/A, 48.26, 0|2, 62, N/A, 177.15, 100|3, 51, N/A, 170.31, 100|4, 40, N/A, 27.58, 0|5, 41, N/A, 27.33, 0|6, 38, N/A, 28.30, 0|
14:28:05 0, 61, N/A, 44.57, 45|1, 61, N/A, 178.62, 56|2, 61, N/A, 173.73, 100|3, 49, N/A, 39.62, 0|4, 40, N/A, 27.83, 0|5, 41, N/A, 27.35, 0|6, 38, N/A, 28.30, 0|
14:28:07 0, 62, N/A, 145.48, 100|1, 58, N/A, 48.05, 0|2, 61, N/A, 53.69, 0|3, 52, N/A, 137.02, 100|4, 39, N/A, 27.58, 0|5, 41, N/A, 27.10, 0|6, 38, N/A, 28.30, 0|
14:28:09 0, 60, N/A, 43.58, 0|1, 62, N/A, 175.42, 100|2, 63, N/A, 166.11, 100|3, 49, N/A, 39.37, 0|4, 40, N/A, 27.83, 0|5, 41, N/A, 27.35, 0|6, 38, N/A, 28.30, 0|
14:28:11 0, 64, N/A, 179.93, 100|1, 61, N/A, 157.47, 100|2, 60, N/A, 52.67, 0|3, 52, N/A, 41.10, 47|4, 40, N/A, 27.83, 0|5, 41, N/A, 27.10, 0|6, 38, N/A, 28.30, 0|
14:28:13 0, 61, N/A, 151.57, 18|1, 60, N/A, 48.76, 0|2, 64, N/A, 163.75, 100|3, 53, N/A, 179.62, 100|4, 40, N/A, 27.82, 0|5, 41, N/A, 27.35, 0|6, 38, N/A, 28.30, 0|
14:28:15 0, 63, N/A, 46.79, 100|1, 62, N/A, 156.24, 92|2, 61, N/A, 190.29, 54|3, 51, N/A, 40.11, 0|4, 39, N/A, 27.84, 0|5, 41, N/A, 27.10, 0|6, 38, N/A, 28.30, 0|
14:28:18 0, 63, N/A, 159.84, 100|1, 59, N/A, 48.51, 0|2, 63, N/A, 55.40, 100|3, 53, N/A, 143.07, 8|4, 39, N/A, 27.83, 0|5, 41, N/A, 27.10, 0|6, 38, N/A, 28.30, 0|
14:28:20 0, 61, N/A, 43.83, 0|1, 62, N/A, 184.73, 100|2, 63, N/A, 163.26, 100|3, 51, N/A, 40.11, 0|4, 40, N/A, 27.58, 0|5, 41, N/A, 27.10, 0|6, 38, N/A, 28.30, 0|
14:28:22 0, 64, N/A, 189.54, 86|1, 60, N/A, 162.51, 100|2, 61, N/A, 53.65, 0|3, 54, N/A, 136.93, 100|4, 39, N/A, 27.56, 0|5, 41, N/A, 27.33, 0|6, 38, N/A, 28.28, 0|
14:28:24 0, 60, N/A, 43.58, 0|1, 61, N/A, 50.48, 47|2, 64, N/A, 169.66, 99|3, 53, N/A, 140.94, 100|4, 39, N/A, 27.83, 0|5, 41, N/A, 27.10, 0|6, 38, N/A, 28.30, 0|
14:28:26 0, 64, N/A, 166.97, 100|1, 62, N/A, 158.45, 100|2, 60, N/A, 52.92, 0|3, 52, N/A, 40.85, 0|4, 39, N/A, 27.58, 0|5, 41, N/A, 27.10, 0|6, 38, N/A, 28.30, 0|
14:28:28 0, 62, N/A, 152.58, 100|1, 60, N/A, 49.22, 0|2, 64, N/A, 170.37, 100|3, 54, N/A, 174.86, 100|4, 39, N/A, 27.56, 0|5, 41, N/A, 27.09, 0|6, 38, N/A, 28.28, 0|
14:28:30 0, 63, N/A, 45.55, 100|1, 62, N/A, 151.83, 44|2, 62, N/A, 160.09, 99|3, 52, N/A, 40.61, 0|4, 39, N/A, 27.84, 0|5, 41, N/A, 27.10, 0|6, 38, N/A, 28.32, 0|
14:28:32 0, 64, N/A, 164.11, 100|1, 59, N/A, 48.51, 0|2, 63, N/A, 56.14, 100|3, 54, N/A, 173.74, 1|4, 39, N/A, 27.58, 0|5, 41, N/A, 27.10, 0|6, 38, N/A, 28.30, 0|
14:28:34 0, 61, N/A, 44.32, 0|1, 63, N/A, 156.15, 100|2, 64, N/A, 166.87, 100|3, 52, N/A, 40.85, 0|4, 39, N/A, 27.58, 0|5, 41, N/A, 27.10, 0|6, 38, N/A, 28.30, 0|
14:28:36 0, 63, N/A, 97.04, 81|1, 60, N/A, 171.58, 20|2, 62, N/A, 54.15, 0|3, 55, N/A, 175.10, 100|4, 39, N/A, 27.58, 0|5, 41, N/A, 27.09, 0|6, 38, N/A, 28.30, 0|
14:28:38 0, 61, N/A, 43.83, 0|1, 63, N/A, 166.85, 100|2, 63, N/A, 62.72, 100|3, 52, N/A, 179.85, 0|4, 39, N/A, 27.58, 0|5, 41, N/A, 27.10, 0|6, 38, N/A, 28.30, 0|
14:28:40 0, 64, N/A, 181.54, 100|1, 62, N/A, 154.50, 100|2, 61, N/A, 53.65, 0|3, 55, N/A, 45.74, 100|4, 39, N/A, 27.58, 0|5, 41, N/A, 27.10, 0|6, 38, N/A, 28.30, 0|
14:28:43 0, 61, N/A, 43.81, 0|1, 61, N/A, 49.96, 0|2, 64, N/A, 197.52, 100|3, 54, N/A, 150.07, 100|4, 39, N/A, 27.58, 0|5, 41, N/A, 27.09, 0|6, 37, N/A, 28.28, 0|
14:28:45 0, 61, N/A, 44.05, 0|1, 63, N/A, 184.62, 100|2, 61, N/A, 52.14, 0|3, 53, N/A, 41.81, 0|4, 39, N/A, 27.56, 0|5, 41, N/A, 27.09, 0|6, 38, N/A, 28.28, 0|
14:28:47 0, 60, N/A, 107.56, 0|1, 59, N/A, 48.26, 0|2, 61, N/A, 53.41, 4|3, 54, N/A, 42.57, 56|4, 39, N/A, 27.58, 0|5, 41, N/A, 27.10, 0|6, 37, N/A, 28.30, 0|
14:28:49 0, 60, N/A, 43.56, 0|1, 62, N/A, 151.50, 100|2, 60, N/A, 44.29, 0|3, 52, N/A, 40.83, 0|4, 39, N/A, 27.56, 0|5, 41, N/A, 27.09, 0|6, 37, N/A, 28.28, 0|
14:28:51 0, 59, N/A, 43.06, 0|1, 58, N/A, 47.74, 0|2, 60, N/A, 52.38, 0|3, 55, N/A, 169.09, 100|4, 39, N/A, 27.56, 0|5, 41, N/A, 27.09, 0|6, 37, N/A, 28.28, 0|
14:28:53 0, 60, N/A, 138.26, 19|1, 59, N/A, 49.19, 24|2, 61, N/A, 57.80, 26|3, 54, N/A, 57.48, 31|4, 39, N/A, 27.56, 0|5, 40, N/A, 27.08, 0|6, 37, N/A, 28.28, 0|
14:28:55 0, 60, N/A, 74.24, 25|1, 59, N/A, 158.51, 24|2, 60, N/A, 80.58, 21|3, 53, N/A, 44.51, 24|4, 39, N/A, 27.56, 0|5, 41, N/A, 27.09, 0|6, 37, N/A, 28.28, 0|
14:28:57 0, 60, N/A, 50.20, 23|1, 59, N/A, 68.12, 24|2, 61, N/A, 144.47, 26|3, 53, N/A, 104.47, 28|4, 39, N/A, 27.56, 0|5, 41, N/A, 27.09, 0|6, 37, N/A, 28.28, 0|
14:28:59 0, 60, N/A, 45.04, 25|1, 58, N/A, 52.17, 24|2, 61, N/A, 71.83, 26|3, 53, N/A, 138.24, 31|4, 39, N/A, 27.58, 0|5, 41, N/A, 27.09, 0|6, 37, N/A, 28.28, 0|
14:29:01 0, 59, N/A, 126.87, 25|1, 58, N/A, 48.97, 24|2, 60, N/A, 57.06, 19|3, 54, N/A, 58.26, 28|4, 39, N/A, 27.56, 0|5, 41, N/A, 27.09, 0|6, 37, N/A, 28.28, 0|
14:29:03 0, 59, N/A, 83.52, 24|1, 58, N/A, 150.50, 24|2, 60, N/A, 54.60, 26|3, 53, N/A, 44.49, 31|4, 39, N/A, 27.56, 0|5, 40, N/A, 27.08, 0|6, 37, N/A, 28.28, 0|
14:29:05 0, 59, N/A, 49.68, 25|1, 58, N/A, 72.03, 21|2, 60, N/A, 164.65, 26|3, 53, N/A, 87.10, 31|4, 39, N/A, 27.56, 0|5, 40, N/A, 27.08, 0|6, 37, N/A, 28.28, 0|
14:29:08 0, 59, N/A, 108.47, 25|1, 58, N/A, 47.49, 24|2, 60, N/A, 57.55, 23|3, 53, N/A, 63.13, 24|4, 39, N/A, 27.56, 0|5, 41, N/A, 27.09, 0|6, 37, N/A, 28.28, 0|
14:29:10 0, 59, N/A, 89.93, 23|1, 57, N/A, 144.23, 24|2, 59, N/A, 54.39, 26|3, 54, N/A, 45.50, 30|4, 39, N/A, 27.58, 0|5, 40, N/A, 27.09, 0|6, 37, N/A, 28.28, 0|
14:29:12 0, 59, N/A, 51.93, 20|1, 57, N/A, 80.68, 17|2, 59, N/A, 172.28, 26|3, 53, N/A, 53.37, 31|4, 39, N/A, 27.58, 0|5, 41, N/A, 27.10, 0|6, 37, N/A, 28.30, 0|
14:29:14 0, 59, N/A, 45.56, 25|1, 57, N/A, 54.67, 24|2, 59, N/A, 85.36, 19|3, 53, N/A, 149.19, 30|4, 39, N/A, 27.60, 0|5, 40, N/A, 27.10, 0|6, 37, N/A, 28.30, 0|
14:29:16 0, 58, N/A, 81.13, 25|1, 57, N/A, 49.01, 24|2, 59, N/A, 60.34, 26|3, 54, N/A, 79.85, 29|4, 39, N/A, 27.58, 0|5, 40, N/A, 27.10, 0|6, 37, N/A, 28.30, 0|
14:29:18 0, 59, N/A, 120.40, 21|1, 57, N/A, 131.14, 17|2, 59, N/A, 54.42, 26|3, 54, N/A, 46.76, 31|4, 39, N/A, 27.60, 0|5, 40, N/A, 27.10, 0|6, 37, N/A, 28.32, 0|
14:29:20 0, 59, N/A, 59.81, 25|1, 57, N/A, 110.08, 25|2, 59, N/A, 141.62, 19|3, 53, N/A, 43.31, 31|4, 38, N/A, 27.59, 0|5, 40, N/A, 27.12, 0|6, 37, N/A, 28.05, 0|
14:29:22 0, 58, N/A, 48.26, 25|1, 57, N/A, 65.71, 25|2, 59, N/A, 138.19, 23|3, 53, N/A, 106.81, 23|4, 38, N/A, 27.58, 0|5, 40, N/A, 27.10, 0|6, 37, N/A, 28.05, 0|
14:29:24 0, 58, N/A, 44.57, 18|1, 57, N/A, 52.69, 23|2, 59, N/A, 73.30, 26|3, 54, N/A, 155.82, 31|4, 39, N/A, 27.58, 0|5, 40, N/A, 27.10, 0|6, 37, N/A, 28.05, 0|
14:29:26 0, 58, N/A, 90.71, 25|1, 56, N/A, 48.51, 17|2, 58, N/A, 59.10, 23|3, 54, N/A, 74.97, 31|4, 39, N/A, 27.60, 0|5, 40, N/A, 27.10, 0|6, 37, N/A, 28.05, 0|
14:29:28 0, 58, N/A, 148.75, 25|1, 56, N/A, 99.82, 25|2, 58, N/A, 54.42, 22|3, 54, N/A, 50.20, 25|4, 39, N/A, 27.60, 0|5, 40, N/A, 27.12, 0|6, 37, N/A, 28.07, 0|
14:29:30 0, 58, N/A, 72.60, 25|1, 56, N/A, 153.65, 24|2, 58, N/A, 92.94, 26|3, 54, N/A, 44.05, 31|4, 39, N/A, 27.60, 0|5, 40, N/A, 27.12, 0|6, 37, N/A, 28.07, 0|
14:29:33 0, 58, N/A, 50.73, 25|1, 56, N/A, 77.49, 17|2, 58, N/A, 173.59, 26|3, 53, N/A, 62.19, 31|4, 39, N/A, 27.60, 0|5, 40, N/A, 27.10, 0|6, 37, N/A, 28.05, 0|
14:29:35 0, 57, N/A, 99.81, 15|1, 56, N/A, 88.75, 26|2, 58, N/A, 53.44, 26|3, 53, N/A, 41.12, 33|4, 38, N/A, 27.60, 0|5, 40, N/A, 27.12, 0|6, 37, N/A, 28.32, 0|
14:29:37 0, 57, N/A, 37.21, 17|1, 55, N/A, 42.13, 26|2, 57, N/A, 50.73, 28|3, 53, N/A, 88.20, 18|4, 38, N/A, 27.60, 0|5, 40, N/A, 27.11, 0|6, 37, N/A, 28.06, 0|
14:29:39 0, 57, N/A, 48.02, 27|1, 55, N/A, 81.92, 21|2, 57, N/A, 112.48, 14|3, 53, N/A, 36.69, 31|4, 39, N/A, 27.60, 0|5, 40, N/A, 27.10, 0|6, 37, N/A, 28.05, 0|
14:29:41 0, 56, N/A, 76.26, 20|1, 55, N/A, 41.15, 18|2, 57, N/A, 47.06, 28|3, 53, N/A, 61.98, 30|4, 38, N/A, 27.60, 0|5, 40, N/A, 27.12, 0|6, 37, N/A, 28.07, 0|
14:29:43 0, 56, N/A, 47.77, 24|1, 55, N/A, 90.96, 26|2, 56, N/A, 104.43, 21|3, 53, N/A, 36.69, 23|4, 38, N/A, 27.60, 0|5, 40, N/A, 27.10, 0|6, 37, N/A, 28.07, 0|
14:29:45 0, 56, N/A, 36.96, 27|1, 54, N/A, 41.64, 13|2, 56, N/A, 49.99, 28|3, 53, N/A, 83.29, 33|4, 38, N/A, 27.60, 0|5, 40, N/A, 27.10, 0|6, 37, N/A, 28.06, 0|
14:29:47 0, 56, N/A, 55.65, 16|1, 54, N/A, 127.45, 26|2, 56, N/A, 70.36, 28|3, 52, N/A, 37.18, 21|4, 39, N/A, 27.60, 0|5, 40, N/A, 27.12, 0|6, 37, N/A, 28.07, 0|
14:29:49 0, 56, N/A, 36.96, 27|1, 54, N/A, 41.64, 18|2, 56, N/A, 51.47, 15|3, 53, N/A, 96.80, 26|4, 39, N/A, 27.60, 0|5, 40, N/A, 27.12, 0|6, 37, N/A, 28.07, 0|
14:29:51 0, 56, N/A, 56.15, 23|1, 54, N/A, 128.99, 23|2, 55, N/A, 65.72, 28|3, 52, N/A, 37.43, 32|4, 38, N/A, 27.60, 0|5, 40, N/A, 27.12, 0|6, 37, N/A, 28.07, 0|
14:29:53 0, 56, N/A, 36.96, 27|1, 54, N/A, 42.87, 26|2, 56, N/A, 55.16, 25|3, 53, N/A, 124.18, 19|4, 39, N/A, 27.60, 0|5, 40, N/A, 27.11, 0|6, 37, N/A, 28.07, 0|
14:29:55 0, 56, N/A, 61.78, 27|1, 54, N/A, 124.99, 16|2, 56, N/A, 44.33, 28|3, 52, N/A, 37.67, 33|4, 39, N/A, 27.60, 0|5, 40, N/A, 27.10, 0|6, 37, N/A, 28.06, 0|
14:29:58 0, 56, N/A, 36.96, 27|1, 54, N/A, 42.11, 26|2, 56, N/A, 52.95, 28|3, 53, N/A, 105.10, 23|4, 39, N/A, 27.58, 0|5, 40, N/A, 27.11, 0|6, 37, N/A, 28.06, 0|
14:30:00 0, 56, N/A, 55.41, 27|1, 54, N/A, 128.44, 24|2, 56, N/A, 70.11, 26|3, 53, N/A, 37.43, 33|4, 39, N/A, 27.60, 0|5, 40, N/A, 27.10, 0|6, 37, N/A, 28.06, 0|
14:30:02 0, 56, N/A, 36.96, 20|1, 54, N/A, 42.38, 26|2, 56, N/A, 53.94, 28|3, 53, N/A, 113.69, 30|4, 39, N/A, 27.60, 0|5, 40, N/A, 27.12, 0|6, 37, N/A, 28.07, 0|
14:30:04 0, 56, N/A, 60.80, 27|1, 54, N/A, 126.29, 26|2, 56, N/A, 65.23, 19|3, 53, N/A, 37.43, 33|4, 39, N/A, 27.60, 0|5, 40, N/A, 27.12, 0|6, 37, N/A, 28.07, 0|
14:30:06 0, 56, N/A, 36.96, 27|1, 54, N/A, 42.63, 14|2, 56, N/A, 53.69, 28|3, 53, N/A, 113.88, 33|4, 39, N/A, 27.60, 0|5, 40, N/A, 27.11, 0|6, 37, N/A, 28.07, 0|
14:30:08 0, 56, N/A, 74.05, 27|1, 54, N/A, 117.44, 27|2, 56, N/A, 43.12, 15|3, 53, N/A, 38.17, 18|4, 39, N/A, 27.60, 0|5, 40, N/A, 27.12, 0|6, 37, N/A, 28.32, 0|
14:30:10 0, 56, N/A, 37.45, 27|1, 54, N/A, 44.35, 17|2, 56, N/A, 62.81, 28|3, 53, N/A, 118.96, 33|4, 39, N/A, 27.60, 0|5, 40, N/A, 27.11, 0|6, 37, N/A, 28.32, 0|
14:30:12 0, 56, N/A, 82.16, 21|1, 54, N/A, 101.29, 26|2, 56, N/A, 43.12, 28|3, 53, N/A, 39.89, 29|4, 39, N/A, 27.60, 0|5, 40, N/A, 27.12, 0|6, 37, N/A, 28.32, 0|
14:30:14 0, 56, N/A, 38.19, 27|1, 54, N/A, 46.79, 22|2, 56, N/A, 76.06, 23|3, 53, N/A, 115.09, 33|4, 39, N/A, 27.60, 0|5, 40, N/A, 27.10, 0|6, 37, N/A, 28.30, 0|
14:30:16 0, 56, N/A, 104.48, 18|1, 54, N/A, 80.93, 26|2, 56, N/A, 43.37, 28|3, 54, N/A, 41.37, 32|4, 39, N/A, 27.60, 0|5, 40, N/A, 27.12, 0|6, 37, N/A, 28.32, 0|
14:30:18 0, 56, N/A, 39.18, 27|1, 55, N/A, 51.47, 26|2, 56, N/A, 99.32, 18|3, 53, N/A, 87.41, 33|4, 39, N/A, 27.58, 0|5, 41, N/A, 27.10, 0|6, 37, N/A, 28.05, 0|
14:30:20 0, 56, N/A, 108.37, 14|1, 54, N/A, 40.66, 26|2, 56, N/A, 44.60, 28|3, 54, N/A, 48.49, 33|4, 39, N/A, 27.60, 0|5, 41, N/A, 27.12, 0|6, 37, N/A, 28.07, 0|
14:30:23 0, 56, N/A, 41.15, 27|1, 54, N/A, 61.32, 26|2, 56, N/A, 131.58, 14|3, 53, N/A, 49.22, 31|4, 39, N/A, 27.60, 0|5, 41, N/A, 27.12, 0|6, 37, N/A, 28.32, 0|
14:30:25 0, 56, N/A, 36.47, 0|1, 54, N/A, 39.67, 8|2, 55, N/A, 42.14, 28|3, 53, N/A, 35.95, 33|4, 39, N/A, 27.60, 0|5, 41, N/A, 27.12, 0|6, 37, N/A, 28.32, 0|
14:30:27 0, 60, N/A, 153.07, 100|1, 56, N/A, 184.26, 100|2, 55, N/A, 41.86, 0|3, 52, N/A, 35.71, 0|4, 39, N/A, 27.58, 0|5, 41, N/A, 27.10, 0|6, 37, N/A, 28.30, 0|
14:30:29 0, 56, N/A, 41.86, 0|1, 56, N/A, 46.29, 0|2, 59, N/A, 153.31, 100|3, 55, N/A, 142.33, 100|4, 39, N/A, 27.58, 0|5, 41, N/A, 27.10, 0|6, 37, N/A, 28.30, 0|
14:30:31 0, 61, N/A, 149.14, 100|1, 58, N/A, 178.23, 100|2, 56, N/A, 49.00, 1|3, 54, N/A, 41.35, 0|4, 39, N/A, 27.58, 0|5, 41, N/A, 27.10, 0|6, 38, N/A, 28.30, 0|
14:30:33 0, 60, N/A, 139.55, 68|1, 56, N/A, 47.03, 1|2, 61, N/A, 172.98, 100|3, 57, N/A, 175.84, 100|4, 39, N/A, 27.58, 0|5, 41, N/A, 27.09, 0|6, 38, N/A, 28.28, 0|
14:30:35 0, 61, N/A, 44.81, 91|1, 59, N/A, 159.82, 60|2, 59, N/A, 191.76, 0|3, 55, N/A, 41.59, 0|4, 39, N/A, 27.58, 0|5, 41, N/A, 27.10, 0|6, 37, N/A, 28.30, 0|
14:30:37 0, 61, N/A, 141.61, 100|1, 56, N/A, 47.03, 0|2, 62, N/A, 172.58, 100|3, 56, N/A, 42.57, 54|4, 39, N/A, 27.58, 0|5, 41, N/A, 27.10, 0|6, 38, N/A, 28.30, 0|
14:30:39 0, 60, N/A, 43.31, 0|1, 60, N/A, 146.58, 100|2, 60, N/A, 179.48, 100|3, 55, N/A, 41.56, 0|4, 39, N/A, 27.56, 0|5, 41, N/A, 27.33, 0|6, 38, N/A, 28.28, 0|
14:30:41 0, 62, N/A, 167.82, 100|1, 57, N/A, 47.25, 0|2, 61, N/A, 53.86, 17|3, 57, N/A, 176.46, 79|4, 39, N/A, 27.54, 0|5, 41, N/A, 27.07, 0|6, 38, N/A, 28.26, 0|
14:30:43 0, 60, N/A, 43.56, 0|1, 61, N/A, 152.13, 100|2, 61, N/A, 193.48, 100|3, 55, N/A, 41.81, 0|4, 39, N/A, 27.56, 0|5, 41, N/A, 27.08, 0|6, 38, N/A, 28.28, 0|
14:30:45 0, 63, N/A, 166.37, 100|1, 57, N/A, 47.25, 0|2, 61, N/A, 53.40, 0|3, 59, N/A, 164.18, 100|4, 39, N/A, 27.56, 0|5, 41, N/A, 27.07, 0|6, 38, N/A, 28.26, 0|
14:30:48 0, 60, N/A, 43.55, 0|1, 62, N/A, 198.70, 100|2, 62, N/A, 182.07, 100|3, 56, N/A, 41.81, 0|4, 39, N/A, 27.81, 0|5, 41, N/A, 27.33, 0|6, 38, N/A, 28.28, 0|
14:30:50 0, 63, N/A, 168.56, 100|1, 58, N/A, 47.77, 0|2, 61, N/A, 53.40, 0|3, 59, N/A, 143.46, 100|4, 39, N/A, 27.81, 0|5, 41, N/A, 27.09, 0|6, 38, N/A, 28.28, 0|
14:30:52 0, 61, N/A, 43.80, 0|1, 62, N/A, 153.20, 100|2, 63, N/A, 180.63, 100|3, 56, N/A, 42.05, 0|4, 39, N/A, 27.82, 0|5, 41, N/A, 27.35, 0|6, 38, N/A, 28.28, 0|
14:30:54 0, 64, N/A, 173.12, 96|1, 59, N/A, 148.79, 11|2, 61, N/A, 53.37, 0|3, 60, N/A, 187.70, 100|4, 39, N/A, 27.79, 0|5, 41, N/A, 27.07, 0|6, 38, N/A, 28.28, 0|
14:30:56 0, 61, N/A, 43.80, 0|1, 63, N/A, 192.84, 100|2, 64, N/A, 173.36, 100|3, 56, N/A, 42.05, 1|4, 39, N/A, 27.56, 0|5, 41, N/A, 27.08, 0|6, 38, N/A, 28.28, 0|
14:30:58 0, 64, N/A, 165.01, 95|1, 60, N/A, 192.07, 71|2, 61, N/A, 53.33, 0|3, 60, N/A, 145.07, 100|4, 39, N/A, 27.54, 0|5, 41, N/A, 27.07, 0|6, 38, N/A, 28.26, 0|
14:31:00 0, 61, N/A, 43.80, 0|1, 63, N/A, 157.77, 100|2, 63, N/A, 199.84, 100|3, 56, N/A, 42.05, 1|4, 39, N/A, 27.56, 0|5, 41, N/A, 27.33, 0|6, 38, N/A, 28.28, 0|
14:31:02 0, 64, N/A, 177.03, 100|1, 60, N/A, 191.46, 100|2, 61, N/A, 53.12, 0|3, 60, N/A, 147.37, 100|4, 39, N/A, 27.56, 0|5, 41, N/A, 27.07, 0|6, 38, N/A, 28.28, 0|
14:31:04 0, 61, N/A, 43.80, 0|1, 63, N/A, 191.46, 100|2, 64, N/A, 87.65, 100|3, 56, N/A, 122.06, 1|4, 39, N/A, 27.56, 0|5, 41, N/A, 27.09, 0|6, 37, N/A, 28.28, 0|
14:31:06 0, 64, N/A, 181.34, 100|1, 60, N/A, 155.63, 100|2, 61, N/A, 53.37, 0|3, 60, N/A, 149.57, 100|4, 39, N/A, 27.56, 0|5, 41, N/A, 27.08, 0|6, 38, N/A, 28.28, 0|
14:31:08 0, 61, N/A, 43.80, 0|1, 63, N/A, 179.82, 100|2, 64, N/A, 74.97, 100|3, 57, N/A, 137.67, 0|4, 39, N/A, 27.56, 0|5, 41, N/A, 27.08, 0|6, 38, N/A, 28.28, 0|
14:31:10 0, 64, N/A, 185.01, 100|1, 60, N/A, 158.10, 100|2, 61, N/A, 53.61, 0|3, 60, N/A, 143.21, 100|4, 39, N/A, 27.56, 0|5, 41, N/A, 27.07, 0|6, 37, N/A, 28.28, 0|
14:31:13 0, 61, N/A, 43.80, 0|1, 63, N/A, 165.36, 100|2, 64, N/A, 164.80, 100|3, 56, N/A, 42.05, 0|4, 39, N/A, 27.58, 0|5, 41, N/A, 27.09, 0|6, 38, N/A, 28.28, 0|
14:31:15 0, 64, N/A, 176.89, 100|1, 60, N/A, 155.65, 100|2, 61, N/A, 52.91, 0|3, 60, N/A, 148.26, 100|4, 39, N/A, 27.56, 0|5, 41, N/A, 27.08, 0|6, 38, N/A, 28.28, 0|
14:31:17 0, 61, N/A, 43.80, 0|1, 63, N/A, 183.66, 100|2, 64, N/A, 169.95, 100|3, 56, N/A, 42.08, 2|4, 39, N/A, 27.58, 0|5, 41, N/A, 27.10, 0|6, 37, N/A, 28.30, 0|
14:31:19 0, 64, N/A, 155.42, 97|1, 60, N/A, 189.14, 99|2, 62, N/A, 53.89, 0|3, 61, N/A, 145.91, 100|4, 39, N/A, 27.56, 0|5, 41, N/A, 27.09, 0|6, 37, N/A, 28.28, 0|
14:31:21 0, 61, N/A, 44.07, 0|1, 63, N/A, 155.66, 100|2, 64, N/A, 197.65, 100|3, 57, N/A, 42.33, 2|4, 39, N/A, 27.58, 0|5, 41, N/A, 27.10, 0|6, 37, N/A, 28.30, 0|
14:31:23 0, 64, N/A, 164.98, 100|1, 60, N/A, 159.08, 0|2, 62, N/A, 54.14, 0|3, 60, N/A, 169.81, 100|4, 39, N/A, 27.56, 0|5, 41, N/A, 27.09, 0|6, 37, N/A, 28.28, 0|
14:31:25 0, 62, N/A, 44.05, 0|1, 63, N/A, 160.22, 100|2, 64, N/A, 195.93, 100|3, 57, N/A, 42.30, 0|4, 39, N/A, 27.56, 0|5, 41, N/A, 27.09, 0|6, 37, N/A, 28.30, 0|
14:31:27 0, 65, N/A, 151.75, 100|1, 59, N/A, 48.51, 0|2, 62, N/A, 54.39, 0|3, 60, N/A, 150.56, 100|4, 39, N/A, 27.56, 0|5, 41, N/A, 27.09, 0|6, 37, N/A, 28.28, 0|
14:31:29 0, 62, N/A, 44.29, 0|1, 63, N/A, 192.35, 100|2, 64, N/A, 164.78, 100|3, 57, N/A, 42.54, 0|4, 39, N/A, 27.56, 0|5, 41, N/A, 27.08, 0|6, 37, N/A, 28.28, 0|
14:31:31 0, 62, N/A, 44.79, 0|1, 61, N/A, 166.59, 100|2, 63, N/A, 55.10, 0|3, 60, N/A, 173.39, 100|4, 39, N/A, 27.56, 0|5, 41, N/A, 27.08, 0|6, 37, N/A, 28.03, 0|
14:31:33 0, 63, N/A, 157.87, 100|1, 59, N/A, 48.23, 0|2, 61, N/A, 53.62, 0|3, 58, N/A, 43.78, 0|4, 39, N/A, 27.56, 0|5, 40, N/A, 27.09, 0|6, 37, N/A, 28.28, 0|
14:31:35 0, 61, N/A, 43.80, 0|1, 62, N/A, 172.71, 100|2, 60, N/A, 44.51, 0|3, 57, N/A, 42.55, 0|4, 39, N/A, 27.56, 0|5, 40, N/A, 27.09, 0|6, 37, N/A, 28.03, 0|
14:31:38 0, 59, N/A, 37.65, 0|1, 58, N/A, 47.74, 0|2, 61, N/A, 53.37, 0|3, 60, N/A, 143.22, 100|4, 39, N/A, 27.56, 0|5, 40, N/A, 27.07, 0|6, 37, N/A, 28.02, 0|
14:31:40 0, 61, N/A, 60.96, 30|1, 58, N/A, 161.69, 17|2, 61, N/A, 101.60, 28|3, 58, N/A, 45.22, 33|4, 39, N/A, 27.56, 0|5, 40, N/A, 27.08, 0|6, 37, N/A, 28.28, 0|
14:31:42 0, 60, N/A, 61.73, 30|1, 59, N/A, 160.80, 13|2, 61, N/A, 61.21, 20|3, 58, N/A, 45.74, 33|4, 39, N/A, 27.56, 0|5, 40, N/A, 27.09, 0|6, 37, N/A, 28.28, 0|
14:31:44 0, 59, N/A, 92.38, 30|1, 58, N/A, 118.29, 16|2, 61, N/A, 55.10, 28|3, 58, N/A, 46.24, 33|4, 39, N/A, 27.56, 0|5, 40, N/A, 27.09, 0|6, 37, N/A, 28.03, 0|
14:31:46 0, 59, N/A, 110.50, 30|1, 58, N/A, 97.78, 16|2, 61, N/A, 55.62, 22|3, 58, N/A, 49.68, 33|4, 39, N/A, 27.58, 0|5, 40, N/A, 27.09, 0|6, 37, N/A, 28.03, 0|
14:31:48 0, 59, N/A, 109.51, 30|1, 58, N/A, 48.48, 13|2, 60, N/A, 56.85, 28|3, 58, N/A, 59.48, 33|4, 39, N/A, 27.58, 0|5, 40, N/A, 27.10, 0|6, 37, N/A, 28.05, 0|
14:31:50 0, 59, N/A, 71.29, 30|1, 58, N/A, 49.25, 24|2, 60, N/A, 59.56, 25|3, 58, N/A, 80.08, 33|4, 39, N/A, 27.58, 0|5, 40, N/A, 27.10, 0|6, 37, N/A, 28.05, 0|
14:31:52 0, 58, N/A, 37.92, 30|1, 58, N/A, 50.24, 18|2, 60, N/A, 66.20, 14|3, 57, N/A, 118.46, 33|4, 39, N/A, 27.58, 0|5, 40, N/A, 27.10, 0|6, 37, N/A, 28.05, 0|
14:31:54 0, 58, N/A, 38.42, 30|1, 57, N/A, 52.95, 27|2, 60, N/A, 80.68, 21|3, 58, N/A, 154.10, 33|4, 39, N/A, 27.58, 0|5, 40, N/A, 27.10, 0|6, 37, N/A, 28.05, 0|
14:31:56 0, 58, N/A, 39.67, 30|1, 58, N/A, 61.28, 15|2, 60, N/A, 127.47, 14|3, 57, N/A, 119.69, 33|4, 39, N/A, 27.58, 0|5, 40, N/A, 27.10, 0|6, 37, N/A, 28.05, 0|
14:31:58 0, 58, N/A, 43.34, 30|1, 57, N/A, 82.40, 23|2, 59, N/A, 169.68, 23|3, 57, N/A, 43.81, 33|4, 38, N/A, 27.60, 0|5, 40, N/A, 27.10, 0|6, 37, N/A, 28.05, 0|
14:32:00 0, 58, N/A, 52.70, 30|1, 57, N/A, 137.28, 13|2, 59, N/A, 113.46, 15|3, 57, N/A, 44.54, 33|4, 39, N/A, 27.60, 0|5, 40, N/A, 27.12, 0|6, 37, N/A, 28.07, 0|
14:32:02 0, 58, N/A, 64.98, 30|1, 57, N/A, 152.17, 19|2, 59, N/A, 53.94, 26|3, 57, N/A, 45.28, 33|4, 38, N/A, 27.60, 0|5, 40, N/A, 27.12, 0|6, 37, N/A, 28.07, 0|
14:32:05 0, 57, N/A, 86.34, 27|1, 56, N/A, 125.74, 14|2, 59, N/A, 54.18, 19|3, 57, N/A, 46.76, 33|4, 38, N/A, 27.60, 0|5, 40, N/A, 27.12, 0|6, 37, N/A, 28.07, 0|
14:32:07 0, 57, N/A, 110.87, 30|1, 56, N/A, 90.71, 15|2, 59, N/A, 54.18, 28|3, 57, N/A, 48.73, 33|4, 38, N/A, 27.60, 0|5, 40, N/A, 27.12, 0|6, 37, N/A, 28.07, 0|
14:32:09 0, 57, N/A, 119.84, 30|1, 56, N/A, 52.95, 17|2, 59, N/A, 54.42, 18|3, 57, N/A, 51.16, 33|4, 38, N/A, 27.58, 0|5, 40, N/A, 27.10, 0|6, 37, N/A, 28.05, 0|
14:32:11 0, 56, N/A, 90.23, 30|1, 56, N/A, 48.05, 13|2, 59, N/A, 57.14, 16|3, 57, N/A, 70.10, 33|4, 38, N/A, 27.60, 0|5, 40, N/A, 27.12, 0|6, 37, N/A, 28.07, 0|
14:32:13 0, 57, N/A, 37.21, 30|1, 56, N/A, 49.25, 21|2, 59, N/A, 64.00, 19|3, 57, N/A, 116.08, 33|4, 38, N/A, 27.60, 0|5, 40, N/A, 27.10, 0|6, 37, N/A, 28.06, 0|
14:32:15 0, 56, N/A, 37.45, 30|1, 56, N/A, 51.22, 13|2, 59, N/A, 75.57, 14|3, 57, N/A, 160.72, 28|4, 38, N/A, 27.60, 0|5, 40, N/A, 27.10, 0|6, 37, N/A, 28.07, 0|
14:32:17 0, 56, N/A, 38.44, 30|1, 56, N/A, 56.39, 17|2, 58, N/A, 102.78, 26|3, 57, N/A, 137.84, 33|4, 38, N/A, 27.60, 0|5, 40, N/A, 27.10, 0|6, 37, N/A, 28.07, 0|
14:32:19 0, 56, N/A, 39.89, 26|1, 56, N/A, 62.02, 17|2, 58, N/A, 134.83, 19|3, 57, N/A, 113.62, 21|4, 38, N/A, 27.58, 0|5, 40, N/A, 27.10, 0|6, 37, N/A, 28.05, 0|
14:32:21 0, 56, N/A, 58.36, 26|1, 56, N/A, 130.96, 15|2, 58, N/A, 99.58, 28|3, 56, N/A, 38.17, 24|4, 38, N/A, 27.60, 0|5, 40, N/A, 27.10, 0|6, 37, N/A, 27.83, 0|
14:32:23 0, 56, N/A, 64.74, 15|1, 55, N/A, 121.06, 22|2, 57, N/A, 44.08, 24|3, 56, N/A, 38.91, 36|4, 38, N/A, 27.60, 0|5, 40, N/A, 27.10, 0|6, 37, N/A, 28.05, 0|
14:32:25 0, 56, N/A, 113.27, 19|1, 54, N/A, 40.66, 18|2, 57, N/A, 45.09, 31|3, 56, N/A, 47.50, 18|4, 38, N/A, 27.60, 0|5, 40, N/A, 27.12, 0|6, 37, N/A, 28.07, 0|
14:32:27 0, 55, N/A, 54.42, 22|1, 54, N/A, 41.15, 29|2, 57, N/A, 47.80, 31|3, 56, N/A, 69.57, 19|4, 38, N/A, 27.60, 0|5, 40, N/A, 27.11, 0|6, 37, N/A, 28.07, 0|
14:32:30 0, 55, N/A, 37.21, 15|1, 54, N/A, 44.11, 29|2, 57, N/A, 65.72, 20|3, 55, N/A, 119.94, 32|4, 38, N/A, 27.60, 0|5, 40, N/A, 27.11, 0|6, 37, N/A, 28.07, 0|
14:32:32 0, 56, N/A, 40.90, 30|1, 54, N/A, 64.48, 21|2, 56, N/A, 130.40, 27|3, 56, N/A, 37.18, 28|4, 38, N/A, 27.60, 0|5, 40, N/A, 27.12, 0|6, 37, N/A, 28.07, 0|
14:32:34 0, 56, N/A, 63.29, 29|1, 54, N/A, 123.34, 26|2, 56, N/A, 43.61, 15|3, 56, N/A, 38.66, 36|4, 38, N/A, 27.60, 0|5, 40, N/A, 27.12, 0|6, 37, N/A, 28.07, 0|
14:32:36 0, 55, N/A, 95.39, 28|1, 54, N/A, 40.90, 16|2, 56, N/A, 45.83, 15|3, 56, N/A, 54.88, 36|4, 38, N/A, 27.60, 0|5, 40, N/A, 27.11, 0|6, 37, N/A, 28.07, 0|
14:32:38 0, 55, N/A, 36.71, 30|1, 54, N/A, 41.89, 14|2, 57, N/A, 52.95, 15|3, 56, N/A, 112.89, 21|4, 38, N/A, 27.60, 0|5, 40, N/A, 27.12, 0|6, 37, N/A, 28.06, 0|
14:32:40 0, 56, N/A, 38.44, 30|1, 55, N/A, 51.01, 17|2, 57, N/A, 105.48, 30|3, 56, N/A, 88.44, 28|4, 39, N/A, 27.60, 0|5, 40, N/A, 27.12, 0|6, 37, N/A, 28.07, 0|
14:32:42 0, 56, N/A, 47.04, 15|1, 55, N/A, 86.35, 23|2, 56, N/A, 113.53, 26|3, 56, N/A, 37.68, 18|4, 38, N/A, 27.60, 0|5, 40, N/A, 27.12, 0|6, 37, N/A, 28.07, 0|
14:32:44 0, 55, N/A, 82.41, 18|1, 54, N/A, 103.01, 19|2, 56, N/A, 43.86, 30|3, 56, N/A, 40.14, 18|4, 39, N/A, 27.60, 0|5, 40, N/A, 27.12, 0|6, 37, N/A, 28.07, 0|
14:32:46 0, 55, N/A, 86.59, 23|1, 55, N/A, 40.90, 29|2, 57, N/A, 46.30, 30|3, 56, N/A, 58.29, 18|4, 39, N/A, 27.60, 0|5, 40, N/A, 27.10, 0|6, 37, N/A, 28.06, 0|
14:32:48 0, 55, N/A, 36.96, 19|1, 55, N/A, 43.12, 29|2, 57, N/A, 59.84, 17|3, 56, N/A, 124.18, 31|4, 39, N/A, 27.60, 0|5, 40, N/A, 27.12, 0|6, 37, N/A, 28.07, 0|
14:32:50 0, 56, N/A, 39.92, 30|1, 55, N/A, 59.60, 22|2, 56, N/A, 135.81, 21|3, 56, N/A, 41.59, 27|4, 39, N/A, 27.60, 0|5, 41, N/A, 27.12, 0|6, 37, N/A, 28.07, 0|
14:32:52 0, 56, N/A, 54.18, 30|1, 55, N/A, 130.39, 26|2, 56, N/A, 60.55, 19|3, 56, N/A, 37.92, 36|4, 39, N/A, 27.60, 0|5, 41, N/A, 27.12, 0|6, 37, N/A, 28.32, 0|
14:32:55 0, 56, N/A, 119.42, 26|1, 54, N/A, 68.18, 14|2, 56, N/A, 44.35, 15|3, 56, N/A, 42.83, 36|4, 39, N/A, 27.60, 0|5, 40, N/A, 27.12, 0|6, 37, N/A, 28.07, 0|
14:32:57 0, 56, N/A, 89.74, 30|1, 55, N/A, 40.66, 15|2, 57, N/A, 45.83, 30|3, 57, N/A, 56.57, 23|4, 38, N/A, 27.60, 0|5, 41, N/A, 27.12, 0|6, 37, N/A, 28.32, 0|
14:32:59 0, 56, N/A, 36.96, 30|1, 55, N/A, 42.87, 29|2, 57, N/A, 58.12, 30|3, 56, N/A, 128.53, 27|4, 39, N/A, 27.60, 0|5, 40, N/A, 27.12, 0|6, 37, N/A, 28.32, 0|
14:33:01 0, 56, N/A, 38.69, 16|1, 55, N/A, 52.45, 23|2, 56, N/A, 103.27, 31|3, 56, N/A, 88.44, 21|4, 39, N/A, 27.60, 0|5, 41, N/A, 27.11, 0|6, 37, N/A, 28.07, 0|
14:33:03 0, 56, N/A, 50.98, 18|1, 55, N/A, 100.56, 18|2, 56, N/A, 98.11, 31|3, 56, N/A, 37.92, 18|4, 39, N/A, 27.60, 0|5, 41, N/A, 27.12, 0|6, 38, N/A, 28.32, 0|
14:33:05 0, 56, N/A, 95.89, 25|1, 55, N/A, 90.72, 29|2, 56, N/A, 43.83, 31|3, 56, N/A, 40.39, 36|4, 39, N/A, 27.60, 0|5, 41, N/A, 27.12, 0|6, 38, N/A, 28.32, 0|
14:33:07 0, 56, N/A, 100.56, 23|1, 55, N/A, 40.66, 29|2, 57, N/A, 45.58, 15|3, 57, N/A, 52.17, 35|4, 39, N/A, 27.60, 0|5, 41, N/A, 27.12, 0|6, 37, N/A, 28.32, 0|
14:33:09 0, 56, N/A, 36.96, 30|1, 55, N/A, 42.38, 17|2, 57, N/A, 55.41, 15|3, 56, N/A, 131.96, 32|4, 39, N/A, 27.60, 0|5, 41, N/A, 27.11, 0|6, 38, N/A, 28.30, 0|
14:33:11 0, 56, N/A, 39.67, 30|1, 55, N/A, 56.39, 20|2, 56, N/A, 137.77, 30|3, 56, N/A, 56.82, 35|4, 39, N/A, 27.60, 0|5, 41, N/A, 27.11, 0|6, 38, N/A, 28.30, 0|
14:33:13 0, 56, N/A, 60.79, 18|1, 55, N/A, 126.04, 21|2, 56, N/A, 43.83, 27|3, 57, N/A, 38.66, 36|4, 39, N/A, 27.60, 0|5, 41, N/A, 27.12, 0|6, 38, N/A, 28.32, 0|
14:33:15 0, 56, N/A, 108.36, 25|1, 55, N/A, 40.66, 18|2, 57, N/A, 44.82, 30|3, 57, N/A, 48.24, 18|4, 39, N/A, 27.60, 0|5, 41, N/A, 27.11, 0|6, 37, N/A, 28.30, 0|
14:33:17 0, 56, N/A, 36.71, 18|1, 55, N/A, 41.89, 29|2, 57, N/A, 52.45, 31|3, 56, N/A, 94.83, 18|4, 39, N/A, 27.60, 0|5, 41, N/A, 27.11, 0|6, 38, N/A, 28.30, 0|
14:33:20 0, 56, N/A, 38.19, 15|1, 55, N/A, 48.27, 29|2, 57, N/A, 91.51, 17|3, 56, N/A, 99.44, 35|4, 39, N/A, 27.60, 0|5, 41, N/A, 27.10, 0|6, 38, N/A, 28.32, 0|
14:33:22 0, 58, N/A, 141.37, 100|1, 54, N/A, 39.67, 0|2, 56, N/A, 42.38, 0|3, 56, N/A, 36.69, 0|4, 39, N/A, 27.60, 0|5, 41, N/A, 27.10, 0|6, 38, N/A, 28.30, 0|
14:33:24 0, 61, N/A, 172.85, 100|1, 58, N/A, 178.97, 100|2, 55, N/A, 42.11, 0|3, 55, N/A, 36.44, 0|4, 39, N/A, 27.58, 0|5, 41, N/A, 27.10, 0|6, 38, N/A, 28.30, 0|
14:33:26 0, 58, N/A, 150.84, 0|1, 56, N/A, 46.78, 2|2, 61, N/A, 200.33, 100|3, 59, N/A, 164.04, 100|4, 39, N/A, 27.58, 0|5, 41, N/A, 27.10, 0|6, 38, N/A, 28.30, 0|
14:33:28 0, 61, N/A, 178.22, 100|1, 59, N/A, 190.10, 100|2, 57, N/A, 50.45, 0|3, 57, N/A, 42.82, 0|4, 39, N/A, 27.58, 0|5, 41, N/A, 27.10, 0|6, 38, N/A, 28.30, 0|
14:33:30 0, 57, N/A, 41.86, 0|1, 57, N/A, 47.74, 0|2, 62, N/A, 182.07, 100|3, 59, N/A, 145.10, 100|4, 39, N/A, 27.58, 0|5, 41, N/A, 27.10, 0|6, 38, N/A, 28.30, 0|
14:33:32 0, 62, N/A, 176.15, 100|1, 59, N/A, 194.80, 100|2, 58, N/A, 51.19, 0|3, 59, N/A, 43.78, 0|4, 39, N/A, 27.56, 0|5, 41, N/A, 27.09, 0|6, 38, N/A, 28.30, 0|
14:33:34 0, 58, N/A, 42.33, 0|1, 59, N/A, 48.72, 27|2, 62, N/A, 193.85, 100|3, 59, N/A, 178.27, 100|4, 39, N/A, 27.56, 0|5, 41, N/A, 27.33, 0|6, 38, N/A, 28.28, 0|
14:33:36 0, 62, N/A, 144.87, 100|1, 59, N/A, 160.80, 100|2, 59, N/A, 51.68, 0|3, 62, N/A, 183.65, 100|4, 39, N/A, 27.56, 0|5, 41, N/A, 27.07, 0|6, 38, N/A, 28.28, 0|
14:33:38 0, 59, N/A, 43.06, 0|1, 62, N/A, 201.65, 100|2, 63, N/A, 123.68, 100|3, 58, N/A, 99.37, 0|4, 39, N/A, 27.56, 0|5, 41, N/A, 27.33, 0|6, 38, N/A, 28.28, 0|
14:33:40 0, 63, N/A, 143.54, 93|1, 59, N/A, 181.41, 63|2, 60, N/A, 52.59, 0|3, 62, N/A, 187.56, 100|4, 39, N/A, 27.52, 0|5, 41, N/A, 27.05, 0|6, 38, N/A, 28.25, 0|
14:33:42 0, 60, N/A, 43.31, 0|1, 62, N/A, 164.86, 100|2, 63, N/A, 184.53, 100|3, 58, N/A, 43.28, 0|4, 39, N/A, 27.56, 0|5, 41, N/A, 27.33, 0|6, 38, N/A, 28.28, 0|
14:33:45 0, 63, N/A, 151.16, 100|1, 58, N/A, 47.99, 0|2, 61, N/A, 53.86, 0|3, 62, N/A, 178.28, 100|4, 39, N/A, 27.55, 0|5, 41, N/A, 27.07, 0|6, 38, N/A, 28.26, 0|
14:33:47 0, 61, N/A, 43.80, 0|1, 62, N/A, 197.47, 100|2, 63, N/A, 169.67, 100|3, 59, N/A, 43.53, 0|4, 39, N/A, 27.56, 0|5, 41, N/A, 27.33, 0|6, 38, N/A, 28.28, 0|
14:33:49 0, 63, N/A, 179.38, 100|1, 58, N/A, 47.00, 0|2, 63, N/A, 58.28, 100|3, 60, N/A, 143.21, 9|4, 39, N/A, 27.54, 0|5, 41, N/A, 27.07, 0|6, 38, N/A, 28.26, 0|
14:33:51 0, 62, N/A, 45.25, 53|1, 61, N/A, 186.23, 53|2, 62, N/A, 207.04, 100|3, 59, N/A, 43.77, 0|4, 39, N/A, 27.56, 0|5, 41, N/A, 27.33, 0|6, 38, N/A, 28.28, 0|
14:33:53 0, 62, N/A, 155.64, 100|1, 59, N/A, 48.47, 0|2, 64, N/A, 175.57, 100|3, 62, N/A, 163.58, 100|4, 39, N/A, 27.54, 0|5, 41, N/A, 27.07, 0|6, 38, N/A, 28.26, 0|
14:33:55 0, 64, N/A, 154.34, 100|1, 62, N/A, 186.81, 100|2, 60, N/A, 52.60, 0|3, 59, N/A, 44.24, 0|4, 39, N/A, 27.54, 0|5, 41, N/A, 27.07, 0|6, 38, N/A, 28.28, 0|
14:33:57 0, 60, N/A, 43.31, 0|1, 60, N/A, 48.94, 0|2, 65, N/A, 198.88, 100|3, 61, N/A, 151.53, 100|4, 39, N/A, 27.56, 0|5, 41, N/A, 27.08, 0|6, 38, N/A, 28.28, 0|
14:33:59 0, 64, N/A, 182.91, 100|1, 61, N/A, 167.55, 100|2, 60, N/A, 51.89, 0|3, 61, N/A, 45.47, 15|4, 39, N/A, 27.56, 0|5, 41, N/A, 27.33, 0|6, 38, N/A, 28.28, 0|
14:34:01 0, 60, N/A, 43.56, 0|1, 62, N/A, 51.65, 100|2, 63, N/A, 176.31, 71|3, 60, N/A, 177.55, 32|4, 39, N/A, 27.56, 0|5, 41, N/A, 27.08, 0|6, 38, N/A, 28.28, 0|
14:34:03 0, 63, N/A, 160.22, 74|1, 60, N/A, 190.00, 93|2, 61, N/A, 53.61, 0|3, 63, N/A, 191.61, 100|4, 39, N/A, 27.54, 0|5, 41, N/A, 27.07, 0|6, 38, N/A, 28.26, 0|
14:34:05 0, 61, N/A, 43.80, 0|1, 63, N/A, 193.07, 100|2, 64, N/A, 177.29, 100|3, 59, N/A, 43.53, 0|4, 39, N/A, 27.56, 0|5, 41, N/A, 27.09, 0|6, 38, N/A, 28.28, 0|
14:34:07 0, 64, N/A, 146.36, 100|1, 59, N/A, 48.26, 0|2, 63, N/A, 55.16, 0|3, 62, N/A, 147.22, 100|4, 39, N/A, 27.58, 0|5, 41, N/A, 27.09, 0|6, 37, N/A, 28.28, 0|
14:34:10 0, 62, N/A, 44.79, 0|1, 62, N/A, 192.60, 100|2, 63, N/A, 201.18, 100|3, 59, N/A, 43.80, 0|4, 39, N/A, 27.58, 0|5, 41, N/A, 27.10, 0|6, 38, N/A, 28.30, 0|
14:34:12 0, 63, N/A, 176.51, 100|1, 59, N/A, 48.51, 0|2, 65, N/A, 204.88, 100|3, 62, N/A, 47.00, 100|4, 39, N/A, 27.58, 0|5, 41, N/A, 27.10, 0|6, 37, N/A, 28.30, 0|
14:34:14 0, 65, N/A, 174.05, 100|1, 62, N/A, 159.10, 100|2, 61, N/A, 52.91, 0|3, 60, N/A, 44.29, 0|4, 39, N/A, 27.58, 0|5, 41, N/A, 27.10, 0|6, 38, N/A, 28.30, 0|
14:34:16 0, 60, N/A, 43.34, 0|1, 60, N/A, 49.22, 0|2, 65, N/A, 173.98, 100|3, 62, N/A, 153.35, 100|4, 39, N/A, 27.58, 0|5, 41, N/A, 27.10, 0|6, 37, N/A, 28.30, 0|
14:34:18 0, 65, N/A, 162.54, 100|1, 62, N/A, 166.70, 100|2, 61, N/A, 53.41, 0|3, 62, N/A, 45.74, 39|4, 39, N/A, 27.58, 0|5, 41, N/A, 27.10, 0|6, 37, N/A, 28.30, 0|
14:34:20 0, 61, N/A, 43.58, 0|1, 63, N/A, 110.07, 100|2, 63, N/A, 113.45, 100|3, 60, N/A, 165.51, 0|4, 39, N/A, 27.58, 0|5, 41, N/A, 27.10, 0|6, 37, N/A, 28.05, 0|
14:34:22 0, 63, N/A, 111.73, 86|1, 60, N/A, 159.34, 10|2, 62, N/A, 54.15, 0|3, 63, N/A, 155.46, 100|4, 39, N/A, 27.58, 0|5, 41, N/A, 27.09, 0|6, 37, N/A, 28.28, 0|
14:34:24 0, 62, N/A, 44.32, 0|1, 63, N/A, 161.93, 100|2, 64, N/A, 204.60, 100|3, 59, N/A, 44.05, 0|4, 39, N/A, 27.58, 0|5, 41, N/A, 27.10, 0|6, 37, N/A, 28.30, 0|
14:34:26 0, 64, N/A, 141.77, 100|1, 59, N/A, 48.51, 0|2, 64, N/A, 57.34, 100|3, 62, N/A, 174.73, 53|4, 39, N/A, 27.58, 0|5, 41, N/A, 27.09, 0|6, 37, N/A, 28.28, 0|
14:34:28 0, 64, N/A, 47.00, 100|1, 62, N/A, 159.57, 61|2, 63, N/A, 201.91, 88|3, 60, N/A, 44.29, 0|4, 39, N/A, 27.58, 0|5, 41, N/A, 27.10, 0|6, 37, N/A, 28.30, 0|
14:34:30 0, 62, N/A, 161.09, 99|1, 60, N/A, 49.43, 3|2, 65, N/A, 201.04, 100|3, 63, N/A, 147.03, 100|4, 39, N/A, 27.54, 0|5, 40, N/A, 27.07, 0|6, 37, N/A, 28.26, 0|
14:34:32 0, 65, N/A, 146.08, 100|1, 63, N/A, 193.57, 100|2, 61, N/A, 53.58, 0|3, 61, N/A, 45.22, 0|4, 39, N/A, 27.56, 0|5, 41, N/A, 27.07, 0|6, 37, N/A, 28.26, 0|
14:34:35 0, 61, N/A, 43.77, 0|1, 62, N/A, 51.64, 40|2, 65, N/A, 188.68, 54|3, 62, N/A, 147.61, 49|4, 39, N/A, 27.56, 0|5, 41, N/A, 27.07, 0|6, 37, N/A, 28.03, 0|
14:34:37 0, 64, N/A, 186.19, 61|1, 61, N/A, 189.87, 41|2, 62, N/A, 54.31, 0|3, 64, N/A, 181.09, 100|4, 39, N/A, 27.54, 0|5, 41, N/A, 27.05, 0|6, 37, N/A, 28.26, 0|
14:34:39 0, 62, N/A, 44.54, 0|1, 63, N/A, 193.07, 100|2, 65, N/A, 204.96, 100|3, 60, N/A, 44.02, 0|4, 39, N/A, 27.56, 0|5, 40, N/A, 27.08, 0|6, 37, N/A, 28.28, 0|
14:34:41 0, 64, N/A, 162.42, 100|1, 59, N/A, 48.94, 0|2, 65, N/A, 57.79, 100|3, 62, N/A, 172.39, 32|4, 39, N/A, 27.54, 0|5, 40, N/A, 27.07, 0|6, 37, N/A, 28.26, 0|
14:34:43 0, 65, N/A, 54.84, 100|1, 62, N/A, 183.04, 96|2, 63, N/A, 201.53, 60|3, 60, N/A, 44.49, 0|4, 39, N/A, 27.56, 0|5, 40, N/A, 27.08, 0|6, 37, N/A, 28.28, 0|
14:34:45 0, 62, N/A, 138.41, 39|1, 60, N/A, 49.68, 3|2, 65, N/A, 176.51, 100|3, 63, N/A, 181.35, 100|4, 39, N/A, 27.54, 0|5, 40, N/A, 27.07, 0|6, 37, N/A, 28.02, 0|
14:34:47 0, 65, N/A, 144.36, 100|1, 62, N/A, 184.26, 100|2, 61, N/A, 53.83, 0|3, 62, N/A, 45.72, 51|4, 38, N/A, 27.54, 0|5, 40, N/A, 27.07, 0|6, 37, N/A, 28.02, 0|
14:34:49 0, 61, N/A, 43.80, 0|1, 63, N/A, 164.87, 100|2, 64, N/A, 59.03, 100|3, 60, N/A, 142.98, 3|4, 39, N/A, 27.56, 0|5, 40, N/A, 27.08, 0|6, 37, N/A, 28.03, 0|
14:34:51 0, 64, N/A, 181.80, 100|1, 58, N/A, 48.20, 0|2, 62, N/A, 54.32, 0|3, 63, N/A, 185.64, 100|4, 38, N/A, 27.54, 0|5, 40, N/A, 27.05, 0|6, 37, N/A, 28.02, 0|
14:34:53 0, 62, N/A, 44.54, 0|1, 62, N/A, 192.35, 100|2, 63, N/A, 213.40, 100|3, 59, N/A, 43.77, 0|4, 38, N/A, 27.56, 0|5, 40, N/A, 27.08, 0|6, 37, N/A, 28.03, 0|
14:34:55 0, 63, N/A, 178.00, 100|1, 59, N/A, 48.45, 0|2, 65, N/A, 205.69, 100|3, 61, N/A, 46.45, 95|4, 38, N/A, 27.54, 0|5, 40, N/A, 27.07, 0|6, 37, N/A, 28.02, 0|
14:34:57 0, 64, N/A, 170.16, 100|1, 62, N/A, 193.33, 100|2, 60, N/A, 52.60, 3|3, 59, N/A, 44.24, 0|4, 38, N/A, 27.54, 0|5, 40, N/A, 27.07, 0|6, 37, N/A, 28.02, 0|
14:35:00 0, 59, N/A, 43.31, 0|1, 60, N/A, 49.19, 0|2, 63, N/A, 195.29, 100|3, 61, N/A, 178.28, 100|4, 38, N/A, 27.56, 0|5, 40, N/A, 27.07, 0|6, 37, N/A, 28.03, 0|
14:35:02 0, 63, N/A, 179.37, 73|1, 59, N/A, 159.71, 100|2, 60, N/A, 52.84, 0|3, 62, N/A, 189.51, 100|4, 38, N/A, 27.54, 0|5, 40, N/A, 27.05, 0|6, 36, N/A, 28.00, 0|
14:35:04 0, 60, N/A, 43.55, 0|1, 62, N/A, 193.33, 100|2, 63, N/A, 167.47, 100|3, 58, N/A, 43.28, 0|4, 38, N/A, 27.56, 0|5, 40, N/A, 27.08, 0|6, 36, N/A, 28.03, 0|
14:35:06 0, 63, N/A, 179.48, 100|1, 57, N/A, 47.49, 0|2, 62, N/A, 55.33, 73|3, 60, N/A, 176.95, 12|4, 38, N/A, 27.54, 0|5, 40, N/A, 27.07, 0|6, 36, N/A, 28.02, 0|
14:35:08 0, 63, N/A, 158.99, 100|1, 59, N/A, 49.68, 42|2, 60, N/A, 197.02, 12|3, 58, N/A, 43.50, 0|4, 38, N/A, 27.56, 0|5, 40, N/A, 27.07, 0|6, 36, N/A, 28.02, 0|
14:35:10 0, 59, N/A, 166.00, 0|1, 58, N/A, 48.20, 0|2, 62, N/A, 178.98, 100|3, 60, N/A, 168.47, 100|4, 38, N/A, 27.54, 0|5, 40, N/A, 27.07, 0|6, 36, N/A, 28.02, 0|
14:35:12 0, 63, N/A, 142.81, 100|1, 60, N/A, 154.08, 100|2, 59, N/A, 51.64, 0|3, 62, N/A, 150.21, 100|4, 38, N/A, 27.30, 0|5, 40, N/A, 27.07, 0|6, 36, N/A, 28.02, 0|
14:35:14 0, 59, N/A, 43.06, 0|1, 61, N/A, 163.32, 100|2, 62, N/A, 182.09, 100|3, 57, N/A, 42.54, 3|4, 37, N/A, 27.56, 0|5, 39, N/A, 27.08, 0|6, 36, N/A, 28.03, 0|
14:35:16 0, 62, N/A, 155.47, 100|1, 56, N/A, 46.72, 0|2, 60, N/A, 53.12, 0|3, 60, N/A, 184.16, 100|4, 38, N/A, 27.30, 0|5, 40, N/A, 26.81, 0|6, 36, N/A, 28.02, 0|
14:35:18 0, 61, N/A, 44.51, 59|1, 59, N/A, 189.66, 35|2, 60, N/A, 158.90, 100|3, 57, N/A, 43.01, 0|4, 38, N/A, 27.31, 0|5, 39, N/A, 27.08, 0|6, 36, N/A, 28.03, 0|
14:35:20 0, 59, N/A, 168.44, 100|1, 57, N/A, 47.46, 3|2, 62, N/A, 161.84, 100|3, 60, N/A, 149.23, 100|4, 38, N/A, 27.30, 0|5, 39, N/A, 27.07, 0|6, 36, N/A, 28.02, 0|
14:35:22 0, 63, N/A, 161.44, 100|1, 59, N/A, 168.29, 100|2, 58, N/A, 51.15, 0|3, 59, N/A, 44.73, 50|4, 38, N/A, 27.30, 0|5, 39, N/A, 26.82, 0|6, 36, N/A, 28.02, 0|
14:35:24 0, 58, N/A, 42.08, 0|1, 60, N/A, 192.84, 100|2, 61, N/A, 164.56, 100|3, 56, N/A, 42.54, 3|4, 38, N/A, 27.32, 0|5, 39, N/A, 27.08, 0|6, 36, N/A, 28.03, 0|
14:35:27 0, 62, N/A, 169.20, 100|1, 56, N/A, 47.00, 0|2, 60, N/A, 52.87, 0|3, 60, N/A, 160.99, 100|4, 38, N/A, 27.30, 0|5, 39, N/A, 26.82, 0|6, 36, N/A, 28.02, 0|
14:35:29 0, 61, N/A, 44.54, 44|1, 60, N/A, 191.86, 45|2, 61, N/A, 159.39, 100|3, 58, N/A, 43.28, 0|4, 38, N/A, 27.31, 0|5, 39, N/A, 27.08, 0|6, 36, N/A, 28.03, 0|
14:35:31 0, 61, N/A, 176.53, 100|1, 58, N/A, 47.95, 0|2, 63, N/A, 199.82, 100|3, 61, N/A, 172.88, 100|4, 38, N/A, 27.30, 0|5, 40, N/A, 27.07, 0|6, 36, N/A, 28.02, 0|
14:35:33 0, 64, N/A, 160.71, 100|1, 60, N/A, 165.99, 100|2, 60, N/A, 52.13, 0|3, 61, N/A, 45.22, 71|4, 38, N/A, 27.30, 0|5, 40, N/A, 27.07, 0|6, 36, N/A, 28.02, 0|
14:35:35 0, 60, N/A, 43.31, 0|1, 62, N/A, 191.13, 100|2, 63, N/A, 198.37, 100|3, 58, N/A, 43.28, 4|4, 38, N/A, 27.56, 0|5, 40, N/A, 27.08, 0|6, 36, N/A, 27.79, 0|
14:35:37 0, 63, N/A, 156.89, 100|1, 58, N/A, 47.49, 0|2, 61, N/A, 54.14, 0|3, 62, N/A, 143.95, 100|4, 38, N/A, 27.32, 0|5, 40, N/A, 27.08, 0|6, 36, N/A, 28.03, 0|
14:35:39 0, 63, N/A, 45.25, 19|1, 61, N/A, 188.65, 73|2, 62, N/A, 188.43, 100|3, 59, N/A, 43.52, 0|4, 38, N/A, 27.31, 0|5, 40, N/A, 27.08, 0|6, 36, N/A, 28.03, 0|
14:35:41 0, 61, N/A, 142.40, 22|1, 59, N/A, 48.20, 4|2, 64, N/A, 203.12, 100|3, 62, N/A, 180.12, 100|4, 38, N/A, 27.54, 0|5, 40, N/A, 26.82, 0|6, 36, N/A, 28.02, 0|
14:35:43 0, 64, N/A, 165.50, 100|1, 61, N/A, 156.04, 100|2, 60, N/A, 52.63, 0|3, 63, N/A, 142.87, 100|4, 38, N/A, 27.54, 0|5, 40, N/A, 27.07, 0|6, 36, N/A, 28.02, 0|
14:35:45 0, 60, N/A, 43.80, 0|1, 62, N/A, 157.26, 100|2, 64, N/A, 205.20, 100|3, 58, N/A, 43.28, 4|4, 38, N/A, 27.56, 0|5, 40, N/A, 27.08, 0|6, 36, N/A, 28.03, 0|
14:35:47 0, 64, N/A, 171.29, 100|1, 58, N/A, 47.95, 0|2, 63, N/A, 55.06, 49|3, 62, N/A, 178.90, 45|4, 38, N/A, 27.54, 0|5, 40, N/A, 26.81, 0|6, 36, N/A, 28.02, 0|
14:35:49 0, 65, N/A, 141.91, 100|1, 61, N/A, 50.41, 72|2, 61, N/A, 188.70, 0|3, 59, N/A, 43.75, 0|4, 38, N/A, 27.54, 0|5, 40, N/A, 27.07, 0|6, 36, N/A, 28.02, 0|
14:35:52 0, 60, N/A, 43.53, 0|1, 60, N/A, 49.18, 0|2, 64, N/A, 203.25, 100|3, 62, N/A, 155.36, 100|4, 38, N/A, 27.31, 0|5, 40, N/A, 27.07, 0|6, 36, N/A, 28.02, 0|
14:35:54 0, 64, N/A, 155.81, 100|1, 60, N/A, 174.80, 100|2, 61, N/A, 53.33, 0|3, 63, N/A, 153.55, 100|4, 38, N/A, 27.30, 0|5, 40, N/A, 27.07, 0|6, 36, N/A, 28.02, 0|
14:35:56 0, 60, N/A, 43.06, 0|1, 59, N/A, 48.70, 0|2, 64, N/A, 187.10, 100|3, 59, N/A, 43.53, 0|4, 38, N/A, 27.58, 0|5, 40, N/A, 27.09, 0|6, 36, N/A, 28.03, 0|
14:35:58 0, 59, N/A, 37.41, 0|1, 58, N/A, 40.85, 0|2, 61, N/A, 52.91, 0|3, 62, N/A, 149.10, 100|4, 38, N/A, 27.56, 0|5, 40, N/A, 27.09, 0|6, 36, N/A, 28.03, 0|
14:36:00 0, 61, N/A, 44.79, 20|1, 59, N/A, 183.90, 74|2, 59, N/A, 44.30, 0|3, 59, N/A, 43.53, 0|4, 38, N/A, 27.32, 0|5, 40, N/A, 27.09, 0|6, 36, N/A, 28.03, 0|
14:36:02 0, 59, N/A, 42.82, 0|1, 58, N/A, 48.23, 0|2, 62, N/A, 159.49, 100|3, 58, N/A, 37.65, 0|4, 38, N/A, 27.33, 0|5, 40, N/A, 27.09, 0|6, 36, N/A, 28.03, 0|
14:36:04 0, 59, N/A, 42.60, 0|1, 57, N/A, 47.03, 0|2, 60, N/A, 52.21, 0|3, 62, N/A, 160.37, 100|4, 38, N/A, 27.58, 0|5, 40, N/A, 26.84, 0|6, 36, N/A, 28.05, 0|
14:36:06 0, 60, N/A, 54.17, 24|1, 58, N/A, 112.29, 25|2, 60, N/A, 140.15, 33|3, 60, N/A, 44.79, 19|4, 38, N/A, 27.35, 0|5, 40, N/A, 27.10, 0|6, 36, N/A, 28.05, 0|
14:36:08 0, 60, N/A, 47.52, 18|1, 58, N/A, 70.39, 23|2, 60, N/A, 181.19, 30|3, 59, N/A, 44.54, 19|4, 38, N/A, 27.60, 0|5, 40, N/A, 27.10, 0|6, 36, N/A, 28.07, 0|
14:36:10 0, 59, N/A, 45.06, 32|1, 57, N/A, 56.64, 30|2, 60, N/A, 118.19, 20|3, 59, N/A, 127.29, 35|4, 38, N/A, 27.35, 0|5, 40, N/A, 27.10, 0|6, 36, N/A, 28.05, 0|
14:36:12 0, 59, N/A, 44.08, 33|1, 57, N/A, 50.48, 16|2, 60, N/A, 75.27, 26|3, 59, N/A, 159.73, 30|4, 38, N/A, 27.58, 0|5, 40, N/A, 27.10, 0|6, 36, N/A, 28.05, 0|
14:36:14 0, 59, N/A, 43.83, 16|1, 57, N/A, 48.76, 32|2, 60, N/A, 61.53, 25|3, 59, N/A, 113.87, 27|4, 38, N/A, 27.58, 0|5, 40, N/A, 27.10, 0|6, 36, N/A, 28.05, 0|
14:36:17 0, 59, N/A, 107.38, 16|1, 57, N/A, 47.77, 32|2, 59, N/A, 56.39, 24|3, 59, N/A, 67.11, 26|4, 38, N/A, 27.33, 0|5, 40, N/A, 27.10, 0|6, 36, N/A, 28.05, 0|
14:36:19 0, 59, N/A, 157.48, 32|1, 57, N/A, 82.89, 16|2, 59, N/A, 54.18, 31|3, 59, N/A, 50.45, 25|4, 38, N/A, 27.60, 0|5, 40, N/A, 27.10, 0|6, 36, N/A, 28.07, 0|
14:36:21 0, 59, N/A, 84.86, 25|1, 57, N/A, 148.98, 16|2, 59, N/A, 53.69, 17|3, 59, N/A, 46.27, 31|4, 38, N/A, 27.60, 0|5, 40, N/A, 27.12, 0|6, 36, N/A, 28.06, 0|
14:36:23 0, 59, N/A, 55.16, 24|1, 57, N/A, 126.47, 32|2, 59, N/A, 130.89, 17|3, 58, N/A, 44.54, 38|4, 38, N/A, 27.60, 0|5, 40, N/A, 27.10, 0|6, 36, N/A, 27.81, 0|
14:36:25 0, 59, N/A, 48.02, 25|1, 57, N/A, 77.73, 27|2, 59, N/A, 174.32, 33|3, 58, N/A, 44.30, 19|4, 38, N/A, 27.60, 0|5, 40, N/A, 27.10, 0|6, 36, N/A, 28.05, 0|
14:36:27 0, 58, N/A, 44.82, 20|1, 56, N/A, 55.16, 21|2, 59, N/A, 108.42, 32|3, 58, N/A, 133.18, 19|4, 38, N/A, 27.60, 0|5, 40, N/A, 27.10, 0|6, 36, N/A, 28.05, 0|
14:36:29 0, 58, N/A, 43.83, 29|1, 56, N/A, 49.99, 27|2, 59, N/A, 74.83, 18|3, 59, N/A, 157.77, 38|4, 38, N/A, 27.33, 0|5, 40, N/A, 27.10, 0|6, 36, N/A, 28.05, 0|
14:36:31 0, 58, N/A, 43.58, 33|1, 56, N/A, 48.26, 16|2, 59, N/A, 61.78, 26|3, 59, N/A, 120.91, 32|4, 38, N/A, 27.58, 0|5, 40, N/A, 27.10, 0|6, 36, N/A, 28.05, 0|
14:36:33 0, 58, N/A, 98.58, 16|1, 56, N/A, 47.28, 16|2, 58, N/A, 56.40, 17|3, 59, N/A, 73.01, 28|4, 38, N/A, 27.35, 0|5, 40, N/A, 26.86, 0|6, 36, N/A, 28.05, 0|
14:36:35 0, 58, N/A, 151.38, 16|1, 56, N/A, 47.06, 32|2, 58, N/A, 53.94, 31|3, 59, N/A, 53.65, 37|4, 38, N/A, 27.35, 0|5, 40, N/A, 26.88, 0|6, 36, N/A, 28.07, 0|
14:36:37 0, 57, N/A, 120.65, 33|1, 56, N/A, 114.50, 16|2, 58, N/A, 53.19, 34|3, 58, N/A, 47.99, 19|4, 38, N/A, 27.60, 0|5, 40, N/A, 27.12, 0|6, 36, N/A, 28.07, 0|
14:36:39 0, 58, N/A, 86.09, 27|1, 56, N/A, 147.02, 16|2, 58, N/A, 52.95, 17|3, 58, N/A, 46.27, 38|4, 38, N/A, 27.60, 0|5, 40, N/A, 26.86, 0|6, 36, N/A, 28.07, 0|
14:36:42 0, 58, N/A, 63.01, 23|1, 55, N/A, 167.79, 26|2, 57, N/A, 78.42, 17|3, 58, N/A, 44.79, 38|4, 38, N/A, 27.60, 0|5, 40, N/A, 27.10, 0|6, 36, N/A, 28.07, 0|
14:36:44 0, 57, N/A, 82.16, 35|1, 55, N/A, 127.21, 16|2, 57, N/A, 52.70, 17|3, 58, N/A, 46.51, 25|4, 38, N/A, 27.35, 0|5, 40, N/A, 27.12, 0|6, 36, N/A, 28.07, 0|
14:36:46 0, 57, N/A, 37.21, 30|1, 55, N/A, 43.86, 17|2, 57, N/A, 72.12, 36|3, 58, N/A, 144.62, 19|4, 38, N/A, 27.35, 0|5, 40, N/A, 27.10, 0|6, 36, N/A, 28.06, 0|
14:36:48 0, 56, N/A, 53.90, 18|1, 54, N/A, 40.90, 18|2, 57, N/A, 47.04, 18|3, 58, N/A, 89.19, 37|4, 38, N/A, 27.58, 0|5, 40, N/A, 27.10, 0|6, 36, N/A, 28.06, 0|
14:36:50 0, 56, N/A, 121.62, 18|1, 54, N/A, 40.16, 28|2, 56, N/A, 43.83, 18|3, 58, N/A, 52.17, 38|4, 38, N/A, 27.35, 0|5, 40, N/A, 27.10, 0|6, 36, N/A, 28.07, 0|
14:36:52 0, 56, N/A, 66.46, 35|1, 54, N/A, 119.59, 22|2, 56, N/A, 43.12, 36|3, 58, N/A, 45.28, 19|4, 38, N/A, 27.35, 0|5, 40, N/A, 26.88, 0|6, 36, N/A, 28.07, 0|
14:36:54 0, 56, N/A, 43.37, 30|1, 54, N/A, 93.48, 17|2, 56, N/A, 106.16, 18|3, 57, N/A, 43.81, 19|4, 38, N/A, 27.60, 0|5, 40, N/A, 27.12, 0|6, 36, N/A, 28.07, 0|
14:36:56 0, 56, N/A, 38.19, 18|1, 54, N/A, 50.73, 28|2, 56, N/A, 133.43, 18|3, 57, N/A, 80.14, 38|4, 38, N/A, 27.60, 0|5, 40, N/A, 27.11, 0|6, 36, N/A, 28.07, 0|
14:36:58 0, 55, N/A, 36.71, 18|1, 54, N/A, 41.64, 23|2, 56, N/A, 57.38, 36|3, 57, N/A, 165.28, 19|4, 38, N/A, 27.60, 0|5, 40, N/A, 27.11, 0|6, 36, N/A, 28.06, 0|
14:37:00 0, 55, N/A, 90.52, 30|1, 53, N/A, 40.16, 17|2, 55, N/A, 44.60, 36|3, 58, N/A, 69.11, 19|4, 38, N/A, 27.35, 0|5, 40, N/A, 27.11, 0|6, 36, N/A, 28.07, 0|
14:37:02 0, 55, N/A, 116.73, 23|1, 53, N/A, 74.57, 17|2, 55, N/A, 42.88, 18|3, 57, N/A, 48.24, 38|4, 38, N/A, 27.60, 0|5, 40, N/A, 27.12, 0|6, 36, N/A, 28.07, 0|
14:37:04 0, 56, N/A, 47.77, 18|1, 53, N/A, 122.38, 29|2, 55, N/A, 78.72, 18|3, 58, N/A, 44.08, 38|4, 38, N/A, 27.60, 0|5, 40, N/A, 27.12, 0|6, 37, N/A, 28.07, 0|
14:37:07 0, 56, N/A, 38.69, 24|1, 54, N/A, 57.84, 23|2, 55, N/A, 135.00, 36|3, 58, N/A, 43.56, 19|4, 38, N/A, 27.60, 0|5, 40, N/A, 27.10, 0|6, 36, N/A, 28.06, 0|
14:37:09 0, 56, N/A, 36.96, 27|1, 54, N/A, 43.10, 17|2, 56, N/A, 68.92, 31|3, 58, N/A, 145.77, 19|4, 38, N/A, 27.58, 0|5, 40, N/A, 27.10, 0|6, 36, N/A, 28.05, 0|
14:37:11 0, 55, N/A, 36.71, 18|1, 53, N/A, 40.41, 22|2, 56, N/A, 47.53, 18|3, 58, N/A, 103.38, 38|4, 38, N/A, 27.60, 0|5, 40, N/A, 27.12, 0|6, 37, N/A, 28.07, 0|
14:37:13 0, 55, N/A, 113.76, 18|1, 54, N/A, 40.16, 24|2, 55, N/A, 43.37, 18|3, 59, N/A, 56.58, 36|4, 38, N/A, 27.60, 0|5, 40, N/A, 27.12, 0|6, 37, N/A, 28.07, 0|
14:37:15 0, 56, N/A, 82.90, 31|1, 54, N/A, 103.74, 17|2, 55, N/A, 42.60, 31|3, 58, N/A, 45.28, 19|4, 38, N/A, 27.60, 0|5, 40, N/A, 27.11, 0|6, 37, N/A, 28.07, 0|
14:37:17 0, 56, N/A, 42.36, 25|1, 54, N/A, 88.01, 22|2, 55, N/A, 107.38, 18|3, 58, N/A, 44.05, 19|4, 38, N/A, 27.60, 0|5, 40, N/A, 27.10, 0|6, 37, N/A, 28.06, 0|
14:37:19 0, 56, N/A, 36.71, 18|1, 54, N/A, 41.64, 28|2, 56, N/A, 56.15, 18|3, 59, N/A, 160.63, 35|4, 38, N/A, 27.58, 0|5, 40, N/A, 27.10, 0|6, 37, N/A, 28.06, 0|
14:37:21 0, 55, N/A, 95.88, 21|1, 54, N/A, 40.16, 19|2, 55, N/A, 44.35, 18|3, 59, N/A, 66.65, 29|4, 38, N/A, 27.60, 0|5, 40, N/A, 27.12, 0|6, 37, N/A, 28.07, 0|
14:37:23 0, 56, N/A, 78.47, 26|1, 54, N/A, 108.92, 17|2, 55, N/A, 42.63, 34|3, 59, N/A, 46.27, 19|4, 38, N/A, 27.60, 0|5, 40, N/A, 27.12, 0|6, 37, N/A, 28.07, 0|
14:37:25 0, 56, N/A, 42.60, 20|1, 54, N/A, 88.81, 19|2, 55, N/A, 107.39, 18|3, 59, N/A, 44.30, 19|4, 38, N/A, 27.60, 0|5, 40, N/A, 27.12, 0|6, 37, N/A, 28.07, 0|
14:37:27 0, 56, N/A, 37.70, 21|1, 54, N/A, 47.06, 25|2, 56, N/A, 97.86, 18|3, 59, N/A, 116.57, 37|4, 38, N/A, 27.60, 0|5, 40, N/A, 27.10, 0|6, 37, N/A, 28.07, 0|
14:37:29 0, 56, N/A, 36.71, 28|1, 54, N/A, 41.15, 20|2, 56, N/A, 52.21, 33|3, 59, N/A, 162.93, 29|4, 38, N/A, 27.60, 0|5, 40, N/A, 27.11, 0|6, 37, N/A, 28.07, 0|
14:37:32 0, 56, N/A, 100.98, 24|1, 54, N/A, 40.16, 20|2, 56, N/A, 44.11, 28|3, 59, N/A, 64.20, 19|4, 38, N/A, 27.60, 0|5, 40, N/A, 27.10, 0|6, 37, N/A, 28.06, 0|
14:37:34 0, 56, N/A, 98.35, 18|1, 54, N/A, 91.71, 28|2, 56, N/A, 42.87, 18|3, 59, N/A, 47.25, 24|4, 38, N/A, 27.60, 0|5, 40, N/A, 27.12, 0|6, 37, N/A, 28.07, 0|
14:37:36 0, 56, N/A, 45.83, 24|1, 54, N/A, 109.65, 17|2, 56, N/A, 90.73, 24|3, 59, N/A, 44.57, 26|4, 38, N/A, 27.60, 0|5, 40, N/A, 27.12, 0|6, 37, N/A, 28.07, 0|
14:37:38 0, 56, N/A, 37.95, 30|1, 54, N/A, 50.98, 17|2, 56, N/A, 130.89, 24|3, 59, N/A, 78.86, 19|4, 38, N/A, 27.60, 0|5, 40, N/A, 27.12, 0|6, 37, N/A, 28.07, 0|
14:37:40 0, 56, N/A, 36.96, 18|1, 54, N/A, 42.38, 31|2, 56, N/A, 56.39, 18|3, 59, N/A, 161.95, 28|4, 39, N/A, 27.60, 0|5, 40, N/A, 27.12, 0|6, 37, N/A, 28.07, 0|
14:37:42 0, 56, N/A, 77.98, 18|1, 54, N/A, 40.41, 34|2, 56, N/A, 44.85, 25|3, 60, N/A, 72.03, 22|4, 39, N/A, 27.60, 0|5, 40, N/A, 27.11, 0|6, 37, N/A, 28.06, 0|
14:37:44 0, 56, N/A, 121.07, 33|1, 54, N/A, 69.17, 17|2, 56, N/A, 43.10, 26|3, 60, N/A, 48.73, 19|4, 39, N/A, 27.60, 0|5, 40, N/A, 27.12, 0|6, 37, N/A, 28.32, 0|
14:37:46 0, 56, N/A, 51.47, 35|1, 55, N/A, 134.81, 17|2, 56, N/A, 60.55, 22|3, 60, N/A, 45.04, 29|4, 39, N/A, 27.60, 0|5, 40, N/A, 27.12, 0|6, 37, N/A, 28.32, 0|
14:37:48 0, 56, N/A, 38.93, 18|1, 55, N/A, 56.39, 32|2, 56, N/A, 134.51, 18|3, 59, N/A, 44.54, 31|4, 39, N/A, 27.60, 0|5, 41, N/A, 27.10, 0|6, 37, N/A, 28.30, 0|
14:37:50 0, 56, N/A, 36.96, 18|1, 54, N/A, 42.60, 34|2, 56, N/A, 58.33, 27|3, 60, N/A, 159.89, 21|4, 39, N/A, 27.58, 0|5, 41, N/A, 27.10, 0|6, 37, N/A, 28.05, 0|
14:37:52 0, 56, N/A, 74.78, 35|1, 54, N/A, 40.41, 17|2, 56, N/A, 45.09, 34|3, 60, N/A, 73.99, 19|4, 39, N/A, 27.60, 0|5, 41, N/A, 27.12, 0|6, 37, N/A, 28.07, 0|
14:37:54 0, 56, N/A, 125.25, 18|1, 54, N/A, 61.78, 17|2, 56, N/A, 43.12, 18|3, 60, N/A, 48.73, 33|4, 39, N/A, 27.60, 0|5, 41, N/A, 27.11, 0|6, 38, N/A, 28.32, 0|
14:37:57 0, 56, N/A, 46.79, 18|1, 54, N/A, 118.92, 34|2, 56, N/A, 79.17, 18|3, 60, N/A, 45.07, 39|4, 39, N/A, 27.60, 0|5, 41, N/A, 27.12, 0|6, 37, N/A, 28.32, 0|
14:37:59 0, 56, N/A, 38.44, 35|1, 54, N/A, 53.19, 31|2, 56, N/A, 138.44, 36|3, 60, N/A, 64.20, 19|4, 39, N/A, 27.60, 0|5, 41, N/A, 27.11, 0|6, 37, N/A, 28.30, 0|
14:38:01 0, 56, N/A, 36.96, 35|1, 54, N/A, 42.38, 17|2, 56, N/A, 60.83, 36|3, 60, N/A, 159.25, 19|4, 39, N/A, 27.60, 0|5, 41, N/A, 27.10, 0|6, 38, N/A, 28.32, 0|
14:38:03 0, 56, N/A, 80.93, 18|1, 54, N/A, 40.41, 17|2, 56, N/A, 45.34, 18|3, 61, N/A, 74.24, 38|4, 39, N/A, 27.60, 0|5, 41, N/A, 27.11, 0|6, 37, N/A, 28.32, 0|
14:38:05 0, 59, N/A, 150.22, 100|1, 53, N/A, 39.42, 0|2, 55, N/A, 41.89, 0|3, 59, N/A, 43.81, 0|4, 39, N/A, 27.60, 0|5, 41, N/A, 27.12, 0|6, 38, N/A, 28.30, 0|
14:38:07 0, 62, N/A, 174.08, 100|1, 58, N/A, 153.15, 100|2, 55, N/A, 41.89, 0|3, 58, N/A, 37.67, 0|4, 39, N/A, 27.60, 0|5, 41, N/A, 27.10, 0|6, 38, N/A, 28.30, 0|
14:38:09 0, 57, N/A, 42.11, 0|1, 57, N/A, 47.28, 0|2, 60, N/A, 166.48, 100|3, 61, N/A, 165.51, 100|4, 39, N/A, 27.58, 0|5, 41, N/A, 27.10, 0|6, 38, N/A, 28.30, 0|
14:38:11 0, 61, N/A, 144.96, 98|1, 57, N/A, 187.18, 12|2, 57, N/A, 49.99, 0|3, 64, N/A, 183.43, 100|4, 39, N/A, 27.58, 0|5, 41, N/A, 27.10, 0|6, 38, N/A, 28.30, 0|
14:38:13 0, 59, N/A, 43.09, 0|1, 60, N/A, 153.95, 100|2, 60, N/A, 158.62, 100|3, 60, N/A, 43.80, 0|4, 39, N/A, 27.58, 0|5, 41, N/A, 27.10, 0|6, 38, N/A, 28.30, 0|
14:38:15 0, 60, N/A, 169.29, 100|1, 56, N/A, 47.03, 0|2, 61, N/A, 182.29, 100|3, 63, N/A, 181.22, 100|4, 39, N/A, 27.56, 0|5, 41, N/A, 27.09, 0|6, 38, N/A, 28.28, 0|
14:38:17 0, 62, N/A, 176.41, 100|1, 60, N/A, 191.99, 100|2, 57, N/A, 50.45, 0|3, 61, N/A, 45.25, 0|4, 39, N/A, 27.58, 0|5, 41, N/A, 27.10, 0|6, 38, N/A, 28.30, 0|
14:38:19 0, 58, N/A, 42.10, 0|1, 61, N/A, 166.34, 100|2, 61, N/A, 188.07, 100|3, 60, N/A, 43.80, 0|4, 39, N/A, 27.58, 0|5, 41, N/A, 27.35, 0|6, 37, N/A, 28.30, 0|
14:38:22 0, 62, N/A, 153.07, 100|1, 56, N/A, 46.79, 0|2, 59, N/A, 52.20, 0|3, 63, N/A, 175.95, 100|4, 39, N/A, 27.58, 0|5, 41, N/A, 27.09, 0|6, 37, N/A, 28.28, 0|
14:38:24 0, 61, N/A, 44.57, 45|1, 60, N/A, 189.54, 50|2, 60, N/A, 201.06, 100|3, 60, N/A, 44.29, 0|4, 39, N/A, 27.58, 0|5, 41, N/A, 27.10, 0|6, 37, N/A, 28.30, 0|
14:38:26 0, 58, N/A, 42.60, 0|1, 58, N/A, 47.77, 0|2, 62, N/A, 168.68, 100|3, 63, N/A, 152.62, 100|4, 39, N/A, 27.58, 0|5, 41, N/A, 27.10, 0|6, 37, N/A, 28.30, 0|
14:38:28 0, 63, N/A, 153.80, 100|1, 59, N/A, 152.15, 100|2, 58, N/A, 51.46, 0|3, 64, N/A, 165.76, 100|4, 39, N/A, 27.58, 0|5, 41, N/A, 27.10, 0|6, 37, N/A, 28.30, 0|
14:38:30 0, 60, N/A, 43.09, 0|1, 61, N/A, 167.32, 100|2, 62, N/A, 202.43, 100|3, 60, N/A, 44.05, 0|4, 39, N/A, 27.58, 0|5, 41, N/A, 27.10, 0|6, 37, N/A, 28.30, 0|
14:38:32 0, 62, N/A, 180.34, 100|1, 57, N/A, 47.52, 0|2, 63, N/A, 181.20, 100|3, 63, N/A, 46.76, 61|4, 39, N/A, 27.58, 0|5, 41, N/A, 27.10, 0|6, 37, N/A, 28.30, 0|
14:38:34 0, 64, N/A, 169.41, 100|1, 61, N/A, 148.63, 100|2, 58, N/A, 51.19, 0|3, 61, N/A, 45.25, 0|4, 39, N/A, 27.58, 0|5, 41, N/A, 27.10, 0|6, 37, N/A, 28.05, 0|
14:38:36 0, 59, N/A, 42.82, 0|1, 61, N/A, 54.14, 100|2, 61, N/A, 185.13, 100|3, 61, N/A, 175.70, 0|4, 39, N/A, 27.56, 0|5, 41, N/A, 27.09, 0|6, 37, N/A, 28.28, 0|
14:38:38 0, 63, N/A, 173.72, 100|1, 57, N/A, 47.28, 0|2, 60, N/A, 52.91, 0|3, 64, N/A, 179.77, 100|4, 39, N/A, 27.56, 0|5, 41, N/A, 27.09, 0|6, 37, N/A, 28.28, 0|
14:38:40 0, 62, N/A, 44.81, 91|1, 61, N/A, 192.23, 74|2, 61, N/A, 200.46, 100|3, 61, N/A, 44.54, 0|4, 39, N/A, 27.58, 0|5, 41, N/A, 27.10, 0|6, 37, N/A, 28.30, 0|
14:38:42 0, 59, N/A, 42.84, 0|1, 59, N/A, 48.24, 0|2, 63, N/A, 183.78, 100|3, 63, N/A, 142.41, 100|4, 39, N/A, 27.58, 0|5, 41, N/A, 27.10, 0|6, 37, N/A, 28.30, 0|
14:38:44 0, 64, N/A, 161.30, 100|1, 60, N/A, 160.80, 100|2, 59, N/A, 52.17, 0|3, 64, N/A, 151.29, 100|4, 39, N/A, 27.56, 0|5, 41, N/A, 27.08, 0|6, 37, N/A, 28.03, 0|
14:38:47 0, 60, N/A, 43.56, 0|1, 62, N/A, 188.66, 100|2, 62, N/A, 198.73, 100|3, 60, N/A, 44.51, 0|4, 39, N/A, 27.56, 0|5, 40, N/A, 27.08, 0|6, 37, N/A, 28.28, 0|
14:38:49 0, 62, N/A, 143.63, 100|1, 58, N/A, 47.49, 0|2, 64, N/A, 201.18, 100|3, 65, N/A, 157.57, 100|4, 39, N/A, 27.56, 0|5, 41, N/A, 27.07, 0|6, 37, N/A, 28.03, 0|
14:38:51 0, 64, N/A, 141.18, 100|1, 61, N/A, 193.08, 100|2, 59, N/A, 51.89, 0|3, 62, N/A, 45.72, 0|4, 39, N/A, 27.56, 0|5, 40, N/A, 27.08, 0|6, 37, N/A, 28.28, 0|
14:38:53 0, 60, N/A, 43.56, 0|1, 63, N/A, 196.02, 100|2, 63, N/A, 198.86, 100|3, 60, N/A, 44.27, 4|4, 39, N/A, 27.56, 0|5, 41, N/A, 27.08, 0|6, 37, N/A, 28.30, 0|
14:38:55 0, 64, N/A, 143.58, 100|1, 58, N/A, 46.57, 0|2, 62, N/A, 54.42, 23|3, 64, N/A, 146.99, 100|4, 39, N/A, 27.58, 0|5, 41, N/A, 27.10, 0|6, 37, N/A, 28.30, 0|
14:38:57 0, 65, N/A, 167.44, 100|1, 61, N/A, 54.63, 100|2, 60, N/A, 180.34, 0|3, 61, N/A, 45.01, 0|4, 39, N/A, 27.58, 0|5, 41, N/A, 27.10, 0|6, 37, N/A, 28.30, 0|
14:38:59 0, 60, N/A, 43.31, 0|1, 60, N/A, 49.47, 0|2, 63, N/A, 167.92, 100|3, 63, N/A, 177.42, 100|4, 39, N/A, 27.58, 0|5, 41, N/A, 27.09, 0|6, 37, N/A, 28.03, 0|
14:39:01 0, 63, N/A, 45.80, 100|1, 58, N/A, 182.54, 0|2, 61, N/A, 52.91, 0|3, 64, N/A, 189.78, 100|4, 39, N/A, 27.58, 0|5, 40, N/A, 27.10, 0|6, 37, N/A, 28.05, 0|
14:39:03 0, 62, N/A, 44.57, 0|1, 62, N/A, 192.95, 100|2, 63, N/A, 202.19, 100|3, 61, N/A, 44.79, 0|4, 39, N/A, 27.58, 0|5, 40, N/A, 27.10, 0|6, 37, N/A, 28.05, 0|
14:39:05 0, 62, N/A, 161.79, 70|1, 59, N/A, 48.76, 4|2, 64, N/A, 183.27, 100|3, 65, N/A, 162.59, 100|4, 38, N/A, 27.58, 0|5, 40, N/A, 27.10, 0|6, 37, N/A, 28.05, 0|
14:39:07 0, 64, N/A, 167.09, 100|1, 61, N/A, 192.93, 100|2, 60, N/A, 52.66, 0|3, 66, N/A, 182.93, 100|4, 39, N/A, 27.56, 0|5, 40, N/A, 27.08, 0|6, 37, N/A, 28.03, 0|
14:39:09 0, 61, N/A, 44.07, 0|1, 62, N/A, 182.67, 100|2, 64, N/A, 180.98, 100|3, 61, N/A, 44.54, 0|4, 38, N/A, 27.58, 0|5, 40, N/A, 27.10, 0|6, 37, N/A, 28.05, 0|
14:39:12 0, 64, N/A, 180.34, 100|1, 59, N/A, 48.51, 0|2, 65, N/A, 206.10, 100|3, 64, N/A, 47.99, 100|4, 38, N/A, 27.58, 0|5, 40, N/A, 27.10, 0|6, 37, N/A, 28.05, 0|
14:39:14 0, 65, N/A, 167.92, 100|1, 62, N/A, 171.35, 100|2, 60, N/A, 51.68, 0|3, 63, N/A, 45.77, 0|4, 38, N/A, 27.58, 0|5, 40, N/A, 27.10, 0|6, 37, N/A, 28.30, 0|
14:39:16 0, 61, N/A, 43.82, 0|1, 63, N/A, 196.15, 100|2, 64, N/A, 193.21, 100|3, 61, N/A, 44.29, 4|4, 38, N/A, 27.58, 0|5, 40, N/A, 27.10, 0|6, 37, N/A, 28.05, 0|
14:39:18 0, 65, N/A, 181.56, 100|1, 59, N/A, 48.26, 0|2, 63, N/A, 54.38, 57|3, 65, N/A, 181.95, 100|4, 38, N/A, 27.56, 0|5, 40, N/A, 27.09, 0|6, 37, N/A, 28.03, 0|
14:39:20 0, 66, N/A, 180.22, 100|1, 63, N/A, 154.18, 100|2, 60, N/A, 51.41, 0|3, 62, N/A, 45.25, 0|4, 38, N/A, 27.56, 0|5, 40, N/A, 27.09, 0|6, 37, N/A, 28.03, 0|
14:39:22 0, 61, N/A, 43.82, 0|1, 61, N/A, 50.45, 0|2, 65, N/A, 205.62, 60|3, 63, N/A, 166.38, 100|4, 38, N/A, 27.58, 0|5, 40, N/A, 27.09, 0|6, 37, N/A, 28.05, 0|
14:39:24 0, 65, N/A, 180.61, 100|1, 58, N/A, 48.02, 0|2, 62, N/A, 53.43, 0|3, 65, N/A, 161.84, 100|4, 38, N/A, 27.58, 0|5, 40, N/A, 27.10, 0|6, 37, N/A, 28.05, 0|
14:39:26 0, 63, N/A, 45.80, 0|1, 63, N/A, 193.46, 83|2, 63, N/A, 192.14, 100|3, 62, N/A, 45.03, 0|4, 38, N/A, 27.58, 0|5, 40, N/A, 27.10, 0|6, 37, N/A, 28.05, 0|
14:39:28 0, 61, N/A, 43.80, 0|1, 60, N/A, 49.47, 0|2, 65, N/A, 205.62, 100|3, 64, N/A, 160.60, 100|4, 39, N/A, 27.58, 0|5, 40, N/A, 27.10, 0|6, 37, N/A, 28.05, 0|
14:39:30 0, 64, N/A, 150.75, 100|1, 61, N/A, 186.20, 100|2, 61, N/A, 53.40, 0|3, 66, N/A, 180.49, 100|4, 38, N/A, 27.56, 0|5, 40, N/A, 27.08, 0|6, 37, N/A, 28.03, 0|
14:39:32 0, 62, N/A, 44.57, 0|1, 62, N/A, 190.27, 100|2, 63, N/A, 210.37, 100|3, 61, N/A, 44.79, 0|4, 38, N/A, 27.58, 0|5, 40, N/A, 27.10, 0|6, 37, N/A, 28.05, 0|
14:39:34 0, 62, N/A, 178.36, 72|1, 59, N/A, 48.48, 0|2, 64, N/A, 204.72, 100|3, 64, N/A, 175.18, 100|4, 38, N/A, 27.56, 0|5, 40, N/A, 27.08, 0|6, 37, N/A, 28.03, 0|
14:39:37 0, 64, N/A, 143.38, 100|1, 61, N/A, 193.91, 100|2, 60, N/A, 52.63, 0|3, 65, N/A, 182.58, 100|4, 38, N/A, 27.56, 0|5, 40, N/A, 27.07, 0|6, 37, N/A, 28.02, 0|
14:39:39 0, 61, N/A, 43.55, 0|1, 62, N/A, 187.93, 100|2, 63, N/A, 204.22, 100|3, 60, N/A, 44.02, 0|4, 38, N/A, 27.56, 0|5, 40, N/A, 27.08, 0|6, 37, N/A, 28.03, 0|
14:39:41 0, 62, N/A, 160.46, 100|1, 58, N/A, 47.71, 0|2, 63, N/A, 180.71, 100|3, 64, N/A, 161.72, 100|4, 38, N/A, 27.56, 0|5, 40, N/A, 27.07, 0|6, 36, N/A, 28.02, 0|
14:39:43 0, 64, N/A, 157.28, 100|1, 60, N/A, 187.95, 100|2, 59, N/A, 51.89, 0|3, 62, N/A, 45.71, 52|4, 38, N/A, 27.56, 0|5, 40, N/A, 27.07, 0|6, 36, N/A, 28.03, 0|
14:39:45 0, 59, N/A, 43.31, 0|1, 62, N/A, 203.25, 100|2, 62, N/A, 202.02, 100|3, 59, N/A, 43.77, 5|4, 38, N/A, 27.56, 0|5, 40, N/A, 27.08, 0|6, 36, N/A, 28.03, 0|
14:39:47 0, 62, N/A, 150.00, 100|1, 57, N/A, 47.46, 0|2, 63, N/A, 211.42, 100|3, 61, N/A, 45.22, 13|4, 38, N/A, 27.56, 0|5, 40, N/A, 27.07, 0|6, 36, N/A, 28.02, 0|
14:39:49 0, 64, N/A, 181.67, 100|1, 60, N/A, 154.32, 100|2, 58, N/A, 51.64, 0|3, 60, N/A, 44.73, 0|4, 38, N/A, 27.54, 0|5, 39, N/A, 27.07, 0|6, 36, N/A, 28.02, 0|
14:39:51 0, 59, N/A, 42.81, 0|1, 62, N/A, 195.29, 100|2, 62, N/A, 171.89, 100|3, 58, N/A, 43.53, 0|4, 38, N/A, 27.56, 0|5, 39, N/A, 27.08, 0|6, 36, N/A, 28.03, 0|
14:39:53 0, 63, N/A, 178.75, 100|1, 56, N/A, 47.00, 0|2, 61, N/A, 54.10, 70|3, 62, N/A, 180.37, 3|4, 38, N/A, 27.30, 0|5, 40, N/A, 27.07, 0|6, 36, N/A, 28.02, 0|
14:39:55 0, 63, N/A, 152.62, 100|1, 60, N/A, 193.33, 100|2, 57, N/A, 50.90, 0|3, 59, N/A, 44.24, 0|4, 38, N/A, 27.54, 0|5, 39, N/A, 27.07, 0|6, 36, N/A, 28.02, 0|
14:39:57 0, 58, N/A, 42.57, 0|1, 60, N/A, 54.60, 86|2, 60, N/A, 192.21, 56|3, 60, N/A, 178.77, 23|4, 38, N/A, 27.32, 0|5, 39, N/A, 26.84, 0|6, 36, N/A, 28.03, 0|
14:39:59 0, 62, N/A, 177.02, 100|1, 56, N/A, 46.76, 0|2, 59, N/A, 52.66, 0|3, 61, N/A, 175.48, 100|4, 38, N/A, 27.32, 0|5, 39, N/A, 26.82, 0|6, 36, N/A, 28.03, 0|
14:40:02 0, 63, N/A, 179.97, 100|1, 60, N/A, 61.94, 100|2, 57, N/A, 185.01, 0|3, 58, N/A, 43.77, 0|4, 38, N/A, 27.30, 0|5, 39, N/A, 27.07, 0|6, 36, N/A, 28.03, 0|
14:40:04 0, 58, N/A, 42.57, 0|1, 58, N/A, 48.72, 0|2, 61, N/A, 203.62, 55|3, 60, N/A, 150.32, 100|4, 38, N/A, 27.32, 0|5, 39, N/A, 26.84, 0|6, 36, N/A, 28.03, 0|
14:40:06 0, 62, N/A, 180.22, 100|1, 55, N/A, 46.51, 0|2, 59, N/A, 51.92, 0|3, 62, N/A, 180.14, 100|4, 38, N/A, 27.30, 0|5, 39, N/A, 26.82, 0|6, 36, N/A, 28.02, 0|
14:40:08 0, 63, N/A, 73.49, 100|1, 58, N/A, 137.26, 11|2, 59, N/A, 197.87, 45|3, 58, N/A, 43.50, 0|4, 37, N/A, 27.56, 0|5, 39, N/A, 27.08, 0|6, 36, N/A, 28.03, 0|
14:40:10 0, 58, N/A, 42.57, 0|1, 58, N/A, 48.48, 0|2, 61, N/A, 213.78, 100|3, 61, N/A, 178.53, 100|4, 38, N/A, 27.32, 0|5, 39, N/A, 26.84, 0|6, 36, N/A, 28.03, 0|
14:40:12 0, 63, N/A, 153.60, 100|1, 55, N/A, 46.72, 0|2, 59, N/A, 51.89, 0|3, 62, N/A, 143.70, 100|4, 38, N/A, 27.30, 0|5, 39, N/A, 26.82, 0|6, 36, N/A, 28.02, 0|
14:40:14 0, 61, N/A, 45.00, 52|1, 60, N/A, 187.21, 25|2, 60, N/A, 202.51, 100|3, 59, N/A, 43.75, 0|4, 38, N/A, 27.31, 0|5, 39, N/A, 27.08, 0|6, 36, N/A, 28.03, 0|
14:40:16 0, 58, N/A, 42.08, 0|1, 58, N/A, 48.23, 0|2, 62, N/A, 182.19, 100|3, 62, N/A, 168.00, 100|4, 38, N/A, 27.32, 0|5, 39, N/A, 26.84, 0|6, 36, N/A, 27.79, 0|
14:40:18 0, 61, N/A, 45.00, 72|1, 57, N/A, 160.45, 7|2, 59, N/A, 52.13, 0|3, 62, N/A, 163.82, 100|4, 38, N/A, 27.30, 0|5, 39, N/A, 27.07, 0|6, 36, N/A, 28.02, 0|
14:40:20 0, 61, N/A, 44.54, 13|1, 61, N/A, 193.82, 100|2, 61, N/A, 157.92, 100|3, 59, N/A, 43.77, 0|4, 38, N/A, 27.31, 0|5, 39, N/A, 27.08, 0|6, 36, N/A, 28.03, 0|
14:40:22 0, 59, N/A, 42.05, 0|1, 58, N/A, 48.20, 0|2, 63, N/A, 204.99, 100|3, 62, N/A, 147.86, 100|4, 38, N/A, 27.31, 0|5, 39, N/A, 27.07, 0|6, 36, N/A, 28.02, 0|
14:40:24 0, 62, N/A, 138.97, 54|1, 59, N/A, 191.34, 22|2, 59, N/A, 52.10, 0|3, 63, N/A, 180.35, 100|4, 38, N/A, 27.30, 0|5, 39, N/A, 27.05, 0|6, 36, N/A, 28.02, 0|
14:40:26 0, 61, N/A, 44.27, 0|1, 61, N/A, 172.60, 100|2, 61, N/A, 179.38, 100|3, 59, N/A, 43.77, 0|4, 38, N/A, 27.31, 0|5, 39, N/A, 27.08, 0|6, 36, N/A, 28.03, 0|
14:40:29 0, 59, N/A, 42.82, 0|1, 58, N/A, 48.20, 0|2, 63, N/A, 205.09, 100|3, 62, N/A, 144.43, 100|4, 38, N/A, 27.32, 0|5, 39, N/A, 26.84, 0|6, 36, N/A, 28.03, 0|
14:40:31 0, 63, N/A, 146.47, 49|1, 59, N/A, 191.83, 100|2, 60, N/A, 52.35, 0|3, 63, N/A, 181.96, 100|4, 38, N/A, 27.30, 0|5, 39, N/A, 26.81, 0|6, 36, N/A, 28.00, 0|
14:40:33 0, 61, N/A, 44.51, 0|1, 61, N/A, 197.34, 100|2, 62, N/A, 200.83, 100|3, 59, N/A, 43.77, 0|4, 38, N/A, 27.31, 0|5, 39, N/A, 27.08, 0|6, 36, N/A, 28.03, 0|
14:40:35 0, 59, N/A, 43.04, 0|1, 58, N/A, 48.45, 0|2, 64, N/A, 193.35, 100|3, 62, N/A, 178.76, 100|4, 37, N/A, 27.31, 0|5, 39, N/A, 26.82, 0|6, 36, N/A, 28.02, 0|
14:40:37 0, 63, N/A, 148.45, 49|1, 59, N/A, 192.32, 100|2, 60, N/A, 52.63, 0|3, 64, N/A, 181.59, 100|4, 38, N/A, 27.30, 0|5, 39, N/A, 27.07, 0|6, 36, N/A, 28.02, 0|
14:40:39 0, 62, N/A, 44.51, 0|1, 61, N/A, 190.10, 100|2, 62, N/A, 202.51, 100|3, 60, N/A, 43.99, 0|4, 38, N/A, 27.31, 0|5, 40, N/A, 27.08, 0|6, 36, N/A, 28.03, 0|
14:40:41 0, 60, N/A, 43.06, 0|1, 59, N/A, 48.45, 0|2, 64, N/A, 204.22, 100|3, 62, N/A, 155.11, 100|4, 38, N/A, 27.56, 0|5, 39, N/A, 27.07, 0|6, 36, N/A, 28.02, 0|
14:40:43 0, 63, N/A, 169.66, 28|1, 59, N/A, 188.40, 58|2, 60, N/A, 52.84, 0|3, 64, N/A, 180.37, 100|4, 38, N/A, 27.30, 0|5, 39, N/A, 27.07, 0|6, 36, N/A, 28.02, 0|
14:40:45 0, 62, N/A, 44.54, 0|1, 62, N/A, 154.57, 100|2, 62, N/A, 193.74, 100|3, 60, N/A, 44.02, 0|4, 38, N/A, 27.31, 0|5, 39, N/A, 27.08, 0|6, 36, N/A, 28.03, 0|
14:40:47 0, 60, N/A, 43.06, 0|1, 59, N/A, 48.20, 0|2, 64, N/A, 205.48, 100|3, 63, N/A, 152.91, 100|4, 38, N/A, 27.56, 0|5, 39, N/A, 27.07, 0|6, 36, N/A, 28.03, 0|
14:40:49 0, 63, N/A, 149.67, 72|1, 60, N/A, 188.40, 100|2, 60, N/A, 52.84, 0|3, 64, N/A, 180.61, 100|4, 38, N/A, 27.30, 0|5, 39, N/A, 26.82, 0|6, 36, N/A, 28.02, 0|
14:40:51 0, 62, N/A, 45.03, 0|1, 62, N/A, 174.57, 100|2, 62, N/A, 207.32, 100|3, 60, N/A, 44.02, 0|4, 38, N/A, 27.31, 0|5, 40, N/A, 26.84, 0|6, 36, N/A, 28.03, 0|
14:40:54 0, 60, N/A, 43.31, 0|1, 60, N/A, 48.97, 0|2, 64, N/A, 205.34, 100|3, 63, N/A, 160.01, 100|4, 38, N/A, 27.32, 0|5, 39, N/A, 27.09, 0|6, 36, N/A, 28.03, 0|
14:40:56 0, 63, N/A, 45.53, 54|1, 58, N/A, 136.12, 31|2, 61, N/A, 52.14, 0|3, 64, N/A, 180.47, 100|4, 38, N/A, 27.32, 0|5, 40, N/A, 27.08, 0|6, 36, N/A, 28.03, 0|
14:40:58 0, 63, N/A, 45.28, 36|1, 62, N/A, 196.02, 52|2, 63, N/A, 166.74, 100|3, 60, N/A, 44.27, 0|4, 38, N/A, 27.32, 0|5, 40, N/A, 27.08, 0|6, 36, N/A, 28.03, 0|
14:41:00 0, 60, N/A, 43.56, 0|1, 60, N/A, 48.72, 0|2, 64, N/A, 163.66, 100|3, 64, N/A, 173.49, 100|4, 38, N/A, 27.56, 0|5, 40, N/A, 27.09, 0|6, 36, N/A, 28.03, 0|
14:41:02 0, 64, N/A, 56.07, 100|1, 58, N/A, 169.18, 0|2, 61, N/A, 53.62, 0|3, 64, N/A, 151.45, 100|4, 38, N/A, 27.56, 0|5, 40, N/A, 27.07, 0|6, 36, N/A, 28.02, 0|
14:41:04 0, 64, N/A, 46.23, 40|1, 61, N/A, 170.88, 48|2, 63, N/A, 176.31, 100|3, 60, N/A, 44.27, 0|4, 38, N/A, 27.56, 0|5, 40, N/A, 27.08, 0|6, 36, N/A, 28.03, 0|
14:41:06 0, 60, N/A, 43.56, 0|1, 60, N/A, 48.97, 0|2, 64, N/A, 189.80, 100|3, 63, N/A, 179.85, 100|4, 38, N/A, 27.58, 0|5, 40, N/A, 27.09, 0|6, 36, N/A, 28.05, 0|
14:41:08 0, 65, N/A, 159.11, 100|1, 58, N/A, 47.00, 0|2, 61, N/A, 53.15, 0|3, 64, N/A, 181.95, 100|4, 38, N/A, 27.32, 0|5, 39, N/A, 27.07, 0|6, 36, N/A, 28.03, 0|
14:41:10 0, 65, N/A, 179.96, 100|1, 60, N/A, 50.17, 47|2, 61, N/A, 197.49, 100|3, 60, N/A, 44.24, 0|4, 38, N/A, 27.31, 0|5, 40, N/A, 26.84, 0|6, 36, N/A, 28.03, 0|
14:41:12 0, 60, N/A, 43.31, 0|1, 60, N/A, 50.17, 0|2, 64, N/A, 203.87, 98|3, 62, N/A, 157.56, 100|4, 37, N/A, 27.32, 0|5, 39, N/A, 26.84, 0|6, 36, N/A, 28.03, 0|
14:41:14 0, 64, N/A, 178.50, 100|1, 57, N/A, 47.49, 0|2, 61, N/A, 53.65, 0|3, 63, N/A, 153.65, 100|4, 37, N/A, 27.32, 0|5, 39, N/A, 27.07, 0|6, 36, N/A, 28.02, 0|
14:41:16 0, 65, N/A, 181.20, 100|1, 62, N/A, 100.66, 100|2, 59, N/A, 120.18, 0|3, 60, N/A, 43.99, 0|4, 37, N/A, 27.30, 0|5, 39, N/A, 26.82, 0|6, 36, N/A, 28.02, 0|
14:41:18 0, 59, N/A, 43.04, 0|1, 61, N/A, 51.40, 100|2, 62, N/A, 171.65, 43|3, 61, N/A, 179.51, 100|4, 37, N/A, 27.32, 0|5, 39, N/A, 27.07, 0|6, 36, N/A, 28.03, 0|
14:41:21 0, 63, N/A, 167.57, 100|1, 57, N/A, 47.25, 0|2, 61, N/A, 54.10, 0|3, 62, N/A, 169.96, 100|4, 37, N/A, 27.30, 0|5, 39, N/A, 26.82, 0|6, 36, N/A, 28.02, 0|
14:41:23 0, 64, N/A, 155.56, 100|1, 61, N/A, 195.29, 100|2, 58, N/A, 51.40, 6|3, 60, N/A, 43.99, 0|4, 37, N/A, 27.30, 0|5, 39, N/A, 26.82, 0|6, 36, N/A, 27.77, 0|
14:41:25 0, 59, N/A, 43.06, 0|1, 62, N/A, 194.32, 100|2, 62, N/A, 86.72, 100|3, 58, N/A, 102.81, 0|4, 37, N/A, 27.32, 0|5, 39, N/A, 26.59, 0|6, 36, N/A, 28.03, 0|
14:41:27 0, 62, N/A, 177.28, 100|1, 56, N/A, 47.25, 0|2, 62, N/A, 55.82, 100|3, 60, N/A, 162.62, 24|4, 37, N/A, 27.30, 0|5, 39, N/A, 26.82, 0|6, 36, N/A, 28.02, 0|
14:41:29 0, 64, N/A, 180.69, 100|1, 60, N/A, 181.90, 100|2, 58, N/A, 51.15, 0|3, 60, N/A, 44.24, 0|4, 37, N/A, 27.30, 0|5, 39, N/A, 26.82, 0|6, 36, N/A, 27.77, 0|
14:41:31 0, 59, N/A, 42.57, 0|1, 61, N/A, 175.29, 100|2, 62, N/A, 204.75, 100|3, 57, N/A, 42.79, 6|4, 37, N/A, 27.32, 0|5, 39, N/A, 26.84, 0|6, 36, N/A, 28.03, 0|
14:41:33 0, 62, N/A, 155.09, 100|1, 56, N/A, 46.97, 0|2, 63, N/A, 205.20, 100|3, 60, N/A, 45.22, 72|4, 37, N/A, 27.30, 0|5, 39, N/A, 26.58, 0|6, 36, N/A, 27.77, 0|
14:41:35 0, 63, N/A, 152.62, 100|1, 59, N/A, 188.92, 100|2, 57, N/A, 50.90, 0|3, 60, N/A, 44.98, 76|4, 37, N/A, 27.30, 0|5, 39, N/A, 26.82, 0|6, 36, N/A, 27.77, 0|
14:41:37 0, 59, N/A, 42.81, 0|1, 60, N/A, 193.33, 100|2, 61, N/A, 200.20, 100|3, 57, N/A, 42.79, 0|4, 37, N/A, 27.32, 0|5, 39, N/A, 26.59, 0|6, 36, N/A, 27.79, 0|
14:41:39 0, 61, N/A, 140.93, 100|1, 56, N/A, 46.97, 0|2, 62, N/A, 176.76, 100|3, 62, N/A, 181.32, 100|4, 37, N/A, 27.30, 0|5, 39, N/A, 26.58, 0|6, 36, N/A, 28.02, 0|
14:41:41 0, 62, N/A, 157.42, 100|1, 59, N/A, 190.61, 100|2, 57, N/A, 50.90, 0|3, 62, N/A, 180.12, 100|4, 37, N/A, 27.30, 0|5, 39, N/A, 26.81, 0|6, 36, N/A, 27.77, 0|
14:41:43 0, 59, N/A, 43.06, 0|1, 60, N/A, 166.60, 100|2, 60, N/A, 214.51, 100|3, 57, N/A, 42.79, 0|4, 37, N/A, 27.32, 0|5, 39, N/A, 26.59, 0|6, 35, N/A, 27.79, 0|
14:41:46 0, 59, N/A, 161.67, 100|1, 56, N/A, 47.22, 6|2, 61, N/A, 200.56, 100|3, 62, N/A, 152.91, 100|4, 37, N/A, 27.30, 0|5, 39, N/A, 26.58, 0|6, 36, N/A, 28.02, 0|
14:41:48 0, 62, N/A, 179.61, 100|1, 58, N/A, 161.67, 100|2, 58, N/A, 51.40, 0|3, 62, N/A, 153.06, 100|4, 37, N/A, 27.30, 0|5, 39, N/A, 26.81, 0|6, 36, N/A, 28.02, 0|
14:41:50 0, 60, N/A, 43.80, 0|1, 60, N/A, 166.23, 100|2, 60, N/A, 196.77, 100|3, 58, N/A, 43.28, 0|4, 37, N/A, 27.32, 0|5, 39, N/A, 26.84, 0|6, 36, N/A, 27.79, 0|
14:41:52 0, 58, N/A, 42.57, 0|1, 57, N/A, 47.74, 0|2, 62, N/A, 203.87, 100|3, 61, N/A, 172.16, 100|4, 37, N/A, 27.32, 0|5, 39, N/A, 26.84, 0|6, 36, N/A, 27.54, 0|
14:41:54 0, 63, N/A, 52.84, 100|1, 56, N/A, 173.84, 0|2, 59, N/A, 51.64, 0|3, 62, N/A, 164.57, 100|4, 37, N/A, 27.30, 0|5, 39, N/A, 26.82, 0|6, 36, N/A, 27.77, 0|
14:41:56 0, 62, N/A, 44.76, 79|1, 59, N/A, 189.40, 6|2, 60, N/A, 201.29, 100|3, 58, N/A, 43.50, 0|4, 37, N/A, 27.31, 0|5, 39, N/A, 26.59, 0|6, 35, N/A, 27.79, 0|
14:41:58 0, 59, N/A, 41.83, 0|1, 59, N/A, 48.97, 0|2, 62, N/A, 201.94, 100|3, 60, N/A, 148.12, 100|4, 37, N/A, 27.32, 0|5, 39, N/A, 26.84, 0|6, 36, N/A, 27.79, 0|
14:42:00 0, 63, N/A, 162.68, 100|1, 56, N/A, 46.78, 0|2, 60, N/A, 52.91, 0|3, 62, N/A, 149.83, 100|4, 37, N/A, 27.32, 0|5, 39, N/A, 26.84, 0|6, 36, N/A, 27.79, 0|
14:42:02 0, 64, N/A, 178.12, 100|1, 61, N/A, 194.89, 100|2, 58, N/A, 50.91, 0|3, 59, N/A, 43.78, 0|4, 37, N/A, 27.32, 0|5, 39, N/A, 26.84, 0|6, 36, N/A, 27.79, 0|
14:42:04 0, 59, N/A, 42.82, 0|1, 62, N/A, 196.62, 100|2, 62, N/A, 64.20, 100|3, 58, N/A, 169.82, 0|4, 37, N/A, 27.33, 0|5, 39, N/A, 26.61, 0|6, 36, N/A, 28.05, 0|
14:42:06 0, 63, N/A, 171.38, 100|1, 57, N/A, 47.28, 0|2, 62, N/A, 55.65, 87|3, 61, N/A, 174.00, 0|4, 37, N/A, 27.33, 0|5, 39, N/A, 26.84, 0|6, 36, N/A, 28.05, 0|
14:42:08 0, 64, N/A, 180.58, 100|1, 61, N/A, 162.30, 100|2, 59, N/A, 51.44, 0|3, 60, N/A, 44.54, 0|4, 37, N/A, 27.33, 0|5, 39, N/A, 26.85, 0|6, 36, N/A, 28.05, 0|
14:42:11 0, 60, N/A, 43.09, 0|1, 62, N/A, 165.61, 100|2, 62, N/A, 174.35, 100|3, 58, N/A, 43.56, 0|4, 37, N/A, 27.33, 0|5, 39, N/A, 26.61, 0|6, 36, N/A, 28.05, 0|
14:42:13 0, 62, N/A, 174.44, 100|1, 58, N/A, 47.49, 0|2, 63, N/A, 202.89, 100|3, 63, N/A, 183.18, 100|4, 37, N/A, 27.32, 0|5, 39, N/A, 26.84, 0|6, 36, N/A, 28.03, 0|
14:42:15 0, 64, N/A, 179.35, 100|1, 61, N/A, 182.38, 100|2, 59, N/A, 51.92, 0|3, 64, N/A, 190.28, 100|4, 37, N/A, 27.33, 0|5, 39, N/A, 26.84, 0|6, 36, N/A, 27.81, 0|
14:42:17 0, 61, N/A, 43.58, 0|1, 62, N/A, 162.51, 100|2, 62, N/A, 205.35, 100|3, 59, N/A, 43.56, 0|4, 37, N/A, 27.33, 0|5, 39, N/A, 26.85, 0|6, 36, N/A, 28.05, 0|
14:42:19 0, 61, N/A, 164.73, 97|1, 58, N/A, 48.01, 6|2, 63, N/A, 196.90, 100|3, 63, N/A, 181.83, 100|4, 37, N/A, 27.33, 0|5, 39, N/A, 26.84, 0|6, 36, N/A, 28.05, 0|
14:42:21 0, 64, N/A, 179.35, 75|1, 60, N/A, 191.10, 100|2, 60, N/A, 52.66, 0|3, 64, N/A, 177.90, 100|4, 37, N/A, 27.33, 0|5, 39, N/A, 26.85, 0|6, 36, N/A, 28.05, 0|
14:42:23 0, 62, N/A, 44.57, 0|1, 62, N/A, 162.53, 100|2, 62, N/A, 164.42, 100|3, 59, N/A, 43.80, 0|4, 37, N/A, 27.33, 0|5, 39, N/A, 26.85, 0|6, 36, N/A, 27.81, 0|
14:42:25 0, 60, N/A, 42.35, 0|1, 60, N/A, 48.73, 0|2, 63, N/A, 191.74, 100|3, 63, N/A, 181.09, 100|4, 37, N/A, 27.33, 0|5, 39, N/A, 26.85, 0|6, 36, N/A, 28.05, 0|
14:42:27 0, 65, N/A, 180.34, 100|1, 58, N/A, 47.52, 0|2, 61, N/A, 53.43, 0|3, 64, N/A, 181.83, 100|4, 37, N/A, 27.33, 0|5, 39, N/A, 26.85, 0|6, 36, N/A, 27.81, 0|
14:42:29 0, 66, N/A, 182.79, 100|1, 62, N/A, 150.43, 100|2, 59, N/A, 66.38, 0|3, 60, N/A, 44.29, 0|4, 37, N/A, 27.33, 0|5, 39, N/A, 26.85, 0|6, 36, N/A, 28.05, 0|
14:42:31 0, 60, N/A, 43.34, 0|1, 63, N/A, 102.26, 100|2, 62, N/A, 120.51, 99|3, 61, N/A, 177.42, 63|4, 38, N/A, 27.33, 0|5, 39, N/A, 26.85, 0|6, 36, N/A, 28.05, 0|
14:42:33 0, 64, N/A, 181.34, 100|1, 58, N/A, 48.04, 0|2, 63, N/A, 56.14, 47|3, 63, N/A, 178.65, 15|4, 37, N/A, 27.33, 0|5, 39, N/A, 26.86, 0|6, 36, N/A, 28.05, 0|
14:42:36 0, 65, N/A, 182.79, 100|1, 62, N/A, 166.95, 100|2, 60, N/A, 52.42, 0|3, 61, N/A, 45.03, 0|4, 38, N/A, 27.33, 0|5, 39, N/A, 26.85, 0|6, 36, N/A, 28.05, 0|
14:42:38 0, 61, N/A, 43.82, 0|1, 63, N/A, 168.80, 100|2, 64, N/A, 171.91, 100|3, 60, N/A, 43.80, 0|4, 38, N/A, 27.33, 0|5, 39, N/A, 26.61, 0|6, 36, N/A, 27.81, 0|
14:42:40 0, 63, N/A, 161.55, 100|1, 59, N/A, 47.77, 0|2, 65, N/A, 173.21, 100|3, 64, N/A, 182.20, 100|4, 38, N/A, 27.33, 0|5, 39, N/A, 26.59, 0|6, 36, N/A, 28.05, 0|
14:42:42 0, 65, N/A, 177.38, 100|1, 62, N/A, 195.66, 100|2, 60, N/A, 52.91, 0|3, 65, N/A, 182.20, 100|4, 38, N/A, 27.33, 0|5, 39, N/A, 26.84, 0|6, 36, N/A, 28.05, 0|
14:42:44 0, 62, N/A, 44.32, 0|1, 63, N/A, 196.64, 100|2, 64, N/A, 171.76, 100|3, 60, N/A, 44.05, 0|4, 38, N/A, 27.33, 0|5, 39, N/A, 26.86, 0|6, 36, N/A, 28.05, 0|
14:42:46 0, 60, N/A, 137.61, 0|1, 60, N/A, 49.25, 0|2, 65, N/A, 165.71, 100|3, 63, N/A, 174.98, 100|4, 38, N/A, 27.33, 0|5, 39, N/A, 26.84, 0|6, 36, N/A, 27.81, 0|
14:42:48 0, 64, N/A, 130.81, 91|1, 59, N/A, 174.29, 79|2, 61, N/A, 53.65, 0|3, 64, N/A, 173.02, 100|4, 37, N/A, 27.33, 0|5, 39, N/A, 26.84, 0|6, 36, N/A, 28.05, 0|
14:42:50 0, 64, N/A, 46.29, 48|1, 62, N/A, 154.68, 18|2, 63, N/A, 200.23, 100|3, 61, N/A, 44.54, 0|4, 37, N/A, 27.33, 0|5, 39, N/A, 26.86, 0|6, 36, N/A, 27.81, 0|
14:42:52 0, 61, N/A, 43.82, 0|1, 61, N/A, 50.45, 34|2, 65, N/A, 206.80, 100|3, 62, N/A, 155.22, 100|4, 37, N/A, 27.33, 0|5, 39, N/A, 27.10, 0|6, 36, N/A, 28.05, 0|
14:42:54 0, 65, N/A, 192.96, 100|1, 58, N/A, 47.28, 0|2, 63, N/A, 55.13, 0|3, 64, N/A, 160.38, 100|4, 38, N/A, 27.33, 0|5, 39, N/A, 26.86, 0|6, 36, N/A, 28.05, 0|
14:42:56 0, 66, N/A, 148.65, 100|1, 63, N/A, 173.07, 100|2, 61, N/A, 52.91, 7|3, 61, N/A, 45.03, 0|4, 37, N/A, 27.33, 0|5, 39, N/A, 26.86, 0|6, 36, N/A, 27.81, 0|
14:42:58 0, 61, N/A, 43.82, 0|1, 63, N/A, 187.56, 100|2, 65, N/A, 208.27, 100|3, 60, N/A, 38.14, 7|4, 38, N/A, 27.33, 0|5, 39, N/A, 26.86, 0|6, 36, N/A, 27.81, 0|
14:43:01 0, 65, N/A, 181.32, 100|1, 59, N/A, 48.51, 0|2, 66, N/A, 208.27, 100|3, 64, N/A, 79.84, 100|4, 38, N/A, 27.33, 0|5, 39, N/A, 26.61, 0|6, 36, N/A, 28.05, 0|
14:43:03 0, 66, N/A, 182.91, 100|1, 63, N/A, 184.71, 100|2, 61, N/A, 53.37, 0|3, 65, N/A, 172.89, 100|4, 38, N/A, 27.31, 0|5, 39, N/A, 26.84, 0|6, 36, N/A, 28.03, 0|
14:43:05 0, 62, N/A, 44.54, 0|1, 64, N/A, 193.82, 100|2, 64, N/A, 163.80, 100|3, 60, N/A, 44.27, 0|4, 38, N/A, 27.32, 0|5, 39, N/A, 26.84, 0|6, 36, N/A, 28.03, 0|
14:43:07 0, 62, N/A, 170.40, 0|1, 60, N/A, 49.18, 7|2, 65, N/A, 180.34, 100|3, 64, N/A, 181.57, 100|4, 38, N/A, 27.30, 0|5, 39, N/A, 26.82, 0|6, 36, N/A, 28.02, 0|
14:43:09 0, 64, N/A, 166.97, 48|1, 60, N/A, 185.47, 33|2, 62, N/A, 53.82, 0|3, 65, N/A, 180.37, 100|4, 38, N/A, 27.30, 0|5, 39, N/A, 27.05, 0|6, 36, N/A, 28.02, 0|
14:43:11 0, 64, N/A, 46.48, 100|1, 62, N/A, 170.54, 64|2, 63, N/A, 202.76, 100|3, 61, N/A, 44.24, 0|4, 37, N/A, 27.31, 0|5, 39, N/A, 26.59, 0|6, 36, N/A, 28.03, 0|
14:43:13 0, 61, N/A, 43.56, 0|1, 61, N/A, 50.42, 9|2, 65, N/A, 206.07, 100|3, 62, N/A, 145.66, 100|4, 37, N/A, 27.32, 0|5, 39, N/A, 26.84, 0|6, 36, N/A, 28.03, 0|
14:43:15 0, 65, N/A, 153.63, 100|1, 58, N/A, 47.99, 0|2, 62, N/A, 54.85, 0|3, 64, N/A, 176.21, 100|4, 38, N/A, 27.30, 0|5, 39, N/A, 26.82, 0|6, 36, N/A, 27.77, 0|
14:43:17 0, 66, N/A, 181.81, 100|1, 62, N/A, 169.90, 100|2, 60, N/A, 51.89, 4|3, 61, N/A, 44.97, 0|4, 37, N/A, 27.30, 0|5, 39, N/A, 26.82, 0|6, 36, N/A, 28.02, 0|
14:43:19 0, 60, N/A, 43.55, 0|1, 63, N/A, 197.36, 100|2, 63, N/A, 196.53, 100|3, 59, N/A, 44.02, 0|4, 37, N/A, 27.32, 0|5, 39, N/A, 26.59, 0|6, 36, N/A, 28.03, 0|
14:43:21 0, 62, N/A, 177.65, 100|1, 58, N/A, 47.95, 0|2, 64, N/A, 214.86, 100|3, 63, N/A, 182.45, 100|4, 37, N/A, 27.30, 0|5, 39, N/A, 26.82, 0|6, 36, N/A, 27.77, 0|
14:43:23 0, 64, N/A, 176.66, 100|1, 61, N/A, 193.05, 100|2, 60, N/A, 52.35, 0|3, 64, N/A, 180.25, 100|4, 37, N/A, 27.30, 0|5, 39, N/A, 26.81, 0|6, 36, N/A, 28.00, 0|
14:43:26 0, 61, N/A, 44.04, 0|1, 61, N/A, 186.72, 100|2, 62, N/A, 201.32, 100|3, 59, N/A, 43.77, 0|4, 37, N/A, 27.31, 0|5, 39, N/A, 26.84, 0|6, 36, N/A, 27.79, 0|
14:43:28 0, 59, N/A, 42.05, 0|1, 59, N/A, 48.20, 0|2, 63, N/A, 205.73, 100|3, 62, N/A, 160.50, 100|4, 37, N/A, 27.31, 0|5, 39, N/A, 26.82, 0|6, 36, N/A, 27.79, 0|
14:43:30 0, 64, N/A, 181.57, 100|1, 57, N/A, 46.97, 0|2, 60, N/A, 52.63, 0|3, 63, N/A, 178.66, 100|4, 37, N/A, 27.30, 0|5, 39, N/A, 26.81, 0|6, 36, N/A, 27.77, 0|
14:43:32 0, 64, N/A, 181.92, 100|1, 61, N/A, 168.19, 100|2, 58, N/A, 51.15, 0|3, 59, N/A, 43.74, 0|4, 37, N/A, 27.30, 0|5, 39, N/A, 26.82, 0|6, 35, N/A, 27.77, 0|
14:43:34 0, 59, N/A, 42.82, 0|1, 62, N/A, 160.96, 100|2, 62, N/A, 95.75, 100|3, 58, N/A, 116.90, 2|4, 37, N/A, 27.32, 0|5, 39, N/A, 26.84, 0|6, 36, N/A, 27.79, 0|
14:43:36 0, 63, N/A, 148.45, 100|1, 57, N/A, 47.46, 0|2, 63, N/A, 166.00, 100|3, 60, N/A, 44.98, 6|4, 37, N/A, 27.30, 0|5, 39, N/A, 26.82, 0|6, 36, N/A, 27.77, 0|
14:43:38 0, 64, N/A, 180.10, 100|1, 60, N/A, 171.13, 100|2, 59, N/A, 51.64, 0|3, 61, N/A, 45.47, 0|4, 37, N/A, 27.30, 0|5, 39, N/A, 26.82, 0|6, 35, N/A, 28.02, 0|
14:43:40 0, 60, N/A, 43.55, 0|1, 62, N/A, 168.46, 100|2, 63, N/A, 204.50, 100|3, 58, N/A, 43.53, 0|4, 37, N/A, 27.31, 0|5, 39, N/A, 26.59, 0|6, 36, N/A, 28.03, 0|
14:43:42 0, 61, N/A, 158.90, 63|1, 58, N/A, 47.95, 7|2, 63, N/A, 164.63, 100|3, 63, N/A, 181.59, 100|4, 37, N/A, 27.30, 0|5, 39, N/A, 26.82, 0|6, 36, N/A, 28.02, 0|
14:43:44 0, 63, N/A, 176.41, 71|1, 59, N/A, 190.85, 100|2, 60, N/A, 52.38, 0|3, 63, N/A, 181.59, 100|4, 37, N/A, 27.30, 0|5, 39, N/A, 26.82, 0|6, 36, N/A, 27.77, 0|
14:43:46 0, 63, N/A, 45.74, 79|1, 61, N/A, 153.10, 0|2, 62, N/A, 203.52, 100|3, 59, N/A, 43.77, 0|4, 37, N/A, 27.31, 0|5, 39, N/A, 26.59, 0|6, 36, N/A, 28.03, 0|
14:43:48 0, 59, N/A, 43.06, 0|1, 61, N/A, 50.17, 8|2, 63, N/A, 204.11, 39|3, 62, N/A, 153.75, 100|4, 37, N/A, 27.32, 0|5, 39, N/A, 26.84, 0|6, 36, N/A, 28.03, 0|
14:43:51 0, 64, N/A, 181.93, 100|1, 57, N/A, 47.49, 0|2, 62, N/A, 55.09, 0|3, 63, N/A, 181.83, 56|4, 37, N/A, 27.30, 0|5, 39, N/A, 26.82, 0|6, 36, N/A, 27.77, 0|
14:43:53 0, 65, N/A, 179.71, 100|1, 62, N/A, 194.55, 100|2, 59, N/A, 52.10, 0|3, 61, N/A, 44.98, 0|4, 37, N/A, 27.31, 0|5, 39, N/A, 26.82, 0|6, 36, N/A, 28.03, 0|
14:43:55 0, 61, N/A, 43.80, 0|1, 63, N/A, 196.76, 100|2, 64, N/A, 170.67, 100|3, 59, N/A, 43.77, 0|4, 37, N/A, 27.32, 0|5, 39, N/A, 26.59, 0|6, 36, N/A, 28.03, 0|
14:43:57 0, 63, N/A, 180.59, 100|1, 59, N/A, 48.20, 0|2, 65, N/A, 208.87, 100|3, 63, N/A, 174.24, 100|4, 37, N/A, 27.30, 0|5, 39, N/A, 26.82, 0|6, 36, N/A, 28.02, 0|
14:43:59 0, 64, N/A, 181.57, 100|1, 60, N/A, 190.74, 100|2, 60, N/A, 52.84, 0|3, 64, N/A, 155.51, 100|4, 37, N/A, 27.28, 0|5, 39, N/A, 26.81, 0|6, 36, N/A, 28.00, 0|
14:44:01 0, 63, N/A, 45.25, 0|1, 62, N/A, 195.91, 78|2, 63, N/A, 181.58, 100|3, 60, N/A, 44.02, 0|4, 37, N/A, 27.31, 0|5, 39, N/A, 26.59, 0|6, 36, N/A, 27.79, 0|
14:44:03 0, 60, N/A, 43.31, 0|1, 61, N/A, 49.95, 0|2, 65, N/A, 205.83, 100|3, 62, N/A, 140.36, 100|4, 37, N/A, 27.32, 0|5, 39, N/A, 26.59, 0|6, 36, N/A, 28.03, 0|
14:44:05 0, 65, N/A, 142.68, 100|1, 58, N/A, 48.01, 0|2, 62, N/A, 55.12, 0|3, 63, N/A, 172.40, 100|4, 37, N/A, 27.32, 0|5, 39, N/A, 26.84, 0|6, 36, N/A, 28.03, 0|
14:44:07 0, 66, N/A, 183.01, 100|1, 62, N/A, 159.82, 100|2, 60, N/A, 51.43, 0|3, 61, N/A, 45.01, 0|4, 38, N/A, 27.32, 0|5, 39, N/A, 26.84, 0|6, 36, N/A, 28.03, 0|
14:44:09 0, 61, N/A, 43.80, 0|1, 64, N/A, 198.48, 100|2, 64, N/A, 157.29, 100|3, 60, N/A, 44.05, 0|4, 38, N/A, 27.33, 0|5, 39, N/A, 26.85, 0|6, 36, N/A, 27.81, 0|
14:44:11 0, 63, N/A, 158.50, 100|1, 59, N/A, 48.48, 0|2, 65, N/A, 207.42, 100|3, 63, N/A, 169.32, 100|4, 37, N/A, 27.31, 0|5, 39, N/A, 26.82, 0|6, 36, N/A, 28.03, 0|
14:44:13 0, 65, N/A, 183.28, 100|1, 61, N/A, 184.00, 100|2, 61, N/A, 52.63, 0|3, 64, N/A, 188.55, 100|4, 38, N/A, 27.30, 0|5, 39, N/A, 26.82, 0|6, 36, N/A, 28.02, 0|
14:44:16 0, 63, N/A, 45.25, 0|1, 63, N/A, 197.13, 100|2, 63, N/A, 197.85, 100|3, 60, N/A, 44.49, 0|4, 38, N/A, 27.31, 0|5, 39, N/A, 26.84, 0|6, 36, N/A, 27.79, 0|
14:44:18 0, 61, N/A, 43.56, 0|1, 61, N/A, 49.19, 0|2, 65, N/A, 203.04, 100|3, 63, N/A, 162.70, 100|4, 38, N/A, 27.32, 0|5, 39, N/A, 26.84, 0|6, 36, N/A, 28.03, 0|
14:44:20 0, 65, N/A, 147.57, 100|1, 59, N/A, 47.25, 0|2, 63, N/A, 54.60, 0|3, 64, N/A, 159.03, 100|4, 38, N/A, 27.30, 0|5, 39, N/A, 26.82, 0|6, 36, N/A, 28.02, 0|
14:44:22 0, 66, N/A, 183.65, 100|1, 63, N/A, 158.98, 100|2, 60, N/A, 51.16, 0|3, 62, N/A, 45.22, 0|4, 37, N/A, 27.32, 0|5, 39, N/A, 26.82, 0|6, 36, N/A, 27.79, 0|
14:44:24 0, 62, N/A, 44.04, 0|1, 64, N/A, 198.22, 100|2, 65, N/A, 197.15, 100|3, 60, N/A, 44.02, 0|4, 38, N/A, 27.32, 0|5, 39, N/A, 26.59, 0|6, 36, N/A, 27.79, 0|
14:44:26 0, 64, N/A, 151.24, 100|1, 60, N/A, 48.45, 0|2, 66, N/A, 202.63, 100|3, 64, N/A, 173.51, 100|4, 37, N/A, 27.30, 0|5, 39, N/A, 26.82, 0|6, 36, N/A, 28.02, 0|
14:44:28 0, 66, N/A, 181.18, 100|1, 62, N/A, 172.37, 100|2, 61, N/A, 53.58, 0|3, 65, N/A, 170.33, 100|4, 38, N/A, 27.30, 0|5, 39, N/A, 26.82, 0|6, 36, N/A, 28.02, 0|
14:44:30 0, 64, N/A, 45.74, 32|1, 63, N/A, 197.24, 100|2, 63, N/A, 191.98, 100|3, 61, N/A, 44.51, 0|4, 38, N/A, 27.31, 0|5, 39, N/A, 26.84, 0|6, 36, N/A, 27.79, 0|
14:44:32 0, 61, N/A, 43.80, 0|1, 62, N/A, 50.94, 0|2, 65, N/A, 207.93, 100|3, 63, N/A, 140.85, 100|4, 37, N/A, 27.32, 0|5, 39, N/A, 26.84, 0|6, 36, N/A, 28.03, 0|
14:44:34 0, 66, N/A, 183.15, 100|1, 59, N/A, 47.25, 0|2, 64, N/A, 56.11, 20|3, 64, N/A, 181.60, 100|4, 38, N/A, 27.32, 0|5, 39, N/A, 26.82, 0|6, 36, N/A, 28.03, 0|
14:44:36 0, 66, N/A, 178.01, 100|1, 64, N/A, 193.67, 100|2, 60, N/A, 51.89, 0|3, 62, N/A, 45.47, 0|4, 38, N/A, 27.32, 0|5, 39, N/A, 26.84, 0|6, 36, N/A, 28.03, 0|
14:44:38 0, 61, N/A, 44.04, 0|1, 63, N/A, 195.04, 100|2, 65, N/A, 177.29, 100|3, 60, N/A, 44.02, 0|4, 37, N/A, 27.32, 0|5, 39, N/A, 26.84, 0|6, 36, N/A, 28.03, 0|
14:44:40 0, 63, N/A, 180.07, 100|1, 59, N/A, 48.72, 0|2, 65, N/A, 209.25, 100|3, 64, N/A, 174.85, 100|4, 37, N/A, 27.32, 0|5, 39, N/A, 26.84, 0|6, 36, N/A, 27.79, 0|
14:44:43 0, 63, N/A, 47.74, 38|1, 60, N/A, 193.06, 57|2, 61, N/A, 53.15, 0|3, 64, N/A, 182.70, 100|4, 37, N/A, 27.33, 0|5, 39, N/A, 26.84, 0|6, 36, N/A, 27.81, 0|
14:44:45 0, 60, N/A, 43.58, 0|1, 61, N/A, 50.45, 34|2, 62, N/A, 202.53, 68|3, 60, N/A, 44.05, 0|4, 37, N/A, 27.33, 0|5, 39, N/A, 26.86, 0|6, 36, N/A, 27.81, 0|
14:44:47 0, 58, N/A, 43.09, 0|1, 57, N/A, 47.28, 0|2, 62, N/A, 56.36, 67|3, 61, N/A, 180.85, 100|4, 37, N/A, 27.33, 0|5, 39, N/A, 26.86, 0|6, 35, N/A, 28.05, 0|
14:44:49 0, 59, N/A, 156.01, 15|1, 56, N/A, 46.79, 7|2, 59, N/A, 52.45, 4|3, 61, N/A, 45.28, 11|4, 37, N/A, 27.33, 0|5, 39, N/A, 26.86, 0|6, 35, N/A, 27.81, 0|
14:44:51 0, 61, N/A, 45.80, 71|1, 57, N/A, 186.71, 0|2, 58, N/A, 51.44, 0|3, 58, N/A, 43.56, 0|4, 37, N/A, 27.33, 0|5, 39, N/A, 26.86, 0|6, 36, N/A, 27.81, 0|
14:44:53 0, 58, N/A, 43.09, 0|1, 59, N/A, 49.71, 54|2, 58, N/A, 203.04, 0|3, 57, N/A, 43.07, 0|4, 37, N/A, 27.35, 0|5, 39, N/A, 26.61, 0|6, 35, N/A, 27.83, 0|
14:44:55 0, 57, N/A, 42.35, 0|1, 55, N/A, 46.54, 0|2, 61, N/A, 57.83, 87|3, 57, N/A, 152.62, 0|4, 37, N/A, 27.33, 0|5, 39, N/A, 26.86, 0|6, 35, N/A, 27.81, 0|
14:44:57 0, 57, N/A, 54.88, 3|1, 55, N/A, 139.65, 14|2, 57, N/A, 50.98, 3|3, 59, N/A, 44.79, 22|4, 37, N/A, 27.33, 0|5, 39, N/A, 26.61, 0|6, 35, N/A, 27.56, 0|
14:44:59 0, 57, N/A, 102.46, 29|1, 54, N/A, 83.64, 23|2, 57, N/A, 52.45, 22|3, 58, N/A, 45.53, 25|4, 37, N/A, 27.35, 0|5, 39, N/A, 26.61, 0|6, 35, N/A, 27.83, 0|
14:45:01 0, 57, N/A, 45.80, 23|1, 55, N/A, 137.51, 28|2, 57, N/A, 43.37, 24|3, 58, N/A, 43.81, 25|4, 37, N/A, 27.35, 0|5, 39, N/A, 26.88, 0|6, 35, N/A, 27.58, 0|
14:45:03 0, 57, N/A, 41.89, 23|1, 55, N/A, 122.38, 23|2, 57, N/A, 81.43, 24|3, 58, N/A, 43.83, 29|4, 37, N/A, 27.35, 0|5, 39, N/A, 26.88, 0|6, 35, N/A, 27.83, 0|
14:45:05 0, 57, N/A, 41.64, 24|1, 55, N/A, 117.22, 23|2, 57, N/A, 84.13, 24|3, 58, N/A, 43.83, 25|4, 37, N/A, 27.35, 0|5, 39, N/A, 26.88, 0|6, 35, N/A, 27.58, 0|
14:45:08 0, 57, N/A, 40.41, 23|1, 55, N/A, 96.13, 23|2, 57, N/A, 101.55, 28|3, 58, N/A, 43.81, 29|4, 37, N/A, 27.35, 0|5, 39, N/A, 26.88, 0|6, 36, N/A, 28.07, 0|
14:45:10 0, 57, N/A, 39.42, 28|1, 55, N/A, 79.25, 23|2, 57, N/A, 118.45, 24|3, 58, N/A, 43.81, 25|4, 37, N/A, 27.35, 0|5, 39, N/A, 26.87, 0|6, 36, N/A, 27.83, 0|
14:45:12 0, 57, N/A, 38.93, 23|1, 55, N/A, 68.92, 28|2, 57, N/A, 125.75, 28|3, 59, N/A, 43.81, 25|4, 38, N/A, 27.35, 0|5, 39, N/A, 26.87, 0|6, 36, N/A, 27.83, 0|
14:45:14 0, 57, N/A, 38.42, 23|1, 55, N/A, 66.94, 23|2, 57, N/A, 127.46, 24|3, 58, N/A, 43.81, 25|4, 38, N/A, 27.35, 0|5, 39, N/A, 26.63, 0|6, 36, N/A, 27.81, 0|
14:45:16 0, 57, N/A, 38.19, 23|1, 55, N/A, 60.79, 23|2, 57, N/A, 132.55, 24|3, 59, N/A, 43.81, 25|4, 38, N/A, 27.35, 0|5, 39, N/A, 26.86, 0|6, 36, N/A, 28.05, 0|
14:45:18 0, 57, N/A, 37.95, 24|1, 55, N/A, 57.87, 23|2, 57, N/A, 135.74, 26|3, 59, N/A, 43.83, 29|4, 38, N/A, 27.35, 0|5, 39, N/A, 26.87, 0|6, 36, N/A, 28.07, 0|
14:45:20 0, 57, N/A, 37.95, 27|1, 55, N/A, 51.96, 23|2, 57, N/A, 139.90, 24|3, 59, N/A, 43.81, 25|4, 37, N/A, 27.35, 0|5, 39, N/A, 26.87, 0|6, 36, N/A, 28.06, 0|
14:45:22 0, 57, N/A, 37.70, 24|1, 55, N/A, 50.24, 23|2, 57, N/A, 141.14, 28|3, 59, N/A, 43.81, 29|4, 38, N/A, 27.35, 0|5, 39, N/A, 26.86, 0|6, 36, N/A, 28.07, 0|
14:45:24 0, 57, N/A, 37.95, 26|1, 55, N/A, 56.39, 23|2, 57, N/A, 137.20, 24|3, 59, N/A, 38.17, 26|4, 38, N/A, 27.60, 0|5, 39, N/A, 26.86, 0|6, 36, N/A, 28.07, 0|
14:45:26 0, 57, N/A, 49.99, 23|1, 55, N/A, 133.83, 23|2, 57, N/A, 43.12, 25|3, 59, N/A, 38.17, 29|4, 38, N/A, 27.35, 0|5, 39, N/A, 26.88, 0|6, 36, N/A, 28.07, 0|
14:45:28 0, 57, N/A, 127.21, 23|1, 55, N/A, 40.16, 26|2, 57, N/A, 43.37, 24|3, 59, N/A, 41.84, 26|4, 38, N/A, 27.35, 0|5, 39, N/A, 26.86, 0|6, 36, N/A, 28.07, 0|
14:45:30 0, 57, N/A, 36.96, 26|1, 55, N/A, 40.16, 23|2, 57, N/A, 45.58, 24|3, 59, N/A, 94.59, 26|4, 38, N/A, 27.35, 0|5, 39, N/A, 26.88, 0|6, 36, N/A, 28.07, 0|
14:45:33 0, 57, N/A, 36.96, 24|1, 55, N/A, 42.38, 23|2, 57, N/A, 82.66, 26|3, 58, N/A, 109.26, 29|4, 38, N/A, 27.35, 0|5, 39, N/A, 27.11, 0|6, 36, N/A, 28.06, 0|
14:45:35 0, 57, N/A, 40.16, 23|1, 55, N/A, 93.92, 26|2, 57, N/A, 104.74, 24|3, 59, N/A, 38.17, 26|4, 38, N/A, 27.60, 0|5, 40, N/A, 27.12, 0|6, 36, N/A, 28.07, 0|
14:45:37 0, 57, N/A, 82.90, 27|1, 55, N/A, 103.75, 23|2, 57, N/A, 43.12, 24|3, 58, N/A, 39.15, 26|4, 38, N/A, 27.60, 0|5, 39, N/A, 26.88, 0|6, 36, N/A, 28.07, 0|
14:45:39 0, 57, N/A, 97.85, 24|1, 55, N/A, 40.16, 23|2, 57, N/A, 43.86, 26|3, 59, N/A, 55.87, 29|4, 38, N/A, 27.60, 0|5, 40, N/A, 26.88, 0|6, 36, N/A, 28.07, 0|
14:45:41 0, 57, N/A, 36.96, 24|1, 55, N/A, 40.66, 26|2, 57, N/A, 54.18, 24|3, 59, N/A, 129.99, 26|4, 38, N/A, 27.60, 0|5, 40, N/A, 27.11, 0|6, 36, N/A, 28.07, 0|
14:45:43 0, 57, N/A, 37.45, 26|1, 55, N/A, 47.28, 23|2, 57, N/A, 141.88, 24|3, 58, N/A, 56.33, 26|4, 38, N/A, 27.35, 0|5, 40, N/A, 26.86, 0|6, 36, N/A, 28.05, 0|
14:45:45 0, 57, N/A, 42.60, 24|1, 55, N/A, 135.55, 23|2, 57, N/A, 69.41, 26|3, 58, N/A, 38.17, 29|4, 38, N/A, 27.60, 0|5, 40, N/A, 27.12, 0|6, 37, N/A, 28.07, 0|
14:45:47 0, 57, N/A, 115.98, 24|1, 55, N/A, 79.00, 26|2, 57, N/A, 43.37, 24|3, 59, N/A, 39.65, 26|4, 38, N/A, 27.60, 0|5, 40, N/A, 27.12, 0|6, 36, N/A, 28.07, 0|
14:45:49 0, 57, N/A, 94.16, 26|1, 55, N/A, 40.16, 23|2, 57, N/A, 44.11, 24|3, 59, N/A, 55.34, 26|4, 38, N/A, 27.60, 0|5, 40, N/A, 27.12, 0|6, 37, N/A, 28.07, 0|
14:45:51 0, 57, N/A, 36.96, 24|1, 55, N/A, 40.41, 23|2, 57, N/A, 50.98, 27|3, 59, N/A, 132.21, 29|4, 38, N/A, 27.60, 0|5, 40, N/A, 27.11, 0|6, 37, N/A, 28.07, 0|
14:45:53 0, 57, N/A, 37.21, 23|1, 55, N/A, 44.60, 26|2, 57, N/A, 115.74, 24|3, 58, N/A, 79.89, 26|4, 38, N/A, 27.60, 0|5, 40, N/A, 27.11, 0|6, 37, N/A, 28.07, 0|
14:45:55 0, 57, N/A, 39.42, 26|1, 56, N/A, 78.23, 23|2, 57, N/A, 116.16, 24|3, 58, N/A, 38.17, 26|4, 38, N/A, 27.60, 0|5, 40, N/A, 27.12, 0|6, 37, N/A, 28.07, 0|
14:45:58 0, 57, N/A, 69.90, 23|1, 55, N/A, 113.77, 23|2, 57, N/A, 43.12, 27|3, 59, N/A, 38.66, 29|4, 38, N/A, 27.60, 0|5, 40, N/A, 27.12, 0|6, 37, N/A, 28.07, 0|
14:46:00 0, 57, N/A, 114.25, 23|1, 55, N/A, 40.16, 24|2, 57, N/A, 43.61, 24|3, 59, N/A, 48.49, 26|4, 38, N/A, 27.60, 0|5, 40, N/A, 27.11, 0|6, 37, N/A, 28.07, 0|
14:46:02 0, 57, N/A, 36.96, 26|1, 55, N/A, 40.66, 23|2, 57, N/A, 50.49, 24|3, 59, N/A, 131.47, 26|4, 39, N/A, 27.60, 0|5, 40, N/A, 27.11, 0|6, 37, N/A, 28.32, 0|
14:46:04 0, 57, N/A, 37.45, 23|1, 55, N/A, 46.54, 23|2, 57, N/A, 143.83, 27|3, 58, N/A, 47.99, 29|4, 39, N/A, 27.60, 0|5, 40, N/A, 27.10, 0|6, 37, N/A, 28.05, 0|
14:46:06 0, 57, N/A, 43.10, 24|1, 55, N/A, 137.93, 26|2, 57, N/A, 64.24, 24|3, 59, N/A, 38.17, 26|4, 38, N/A, 27.60, 0|5, 40, N/A, 27.10, 0|6, 37, N/A, 28.06, 0|
14:46:08 0, 57, N/A, 129.42, 26|1, 55, N/A, 50.48, 23|2, 57, N/A, 43.37, 24|3, 59, N/A, 40.39, 26|4, 39, N/A, 27.60, 0|5, 40, N/A, 27.12, 0|6, 37, N/A, 28.07, 0|
14:46:10 0, 57, N/A, 52.70, 23|1, 55, N/A, 40.41, 23|2, 57, N/A, 44.60, 26|3, 59, N/A, 73.25, 29|4, 39, N/A, 27.60, 0|5, 40, N/A, 27.11, 0|6, 37, N/A, 28.06, 0|
14:46:12 0, 57, N/A, 36.96, 23|1, 55, N/A, 41.40, 25|2, 57, N/A, 63.29, 24|3, 59, N/A, 122.64, 26|4, 39, N/A, 27.60, 0|5, 40, N/A, 27.11, 0|6, 37, N/A, 28.07, 0|
14:46:14 0, 57, N/A, 37.95, 26|1, 56, N/A, 50.98, 23|2, 57, N/A, 142.38, 24|3, 59, N/A, 37.92, 26|4, 39, N/A, 27.60, 0|5, 40, N/A, 27.12, 0|6, 37, N/A, 28.07, 0|
14:46:16 0, 57, N/A, 50.98, 24|1, 55, N/A, 131.15, 23|2, 57, N/A, 43.12, 24|3, 59, N/A, 38.42, 27|4, 39, N/A, 27.60, 0|5, 40, N/A, 27.12, 0|6, 37, N/A, 28.07, 0|
14:46:18 0, 57, N/A, 125.25, 23|1, 55, N/A, 40.16, 26|2, 57, N/A, 43.62, 24|3, 59, N/A, 43.31, 26|4, 39, N/A, 27.60, 0|5, 40, N/A, 27.12, 0|6, 37, N/A, 28.32, 0|
14:46:20 0, 57, N/A, 36.96, 26|1, 55, N/A, 40.41, 23|2, 57, N/A, 48.02, 24|3, 59, N/A, 128.77, 26|4, 39, N/A, 27.60, 0|5, 40, N/A, 27.11, 0|6, 37, N/A, 28.07, 0|
14:46:22 0, 57, N/A, 37.21, 24|1, 56, N/A, 43.83, 23|2, 57, N/A, 109.59, 24|3, 58, N/A, 85.00, 29|4, 39, N/A, 27.60, 0|5, 40, N/A, 27.11, 0|6, 37, N/A, 28.30, 0|
14:46:25 0, 57, N/A, 39.67, 23|1, 56, N/A, 84.13, 26|2, 57, N/A, 113.29, 24|3, 59, N/A, 38.17, 27|4, 39, N/A, 27.60, 0|5, 40, N/A, 27.12, 0|6, 37, N/A, 28.32, 0|
14:46:27 0, 58, N/A, 76.55, 26|1, 55, N/A, 115.49, 23|2, 57, N/A, 43.12, 24|3, 59, N/A, 38.66, 27|4, 39, N/A, 27.60, 0|5, 41, N/A, 27.12, 0|6, 37, N/A, 28.32, 0|
14:46:29 0, 57, N/A, 106.95, 24|1, 55, N/A, 40.16, 23|2, 57, N/A, 43.61, 24|3, 59, N/A, 48.98, 29|4, 39, N/A, 27.60, 0|5, 41, N/A, 27.12, 0|6, 37, N/A, 28.32, 0|
14:46:31 0, 57, N/A, 36.96, 24|1, 55, N/A, 40.66, 25|2, 57, N/A, 52.45, 24|3, 59, N/A, 131.71, 26|4, 39, N/A, 27.60, 0|5, 40, N/A, 27.11, 0|6, 37, N/A, 28.30, 0|
14:46:33 0, 57, N/A, 37.45, 23|1, 55, N/A, 45.31, 23|2, 57, N/A, 139.24, 24|3, 59, N/A, 67.11, 26|4, 39, N/A, 27.60, 0|5, 41, N/A, 27.12, 0|6, 37, N/A, 28.07, 0|
14:46:35 0, 57, N/A, 43.12, 24|1, 55, N/A, 133.12, 23|2, 57, N/A, 86.05, 24|3, 59, N/A, 38.17, 29|4, 39, N/A, 27.60, 0|5, 41, N/A, 27.12, 0|6, 37, N/A, 28.07, 0|
14:46:37 0, 58, N/A, 126.23, 24|1, 55, N/A, 67.68, 26|2, 57, N/A, 43.37, 26|3, 59, N/A, 39.89, 26|4, 39, N/A, 27.60, 0|5, 41, N/A, 27.12, 0|6, 37, N/A, 28.32, 0|
14:46:39 0, 57, N/A, 75.77, 24|1, 55, N/A, 40.41, 23|2, 57, N/A, 44.36, 24|3, 59, N/A, 62.23, 27|4, 39, N/A, 27.60, 0|5, 41, N/A, 27.11, 0|6, 37, N/A, 28.32, 0|
14:46:41 0, 57, N/A, 36.96, 25|1, 55, N/A, 41.15, 23|2, 57, N/A, 58.86, 24|3, 58, N/A, 123.38, 29|4, 39, N/A, 27.60, 0|5, 41, N/A, 27.11, 0|6, 38, N/A, 28.32, 0|
14:46:43 0, 57, N/A, 37.95, 24|1, 56, N/A, 55.65, 26|2, 57, N/A, 136.96, 26|3, 58, N/A, 38.17, 26|4, 39, N/A, 27.60, 0|5, 41, N/A, 27.12, 0|6, 37, N/A, 28.32, 0|
14:46:45 0, 58, N/A, 53.69, 24|1, 55, N/A, 131.71, 23|2, 57, N/A, 43.12, 24|3, 59, N/A, 38.42, 26|4, 39, N/A, 27.60, 0|5, 41, N/A, 27.12, 0|6, 37, N/A, 28.32, 0|
14:46:48 0, 57, N/A, 121.15, 26|1, 55, N/A, 40.41, 23|2, 57, N/A, 43.37, 24|3, 59, N/A, 45.04, 26|4, 39, N/A, 27.60, 0|5, 41, N/A, 27.12, 0|6, 37, N/A, 28.32, 0|
14:46:50 0, 57, N/A, 36.96, 24|1, 55, N/A, 40.41, 23|2, 57, N/A, 48.27, 26|3, 59, N/A, 137.52, 29|4, 39, N/A, 27.60, 0|5, 41, N/A, 27.12, 0|6, 38, N/A, 28.32, 0|
14:46:52 0, 57, N/A, 37.21, 23|1, 55, N/A, 45.07, 23|2, 57, N/A, 129.69, 24|3, 59, N/A, 71.04, 27|4, 39, N/A, 27.60, 0|5, 41, N/A, 27.11, 0|6, 37, N/A, 28.32, 0|
14:46:54 0, 58, N/A, 42.13, 26|1, 56, N/A, 123.34, 23|2, 57, N/A, 84.38, 24|3, 59, N/A, 38.17, 26|4, 39, N/A, 27.60, 0|5, 41, N/A, 27.12, 0|6, 38, N/A, 28.32, 0|
14:46:56 0, 58, N/A, 126.30, 24|1, 55, N/A, 66.45, 23|2, 57, N/A, 43.34, 26|3, 59, N/A, 39.65, 29|4, 39, N/A, 27.60, 0|5, 41, N/A, 27.10, 0|6, 38, N/A, 28.32, 0|
14:46:58 0, 57, N/A, 36.96, 24|1, 55, N/A, 40.41, 24|2, 57, N/A, 44.85, 24|3, 59, N/A, 77.93, 26|4, 39, N/A, 27.60, 0|5, 41, N/A, 27.12, 0|6, 38, N/A, 28.32, 0|
14:47:00 0, 57, N/A, 37.21, 26|1, 55, N/A, 42.38, 23|2, 57, N/A, 80.73, 24|3, 58, N/A, 109.02, 26|4, 39, N/A, 27.60, 0|5, 41, N/A, 27.11, 0|6, 38, N/A, 28.32, 0|
14:47:02 0, 57, N/A, 39.92, 23|1, 56, N/A, 86.59, 23|2, 57, N/A, 110.34, 24|3, 59, N/A, 38.17, 29|4, 39, N/A, 27.60, 0|5, 41, N/A, 27.12, 0|6, 38, N/A, 28.32, 0|
14:47:04 0, 58, N/A, 110.57, 23|1, 55, N/A, 94.16, 26|2, 57, N/A, 43.34, 25|3, 59, N/A, 39.40, 26|4, 39, N/A, 27.60, 0|5, 41, N/A, 27.12, 0|6, 38, N/A, 28.32, 0|
14:47:06 0, 57, N/A, 84.13, 24|1, 55, N/A, 40.41, 23|2, 57, N/A, 44.35, 24|3, 59, N/A, 58.05, 27|4, 39, N/A, 27.60, 0|5, 41, N/A, 27.10, 0|6, 38, N/A, 28.30, 0|
14:47:08 0, 57, N/A, 37.21, 24|1, 56, N/A, 41.40, 23|2, 57, N/A, 61.32, 24|3, 59, N/A, 123.94, 29|4, 39, N/A, 27.60, 0|5, 41, N/A, 27.11, 0|6, 38, N/A, 28.32, 0|
14:47:10 0, 57, N/A, 38.93, 24|1, 56, N/A, 67.97, 25|2, 57, N/A, 130.90, 26|3, 59, N/A, 38.17, 27|4, 39, N/A, 27.84, 0|5, 41, N/A, 27.12, 0|6, 38, N/A, 28.32, 0|
14:47:13 0, 58, N/A, 64.98, 24|1, 55, N/A, 118.38, 23|2, 57, N/A, 43.12, 24|3, 59, N/A, 38.66, 27|4, 39, N/A, 27.60, 0|5, 41, N/A, 27.12, 0|6, 38, N/A, 28.32, 0|
14:47:15 0, 57, N/A, 99.08, 26|1, 55, N/A, 40.41, 23|2, 57, N/A, 44.11, 24|3, 59, N/A, 54.88, 27|4, 39, N/A, 27.84, 0|5, 41, N/A, 27.11, 0|6, 38, N/A, 28.32, 0|
14:47:17 0, 57, N/A, 36.96, 24|1, 55, N/A, 40.90, 23|2, 57, N/A, 52.45, 26|3, 59, N/A, 130.49, 29|4, 39, N/A, 27.60, 0|5, 41, N/A, 27.11, 0|6, 38, N/A, 28.32, 0|
14:47:19 0, 57, N/A, 37.95, 24|1, 56, N/A, 54.18, 26|2, 57, N/A, 136.72, 24|3, 59, N/A, 38.17, 26|4, 39, N/A, 27.60, 0|5, 41, N/A, 27.12, 0|6, 38, N/A, 28.32, 0|
14:47:21 0, 58, N/A, 57.38, 26|1, 55, N/A, 128.19, 23|2, 57, N/A, 43.37, 24|3, 59, N/A, 38.42, 26|4, 40, N/A, 27.60, 0|5, 41, N/A, 27.12, 0|6, 38, N/A, 28.32, 0|
14:47:23 0, 57, N/A, 109.58, 24|1, 55, N/A, 40.41, 23|2, 57, N/A, 43.62, 24|3, 59, N/A, 49.72, 29|4, 39, N/A, 27.60, 0|5, 41, N/A, 27.12, 0|6, 38, N/A, 28.32, 0|
14:47:25 0, 57, N/A, 36.96, 24|1, 55, N/A, 40.90, 26|2, 57, N/A, 53.20, 24|3, 59, N/A, 129.51, 26|4, 39, N/A, 27.84, 0|5, 41, N/A, 27.11, 0|6, 38, N/A, 28.32, 0|
14:47:27 0, 57, N/A, 37.95, 24|1, 56, N/A, 51.96, 23|2, 57, N/A, 140.00, 24|3, 59, N/A, 37.92, 26|4, 39, N/A, 27.84, 0|5, 41, N/A, 27.12, 0|6, 38, N/A, 28.32, 0|
14:47:29 0, 57, N/A, 48.02, 24|1, 56, N/A, 135.73, 23|2, 57, N/A, 43.12, 24|3, 59, N/A, 38.17, 29|4, 40, N/A, 27.84, 0|5, 41, N/A, 27.12, 0|6, 38, N/A, 28.32, 0|
14:47:31 0, 57, N/A, 126.23, 24|1, 55, N/A, 40.90, 25|2, 57, N/A, 43.37, 27|3, 59, N/A, 42.60, 27|4, 40, N/A, 27.84, 0|5, 41, N/A, 27.37, 0|6, 38, N/A, 28.32, 0|
14:47:33 0, 57, N/A, 36.96, 23|1, 56, N/A, 40.66, 23|2, 57, N/A, 46.33, 24|3, 59, N/A, 116.39, 26|4, 40, N/A, 27.84, 0|5, 41, N/A, 27.37, 0|6, 38, N/A, 28.32, 0|
14:47:35 0, 57, N/A, 37.21, 26|1, 56, N/A, 44.11, 23|2, 57, N/A, 109.66, 24|3, 59, N/A, 87.71, 27|4, 40, N/A, 27.84, 0|5, 41, N/A, 27.11, 0|6, 38, N/A, 28.32, 0|
14:47:38 0, 58, N/A, 41.64, 24|1, 56, N/A, 113.52, 23|2, 57, N/A, 87.53, 26|3, 59, N/A, 38.17, 29|4, 40, N/A, 27.84, 0|5, 41, N/A, 27.37, 0|6, 38, N/A, 28.32, 0|
14:47:40 0, 57, N/A, 36.96, 24|1, 55, N/A, 40.41, 26|2, 57, N/A, 43.12, 24|3, 59, N/A, 39.65, 26|4, 40, N/A, 27.84, 0|5, 41, N/A, 27.37, 0|6, 38, N/A, 28.32, 0|
14:47:42 0, 56, N/A, 36.71, 0|1, 55, N/A, 39.67, 0|2, 56, N/A, 42.38, 0|3, 58, N/A, 37.43, 0|4, 40, N/A, 27.84, 0|5, 41, N/A, 27.37, 0|6, 38, N/A, 28.32, 0|
14:47:44 0, 56, N/A, 40.88, 0|1, 55, N/A, 44.33, 12|2, 56, N/A, 47.04, 56|3, 58, N/A, 37.67, 4|4, 40, N/A, 27.84, 0|5, 41, N/A, 27.35, 0|6, 38, N/A, 28.30, 0|
14:47:46 0, 57, N/A, 43.10, 23|1, 55, N/A, 48.02, 24|2, 57, N/A, 57.87, 24|3, 59, N/A, 75.22, 29|4, 40, N/A, 27.83, 0|5, 41, N/A, 27.35, 0|6, 38, N/A, 28.30, 0|
14:47:48 0, 57, N/A, 42.63, 0|1, 58, N/A, 49.25, 100|2, 56, N/A, 122.55, 0|3, 58, N/A, 37.43, 0|4, 40, N/A, 27.84, 0|5, 41, N/A, 27.37, 0|6, 38, N/A, 28.32, 0|
14:47:50 0, 57, N/A, 38.19, 22|1, 56, N/A, 53.19, 11|2, 57, N/A, 78.27, 22|3, 60, N/A, 150.04, 38|4, 40, N/A, 27.84, 0|5, 41, N/A, 27.37, 0|6, 38, N/A, 28.32, 0|
14:47:52 0, 57, N/A, 98.58, 25|1, 56, N/A, 87.82, 24|2, 58, N/A, 53.69, 21|3, 60, N/A, 51.44, 29|4, 40, N/A, 27.84, 0|5, 41, N/A, 27.37, 0|6, 38, N/A, 28.32, 0|
14:47:54 0, 57, N/A, 45.80, 25|1, 56, N/A, 74.09, 24|2, 58, N/A, 159.23, 24|3, 59, N/A, 45.28, 28|4, 40, N/A, 27.84, 0|5, 42, N/A, 27.35, 0|6, 38, N/A, 28.32, 0|
14:47:56 0, 60, N/A, 152.09, 100|1, 55, N/A, 115.90, 0|2, 57, N/A, 51.46, 0|3, 58, N/A, 43.56, 0|4, 40, N/A, 27.83, 0|5, 42, N/A, 27.35, 0|6, 38, N/A, 28.30, 0|
14:47:58 0, 58, N/A, 42.60, 0|1, 58, N/A, 48.51, 0|2, 60, N/A, 200.07, 100|3, 60, N/A, 176.67, 91|4, 40, N/A, 27.83, 0|5, 42, N/A, 27.35, 0|6, 38, N/A, 28.30, 0|
14:48:00 0, 58, N/A, 42.60, 0|1, 57, N/A, 47.52, 0|2, 61, N/A, 226.33, 100|3, 60, N/A, 44.05, 0|4, 40, N/A, 27.84, 0|5, 42, N/A, 27.35, 0|6, 38, N/A, 28.32, 0|
14:48:03 0, 59, N/A, 43.34, 0|1, 58, N/A, 194.79, 100|2, 58, N/A, 50.71, 0|3, 59, N/A, 43.56, 0|4, 40, N/A, 27.84, 0|5, 42, N/A, 27.35, 0|6, 38, N/A, 28.32, 0|
14:48:05 0, 58, N/A, 42.36, 0|1, 56, N/A, 46.54, 0|2, 59, N/A, 51.72, 0|3, 61, N/A, 159.73, 100|4, 40, N/A, 27.83, 0|5, 42, N/A, 27.35, 0|6, 38, N/A, 28.30, 0|
14:48:07 0, 59, N/A, 46.05, 23|1, 57, N/A, 54.67, 23|2, 59, N/A, 84.87, 24|3, 60, N/A, 154.84, 29|4, 40, N/A, 27.84, 0|5, 42, N/A, 27.35, 0|6, 38, N/A, 28.32, 0|
14:48:09 0, 59, N/A, 45.31, 23|1, 57, N/A, 53.69, 23|2, 59, N/A, 78.23, 24|3, 60, N/A, 162.43, 29|4, 40, N/A, 27.84, 0|5, 42, N/A, 27.37, 0|6, 38, N/A, 28.30, 0|
14:48:11 0, 61, N/A, 161.90, 100|1, 57, N/A, 47.06, 0|2, 58, N/A, 53.19, 0|3, 60, N/A, 44.05, 0|4, 40, N/A, 27.84, 0|5, 42, N/A, 27.35, 0|6, 38, N/A, 28.30, 0|
14:48:13 0, 59, N/A, 43.82, 0|1, 60, N/A, 177.77, 100|2, 61, N/A, 178.92, 100|3, 59, N/A, 43.80, 0|4, 40, N/A, 27.82, 0|5, 42, N/A, 27.35, 0|6, 38, N/A, 28.55, 0|
14:48:15 0, 62, N/A, 155.91, 100|1, 59, N/A, 166.44, 100|2, 59, N/A, 53.65, 0|3, 63, N/A, 154.97, 100|4, 40, N/A, 27.83, 0|5, 42, N/A, 27.33, 0|6, 38, N/A, 28.30, 0|
14:48:17 0, 59, N/A, 69.36, 0|1, 59, N/A, 48.48, 0|2, 63, N/A, 178.87, 100|3, 62, N/A, 175.82, 100|4, 40, N/A, 27.82, 0|5, 42, N/A, 27.33, 0|6, 38, N/A, 28.28, 0|
14:48:19 0, 62, N/A, 45.52, 100|1, 60, N/A, 177.77, 65|2, 61, N/A, 167.99, 38|3, 60, N/A, 44.27, 0|4, 40, N/A, 27.82, 0|5, 42, N/A, 27.33, 0|6, 38, N/A, 28.28, 0|
14:48:21 0, 62, N/A, 154.84, 100|1, 58, N/A, 47.74, 0|2, 61, N/A, 55.61, 0|3, 62, N/A, 174.36, 96|4, 40, N/A, 27.81, 0|5, 42, N/A, 27.32, 0|6, 38, N/A, 28.26, 0|
14:48:23 0, 60, N/A, 43.80, 0|1, 61, N/A, 197.85, 100|2, 63, N/A, 184.27, 100|3, 59, N/A, 43.77, 0|4, 40, N/A, 27.81, 0|5, 42, N/A, 27.33, 0|6, 38, N/A, 28.28, 0|
14:48:25 0, 63, N/A, 146.73, 100|1, 60, N/A, 192.33, 100|2, 60, N/A, 54.08, 0|3, 61, N/A, 45.72, 60|4, 40, N/A, 27.79, 0|5, 41, N/A, 27.32, 0|6, 38, N/A, 28.26, 0|
14:48:28 0, 61, N/A, 161.44, 27|1, 59, N/A, 48.72, 0|2, 63, N/A, 195.79, 100|3, 62, N/A, 142.47, 100|4, 40, N/A, 27.81, 0|5, 41, N/A, 27.33, 0|6, 38, N/A, 28.28, 0|
14:48:30 0, 62, N/A, 45.52, 12|1, 61, N/A, 180.34, 49|2, 62, N/A, 176.79, 57|3, 60, N/A, 44.27, 0|4, 40, N/A, 27.81, 0|5, 42, N/A, 27.33, 0|6, 38, N/A, 28.28, 0|
14:48:32 0, 63, N/A, 159.01, 100|1, 58, N/A, 47.99, 0|2, 62, N/A, 56.32, 0|3, 62, N/A, 141.90, 51|4, 39, N/A, 27.81, 0|5, 41, N/A, 27.32, 0|6, 38, N/A, 28.28, 0|
14:48:34 0, 60, N/A, 44.05, 0|1, 61, N/A, 162.42, 100|2, 63, N/A, 190.39, 100|3, 60, N/A, 43.77, 0|4, 40, N/A, 27.81, 0|5, 42, N/A, 27.33, 0|6, 38, N/A, 28.28, 0|
14:48:36 0, 60, N/A, 44.29, 0|1, 61, N/A, 72.01, 100|2, 61, N/A, 186.00, 0|3, 63, N/A, 50.38, 100|4, 39, N/A, 27.81, 0|5, 41, N/A, 27.33, 0|6, 38, N/A, 28.28, 0|
14:48:38 0, 63, N/A, 177.54, 100|1, 57, N/A, 47.49, 0|2, 60, N/A, 54.38, 0|3, 60, N/A, 44.51, 0|4, 39, N/A, 27.81, 0|5, 41, N/A, 27.33, 0|6, 38, N/A, 28.28, 0|
14:48:40 0, 59, N/A, 43.56, 0|1, 58, N/A, 47.96, 0|2, 63, N/A, 212.17, 100|3, 59, N/A, 37.88, 0|4, 39, N/A, 27.81, 0|5, 41, N/A, 27.09, 0|6, 38, N/A, 28.28, 0|
14:48:42 0, 59, N/A, 103.86, 26|1, 57, N/A, 80.58, 25|2, 60, N/A, 56.32, 25|3, 61, N/A, 52.60, 30|4, 39, N/A, 27.81, 0|5, 41, N/A, 27.33, 0|6, 38, N/A, 28.28, 0|
14:48:44 0, 59, N/A, 82.60, 26|1, 57, N/A, 105.09, 16|2, 59, N/A, 46.02, 27|3, 61, N/A, 48.70, 30|4, 39, N/A, 27.56, 0|5, 41, N/A, 27.09, 0|6, 38, N/A, 28.28, 0|
14:48:46 0, 59, N/A, 107.74, 21|1, 57, N/A, 80.14, 20|2, 59, N/A, 46.26, 27|3, 60, N/A, 52.85, 30|4, 39, N/A, 27.81, 0|5, 41, N/A, 27.09, 0|6, 38, N/A, 28.28, 0|
14:48:48 0, 58, N/A, 41.59, 0|1, 56, N/A, 45.31, 0|2, 58, N/A, 50.20, 0|3, 59, N/A, 43.53, 0|4, 39, N/A, 27.56, 0|5, 41, N/A, 27.09, 0|6, 38, N/A, 28.28, 0|
