13:24:11 0, 45, N/A, 27.58, 0|1, 43, N/A, 29.55, 0|2, 41, N/A, 30.04, 0|3, 42, N/A, 27.56, 0|4, 42, N/A, 28.06, 0|5, 44, N/A, 27.58, 0|6, 40, N/A, 28.77, 0|
13:24:13 0, 45, N/A, 33.47, 0|1, 43, N/A, 35.21, 0|2, 40, N/A, 30.04, 0|3, 42, N/A, 27.56, 0|4, 42, N/A, 28.06, 0|5, 44, N/A, 27.58, 0|6, 40, N/A, 28.77, 0|
13:24:15 0, 46, N/A, 38.63, 98|1, 43, N/A, 35.21, 0|2, 40, N/A, 30.04, 0|3, 42, N/A, 27.56, 0|4, 42, N/A, 28.06, 0|5, 44, N/A, 27.58, 0|6, 40, N/A, 28.77, 0|
13:24:17 0, 46, N/A, 37.65, 0|1, 43, N/A, 41.10, 98|2, 40, N/A, 30.04, 0|3, 42, N/A, 27.56, 0|4, 42, N/A, 28.06, 0|5, 44, N/A, 27.33, 0|6, 40, N/A, 28.77, 0|
13:24:20 0, 46, N/A, 38.88, 14|1, 44, N/A, 41.59, 30|2, 40, N/A, 30.04, 0|3, 42, N/A, 27.56, 0|4, 42, N/A, 28.06, 0|5, 44, N/A, 27.33, 0|6, 40, N/A, 28.77, 0|
13:24:22 0, 46, N/A, 38.88, 0|1, 43, N/A, 41.10, 0|2, 40, N/A, 30.04, 0|3, 42, N/A, 27.56, 0|4, 42, N/A, 28.06, 0|5, 44, N/A, 27.33, 0|6, 40, N/A, 28.77, 0|
13:24:24 0, 49, N/A, 68.87, 47|1, 46, N/A, 160.58, 54|2, 40, N/A, 30.04, 0|3, 42, N/A, 27.58, 0|4, 42, N/A, 28.07, 0|5, 44, N/A, 27.35, 0|6, 40, N/A, 28.79, 0|
13:24:26 0, 49, N/A, 72.32, 45|1, 48, N/A, 123.60, 53|2, 40, N/A, 30.06, 0|3, 42, N/A, 27.58, 0|4, 42, N/A, 28.09, 0|5, 44, N/A, 27.60, 0|6, 40, N/A, 28.79, 0|
13:24:28 0, 49, N/A, 160.45, 47|1, 49, N/A, 55.65, 53|2, 40, N/A, 30.08, 0|3, 42, N/A, 27.60, 0|4, 42, N/A, 28.09, 0|5, 44, N/A, 27.37, 0|6, 40, N/A, 28.81, 0|
13:24:30 0, 51, N/A, 98.34, 46|1, 48, N/A, 137.77, 54|2, 40, N/A, 29.81, 0|3, 42, N/A, 27.60, 0|4, 42, N/A, 28.34, 0|5, 44, N/A, 27.37, 0|6, 40, N/A, 28.81, 0|
13:24:32 0, 51, N/A, 48.76, 45|1, 50, N/A, 183.40, 53|2, 40, N/A, 30.06, 0|3, 42, N/A, 27.58, 0|4, 42, N/A, 28.09, 0|5, 44, N/A, 27.35, 0|6, 40, N/A, 28.79, 0|
13:24:34 0, 51, N/A, 145.07, 47|1, 50, N/A, 68.43, 52|2, 40, N/A, 30.06, 0|3, 42, N/A, 27.58, 0|4, 42, N/A, 27.83, 0|5, 44, N/A, 27.35, 0|6, 40, N/A, 28.81, 0|
13:24:36 0, 52, N/A, 118.19, 46|1, 50, N/A, 125.00, 54|2, 40, N/A, 29.81, 0|3, 42, N/A, 27.58, 0|4, 42, N/A, 28.09, 0|5, 44, N/A, 27.12, 0|6, 40, N/A, 28.81, 0|
13:24:38 0, 52, N/A, 52.95, 45|1, 51, N/A, 176.77, 52|2, 40, N/A, 29.81, 0|3, 42, N/A, 27.60, 0|4, 42, N/A, 28.34, 0|5, 44, N/A, 27.37, 0|6, 40, N/A, 28.81, 0|
13:24:40 0, 52, N/A, 119.17, 47|1, 51, N/A, 90.28, 53|2, 40, N/A, 29.81, 0|3, 42, N/A, 27.60, 0|4, 42, N/A, 28.09, 0|5, 44, N/A, 27.35, 0|6, 40, N/A, 28.79, 0|
13:24:43 0, 52, N/A, 162.65, 45|1, 51, N/A, 56.64, 54|2, 40, N/A, 29.83, 0|3, 42, N/A, 27.60, 0|4, 42, N/A, 28.09, 0|5, 44, N/A, 27.37, 0|6, 40, N/A, 28.81, 0|
13:24:45 0, 54, N/A, 98.34, 45|1, 52, N/A, 141.95, 52|2, 40, N/A, 29.81, 0|3, 42, N/A, 27.35, 0|4, 42, N/A, 28.09, 0|5, 44, N/A, 27.12, 0|6, 40, N/A, 28.81, 0|
13:24:47 0, 54, N/A, 51.97, 47|1, 53, N/A, 180.94, 54|2, 40, N/A, 29.81, 0|3, 42, N/A, 27.60, 0|4, 42, N/A, 28.09, 0|5, 44, N/A, 27.12, 0|6, 40, N/A, 28.81, 0|
13:24:49 0, 53, N/A, 122.54, 45|1, 53, N/A, 90.53, 54|2, 40, N/A, 29.81, 0|3, 42, N/A, 27.58, 0|4, 42, N/A, 28.09, 0|5, 44, N/A, 27.12, 0|6, 40, N/A, 28.79, 0|
13:24:51 0, 54, N/A, 168.52, 45|1, 53, N/A, 54.42, 53|2, 40, N/A, 29.81, 0|3, 42, N/A, 27.60, 0|4, 42, N/A, 28.09, 0|5, 44, N/A, 27.37, 0|6, 40, N/A, 28.81, 0|
13:24:53 0, 55, N/A, 75.07, 47|1, 54, N/A, 160.52, 54|2, 40, N/A, 29.81, 0|3, 42, N/A, 27.35, 0|4, 42, N/A, 28.09, 0|5, 44, N/A, 27.37, 0|6, 40, N/A, 28.81, 0|
13:24:55 0, 55, N/A, 46.82, 45|1, 54, N/A, 164.20, 54|2, 40, N/A, 29.83, 0|3, 42, N/A, 27.60, 0|4, 42, N/A, 27.84, 0|5, 44, N/A, 27.37, 0|6, 40, N/A, 28.81, 0|
13:24:57 0, 55, N/A, 141.21, 45|1, 55, N/A, 75.57, 53|2, 40, N/A, 29.81, 0|3, 42, N/A, 27.58, 0|4, 42, N/A, 27.84, 0|5, 44, N/A, 27.37, 0|6, 40, N/A, 28.81, 0|
13:24:59 0, 56, N/A, 171.88, 47|1, 55, N/A, 78.52, 53|2, 40, N/A, 29.81, 0|3, 42, N/A, 27.60, 0|4, 42, N/A, 28.09, 0|5, 44, N/A, 27.37, 0|6, 40, N/A, 28.81, 0|
13:25:01 0, 56, N/A, 69.89, 46|1, 55, N/A, 167.53, 54|2, 40, N/A, 29.81, 0|3, 42, N/A, 27.33, 0|4, 42, N/A, 28.09, 0|5, 44, N/A, 27.35, 0|6, 40, N/A, 28.81, 0|
13:25:03 0, 56, N/A, 48.76, 45|1, 56, N/A, 178.49, 53|2, 40, N/A, 29.81, 0|3, 42, N/A, 27.33, 0|4, 42, N/A, 28.09, 0|5, 44, N/A, 27.37, 0|6, 40, N/A, 28.79, 0|
13:25:05 0, 56, N/A, 123.53, 47|1, 56, N/A, 81.92, 52|2, 40, N/A, 29.81, 0|3, 42, N/A, 27.33, 0|4, 42, N/A, 28.09, 0|5, 44, N/A, 27.35, 0|6, 40, N/A, 28.79, 0|
13:25:08 0, 56, N/A, 170.24, 46|1, 57, N/A, 55.41, 54|2, 40, N/A, 29.81, 0|3, 42, N/A, 27.33, 0|4, 42, N/A, 27.84, 0|5, 43, N/A, 27.12, 0|6, 40, N/A, 28.81, 0|
13:25:10 0, 57, N/A, 76.50, 45|1, 56, N/A, 163.62, 53|2, 40, N/A, 29.81, 0|3, 42, N/A, 27.33, 0|4, 42, N/A, 28.09, 0|5, 44, N/A, 27.37, 0|6, 40, N/A, 28.79, 0|
13:25:12 0, 57, N/A, 49.99, 47|1, 57, N/A, 187.81, 52|2, 40, N/A, 29.81, 0|3, 42, N/A, 27.35, 0|4, 42, N/A, 27.84, 0|5, 44, N/A, 27.37, 0|6, 40, N/A, 28.81, 0|
13:25:14 0, 57, N/A, 130.65, 47|1, 58, N/A, 86.35, 54|2, 40, N/A, 29.83, 0|3, 42, N/A, 27.33, 0|4, 42, N/A, 28.09, 0|5, 44, N/A, 27.37, 0|6, 40, N/A, 28.79, 0|
13:25:16 0, 57, N/A, 165.33, 45|1, 58, N/A, 59.60, 53|2, 40, N/A, 29.81, 0|3, 42, N/A, 27.33, 0|4, 42, N/A, 27.84, 0|5, 44, N/A, 27.37, 0|6, 40, N/A, 28.81, 0|
13:25:18 0, 58, N/A, 109.64, 45|1, 58, N/A, 139.65, 53|2, 40, N/A, 29.81, 0|3, 42, N/A, 27.33, 0|4, 42, N/A, 27.84, 0|5, 44, N/A, 27.37, 0|6, 40, N/A, 28.81, 0|
13:25:20 0, 58, N/A, 57.38, 47|1, 59, N/A, 182.66, 54|2, 40, N/A, 29.81, 0|3, 42, N/A, 27.35, 0|4, 42, N/A, 27.84, 0|5, 44, N/A, 27.37, 0|6, 40, N/A, 28.79, 0|
13:25:22 0, 58, N/A, 87.32, 45|1, 59, N/A, 121.88, 54|2, 40, N/A, 29.81, 0|3, 42, N/A, 27.33, 0|4, 42, N/A, 28.09, 0|5, 43, N/A, 27.35, 0|6, 40, N/A, 28.79, 0|
13:25:24 0, 59, N/A, 155.79, 45|1, 59, N/A, 67.44, 53|2, 40, N/A, 29.83, 0|3, 42, N/A, 27.33, 0|4, 42, N/A, 27.84, 0|5, 43, N/A, 27.37, 0|6, 40, N/A, 28.81, 0|
13:25:26 0, 59, N/A, 173.11, 47|1, 59, N/A, 56.89, 53|2, 39, N/A, 29.83, 0|3, 42, N/A, 27.33, 0|4, 42, N/A, 27.84, 0|5, 44, N/A, 27.37, 0|6, 40, N/A, 28.81, 0|
13:25:28 0, 59, N/A, 77.73, 47|1, 59, N/A, 167.80, 54|2, 39, N/A, 29.81, 0|3, 42, N/A, 27.60, 0|4, 42, N/A, 27.84, 0|5, 43, N/A, 27.12, 0|6, 40, N/A, 28.81, 0|
13:25:30 0, 60, N/A, 52.45, 45|1, 60, N/A, 189.66, 54|2, 39, N/A, 29.81, 0|3, 42, N/A, 27.33, 0|4, 42, N/A, 27.84, 0|5, 44, N/A, 27.37, 0|6, 40, N/A, 28.81, 0|
13:25:33 0, 59, N/A, 158.57, 47|1, 61, N/A, 67.93, 52|2, 39, N/A, 29.81, 0|3, 42, N/A, 27.35, 0|4, 42, N/A, 27.84, 0|5, 43, N/A, 27.37, 0|6, 40, N/A, 28.81, 0|
13:25:35 0, 60, N/A, 148.75, 47|1, 60, N/A, 108.91, 54|2, 39, N/A, 29.81, 0|3, 42, N/A, 27.35, 0|4, 42, N/A, 27.84, 0|5, 43, N/A, 27.12, 0|6, 40, N/A, 28.81, 0|
13:25:37 0, 61, N/A, 67.18, 45|1, 61, N/A, 176.28, 54|2, 40, N/A, 29.81, 0|3, 42, N/A, 27.35, 0|4, 42, N/A, 27.84, 0|5, 43, N/A, 27.10, 0|6, 40, N/A, 28.81, 0|
13:25:39 0, 60, N/A, 49.99, 45|1, 61, N/A, 186.98, 53|2, 40, N/A, 29.81, 0|3, 42, N/A, 27.35, 0|4, 42, N/A, 27.84, 0|5, 43, N/A, 27.10, 0|6, 40, N/A, 28.81, 0|
13:25:41 0, 60, N/A, 147.28, 47|1, 61, N/A, 74.81, 54|2, 39, N/A, 29.81, 0|3, 41, N/A, 27.33, 0|4, 42, N/A, 27.84, 0|5, 43, N/A, 27.11, 0|6, 40, N/A, 28.79, 0|
13:25:43 0, 61, N/A, 156.53, 45|1, 61, N/A, 103.50, 54|2, 39, N/A, 29.81, 0|3, 41, N/A, 27.33, 0|4, 42, N/A, 27.84, 0|5, 43, N/A, 27.37, 0|6, 40, N/A, 28.79, 0|
13:25:45 0, 59, N/A, 43.59, 0|1, 60, N/A, 49.01, 0|2, 39, N/A, 29.82, 0|3, 41, N/A, 27.33, 0|4, 41, N/A, 27.84, 0|5, 43, N/A, 27.35, 0|6, 40, N/A, 28.81, 0|
13:25:47 0, 63, N/A, 148.01, 100|1, 58, N/A, 47.80, 0|2, 39, N/A, 29.83, 0|3, 41, N/A, 27.33, 0|4, 41, N/A, 27.84, 0|5, 43, N/A, 27.11, 0|6, 40, N/A, 28.79, 0|
13:25:49 0, 62, N/A, 156.93, 100|1, 60, N/A, 49.99, 24|2, 39, N/A, 29.57, 0|3, 41, N/A, 27.33, 0|4, 41, N/A, 27.83, 0|5, 43, N/A, 27.35, 0|6, 40, N/A, 28.55, 0|
13:25:51 0, 62, N/A, 162.79, 100|1, 62, N/A, 193.32, 100|2, 39, N/A, 29.57, 0|3, 41, N/A, 27.33, 0|4, 41, N/A, 27.83, 0|5, 43, N/A, 27.10, 0|6, 40, N/A, 28.55, 0|
13:25:53 0, 62, N/A, 150.86, 100|1, 62, N/A, 171.35, 100|2, 39, N/A, 29.57, 0|3, 41, N/A, 27.33, 0|4, 41, N/A, 27.83, 0|5, 43, N/A, 27.10, 0|6, 39, N/A, 28.55, 0|
13:25:55 0, 60, N/A, 43.83, 0|1, 62, N/A, 159.20, 100|2, 38, N/A, 29.57, 0|3, 41, N/A, 27.35, 0|4, 41, N/A, 27.84, 0|5, 43, N/A, 27.37, 0|6, 39, N/A, 28.57, 0|
13:25:58 0, 63, N/A, 45.80, 100|1, 61, N/A, 167.46, 0|2, 39, N/A, 29.57, 0|3, 41, N/A, 27.33, 0|4, 41, N/A, 27.83, 0|5, 43, N/A, 27.35, 0|6, 39, N/A, 28.55, 0|
13:26:00 0, 64, N/A, 170.63, 100|1, 61, N/A, 49.99, 0|2, 38, N/A, 29.57, 0|3, 41, N/A, 27.33, 0|4, 41, N/A, 27.83, 0|5, 43, N/A, 27.35, 0|6, 39, N/A, 28.55, 0|
13:26:02 0, 63, N/A, 143.32, 100|1, 63, N/A, 166.46, 100|2, 38, N/A, 29.57, 0|3, 41, N/A, 27.33, 0|4, 41, N/A, 27.83, 0|5, 43, N/A, 27.35, 0|6, 39, N/A, 28.55, 0|
13:26:04 0, 63, N/A, 145.04, 100|1, 63, N/A, 163.26, 100|2, 38, N/A, 29.57, 0|3, 41, N/A, 27.33, 0|4, 41, N/A, 27.83, 0|5, 43, N/A, 27.35, 0|6, 39, N/A, 28.55, 0|
13:26:06 0, 61, N/A, 44.08, 0|1, 62, N/A, 177.50, 100|2, 38, N/A, 29.32, 0|3, 41, N/A, 27.33, 0|4, 40, N/A, 27.84, 0|5, 43, N/A, 27.35, 0|6, 39, N/A, 28.55, 0|
13:26:08 0, 64, N/A, 48.27, 77|1, 61, N/A, 155.12, 0|2, 38, N/A, 29.57, 0|3, 41, N/A, 27.33, 0|4, 41, N/A, 27.84, 0|5, 42, N/A, 27.12, 0|6, 39, N/A, 28.57, 0|
13:26:10 0, 64, N/A, 161.16, 100|1, 62, N/A, 50.73, 0|2, 38, N/A, 29.57, 0|3, 40, N/A, 27.33, 0|4, 41, N/A, 27.83, 0|5, 42, N/A, 27.35, 0|6, 39, N/A, 28.57, 0|
13:26:12 0, 64, N/A, 159.43, 100|1, 64, N/A, 183.13, 100|2, 38, N/A, 29.32, 0|3, 40, N/A, 27.33, 0|4, 40, N/A, 27.58, 0|5, 42, N/A, 27.35, 0|6, 39, N/A, 28.55, 0|
13:26:14 0, 63, N/A, 172.35, 100|1, 63, N/A, 176.51, 100|2, 38, N/A, 29.32, 0|3, 40, N/A, 27.33, 0|4, 40, N/A, 27.58, 0|5, 42, N/A, 27.35, 0|6, 39, N/A, 28.55, 0|
13:26:16 0, 62, N/A, 44.82, 0|1, 63, N/A, 153.15, 100|2, 38, N/A, 29.32, 0|3, 40, N/A, 27.33, 0|4, 40, N/A, 27.60, 0|5, 42, N/A, 27.37, 0|6, 39, N/A, 28.55, 0|
13:26:18 0, 65, N/A, 150.14, 100|1, 61, N/A, 49.99, 0|2, 38, N/A, 29.32, 0|3, 40, N/A, 27.33, 0|4, 40, N/A, 27.58, 0|5, 42, N/A, 27.35, 0|6, 39, N/A, 28.55, 0|
13:26:21 0, 65, N/A, 172.12, 100|1, 64, N/A, 69.65, 100|2, 38, N/A, 29.32, 0|3, 40, N/A, 27.09, 0|4, 40, N/A, 27.58, 0|5, 42, N/A, 27.35, 0|6, 39, N/A, 28.55, 0|
13:26:23 0, 64, N/A, 167.69, 100|1, 64, N/A, 159.92, 100|2, 38, N/A, 29.32, 0|3, 40, N/A, 27.09, 0|4, 40, N/A, 27.58, 0|5, 42, N/A, 27.35, 0|6, 39, N/A, 28.55, 0|
13:26:25 0, 62, N/A, 44.57, 0|1, 63, N/A, 179.44, 100|2, 38, N/A, 29.32, 0|3, 40, N/A, 27.09, 0|4, 40, N/A, 27.60, 0|5, 42, N/A, 27.35, 0|6, 39, N/A, 28.55, 0|
13:26:27 0, 65, N/A, 60.55, 100|1, 61, N/A, 177.50, 0|2, 38, N/A, 29.32, 0|3, 40, N/A, 27.09, 0|4, 40, N/A, 27.58, 0|5, 42, N/A, 27.35, 0|6, 38, N/A, 28.55, 0|
13:26:29 0, 65, N/A, 162.05, 100|1, 63, N/A, 51.72, 48|2, 37, N/A, 29.32, 0|3, 40, N/A, 27.09, 0|4, 40, N/A, 27.58, 0|5, 42, N/A, 27.35, 0|6, 39, N/A, 28.55, 0|
13:26:31 0, 65, N/A, 147.57, 100|1, 64, N/A, 196.87, 100|2, 37, N/A, 29.30, 0|3, 40, N/A, 27.07, 0|4, 40, N/A, 27.56, 0|5, 42, N/A, 27.33, 0|6, 38, N/A, 28.53, 0|
13:26:33 0, 64, N/A, 177.64, 0|1, 64, N/A, 163.49, 100|2, 37, N/A, 29.30, 0|3, 40, N/A, 27.07, 0|4, 40, N/A, 27.56, 0|5, 42, N/A, 27.10, 0|6, 38, N/A, 28.30, 0|
13:26:35 0, 65, N/A, 46.51, 50|1, 62, N/A, 171.00, 67|2, 37, N/A, 29.30, 0|3, 40, N/A, 27.07, 0|4, 40, N/A, 27.58, 0|5, 42, N/A, 27.09, 0|6, 38, N/A, 28.53, 0|
13:26:37 0, 66, N/A, 157.38, 100|1, 63, N/A, 51.68, 0|2, 37, N/A, 29.30, 0|3, 40, N/A, 27.07, 0|4, 40, N/A, 27.56, 0|5, 42, N/A, 27.33, 0|6, 38, N/A, 28.28, 0|
13:26:39 0, 66, N/A, 170.75, 100|1, 65, N/A, 170.51, 100|2, 37, N/A, 29.28, 0|3, 40, N/A, 27.07, 0|4, 40, N/A, 27.56, 0|5, 42, N/A, 27.08, 0|6, 38, N/A, 28.28, 0|
13:26:41 0, 64, N/A, 183.63, 0|1, 64, N/A, 155.56, 100|2, 37, N/A, 29.28, 0|3, 40, N/A, 27.05, 0|4, 40, N/A, 27.56, 0|5, 42, N/A, 27.08, 0|6, 38, N/A, 28.28, 0|
13:26:43 0, 65, N/A, 46.97, 55|1, 62, N/A, 187.46, 0|2, 37, N/A, 29.04, 0|3, 39, N/A, 27.07, 0|4, 39, N/A, 27.56, 0|5, 42, N/A, 27.33, 0|6, 38, N/A, 28.28, 0|
13:26:46 0, 66, N/A, 170.67, 100|1, 63, N/A, 51.68, 9|2, 37, N/A, 29.05, 0|3, 39, N/A, 27.05, 0|4, 39, N/A, 27.56, 0|5, 41, N/A, 27.33, 0|6, 38, N/A, 28.26, 0|
13:26:48 0, 65, N/A, 173.85, 100|1, 64, N/A, 178.96, 100|2, 37, N/A, 29.04, 0|3, 39, N/A, 27.05, 0|4, 39, N/A, 27.54, 0|5, 41, N/A, 27.07, 0|6, 38, N/A, 28.26, 0|
13:26:50 0, 62, N/A, 44.79, 0|1, 63, N/A, 154.44, 100|2, 36, N/A, 29.04, 0|3, 39, N/A, 27.07, 0|4, 39, N/A, 27.56, 0|5, 41, N/A, 26.84, 0|6, 38, N/A, 28.28, 0|
13:26:52 0, 65, N/A, 154.84, 100|1, 60, N/A, 49.71, 0|2, 36, N/A, 29.06, 0|3, 39, N/A, 27.07, 0|4, 39, N/A, 27.56, 0|5, 41, N/A, 26.84, 0|6, 38, N/A, 28.28, 0|
13:26:54 0, 65, N/A, 167.74, 100|1, 63, N/A, 52.88, 93|2, 36, N/A, 29.05, 0|3, 39, N/A, 27.05, 0|4, 39, N/A, 27.56, 0|5, 41, N/A, 27.07, 0|6, 37, N/A, 28.26, 0|
13:26:56 0, 64, N/A, 171.63, 100|1, 63, N/A, 183.14, 100|2, 36, N/A, 28.79, 0|3, 39, N/A, 27.05, 0|4, 39, N/A, 27.32, 0|5, 41, N/A, 26.84, 0|6, 37, N/A, 28.28, 0|
13:26:58 0, 62, N/A, 44.79, 0|1, 62, N/A, 190.26, 100|2, 36, N/A, 29.04, 0|3, 39, N/A, 26.82, 0|4, 39, N/A, 27.32, 0|5, 41, N/A, 26.84, 0|6, 37, N/A, 28.28, 0|
13:27:00 0, 65, N/A, 167.01, 100|1, 60, N/A, 49.46, 0|2, 36, N/A, 29.05, 0|3, 39, N/A, 27.07, 0|4, 39, N/A, 27.32, 0|5, 41, N/A, 27.07, 0|6, 37, N/A, 28.28, 0|
13:27:02 0, 64, N/A, 140.93, 100|1, 63, N/A, 193.94, 100|2, 36, N/A, 28.79, 0|3, 38, N/A, 26.81, 0|4, 39, N/A, 27.31, 0|5, 41, N/A, 26.82, 0|6, 37, N/A, 28.26, 0|
13:27:04 0, 63, N/A, 160.23, 63|1, 62, N/A, 151.73, 100|2, 36, N/A, 29.04, 0|3, 38, N/A, 26.82, 0|4, 38, N/A, 27.32, 0|5, 41, N/A, 26.84, 0|6, 37, N/A, 28.03, 0|
13:27:06 0, 62, N/A, 45.03, 0|1, 61, N/A, 175.32, 100|2, 35, N/A, 28.55, 0|3, 38, N/A, 26.82, 0|4, 38, N/A, 27.32, 0|5, 40, N/A, 26.84, 0|6, 37, N/A, 28.03, 0|
13:27:08 0, 62, N/A, 178.27, 100|1, 60, N/A, 49.46, 0|2, 35, N/A, 28.56, 0|3, 38, N/A, 26.82, 0|4, 38, N/A, 27.32, 0|5, 40, N/A, 26.84, 0|6, 37, N/A, 28.03, 0|
13:27:11 0, 61, N/A, 44.54, 0|1, 60, N/A, 160.46, 100|2, 36, N/A, 28.79, 0|3, 38, N/A, 26.82, 0|4, 38, N/A, 27.32, 0|5, 40, N/A, 26.59, 0|6, 37, N/A, 28.03, 0|
13:27:13 0, 60, N/A, 120.74, 28|1, 61, N/A, 98.27, 63|2, 35, N/A, 28.55, 0|3, 38, N/A, 26.82, 0|4, 38, N/A, 27.32, 0|5, 40, N/A, 26.84, 0|6, 37, N/A, 28.03, 0|
13:27:15 0, 61, N/A, 175.32, 42|1, 60, N/A, 56.07, 50|2, 35, N/A, 28.55, 0|3, 38, N/A, 26.58, 0|4, 38, N/A, 27.32, 0|5, 40, N/A, 26.82, 0|6, 37, N/A, 28.03, 0|
13:27:17 0, 61, N/A, 66.41, 49|1, 59, N/A, 175.18, 51|2, 35, N/A, 28.55, 0|3, 38, N/A, 26.82, 0|4, 38, N/A, 27.32, 0|5, 40, N/A, 26.84, 0|6, 36, N/A, 27.79, 0|
13:27:19 0, 60, N/A, 85.06, 48|1, 60, N/A, 123.28, 56|2, 35, N/A, 28.58, 0|3, 38, N/A, 26.84, 0|4, 38, N/A, 27.33, 0|5, 40, N/A, 26.61, 0|6, 36, N/A, 27.81, 0|
13:27:21 0, 60, N/A, 170.41, 42|1, 60, N/A, 58.36, 50|2, 35, N/A, 28.60, 0|3, 38, N/A, 26.84, 0|4, 38, N/A, 27.35, 0|5, 40, N/A, 26.86, 0|6, 36, N/A, 27.83, 0|
13:27:23 0, 61, N/A, 68.92, 49|1, 59, N/A, 174.32, 57|2, 35, N/A, 28.58, 0|3, 38, N/A, 26.86, 0|4, 38, N/A, 27.35, 0|5, 40, N/A, 26.88, 0|6, 36, N/A, 27.83, 0|
13:27:25 0, 61, N/A, 48.02, 42|1, 60, N/A, 158.31, 50|2, 35, N/A, 28.58, 0|3, 38, N/A, 26.86, 0|4, 38, N/A, 27.35, 0|5, 40, N/A, 26.61, 0|6, 36, N/A, 27.83, 0|
13:27:27 0, 61, N/A, 161.41, 49|1, 60, N/A, 64.72, 50|2, 35, N/A, 28.58, 0|3, 38, N/A, 26.84, 0|4, 38, N/A, 27.33, 0|5, 40, N/A, 26.61, 0|6, 36, N/A, 27.81, 0|
13:27:29 0, 61, N/A, 94.16, 49|1, 60, N/A, 155.03, 57|2, 35, N/A, 28.58, 0|3, 38, N/A, 26.61, 0|4, 38, N/A, 27.35, 0|5, 40, N/A, 26.63, 0|6, 36, N/A, 27.83, 0|
13:27:31 0, 61, N/A, 48.76, 42|1, 60, N/A, 183.15, 50|2, 35, N/A, 28.58, 0|3, 38, N/A, 26.59, 0|4, 38, N/A, 27.35, 0|5, 40, N/A, 26.61, 0|6, 36, N/A, 27.81, 0|
13:27:33 0, 61, N/A, 162.54, 49|1, 60, N/A, 62.27, 51|2, 35, N/A, 28.58, 0|3, 38, N/A, 26.59, 0|4, 38, N/A, 27.33, 0|5, 40, N/A, 26.61, 0|6, 36, N/A, 28.05, 0|
13:27:36 0, 61, N/A, 93.72, 43|1, 60, N/A, 155.52, 57|2, 35, N/A, 28.83, 0|3, 38, N/A, 26.84, 0|4, 38, N/A, 27.35, 0|5, 40, N/A, 26.63, 0|6, 36, N/A, 27.83, 0|
13:27:38 0, 61, N/A, 50.23, 44|1, 60, N/A, 190.14, 50|2, 35, N/A, 28.58, 0|3, 38, N/A, 26.84, 0|4, 38, N/A, 27.33, 0|5, 40, N/A, 26.61, 0|6, 36, N/A, 27.81, 0|
13:27:40 0, 61, N/A, 149.98, 50|1, 60, N/A, 74.08, 57|2, 35, N/A, 28.83, 0|3, 38, N/A, 26.84, 0|4, 38, N/A, 27.33, 0|5, 40, N/A, 26.61, 0|6, 36, N/A, 27.81, 0|
13:27:42 0, 61, N/A, 122.55, 42|1, 60, N/A, 143.83, 56|2, 35, N/A, 28.58, 0|3, 38, N/A, 26.84, 0|4, 38, N/A, 27.35, 0|5, 40, N/A, 26.61, 0|6, 36, N/A, 27.81, 0|
13:27:44 0, 61, N/A, 54.39, 46|1, 61, N/A, 187.30, 50|2, 35, N/A, 28.58, 0|3, 38, N/A, 26.84, 0|4, 38, N/A, 27.33, 0|5, 40, N/A, 26.61, 0|6, 36, N/A, 27.81, 0|
13:27:46 0, 61, N/A, 144.82, 50|1, 61, N/A, 79.50, 57|2, 35, N/A, 28.58, 0|3, 38, N/A, 26.84, 0|4, 38, N/A, 27.35, 0|5, 40, N/A, 26.61, 0|6, 36, N/A, 27.83, 0|
13:27:48 0, 61, N/A, 176.77, 42|1, 61, N/A, 76.75, 51|2, 35, N/A, 28.60, 0|3, 38, N/A, 26.86, 0|4, 38, N/A, 27.35, 0|5, 40, N/A, 26.63, 0|6, 36, N/A, 27.83, 0|
13:27:50 0, 62, N/A, 74.83, 42|1, 61, N/A, 175.06, 50|2, 35, N/A, 28.58, 0|3, 38, N/A, 26.86, 0|4, 38, N/A, 27.35, 0|5, 40, N/A, 26.63, 0|6, 36, N/A, 27.83, 0|
13:27:52 0, 61, N/A, 48.51, 50|1, 61, N/A, 173.69, 57|2, 35, N/A, 28.83, 0|3, 38, N/A, 26.84, 0|4, 38, N/A, 27.35, 0|5, 40, N/A, 26.61, 0|6, 36, N/A, 28.06, 0|
13:27:54 0, 61, N/A, 168.28, 47|1, 62, N/A, 59.60, 57|2, 35, N/A, 28.60, 0|3, 38, N/A, 26.84, 0|4, 38, N/A, 27.35, 0|5, 40, N/A, 26.63, 0|6, 36, N/A, 27.83, 0|
13:27:56 0, 62, N/A, 98.34, 44|1, 61, N/A, 149.47, 50|2, 35, N/A, 28.83, 0|3, 38, N/A, 26.86, 0|4, 38, N/A, 27.35, 0|5, 40, N/A, 26.63, 0|6, 36, N/A, 27.83, 0|
13:27:58 0, 62, N/A, 54.92, 50|1, 61, N/A, 184.36, 57|2, 35, N/A, 28.58, 0|3, 38, N/A, 26.61, 0|4, 38, N/A, 27.35, 0|5, 40, N/A, 26.63, 0|6, 36, N/A, 27.83, 0|
13:28:01 0, 61, N/A, 106.94, 42|1, 62, N/A, 108.17, 57|2, 35, N/A, 28.58, 0|3, 38, N/A, 26.84, 0|4, 38, N/A, 27.35, 0|5, 40, N/A, 26.61, 0|6, 36, N/A, 28.06, 0|
13:28:03 0, 61, N/A, 168.21, 42|1, 61, N/A, 60.83, 48|2, 35, N/A, 28.60, 0|3, 38, N/A, 26.84, 0|4, 38, N/A, 27.35, 0|5, 40, N/A, 26.63, 0|6, 36, N/A, 27.83, 0|
13:28:05 0, 62, N/A, 114.51, 50|1, 61, N/A, 138.26, 56|2, 35, N/A, 28.58, 0|3, 38, N/A, 26.61, 0|4, 38, N/A, 27.35, 0|5, 40, N/A, 26.63, 0|6, 36, N/A, 27.81, 0|
13:28:07 0, 62, N/A, 60.05, 45|1, 62, N/A, 181.42, 54|2, 35, N/A, 28.58, 0|3, 38, N/A, 26.84, 0|4, 38, N/A, 27.35, 0|5, 40, N/A, 26.63, 0|6, 36, N/A, 27.83, 0|
13:28:09 0, 62, N/A, 66.94, 42|1, 62, N/A, 123.11, 50|2, 35, N/A, 28.58, 0|3, 38, N/A, 26.84, 0|4, 38, N/A, 27.35, 0|5, 40, N/A, 26.61, 0|6, 36, N/A, 28.07, 0|
13:28:11 0, 62, N/A, 160.21, 50|1, 62, N/A, 66.95, 54|2, 35, N/A, 28.60, 0|3, 38, N/A, 26.84, 0|4, 38, N/A, 27.35, 0|5, 39, N/A, 26.61, 0|6, 36, N/A, 28.07, 0|
13:28:13 0, 62, N/A, 171.22, 50|1, 62, N/A, 91.50, 57|2, 35, N/A, 28.58, 0|3, 38, N/A, 26.59, 0|4, 38, N/A, 27.35, 0|5, 40, N/A, 26.61, 0|6, 36, N/A, 27.81, 0|
13:28:15 0, 62, N/A, 71.87, 42|1, 61, N/A, 173.10, 50|2, 35, N/A, 28.60, 0|3, 37, N/A, 26.86, 0|4, 38, N/A, 27.35, 0|5, 39, N/A, 26.63, 0|6, 36, N/A, 27.83, 0|
13:28:17 0, 62, N/A, 50.98, 42|1, 62, N/A, 189.77, 50|2, 35, N/A, 28.58, 0|3, 38, N/A, 26.86, 0|4, 38, N/A, 27.35, 0|5, 39, N/A, 26.63, 0|6, 36, N/A, 27.81, 0|
13:28:19 0, 61, N/A, 140.16, 50|1, 62, N/A, 83.14, 57|2, 35, N/A, 28.60, 0|3, 38, N/A, 26.84, 0|4, 38, N/A, 27.35, 0|5, 40, N/A, 26.61, 0|6, 36, N/A, 28.06, 0|
13:28:21 0, 62, N/A, 177.26, 43|1, 61, N/A, 77.23, 57|2, 35, N/A, 28.58, 0|3, 38, N/A, 26.84, 0|4, 38, N/A, 27.35, 0|5, 40, N/A, 26.61, 0|6, 36, N/A, 28.07, 0|
13:28:23 0, 62, N/A, 81.67, 42|1, 62, N/A, 165.33, 50|2, 35, N/A, 28.58, 0|3, 37, N/A, 26.84, 0|4, 38, N/A, 27.35, 0|5, 40, N/A, 26.61, 0|6, 36, N/A, 27.81, 0|
13:28:26 0, 62, N/A, 54.42, 50|1, 62, N/A, 187.21, 48|2, 35, N/A, 28.58, 0|3, 37, N/A, 26.84, 0|4, 38, N/A, 27.35, 0|5, 40, N/A, 26.63, 0|6, 36, N/A, 28.07, 0|
13:28:28 0, 62, N/A, 96.38, 50|1, 62, N/A, 117.20, 57|2, 35, N/A, 28.58, 0|3, 37, N/A, 26.84, 0|4, 38, N/A, 27.35, 0|5, 40, N/A, 26.63, 0|6, 36, N/A, 28.07, 0|
13:28:30 0, 62, N/A, 160.70, 42|1, 62, N/A, 63.04, 49|2, 35, N/A, 28.60, 0|3, 38, N/A, 26.86, 0|4, 38, N/A, 27.35, 0|5, 40, N/A, 26.63, 0|6, 36, N/A, 27.83, 0|
13:28:32 0, 62, N/A, 139.50, 43|1, 62, N/A, 118.92, 49|2, 35, N/A, 28.58, 0|3, 38, N/A, 26.84, 0|4, 38, N/A, 27.35, 0|5, 40, N/A, 26.61, 0|6, 36, N/A, 27.83, 0|
13:28:34 0, 62, N/A, 69.65, 50|1, 62, N/A, 175.06, 57|2, 35, N/A, 28.58, 0|3, 37, N/A, 26.84, 0|4, 38, N/A, 27.35, 0|5, 39, N/A, 26.63, 0|6, 36, N/A, 28.07, 0|
13:28:36 0, 62, N/A, 50.97, 50|1, 62, N/A, 190.63, 57|2, 35, N/A, 28.58, 0|3, 38, N/A, 26.84, 0|4, 38, N/A, 27.33, 0|5, 40, N/A, 26.61, 0|6, 36, N/A, 28.05, 0|
13:28:38 0, 62, N/A, 118.61, 42|1, 62, N/A, 98.83, 49|2, 35, N/A, 28.58, 0|3, 37, N/A, 26.59, 0|4, 38, N/A, 27.35, 0|5, 40, N/A, 26.63, 0|6, 36, N/A, 28.06, 0|
13:28:40 0, 62, N/A, 164.36, 46|1, 62, N/A, 64.52, 49|2, 35, N/A, 28.58, 0|3, 37, N/A, 26.86, 0|4, 38, N/A, 27.35, 0|5, 39, N/A, 26.61, 0|6, 36, N/A, 28.07, 0|
13:28:42 0, 61, N/A, 44.35, 0|1, 61, N/A, 50.02, 0|2, 35, N/A, 28.58, 0|3, 37, N/A, 26.86, 0|4, 38, N/A, 27.35, 0|5, 39, N/A, 26.63, 0|6, 36, N/A, 27.83, 0|
13:28:44 0, 64, N/A, 173.21, 100|1, 59, N/A, 48.54, 0|2, 35, N/A, 28.58, 0|3, 37, N/A, 26.60, 0|4, 38, N/A, 27.35, 0|5, 40, N/A, 26.61, 0|6, 36, N/A, 28.07, 0|
13:28:46 0, 64, N/A, 180.35, 100|1, 63, N/A, 154.04, 100|2, 35, N/A, 28.58, 0|3, 37, N/A, 26.84, 0|4, 38, N/A, 27.33, 0|5, 39, N/A, 26.61, 0|6, 36, N/A, 27.81, 0|
13:28:49 0, 63, N/A, 193.57, 100|1, 63, N/A, 160.17, 100|2, 35, N/A, 28.58, 0|3, 37, N/A, 26.84, 0|4, 38, N/A, 27.09, 0|5, 39, N/A, 26.61, 0|6, 36, N/A, 28.05, 0|
13:28:51 0, 63, N/A, 46.30, 100|1, 61, N/A, 180.44, 5|2, 35, N/A, 28.58, 0|3, 37, N/A, 26.84, 0|4, 38, N/A, 27.35, 0|5, 39, N/A, 26.63, 0|6, 36, N/A, 27.83, 0|
13:28:53 0, 65, N/A, 150.87, 100|1, 62, N/A, 51.72, 31|2, 35, N/A, 28.58, 0|3, 37, N/A, 26.84, 0|4, 38, N/A, 27.33, 0|5, 39, N/A, 26.61, 0|6, 36, N/A, 27.81, 0|
13:28:55 0, 64, N/A, 165.33, 100|1, 64, N/A, 167.53, 100|2, 35, N/A, 28.58, 0|3, 37, N/A, 26.84, 0|4, 38, N/A, 27.33, 0|5, 40, N/A, 26.61, 0|6, 36, N/A, 28.05, 0|
13:28:57 0, 63, N/A, 45.31, 0|1, 63, N/A, 173.34, 100|2, 35, N/A, 28.58, 0|3, 37, N/A, 26.86, 0|4, 38, N/A, 27.35, 0|5, 39, N/A, 26.61, 0|6, 36, N/A, 28.07, 0|
13:28:59 0, 65, N/A, 150.63, 100|1, 62, N/A, 50.48, 0|2, 35, N/A, 28.60, 0|3, 37, N/A, 26.84, 0|4, 38, N/A, 27.58, 0|5, 39, N/A, 26.61, 0|6, 36, N/A, 27.81, 0|
13:29:01 0, 65, N/A, 180.32, 100|1, 64, N/A, 176.66, 100|2, 35, N/A, 28.56, 0|3, 37, N/A, 26.59, 0|4, 38, N/A, 27.33, 0|5, 39, N/A, 26.61, 0|6, 36, N/A, 27.81, 0|
13:29:03 0, 62, N/A, 45.06, 0|1, 64, N/A, 157.62, 100|2, 35, N/A, 28.57, 0|3, 38, N/A, 26.59, 0|4, 37, N/A, 27.33, 0|5, 39, N/A, 26.61, 0|6, 36, N/A, 27.81, 0|
13:29:05 0, 66, N/A, 173.21, 100|1, 61, N/A, 49.96, 0|2, 35, N/A, 28.56, 0|3, 37, N/A, 26.82, 0|4, 38, N/A, 27.32, 0|5, 39, N/A, 26.59, 0|6, 36, N/A, 27.79, 0|
13:29:07 0, 66, N/A, 164.38, 100|1, 65, N/A, 195.76, 100|2, 35, N/A, 28.55, 0|3, 37, N/A, 26.82, 0|4, 37, N/A, 27.32, 0|5, 39, N/A, 26.59, 0|6, 36, N/A, 28.03, 0|
13:29:09 0, 64, N/A, 176.54, 100|1, 64, N/A, 193.82, 100|2, 35, N/A, 28.55, 0|3, 37, N/A, 26.82, 0|4, 38, N/A, 27.32, 0|5, 40, N/A, 26.59, 0|6, 36, N/A, 28.03, 0|
13:29:11 0, 66, N/A, 51.65, 100|1, 61, N/A, 183.15, 0|2, 35, N/A, 28.55, 0|3, 37, N/A, 26.58, 0|4, 37, N/A, 27.32, 0|5, 39, N/A, 26.59, 0|6, 36, N/A, 28.03, 0|
13:29:14 0, 66, N/A, 171.16, 100|1, 65, N/A, 173.09, 100|2, 35, N/A, 28.30, 0|3, 37, N/A, 26.56, 0|4, 37, N/A, 27.30, 0|5, 39, N/A, 26.58, 0|6, 36, N/A, 28.03, 0|
13:29:16 0, 65, N/A, 175.32, 100|1, 64, N/A, 157.77, 100|2, 35, N/A, 28.55, 0|3, 37, N/A, 26.82, 0|4, 37, N/A, 27.32, 0|5, 39, N/A, 26.59, 0|6, 36, N/A, 27.79, 0|
13:29:18 0, 64, N/A, 46.23, 81|1, 62, N/A, 193.80, 36|2, 34, N/A, 28.55, 0|3, 37, N/A, 26.81, 0|4, 37, N/A, 27.32, 0|5, 39, N/A, 26.59, 0|6, 36, N/A, 27.79, 0|
13:29:20 0, 65, N/A, 176.17, 100|1, 63, N/A, 51.68, 48|2, 34, N/A, 28.32, 0|3, 37, N/A, 26.82, 0|4, 37, N/A, 27.32, 0|5, 39, N/A, 26.59, 0|6, 36, N/A, 28.03, 0|
13:29:22 0, 64, N/A, 177.28, 100|1, 63, N/A, 192.35, 100|2, 34, N/A, 28.30, 0|3, 37, N/A, 26.81, 0|4, 37, N/A, 27.30, 0|5, 39, N/A, 26.58, 0|6, 36, N/A, 28.03, 0|
13:29:24 0, 63, N/A, 45.77, 0|1, 62, N/A, 161.29, 100|2, 34, N/A, 28.30, 0|3, 37, N/A, 26.58, 0|4, 37, N/A, 27.32, 0|5, 39, N/A, 26.59, 0|6, 36, N/A, 27.79, 0|
13:29:26 0, 65, N/A, 164.88, 100|1, 62, N/A, 50.94, 37|2, 34, N/A, 28.32, 0|3, 37, N/A, 26.58, 0|4, 37, N/A, 27.32, 0|5, 39, N/A, 26.59, 0|6, 36, N/A, 28.03, 0|
13:29:28 0, 64, N/A, 153.10, 100|1, 63, N/A, 184.75, 100|2, 34, N/A, 28.30, 0|3, 37, N/A, 26.81, 0|4, 37, N/A, 27.32, 0|5, 39, N/A, 26.58, 0|6, 36, N/A, 28.02, 0|
13:29:30 0, 62, N/A, 45.53, 0|1, 61, N/A, 158.84, 100|2, 34, N/A, 28.30, 0|3, 37, N/A, 26.33, 0|4, 37, N/A, 27.32, 0|5, 39, N/A, 26.59, 0|6, 36, N/A, 27.79, 0|
13:29:32 0, 65, N/A, 181.20, 100|1, 61, N/A, 50.42, 0|2, 34, N/A, 28.30, 0|3, 37, N/A, 26.31, 0|4, 37, N/A, 27.30, 0|5, 39, N/A, 26.58, 0|6, 36, N/A, 27.79, 0|
13:29:34 0, 64, N/A, 168.95, 100|1, 62, N/A, 165.10, 100|2, 34, N/A, 28.30, 0|3, 37, N/A, 26.56, 0|4, 37, N/A, 27.30, 0|5, 39, N/A, 26.58, 0|6, 35, N/A, 27.53, 0|
13:29:36 0, 62, N/A, 45.28, 0|1, 61, N/A, 157.03, 100|2, 34, N/A, 28.30, 0|3, 37, N/A, 26.58, 0|4, 37, N/A, 27.32, 0|5, 39, N/A, 26.59, 0|6, 35, N/A, 27.79, 0|
13:29:39 0, 64, N/A, 177.06, 100|1, 60, N/A, 50.20, 0|2, 34, N/A, 28.32, 0|3, 37, N/A, 26.58, 0|4, 37, N/A, 27.32, 0|5, 39, N/A, 26.59, 0|6, 35, N/A, 27.79, 0|
13:29:41 0, 64, N/A, 174.10, 100|1, 62, N/A, 163.74, 100|2, 34, N/A, 28.30, 0|3, 37, N/A, 26.33, 0|4, 37, N/A, 27.32, 0|5, 38, N/A, 26.59, 0|6, 35, N/A, 27.54, 0|
13:29:43 0, 62, N/A, 45.28, 0|1, 60, N/A, 162.18, 100|2, 34, N/A, 28.30, 0|3, 37, N/A, 26.58, 0|4, 37, N/A, 27.32, 0|5, 38, N/A, 26.59, 0|6, 35, N/A, 27.54, 0|
13:29:45 0, 64, N/A, 155.82, 100|1, 60, N/A, 50.17, 79|2, 34, N/A, 28.30, 0|3, 37, N/A, 26.31, 0|4, 37, N/A, 27.32, 0|5, 38, N/A, 26.58, 0|6, 35, N/A, 27.79, 0|
13:29:47 0, 63, N/A, 172.96, 100|1, 61, N/A, 191.22, 100|2, 34, N/A, 28.30, 0|3, 37, N/A, 26.33, 0|4, 37, N/A, 27.32, 0|5, 39, N/A, 26.59, 0|6, 35, N/A, 27.79, 0|
13:29:49 0, 62, N/A, 45.50, 58|1, 60, N/A, 175.65, 60|2, 34, N/A, 28.30, 0|3, 36, N/A, 26.58, 0|4, 37, N/A, 27.32, 0|5, 38, N/A, 26.59, 0|6, 35, N/A, 27.54, 0|
13:29:51 0, 64, N/A, 173.13, 100|1, 61, N/A, 52.63, 84|2, 34, N/A, 28.32, 0|3, 36, N/A, 26.31, 0|4, 37, N/A, 27.32, 0|5, 38, N/A, 26.35, 0|6, 35, N/A, 27.54, 0|
13:29:53 0, 62, N/A, 157.28, 100|1, 61, N/A, 194.40, 100|2, 33, N/A, 28.55, 0|3, 36, N/A, 26.33, 0|4, 37, N/A, 27.32, 0|5, 38, N/A, 26.35, 0|6, 35, N/A, 27.54, 0|
13:29:55 0, 63, N/A, 46.73, 83|1, 59, N/A, 160.55, 35|2, 33, N/A, 28.55, 0|3, 36, N/A, 26.33, 0|4, 37, N/A, 27.32, 0|5, 38, N/A, 26.35, 0|6, 35, N/A, 27.54, 0|
13:29:57 0, 63, N/A, 179.87, 100|1, 61, N/A, 172.84, 100|2, 33, N/A, 28.79, 0|3, 36, N/A, 26.31, 0|4, 37, N/A, 27.30, 0|5, 38, N/A, 26.58, 0|6, 35, N/A, 27.53, 0|
13:29:59 0, 62, N/A, 160.22, 84|1, 60, N/A, 178.98, 100|2, 33, N/A, 28.55, 0|3, 36, N/A, 26.33, 0|4, 37, N/A, 27.32, 0|5, 38, N/A, 26.35, 0|6, 35, N/A, 27.54, 0|
13:30:01 0, 63, N/A, 177.28, 100|1, 58, N/A, 47.99, 0|2, 34, N/A, 28.55, 0|3, 36, N/A, 26.31, 0|4, 37, N/A, 27.30, 0|5, 38, N/A, 26.58, 0|6, 35, N/A, 27.77, 0|
13:30:04 0, 63, N/A, 178.98, 100|1, 61, N/A, 193.08, 100|2, 33, N/A, 28.54, 0|3, 36, N/A, 26.31, 0|4, 36, N/A, 27.30, 0|5, 38, N/A, 26.58, 0|6, 35, N/A, 27.53, 0|
13:30:06 0, 60, N/A, 43.80, 0|1, 60, N/A, 180.23, 100|2, 33, N/A, 28.55, 0|3, 36, N/A, 26.33, 0|4, 36, N/A, 27.32, 0|5, 38, N/A, 26.35, 0|6, 35, N/A, 27.54, 0|
13:30:08 0, 64, N/A, 181.44, 100|1, 58, N/A, 48.23, 0|2, 33, N/A, 28.56, 0|3, 36, N/A, 26.58, 0|4, 37, N/A, 27.32, 0|5, 38, N/A, 26.35, 0|6, 35, N/A, 27.54, 0|
13:30:10 0, 63, N/A, 180.95, 100|1, 61, N/A, 176.29, 100|2, 33, N/A, 28.30, 0|3, 36, N/A, 26.56, 0|4, 37, N/A, 27.30, 0|5, 38, N/A, 26.33, 0|6, 35, N/A, 27.54, 0|
13:30:12 0, 60, N/A, 44.29, 0|1, 59, N/A, 189.78, 100|2, 33, N/A, 28.55, 0|3, 36, N/A, 26.33, 0|4, 36, N/A, 27.32, 0|5, 38, N/A, 26.59, 0|6, 35, N/A, 27.54, 0|
13:30:14 0, 63, N/A, 181.69, 100|1, 58, N/A, 48.97, 0|2, 33, N/A, 28.32, 0|3, 36, N/A, 26.31, 0|4, 36, N/A, 27.07, 0|5, 38, N/A, 26.33, 0|6, 35, N/A, 27.54, 0|
13:30:16 0, 62, N/A, 178.01, 100|1, 60, N/A, 191.86, 100|2, 33, N/A, 28.55, 0|3, 36, N/A, 26.33, 0|4, 36, N/A, 27.32, 0|5, 38, N/A, 26.35, 0|6, 35, N/A, 27.54, 0|
13:30:18 0, 61, N/A, 45.28, 45|1, 58, N/A, 187.33, 73|2, 33, N/A, 28.30, 0|3, 36, N/A, 26.33, 0|4, 36, N/A, 27.32, 0|5, 38, N/A, 26.35, 0|6, 35, N/A, 27.54, 0|
13:30:20 0, 63, N/A, 162.26, 100|1, 60, N/A, 190.49, 100|2, 33, N/A, 28.30, 0|3, 36, N/A, 26.82, 0|4, 36, N/A, 27.32, 0|5, 38, N/A, 26.35, 0|6, 35, N/A, 27.54, 0|
13:30:22 0, 61, N/A, 169.04, 54|1, 59, N/A, 158.99, 100|2, 33, N/A, 28.30, 0|3, 36, N/A, 26.82, 0|4, 36, N/A, 27.32, 0|5, 38, N/A, 26.35, 0|6, 35, N/A, 27.54, 0|
13:30:24 0, 59, N/A, 43.56, 0|1, 60, N/A, 177.77, 100|2, 33, N/A, 28.56, 0|3, 36, N/A, 26.58, 0|4, 36, N/A, 27.07, 0|5, 38, N/A, 26.35, 0|6, 35, N/A, 27.54, 0|
13:30:26 0, 63, N/A, 186.37, 100|1, 56, N/A, 47.00, 0|2, 33, N/A, 28.32, 0|3, 36, N/A, 26.82, 0|4, 36, N/A, 27.07, 0|5, 38, N/A, 26.35, 0|6, 35, N/A, 27.54, 0|
13:30:29 0, 59, N/A, 43.56, 0|1, 60, N/A, 189.54, 100|2, 33, N/A, 28.32, 0|3, 36, N/A, 26.58, 0|4, 36, N/A, 27.09, 0|5, 38, N/A, 26.35, 0|6, 35, N/A, 27.54, 0|
13:30:31 0, 60, N/A, 164.24, 46|1, 59, N/A, 61.49, 56|2, 33, N/A, 28.32, 0|3, 36, N/A, 26.82, 0|4, 36, N/A, 27.07, 0|5, 38, N/A, 26.35, 0|6, 35, N/A, 27.54, 0|
13:30:33 0, 61, N/A, 59.81, 54|1, 58, N/A, 179.86, 55|2, 33, N/A, 28.58, 0|3, 36, N/A, 26.86, 0|4, 36, N/A, 27.10, 0|5, 38, N/A, 26.38, 0|6, 35, N/A, 27.58, 0|
13:30:35 0, 60, N/A, 151.62, 44|1, 59, N/A, 70.89, 59|2, 33, N/A, 28.34, 0|3, 36, N/A, 26.59, 0|4, 37, N/A, 27.33, 0|5, 38, N/A, 26.36, 0|6, 35, N/A, 27.56, 0|
13:30:37 0, 61, N/A, 100.80, 54|1, 59, N/A, 146.28, 49|2, 33, N/A, 28.58, 0|3, 36, N/A, 26.84, 0|4, 37, N/A, 27.35, 0|5, 38, N/A, 26.38, 0|6, 35, N/A, 27.58, 0|
13:30:39 0, 61, N/A, 48.27, 52|1, 59, N/A, 192.60, 51|2, 33, N/A, 28.58, 0|3, 36, N/A, 26.86, 0|4, 37, N/A, 27.10, 0|5, 38, N/A, 26.37, 0|6, 35, N/A, 27.58, 0|
13:30:41 0, 60, N/A, 169.26, 47|1, 59, N/A, 58.36, 45|2, 33, N/A, 28.58, 0|3, 36, N/A, 26.84, 0|4, 37, N/A, 27.10, 0|5, 38, N/A, 26.37, 0|6, 35, N/A, 27.58, 0|
13:30:43 0, 62, N/A, 59.06, 54|1, 59, N/A, 180.21, 58|2, 33, N/A, 28.58, 0|3, 36, N/A, 26.84, 0|4, 36, N/A, 27.35, 0|5, 38, N/A, 26.36, 0|6, 35, N/A, 27.56, 0|
13:30:45 0, 61, N/A, 130.59, 39|1, 60, N/A, 87.32, 45|2, 33, N/A, 28.58, 0|3, 36, N/A, 26.84, 0|4, 37, N/A, 27.35, 0|5, 38, N/A, 26.36, 0|6, 35, N/A, 27.58, 0|
13:30:47 0, 61, N/A, 108.67, 54|1, 59, N/A, 140.96, 61|2, 33, N/A, 28.35, 0|3, 36, N/A, 26.86, 0|4, 37, N/A, 27.35, 0|5, 38, N/A, 26.38, 0|6, 35, N/A, 27.58, 0|
13:30:49 0, 61, N/A, 48.02, 38|1, 60, N/A, 183.64, 45|2, 34, N/A, 28.58, 0|3, 36, N/A, 26.84, 0|4, 36, N/A, 27.35, 0|5, 38, N/A, 26.36, 0|6, 35, N/A, 27.56, 0|
13:30:51 0, 61, N/A, 167.05, 54|1, 60, N/A, 58.12, 62|2, 33, N/A, 28.58, 0|3, 36, N/A, 26.84, 0|4, 37, N/A, 27.35, 0|5, 38, N/A, 26.36, 0|6, 35, N/A, 27.58, 0|
13:30:54 0, 62, N/A, 63.00, 38|1, 59, N/A, 176.53, 50|2, 34, N/A, 28.58, 0|3, 36, N/A, 26.59, 0|4, 37, N/A, 27.35, 0|5, 38, N/A, 26.63, 0|6, 35, N/A, 27.58, 0|
13:30:56 0, 61, N/A, 120.33, 54|1, 61, N/A, 96.37, 59|2, 34, N/A, 28.58, 0|3, 36, N/A, 26.84, 0|4, 37, N/A, 27.35, 0|5, 38, N/A, 26.36, 0|6, 35, N/A, 27.81, 0|
13:30:58 0, 61, N/A, 133.12, 43|1, 60, N/A, 123.10, 58|2, 34, N/A, 28.83, 0|3, 36, N/A, 26.84, 0|4, 37, N/A, 27.35, 0|5, 38, N/A, 26.38, 0|6, 35, N/A, 27.83, 0|
13:31:00 0, 61, N/A, 48.76, 54|1, 60, N/A, 189.89, 51|2, 34, N/A, 28.58, 0|3, 36, N/A, 26.84, 0|4, 36, N/A, 27.35, 0|5, 38, N/A, 26.36, 0|6, 35, N/A, 27.56, 0|
13:31:02 0, 61, N/A, 163.37, 53|1, 60, N/A, 62.76, 62|2, 33, N/A, 28.58, 0|3, 36, N/A, 26.84, 0|4, 37, N/A, 27.33, 0|5, 38, N/A, 26.36, 0|6, 35, N/A, 27.81, 0|
13:31:04 0, 62, N/A, 76.50, 45|1, 60, N/A, 165.10, 45|2, 34, N/A, 28.34, 0|3, 36, N/A, 26.86, 0|4, 37, N/A, 27.35, 0|5, 38, N/A, 26.38, 0|6, 35, N/A, 27.58, 0|
13:31:06 0, 61, N/A, 67.92, 54|1, 61, N/A, 140.23, 56|2, 34, N/A, 28.83, 0|3, 36, N/A, 26.84, 0|4, 37, N/A, 27.33, 0|5, 38, N/A, 26.37, 0|6, 35, N/A, 27.56, 0|
13:31:08 0, 61, N/A, 174.08, 38|1, 61, N/A, 55.91, 45|2, 34, N/A, 28.58, 0|3, 36, N/A, 26.84, 0|4, 37, N/A, 27.33, 0|5, 38, N/A, 26.36, 0|6, 35, N/A, 27.56, 0|
13:31:10 0, 62, N/A, 59.60, 50|1, 60, N/A, 180.45, 61|2, 34, N/A, 28.83, 0|3, 36, N/A, 26.86, 0|4, 37, N/A, 27.35, 0|5, 38, N/A, 26.38, 0|6, 35, N/A, 27.58, 0|
13:31:12 0, 61, N/A, 141.63, 41|1, 61, N/A, 83.63, 49|2, 34, N/A, 28.58, 0|3, 37, N/A, 26.84, 0|4, 37, N/A, 27.35, 0|5, 38, N/A, 26.37, 0|6, 35, N/A, 27.56, 0|
13:31:14 0, 62, N/A, 149.96, 41|1, 60, N/A, 106.88, 59|2, 34, N/A, 28.58, 0|3, 37, N/A, 26.84, 0|4, 37, N/A, 27.35, 0|5, 38, N/A, 26.38, 0|6, 35, N/A, 27.58, 0|
13:31:16 0, 61, N/A, 52.95, 46|1, 61, N/A, 189.03, 59|2, 34, N/A, 28.83, 0|3, 37, N/A, 26.84, 0|4, 37, N/A, 27.35, 0|5, 38, N/A, 26.63, 0|6, 35, N/A, 27.58, 0|
13:31:19 0, 61, N/A, 156.04, 38|1, 61, N/A, 68.18, 49|2, 34, N/A, 28.60, 0|3, 36, N/A, 26.84, 0|4, 37, N/A, 27.35, 0|5, 38, N/A, 26.37, 0|6, 35, N/A, 27.83, 0|
13:31:21 0, 62, N/A, 102.03, 53|1, 60, N/A, 147.26, 62|2, 34, N/A, 28.83, 0|3, 36, N/A, 26.84, 0|4, 37, N/A, 27.35, 0|5, 38, N/A, 26.63, 0|6, 35, N/A, 27.83, 0|
13:31:23 0, 62, N/A, 48.51, 44|1, 61, N/A, 193.57, 45|2, 34, N/A, 28.83, 0|3, 36, N/A, 26.84, 0|4, 37, N/A, 27.35, 0|5, 38, N/A, 26.36, 0|6, 35, N/A, 27.56, 0|
13:31:25 0, 62, N/A, 167.93, 54|1, 61, N/A, 59.35, 54|2, 34, N/A, 28.83, 0|3, 36, N/A, 26.84, 0|4, 37, N/A, 27.33, 0|5, 38, N/A, 26.61, 0|6, 35, N/A, 27.56, 0|
13:31:27 0, 62, N/A, 76.25, 38|1, 61, N/A, 165.10, 49|2, 34, N/A, 28.83, 0|3, 37, N/A, 26.84, 0|4, 37, N/A, 27.35, 0|5, 38, N/A, 26.61, 0|6, 35, N/A, 27.58, 0|
13:31:29 0, 61, N/A, 63.01, 48|1, 61, N/A, 142.19, 45|2, 34, N/A, 28.58, 0|3, 37, N/A, 26.84, 0|4, 37, N/A, 27.35, 0|5, 38, N/A, 26.63, 0|6, 35, N/A, 27.83, 0|
13:31:31 0, 61, N/A, 175.54, 42|1, 61, N/A, 56.15, 56|2, 34, N/A, 28.83, 0|3, 37, N/A, 26.84, 0|4, 37, N/A, 27.35, 0|5, 38, N/A, 26.36, 0|6, 35, N/A, 27.58, 0|
13:31:33 0, 62, N/A, 58.85, 38|1, 61, N/A, 181.92, 45|2, 34, N/A, 28.83, 0|3, 37, N/A, 26.86, 0|4, 37, N/A, 27.35, 0|5, 38, N/A, 26.38, 0|6, 35, N/A, 27.83, 0|
13:31:35 0, 61, N/A, 128.44, 53|1, 62, N/A, 92.93, 62|2, 34, N/A, 28.58, 0|3, 37, N/A, 26.84, 0|4, 37, N/A, 27.35, 0|5, 38, N/A, 26.61, 0|6, 35, N/A, 27.81, 0|
13:31:37 0, 62, N/A, 162.00, 38|1, 61, N/A, 98.84, 46|2, 34, N/A, 28.84, 0|3, 37, N/A, 26.86, 0|4, 37, N/A, 27.35, 0|5, 38, N/A, 26.63, 0|6, 36, N/A, 27.83, 0|
13:31:39 0, 62, N/A, 50.24, 54|1, 61, N/A, 190.15, 62|2, 34, N/A, 28.58, 0|3, 37, N/A, 26.86, 0|4, 37, N/A, 27.35, 0|5, 38, N/A, 26.63, 0|6, 35, N/A, 27.83, 0|
13:31:41 0, 62, N/A, 160.18, 39|1, 61, N/A, 65.23, 45|2, 34, N/A, 28.83, 0|3, 37, N/A, 26.84, 0|4, 37, N/A, 27.33, 0|5, 38, N/A, 26.61, 0|6, 35, N/A, 27.56, 0|
13:31:44 0, 62, N/A, 86.09, 54|1, 61, N/A, 158.97, 52|2, 34, N/A, 28.83, 0|3, 37, N/A, 26.86, 0|4, 37, N/A, 27.35, 0|5, 38, N/A, 26.38, 0|6, 35, N/A, 27.83, 0|
13:31:46 0, 62, N/A, 68.18, 49|1, 62, N/A, 118.67, 48|2, 34, N/A, 28.83, 0|3, 37, N/A, 26.84, 0|4, 37, N/A, 27.35, 0|5, 38, N/A, 26.61, 0|6, 36, N/A, 27.58, 0|
13:31:48 0, 62, N/A, 178.00, 49|1, 61, N/A, 76.06, 48|2, 34, N/A, 28.58, 0|3, 37, N/A, 26.86, 0|4, 37, N/A, 27.35, 0|5, 38, N/A, 26.63, 0|6, 36, N/A, 27.58, 0|
13:31:50 0, 62, N/A, 54.42, 54|1, 62, N/A, 186.58, 52|2, 34, N/A, 28.58, 0|3, 37, N/A, 26.86, 0|4, 37, N/A, 27.35, 0|5, 38, N/A, 26.63, 0|6, 36, N/A, 27.83, 0|
13:31:52 0, 62, N/A, 134.58, 38|1, 62, N/A, 87.33, 45|2, 34, N/A, 28.58, 0|3, 37, N/A, 26.84, 0|4, 37, N/A, 27.35, 0|5, 38, N/A, 26.63, 0|6, 36, N/A, 27.81, 0|
13:31:54 0, 62, N/A, 178.00, 51|1, 61, N/A, 72.11, 62|2, 34, N/A, 28.84, 0|3, 37, N/A, 26.86, 0|4, 37, N/A, 27.35, 0|5, 38, N/A, 26.63, 0|6, 35, N/A, 27.83, 0|
13:31:56 0, 62, N/A, 57.13, 42|1, 62, N/A, 184.87, 52|2, 34, N/A, 28.83, 0|3, 37, N/A, 26.86, 0|4, 37, N/A, 27.35, 0|5, 38, N/A, 26.63, 0|6, 36, N/A, 27.58, 0|
13:31:58 0, 62, N/A, 136.48, 54|1, 62, N/A, 85.61, 55|2, 34, N/A, 28.84, 0|3, 37, N/A, 26.84, 0|4, 37, N/A, 27.35, 0|5, 39, N/A, 26.63, 0|6, 35, N/A, 27.81, 0|
13:32:00 0, 62, N/A, 174.08, 52|1, 61, N/A, 91.94, 62|2, 34, N/A, 28.83, 0|3, 37, N/A, 26.84, 0|4, 37, N/A, 27.35, 0|5, 39, N/A, 26.38, 0|6, 35, N/A, 27.83, 0|
13:32:02 0, 62, N/A, 54.67, 49|1, 62, N/A, 185.97, 45|2, 34, N/A, 28.58, 0|3, 37, N/A, 26.84, 0|4, 37, N/A, 27.35, 0|5, 38, N/A, 26.63, 0|6, 35, N/A, 27.58, 0|
13:32:04 0, 62, N/A, 140.40, 54|1, 62, N/A, 82.66, 55|2, 34, N/A, 28.83, 0|3, 37, N/A, 26.84, 0|4, 37, N/A, 27.33, 0|5, 39, N/A, 26.61, 0|6, 35, N/A, 27.81, 0|
13:32:06 0, 62, N/A, 178.74, 37|1, 62, N/A, 105.65, 48|2, 34, N/A, 28.83, 0|3, 37, N/A, 26.86, 0|4, 37, N/A, 27.35, 0|5, 38, N/A, 26.61, 0|6, 36, N/A, 27.58, 0|
13:32:09 0, 63, N/A, 168.94, 100|1, 59, N/A, 48.79, 0|2, 34, N/A, 28.60, 0|3, 37, N/A, 26.86, 0|4, 37, N/A, 27.35, 0|5, 39, N/A, 26.63, 0|6, 36, N/A, 27.81, 0|
13:32:11 0, 62, N/A, 45.31, 13|1, 60, N/A, 156.50, 100|2, 34, N/A, 28.83, 0|3, 37, N/A, 26.86, 0|4, 37, N/A, 27.35, 0|5, 39, N/A, 26.63, 0|6, 36, N/A, 27.83, 0|
13:32:13 0, 65, N/A, 171.14, 100|1, 64, N/A, 127.03, 100|2, 34, N/A, 28.83, 0|3, 37, N/A, 26.84, 0|4, 37, N/A, 27.33, 0|5, 38, N/A, 26.61, 0|6, 36, N/A, 27.81, 0|
13:32:15 0, 63, N/A, 178.23, 60|1, 63, N/A, 194.04, 100|2, 34, N/A, 28.83, 0|3, 37, N/A, 26.84, 0|4, 37, N/A, 27.33, 0|5, 38, N/A, 26.61, 0|6, 36, N/A, 27.56, 0|
13:32:17 0, 65, N/A, 148.00, 100|1, 60, N/A, 49.53, 0|2, 34, N/A, 28.83, 0|3, 37, N/A, 26.84, 0|4, 37, N/A, 27.35, 0|5, 38, N/A, 26.61, 0|6, 35, N/A, 27.81, 0|
13:32:19 0, 65, N/A, 177.41, 100|1, 64, N/A, 167.18, 100|2, 34, N/A, 28.58, 0|3, 37, N/A, 26.84, 0|4, 37, N/A, 27.33, 0|5, 39, N/A, 26.61, 0|6, 36, N/A, 27.81, 0|
13:32:21 0, 63, N/A, 45.07, 0|1, 63, N/A, 155.84, 100|2, 34, N/A, 28.83, 0|3, 37, N/A, 26.86, 0|4, 37, N/A, 27.35, 0|5, 38, N/A, 26.63, 0|6, 36, N/A, 27.83, 0|
13:32:23 0, 66, N/A, 166.72, 100|1, 62, N/A, 51.22, 0|2, 34, N/A, 28.58, 0|3, 37, N/A, 26.84, 0|4, 37, N/A, 27.33, 0|5, 39, N/A, 26.61, 0|6, 35, N/A, 27.81, 0|
13:32:25 0, 65, N/A, 163.77, 100|1, 64, N/A, 192.36, 100|2, 34, N/A, 28.83, 0|3, 37, N/A, 26.84, 0|4, 37, N/A, 27.33, 0|5, 38, N/A, 26.61, 0|6, 36, N/A, 27.81, 0|
13:32:27 0, 65, N/A, 47.78, 100|1, 61, N/A, 160.18, 19|2, 34, N/A, 28.83, 0|3, 37, N/A, 26.84, 0|4, 37, N/A, 27.35, 0|5, 39, N/A, 26.61, 0|6, 36, N/A, 27.83, 0|
13:32:29 0, 66, N/A, 180.45, 100|1, 65, N/A, 157.13, 100|2, 34, N/A, 28.58, 0|3, 37, N/A, 26.84, 0|4, 37, N/A, 27.33, 0|5, 39, N/A, 26.61, 0|6, 36, N/A, 27.81, 0|
13:32:32 0, 63, N/A, 45.06, 0|1, 64, N/A, 190.14, 100|2, 34, N/A, 28.83, 0|3, 37, N/A, 26.84, 0|4, 37, N/A, 27.35, 0|5, 39, N/A, 26.63, 0|6, 36, N/A, 28.07, 0|
13:32:34 0, 66, N/A, 144.56, 100|1, 62, N/A, 50.73, 0|2, 34, N/A, 28.58, 0|3, 37, N/A, 26.84, 0|4, 37, N/A, 27.33, 0|5, 38, N/A, 26.61, 0|6, 36, N/A, 27.81, 0|
13:32:36 0, 66, N/A, 148.15, 100|1, 65, N/A, 204.21, 100|2, 34, N/A, 28.58, 0|3, 37, N/A, 26.84, 0|4, 37, N/A, 27.33, 0|5, 39, N/A, 26.61, 0|6, 36, N/A, 27.81, 0|
13:32:38 0, 65, N/A, 46.79, 35|1, 63, N/A, 155.27, 87|2, 34, N/A, 28.83, 0|3, 37, N/A, 26.86, 0|4, 37, N/A, 27.35, 0|5, 39, N/A, 26.63, 0|6, 36, N/A, 27.83, 0|
13:32:40 0, 67, N/A, 172.33, 100|1, 65, N/A, 196.00, 100|2, 34, N/A, 28.83, 0|3, 37, N/A, 26.84, 0|4, 37, N/A, 27.33, 0|5, 39, N/A, 26.61, 0|6, 36, N/A, 27.81, 0|
13:32:42 0, 64, N/A, 157.64, 0|1, 65, N/A, 175.03, 100|2, 34, N/A, 28.58, 0|3, 37, N/A, 26.84, 0|4, 37, N/A, 27.33, 0|5, 39, N/A, 26.61, 0|6, 36, N/A, 27.81, 0|
13:32:44 0, 68, N/A, 182.17, 100|1, 62, N/A, 50.76, 0|2, 34, N/A, 28.60, 0|3, 37, N/A, 26.84, 0|4, 37, N/A, 27.35, 0|5, 39, N/A, 26.63, 0|6, 35, N/A, 27.81, 0|
13:32:46 0, 67, N/A, 191.36, 100|1, 65, N/A, 175.52, 100|2, 34, N/A, 28.83, 0|3, 37, N/A, 26.84, 0|4, 37, N/A, 27.33, 0|5, 39, N/A, 26.61, 0|6, 36, N/A, 27.81, 0|
13:32:48 0, 65, N/A, 46.30, 0|1, 64, N/A, 155.03, 89|2, 34, N/A, 28.83, 0|3, 37, N/A, 26.86, 0|4, 37, N/A, 27.35, 0|5, 39, N/A, 26.61, 0|6, 36, N/A, 27.83, 0|
13:32:50 0, 68, N/A, 180.68, 100|1, 66, N/A, 180.91, 100|2, 34, N/A, 28.58, 0|3, 37, N/A, 26.84, 0|4, 37, N/A, 27.33, 0|5, 39, N/A, 26.61, 0|6, 36, N/A, 27.81, 0|
13:32:52 0, 65, N/A, 157.97, 45|1, 65, N/A, 169.39, 100|2, 34, N/A, 28.83, 0|3, 37, N/A, 26.84, 0|4, 37, N/A, 27.33, 0|5, 39, N/A, 26.61, 0|6, 36, N/A, 28.05, 0|
13:32:54 0, 68, N/A, 175.06, 100|1, 62, N/A, 51.01, 0|2, 34, N/A, 28.60, 0|3, 37, N/A, 26.84, 0|4, 37, N/A, 27.35, 0|5, 39, N/A, 26.61, 0|6, 36, N/A, 27.81, 0|
13:32:57 0, 66, N/A, 153.56, 100|1, 65, N/A, 192.10, 100|2, 34, N/A, 28.83, 0|3, 37, N/A, 26.84, 0|4, 37, N/A, 27.33, 0|5, 39, N/A, 26.61, 0|6, 35, N/A, 27.81, 0|
13:32:59 0, 65, N/A, 46.29, 0|1, 63, N/A, 180.93, 100|2, 34, N/A, 28.83, 0|3, 37, N/A, 26.84, 0|4, 37, N/A, 27.35, 0|5, 38, N/A, 26.38, 0|6, 35, N/A, 27.81, 0|
13:33:01 0, 66, N/A, 144.55, 100|1, 65, N/A, 159.19, 100|2, 34, N/A, 28.58, 0|3, 37, N/A, 26.84, 0|4, 37, N/A, 27.33, 0|5, 38, N/A, 26.36, 0|6, 36, N/A, 27.81, 0|
13:33:03 0, 63, N/A, 44.82, 0|1, 64, N/A, 171.60, 100|2, 34, N/A, 28.83, 0|3, 37, N/A, 26.84, 0|4, 37, N/A, 27.35, 0|5, 38, N/A, 26.61, 0|6, 35, N/A, 27.83, 0|
13:33:05 0, 66, N/A, 154.64, 100|1, 62, N/A, 50.48, 0|2, 34, N/A, 28.83, 0|3, 37, N/A, 26.86, 0|4, 37, N/A, 27.35, 0|5, 38, N/A, 26.61, 0|6, 35, N/A, 27.81, 0|
13:33:07 0, 66, N/A, 178.72, 100|1, 64, N/A, 187.68, 100|2, 34, N/A, 28.58, 0|3, 37, N/A, 26.84, 0|4, 37, N/A, 27.33, 0|5, 38, N/A, 26.61, 0|6, 35, N/A, 27.56, 0|
13:33:09 0, 65, N/A, 47.78, 100|1, 61, N/A, 156.01, 0|2, 34, N/A, 28.58, 0|3, 37, N/A, 26.84, 0|4, 37, N/A, 27.33, 0|5, 38, N/A, 26.36, 0|6, 35, N/A, 27.56, 0|
13:33:11 0, 66, N/A, 180.34, 100|1, 64, N/A, 189.38, 100|2, 34, N/A, 28.83, 0|3, 36, N/A, 26.84, 0|4, 37, N/A, 27.33, 0|5, 38, N/A, 26.61, 0|6, 35, N/A, 27.56, 0|
13:33:13 0, 63, N/A, 44.82, 0|1, 62, N/A, 195.90, 100|2, 34, N/A, 28.57, 0|3, 37, N/A, 26.84, 0|4, 37, N/A, 27.35, 0|5, 38, N/A, 26.61, 0|6, 35, N/A, 27.56, 0|
13:33:15 0, 65, N/A, 178.74, 100|1, 61, N/A, 50.98, 48|2, 34, N/A, 28.58, 0|3, 36, N/A, 26.84, 0|4, 37, N/A, 27.33, 0|5, 38, N/A, 26.61, 0|6, 35, N/A, 27.56, 0|
13:33:17 0, 64, N/A, 158.46, 100|1, 63, N/A, 167.18, 100|2, 34, N/A, 28.58, 0|3, 36, N/A, 26.84, 0|4, 37, N/A, 27.33, 0|5, 38, N/A, 26.36, 0|6, 35, N/A, 27.56, 0|
13:33:19 0, 65, N/A, 167.93, 100|1, 60, N/A, 49.01, 0|2, 33, N/A, 28.58, 0|3, 36, N/A, 26.84, 0|4, 37, N/A, 27.35, 0|5, 38, N/A, 26.36, 0|6, 35, N/A, 27.56, 0|
13:33:22 0, 65, N/A, 177.88, 100|1, 63, N/A, 196.62, 100|2, 33, N/A, 28.58, 0|3, 36, N/A, 26.59, 0|4, 37, N/A, 27.33, 0|5, 38, N/A, 26.36, 0|6, 35, N/A, 27.56, 0|
13:33:24 0, 63, N/A, 45.06, 0|1, 61, N/A, 166.21, 100|2, 34, N/A, 28.32, 0|3, 36, N/A, 26.84, 0|4, 37, N/A, 27.09, 0|5, 38, N/A, 26.36, 0|6, 35, N/A, 27.56, 0|
13:33:26 0, 65, N/A, 161.46, 100|1, 63, N/A, 193.18, 100|2, 33, N/A, 28.56, 0|3, 36, N/A, 26.82, 0|4, 36, N/A, 27.32, 0|5, 38, N/A, 26.35, 0|6, 35, N/A, 27.54, 0|
13:33:28 0, 61, N/A, 44.05, 0|1, 62, N/A, 179.57, 100|2, 33, N/A, 28.55, 0|3, 36, N/A, 26.58, 0|4, 37, N/A, 27.32, 0|5, 38, N/A, 26.35, 0|6, 35, N/A, 27.54, 0|
13:33:30 0, 65, N/A, 161.70, 100|1, 60, N/A, 49.68, 0|2, 34, N/A, 28.55, 0|3, 36, N/A, 26.81, 0|4, 36, N/A, 27.30, 0|5, 38, N/A, 26.33, 0|6, 35, N/A, 27.53, 0|
13:33:32 0, 64, N/A, 158.01, 100|1, 62, N/A, 188.04, 100|2, 34, N/A, 28.30, 0|3, 36, N/A, 26.81, 0|4, 36, N/A, 27.32, 0|5, 38, N/A, 26.33, 0|6, 35, N/A, 27.53, 0|
13:33:34 0, 66, N/A, 169.06, 100|1, 59, N/A, 48.72, 0|2, 33, N/A, 28.55, 0|3, 36, N/A, 26.81, 0|4, 37, N/A, 27.32, 0|5, 38, N/A, 26.33, 0|6, 35, N/A, 27.53, 0|
13:33:36 0, 65, N/A, 177.51, 100|1, 63, N/A, 167.06, 100|2, 34, N/A, 28.55, 0|3, 36, N/A, 26.56, 0|4, 37, N/A, 27.32, 0|5, 38, N/A, 26.33, 0|6, 35, N/A, 27.54, 0|
13:33:38 0, 63, N/A, 45.03, 0|1, 61, N/A, 184.13, 100|2, 33, N/A, 28.55, 0|3, 36, N/A, 26.82, 0|4, 37, N/A, 27.32, 0|5, 38, N/A, 26.35, 0|6, 35, N/A, 27.54, 0|
13:33:40 0, 65, N/A, 178.01, 100|1, 64, N/A, 194.80, 100|2, 34, N/A, 28.54, 0|3, 36, N/A, 26.81, 0|4, 37, N/A, 27.30, 0|5, 38, N/A, 26.33, 0|6, 35, N/A, 27.77, 0|
13:33:42 0, 62, N/A, 44.54, 0|1, 63, N/A, 168.06, 100|2, 34, N/A, 28.79, 0|3, 36, N/A, 26.82, 0|4, 37, N/A, 27.32, 0|5, 38, N/A, 26.35, 0|6, 35, N/A, 27.54, 0|
13:33:44 0, 66, N/A, 148.07, 100|1, 61, N/A, 50.20, 0|2, 34, N/A, 28.56, 0|3, 36, N/A, 26.82, 0|4, 37, N/A, 27.32, 0|5, 38, N/A, 26.35, 0|6, 35, N/A, 27.54, 0|
13:33:47 0, 65, N/A, 144.38, 100|1, 64, N/A, 205.43, 100|2, 34, N/A, 28.55, 0|3, 36, N/A, 26.81, 0|4, 37, N/A, 27.30, 0|5, 38, N/A, 26.33, 0|6, 35, N/A, 27.53, 0|
13:33:49 0, 67, N/A, 178.78, 100|1, 60, N/A, 49.46, 0|2, 34, N/A, 28.56, 0|3, 36, N/A, 26.82, 0|4, 37, N/A, 27.32, 0|5, 38, N/A, 26.59, 0|6, 35, N/A, 27.54, 0|
13:33:51 0, 66, N/A, 180.71, 100|1, 64, N/A, 194.78, 100|2, 34, N/A, 28.55, 0|3, 36, N/A, 26.81, 0|4, 37, N/A, 27.30, 0|5, 38, N/A, 26.33, 0|6, 35, N/A, 27.77, 0|
13:33:53 0, 65, N/A, 46.24, 0|1, 63, N/A, 164.38, 100|2, 34, N/A, 28.79, 0|3, 36, N/A, 26.82, 0|4, 37, N/A, 27.32, 0|5, 38, N/A, 26.59, 0|6, 35, N/A, 27.54, 0|
13:33:55 0, 66, N/A, 151.88, 100|1, 64, N/A, 195.51, 100|2, 34, N/A, 28.55, 0|3, 36, N/A, 26.81, 0|4, 37, N/A, 27.30, 0|5, 38, N/A, 26.33, 0|6, 35, N/A, 27.54, 0|
13:33:57 0, 63, N/A, 45.03, 0|1, 63, N/A, 167.81, 100|2, 34, N/A, 28.79, 0|3, 36, N/A, 26.82, 0|4, 37, N/A, 27.32, 0|5, 38, N/A, 26.59, 0|6, 35, N/A, 27.54, 0|
13:33:59 0, 66, N/A, 153.62, 100|1, 62, N/A, 51.16, 51|2, 34, N/A, 28.79, 0|3, 36, N/A, 26.81, 0|4, 37, N/A, 27.32, 0|5, 38, N/A, 26.33, 0|6, 35, N/A, 27.77, 0|
13:34:01 0, 64, N/A, 175.81, 85|1, 63, N/A, 194.55, 100|2, 34, N/A, 28.54, 0|3, 36, N/A, 26.81, 0|4, 37, N/A, 27.31, 0|5, 38, N/A, 26.33, 0|6, 35, N/A, 27.77, 0|
13:34:03 0, 66, N/A, 181.20, 100|1, 60, N/A, 49.46, 0|2, 33, N/A, 28.56, 0|3, 36, N/A, 26.81, 0|4, 37, N/A, 27.32, 0|5, 38, N/A, 26.33, 0|6, 35, N/A, 27.79, 0|
13:34:05 0, 65, N/A, 164.64, 100|1, 63, N/A, 160.71, 100|2, 33, N/A, 28.79, 0|3, 36, N/A, 26.81, 0|4, 37, N/A, 27.32, 0|5, 38, N/A, 26.35, 0|6, 35, N/A, 27.54, 0|
13:34:07 0, 66, N/A, 160.96, 100|1, 59, N/A, 48.70, 0|2, 33, N/A, 28.56, 0|3, 36, N/A, 26.81, 0|4, 37, N/A, 27.30, 0|5, 38, N/A, 26.33, 0|6, 35, N/A, 27.77, 0|
13:34:09 0, 65, N/A, 181.44, 100|1, 63, N/A, 166.72, 100|2, 33, N/A, 28.55, 0|3, 36, N/A, 26.81, 0|4, 37, N/A, 27.30, 0|5, 38, N/A, 26.33, 0|6, 35, N/A, 27.53, 0|
13:34:12 0, 63, N/A, 45.03, 0|1, 61, N/A, 181.44, 100|2, 33, N/A, 28.30, 0|3, 36, N/A, 26.82, 0|4, 36, N/A, 27.32, 0|5, 38, N/A, 26.59, 0|6, 35, N/A, 27.54, 0|
13:34:14 0, 65, N/A, 187.46, 100|1, 63, N/A, 169.51, 100|2, 33, N/A, 28.30, 0|3, 36, N/A, 26.81, 0|4, 36, N/A, 27.31, 0|5, 38, N/A, 26.35, 0|6, 35, N/A, 27.79, 0|
13:34:16 0, 62, N/A, 44.29, 0|1, 61, N/A, 166.59, 100|2, 33, N/A, 28.30, 0|3, 36, N/A, 26.58, 0|4, 36, N/A, 27.32, 0|5, 38, N/A, 26.84, 0|6, 35, N/A, 27.79, 0|
13:34:18 0, 65, N/A, 155.42, 100|1, 61, N/A, 50.69, 4|2, 33, N/A, 28.32, 0|3, 36, N/A, 26.58, 0|4, 37, N/A, 27.32, 0|5, 38, N/A, 26.84, 0|6, 35, N/A, 27.54, 0|
13:34:20 0, 62, N/A, 158.76, 9|1, 62, N/A, 159.73, 100|2, 33, N/A, 28.30, 0|3, 36, N/A, 26.58, 0|4, 36, N/A, 27.32, 0|5, 38, N/A, 26.84, 0|6, 35, N/A, 27.54, 0|
13:34:22 0, 65, N/A, 164.15, 100|1, 59, N/A, 48.97, 0|2, 33, N/A, 28.56, 0|3, 36, N/A, 26.56, 0|4, 37, N/A, 27.07, 0|5, 38, N/A, 26.58, 0|6, 35, N/A, 27.79, 0|
13:34:24 0, 63, N/A, 182.67, 100|1, 62, N/A, 181.18, 100|2, 33, N/A, 28.30, 0|3, 36, N/A, 26.81, 0|4, 36, N/A, 27.07, 0|5, 38, N/A, 26.59, 0|6, 35, N/A, 27.54, 0|
13:34:26 0, 64, N/A, 153.12, 100|1, 58, N/A, 48.23, 0|2, 33, N/A, 28.30, 0|3, 36, N/A, 26.56, 0|4, 36, N/A, 27.05, 0|5, 38, N/A, 26.58, 0|6, 35, N/A, 27.54, 0|
13:34:28 0, 63, N/A, 160.71, 100|1, 62, N/A, 181.92, 100|2, 33, N/A, 28.55, 0|3, 36, N/A, 26.82, 0|4, 36, N/A, 27.07, 0|5, 38, N/A, 26.59, 0|6, 35, N/A, 27.54, 0|
13:34:30 0, 63, N/A, 45.77, 38|1, 59, N/A, 169.44, 0|2, 33, N/A, 28.30, 0|3, 36, N/A, 26.58, 0|4, 36, N/A, 27.07, 0|5, 38, N/A, 26.59, 0|6, 35, N/A, 27.54, 0|
13:34:32 0, 64, N/A, 172.86, 100|1, 61, N/A, 182.16, 100|2, 33, N/A, 28.30, 0|3, 36, N/A, 26.82, 0|4, 36, N/A, 27.32, 0|5, 38, N/A, 26.59, 0|6, 35, N/A, 27.54, 0|
13:34:34 0, 61, N/A, 44.51, 0|1, 60, N/A, 193.31, 100|2, 33, N/A, 28.55, 0|3, 36, N/A, 26.82, 0|4, 36, N/A, 27.32, 0|5, 38, N/A, 26.84, 0|6, 35, N/A, 27.79, 0|
13:34:37 0, 64, N/A, 145.59, 100|1, 61, N/A, 190.13, 100|2, 33, N/A, 28.30, 0|3, 36, N/A, 26.81, 0|4, 36, N/A, 27.07, 0|5, 38, N/A, 26.35, 0|6, 35, N/A, 27.54, 0|
13:34:39 0, 61, N/A, 43.80, 0|1, 60, N/A, 154.19, 100|2, 33, N/A, 28.30, 0|3, 36, N/A, 26.58, 0|4, 36, N/A, 27.07, 0|5, 38, N/A, 26.84, 0|6, 35, N/A, 27.54, 0|
13:34:41 0, 64, N/A, 160.48, 100|1, 60, N/A, 50.17, 56|2, 33, N/A, 28.30, 0|3, 36, N/A, 26.56, 0|4, 36, N/A, 27.05, 0|5, 38, N/A, 26.58, 0|6, 35, N/A, 27.54, 0|
13:34:43 0, 61, N/A, 174.18, 0|1, 60, N/A, 162.18, 100|2, 33, N/A, 28.30, 0|3, 36, N/A, 26.58, 0|4, 36, N/A, 27.07, 0|5, 38, N/A, 26.59, 0|6, 35, N/A, 27.54, 0|
13:34:45 0, 64, N/A, 172.15, 100|1, 58, N/A, 48.72, 0|2, 33, N/A, 28.32, 0|3, 36, N/A, 26.58, 0|4, 36, N/A, 27.07, 0|5, 37, N/A, 26.84, 0|6, 35, N/A, 27.54, 0|
13:34:47 0, 63, N/A, 179.48, 100|1, 61, N/A, 170.49, 100|2, 33, N/A, 28.30, 0|3, 36, N/A, 26.58, 0|4, 36, N/A, 27.07, 0|5, 38, N/A, 26.84, 0|6, 35, N/A, 27.54, 0|
13:34:49 0, 64, N/A, 166.12, 100|1, 58, N/A, 48.23, 0|2, 33, N/A, 28.32, 0|3, 36, N/A, 26.58, 0|4, 36, N/A, 27.07, 0|5, 38, N/A, 26.59, 0|6, 35, N/A, 27.79, 0|
13:34:51 0, 63, N/A, 178.50, 100|1, 61, N/A, 192.60, 100|2, 33, N/A, 28.30, 0|3, 36, N/A, 26.56, 0|4, 36, N/A, 27.07, 0|5, 38, N/A, 26.58, 0|6, 35, N/A, 27.53, 0|
13:34:53 0, 64, N/A, 178.04, 100|1, 57, N/A, 47.74, 0|2, 33, N/A, 28.32, 0|3, 36, N/A, 26.58, 0|4, 36, N/A, 27.07, 0|5, 38, N/A, 26.59, 0|6, 35, N/A, 27.54, 0|
13:34:55 0, 63, N/A, 180.11, 100|1, 60, N/A, 183.63, 100|2, 33, N/A, 28.30, 0|3, 36, N/A, 26.56, 0|4, 36, N/A, 27.07, 0|5, 37, N/A, 26.59, 0|6, 35, N/A, 27.54, 0|
13:34:57 0, 63, N/A, 46.51, 91|1, 58, N/A, 152.71, 28|2, 33, N/A, 28.30, 0|3, 36, N/A, 26.58, 0|4, 36, N/A, 27.07, 0|5, 38, N/A, 26.59, 0|6, 35, N/A, 27.54, 0|
13:35:00 0, 64, N/A, 146.34, 100|1, 61, N/A, 202.37, 100|2, 33, N/A, 28.30, 0|3, 36, N/A, 26.82, 0|4, 36, N/A, 27.07, 0|5, 38, N/A, 26.84, 0|6, 35, N/A, 27.79, 0|
13:35:02 0, 62, N/A, 44.79, 0|1, 60, N/A, 160.98, 100|2, 33, N/A, 28.32, 0|3, 36, N/A, 26.58, 0|4, 36, N/A, 27.08, 0|5, 38, N/A, 26.84, 0|6, 35, N/A, 27.79, 0|
13:35:04 0, 65, N/A, 179.97, 100|1, 62, N/A, 192.09, 100|2, 33, N/A, 28.30, 0|3, 36, N/A, 26.56, 0|4, 36, N/A, 27.05, 0|5, 38, N/A, 26.59, 0|6, 35, N/A, 27.79, 0|
13:35:06 0, 62, N/A, 44.54, 0|1, 61, N/A, 190.64, 100|2, 33, N/A, 28.55, 0|3, 36, N/A, 26.58, 0|4, 36, N/A, 27.07, 0|5, 38, N/A, 26.59, 0|6, 35, N/A, 27.54, 0|
13:35:08 0, 64, N/A, 172.61, 100|1, 62, N/A, 177.26, 100|2, 33, N/A, 28.30, 0|3, 36, N/A, 26.56, 0|4, 36, N/A, 27.31, 0|5, 38, N/A, 26.58, 0|6, 35, N/A, 27.53, 0|
13:35:10 0, 61, N/A, 44.29, 0|1, 61, N/A, 191.14, 100|2, 33, N/A, 28.30, 0|3, 36, N/A, 26.58, 0|4, 36, N/A, 27.07, 0|5, 38, N/A, 26.84, 0|6, 35, N/A, 27.54, 0|
13:35:12 0, 66, N/A, 151.01, 100|1, 62, N/A, 54.11, 100|2, 33, N/A, 28.32, 0|3, 36, N/A, 26.58, 0|4, 36, N/A, 27.07, 0|5, 38, N/A, 26.84, 0|6, 35, N/A, 27.54, 0|
13:35:14 0, 62, N/A, 44.29, 0|1, 62, N/A, 189.78, 100|2, 33, N/A, 28.30, 0|3, 36, N/A, 26.58, 0|4, 36, N/A, 27.32, 0|5, 38, N/A, 26.59, 0|6, 35, N/A, 27.54, 0|
13:35:16 0, 66, N/A, 175.91, 100|1, 61, N/A, 50.20, 0|2, 33, N/A, 28.32, 0|3, 36, N/A, 26.82, 0|4, 36, N/A, 27.32, 0|5, 38, N/A, 26.84, 0|6, 35, N/A, 27.54, 0|
13:35:18 0, 63, N/A, 173.87, 62|1, 62, N/A, 166.34, 100|2, 33, N/A, 28.55, 0|3, 36, N/A, 26.82, 0|4, 36, N/A, 27.32, 0|5, 38, N/A, 26.59, 0|6, 35, N/A, 27.79, 0|
13:35:20 0, 66, N/A, 167.25, 100|1, 61, N/A, 50.20, 0|2, 33, N/A, 28.32, 0|3, 36, N/A, 26.56, 0|4, 36, N/A, 27.32, 0|5, 38, N/A, 26.59, 0|6, 35, N/A, 27.79, 0|
13:35:22 0, 65, N/A, 178.99, 67|1, 63, N/A, 192.60, 100|2, 33, N/A, 28.30, 0|3, 36, N/A, 26.81, 0|4, 36, N/A, 27.07, 0|5, 38, N/A, 26.58, 0|6, 35, N/A, 27.79, 0|
13:35:25 0, 66, N/A, 169.21, 100|1, 60, N/A, 49.71, 0|2, 34, N/A, 28.56, 0|3, 36, N/A, 26.81, 0|4, 37, N/A, 27.32, 0|5, 38, N/A, 26.58, 0|6, 35, N/A, 27.77, 0|
13:35:27 0, 65, N/A, 147.56, 100|1, 63, N/A, 183.15, 100|2, 33, N/A, 28.30, 0|3, 36, N/A, 26.82, 0|4, 37, N/A, 27.32, 0|5, 38, N/A, 26.59, 0|6, 35, N/A, 27.79, 0|
13:35:29 0, 67, N/A, 180.85, 100|1, 60, N/A, 49.71, 0|2, 33, N/A, 28.81, 0|3, 36, N/A, 26.81, 0|4, 37, N/A, 27.32, 0|5, 38, N/A, 26.84, 0|6, 35, N/A, 27.54, 0|
13:35:31 0, 65, N/A, 176.79, 100|1, 64, N/A, 194.80, 100|2, 33, N/A, 28.55, 0|3, 36, N/A, 26.81, 0|4, 37, N/A, 27.32, 0|5, 38, N/A, 26.59, 0|6, 35, N/A, 27.54, 0|
13:35:33 0, 67, N/A, 151.01, 100|1, 60, N/A, 49.71, 0|2, 33, N/A, 28.56, 0|3, 36, N/A, 26.56, 0|4, 37, N/A, 27.32, 0|5, 38, N/A, 26.84, 0|6, 35, N/A, 27.54, 0|
13:35:35 0, 67, N/A, 182.41, 100|1, 64, N/A, 168.06, 100|2, 33, N/A, 28.55, 0|3, 36, N/A, 26.82, 0|4, 37, N/A, 27.32, 0|5, 38, N/A, 26.84, 0|6, 35, N/A, 27.79, 0|
13:35:37 0, 68, N/A, 181.23, 100|1, 61, N/A, 49.71, 0|2, 34, N/A, 28.56, 0|3, 36, N/A, 26.82, 0|4, 37, N/A, 27.32, 0|5, 38, N/A, 26.84, 0|6, 35, N/A, 27.79, 0|
13:35:39 0, 66, N/A, 186.83, 100|1, 64, N/A, 167.55, 100|2, 34, N/A, 28.79, 0|3, 36, N/A, 26.82, 0|4, 37, N/A, 27.32, 0|5, 38, N/A, 26.59, 0|6, 35, N/A, 27.79, 0|
13:35:41 0, 68, N/A, 179.50, 100|1, 61, N/A, 49.46, 0|2, 34, N/A, 28.56, 0|3, 36, N/A, 26.82, 0|4, 37, N/A, 27.32, 0|5, 38, N/A, 26.84, 0|6, 35, N/A, 27.79, 0|
13:35:43 0, 67, N/A, 173.61, 100|1, 65, N/A, 195.53, 100|2, 34, N/A, 28.55, 0|3, 36, N/A, 26.81, 0|4, 37, N/A, 27.30, 0|5, 38, N/A, 26.58, 0|6, 35, N/A, 27.79, 0|
13:35:45 0, 67, N/A, 65.91, 100|1, 60, N/A, 153.30, 0|2, 34, N/A, 28.56, 0|3, 36, N/A, 26.82, 0|4, 37, N/A, 27.32, 0|5, 38, N/A, 26.84, 0|6, 35, N/A, 27.79, 0|
13:35:47 0, 67, N/A, 181.20, 100|1, 65, N/A, 175.30, 100|2, 34, N/A, 28.79, 0|3, 36, N/A, 26.82, 0|4, 37, N/A, 27.32, 0|5, 38, N/A, 26.84, 0|6, 35, N/A, 27.79, 0|
13:35:50 0, 66, N/A, 47.25, 42|1, 61, N/A, 171.24, 0|2, 34, N/A, 28.56, 0|3, 36, N/A, 26.82, 0|4, 37, N/A, 27.33, 0|5, 38, N/A, 26.59, 0|6, 35, N/A, 27.54, 0|
13:35:52 0, 67, N/A, 148.30, 100|1, 64, N/A, 204.81, 100|2, 33, N/A, 28.30, 0|3, 36, N/A, 26.82, 0|4, 37, N/A, 27.32, 0|5, 38, N/A, 26.59, 0|6, 35, N/A, 27.54, 0|
13:35:54 0, 65, N/A, 46.51, 90|1, 61, N/A, 191.01, 27|2, 33, N/A, 28.79, 0|3, 36, N/A, 26.82, 0|4, 37, N/A, 27.32, 0|5, 38, N/A, 26.59, 0|6, 35, N/A, 27.54, 0|
13:35:56 0, 66, N/A, 147.89, 100|1, 63, N/A, 202.87, 100|2, 33, N/A, 28.56, 0|3, 36, N/A, 26.82, 0|4, 37, N/A, 27.32, 0|5, 38, N/A, 26.59, 0|6, 35, N/A, 27.54, 0|
13:35:58 0, 64, N/A, 46.27, 54|1, 62, N/A, 193.21, 64|2, 33, N/A, 28.56, 0|3, 36, N/A, 26.59, 0|4, 36, N/A, 27.33, 0|5, 38, N/A, 26.61, 0|6, 35, N/A, 27.56, 0|
13:36:00 0, 66, N/A, 147.90, 100|1, 63, N/A, 207.64, 100|2, 33, N/A, 28.58, 0|3, 36, N/A, 26.59, 0|4, 37, N/A, 27.33, 0|5, 38, N/A, 26.61, 0|6, 35, N/A, 27.56, 0|
13:36:02 0, 64, N/A, 45.56, 18|1, 61, N/A, 193.08, 98|2, 33, N/A, 28.58, 0|3, 36, N/A, 26.59, 0|4, 36, N/A, 27.10, 0|5, 38, N/A, 26.61, 0|6, 35, N/A, 27.56, 0|
13:36:04 0, 62, N/A, 44.57, 0|1, 63, N/A, 185.48, 100|2, 33, N/A, 28.57, 0|3, 36, N/A, 26.59, 0|4, 37, N/A, 27.35, 0|5, 38, N/A, 26.61, 0|6, 35, N/A, 27.56, 0|
13:36:06 0, 64, N/A, 177.51, 100|1, 60, N/A, 48.76, 0|2, 33, N/A, 28.34, 0|3, 36, N/A, 26.59, 0|4, 36, N/A, 27.10, 0|5, 38, N/A, 26.63, 0|6, 35, N/A, 27.81, 0|
13:36:08 0, 65, N/A, 169.27, 100|1, 57, N/A, 40.66, 0|2, 33, N/A, 28.35, 0|3, 36, N/A, 26.61, 0|4, 36, N/A, 27.10, 0|5, 38, N/A, 26.63, 0|6, 35, N/A, 27.56, 0|
13:36:10 0, 60, N/A, 43.59, 0|1, 62, N/A, 172.69, 100|2, 33, N/A, 28.34, 0|3, 36, N/A, 26.61, 0|4, 36, N/A, 27.35, 0|5, 38, N/A, 26.61, 0|6, 35, N/A, 27.58, 0|
13:36:12 0, 61, N/A, 174.22, 40|1, 60, N/A, 54.18, 46|2, 33, N/A, 28.34, 0|3, 36, N/A, 26.59, 0|4, 37, N/A, 27.10, 0|5, 38, N/A, 26.63, 0|6, 35, N/A, 27.58, 0|
13:36:15 0, 62, N/A, 107.19, 54|1, 60, N/A, 138.43, 59|2, 33, N/A, 28.34, 0|3, 36, N/A, 26.59, 0|4, 36, N/A, 27.35, 0|5, 38, N/A, 26.61, 0|6, 35, N/A, 27.81, 0|
13:36:17 0, 61, N/A, 56.12, 54|1, 60, N/A, 181.65, 45|2, 33, N/A, 28.34, 0|3, 36, N/A, 26.59, 0|4, 36, N/A, 27.10, 0|5, 38, N/A, 26.61, 0|6, 35, N/A, 27.58, 0|
13:36:19 0, 61, N/A, 46.79, 44|1, 60, N/A, 189.89, 46|2, 33, N/A, 28.34, 0|3, 36, N/A, 26.59, 0|4, 36, N/A, 27.09, 0|5, 38, N/A, 26.86, 0|6, 35, N/A, 27.56, 0|
13:36:21 0, 60, N/A, 153.83, 43|1, 60, N/A, 68.92, 63|2, 33, N/A, 28.34, 0|3, 36, N/A, 26.60, 0|4, 36, N/A, 27.10, 0|5, 38, N/A, 26.61, 0|6, 35, N/A, 27.81, 0|
13:36:23 0, 61, N/A, 175.32, 51|1, 59, N/A, 52.48, 61|2, 33, N/A, 28.35, 0|3, 36, N/A, 26.86, 0|4, 36, N/A, 27.10, 0|5, 38, N/A, 26.63, 0|6, 35, N/A, 27.58, 0|
13:36:25 0, 62, N/A, 108.67, 43|1, 59, N/A, 135.32, 43|2, 33, N/A, 28.35, 0|3, 36, N/A, 26.86, 0|4, 36, N/A, 27.10, 0|5, 38, N/A, 26.63, 0|6, 35, N/A, 27.58, 0|
13:36:27 0, 61, N/A, 58.83, 39|1, 60, N/A, 177.74, 47|2, 33, N/A, 28.34, 0|3, 36, N/A, 26.59, 0|4, 36, N/A, 27.10, 0|5, 38, N/A, 26.61, 0|6, 35, N/A, 27.56, 0|
13:36:29 0, 61, N/A, 47.28, 54|1, 60, N/A, 186.23, 58|2, 33, N/A, 28.34, 0|3, 36, N/A, 26.59, 0|4, 36, N/A, 27.10, 0|5, 38, N/A, 26.86, 0|6, 35, N/A, 27.56, 0|
13:36:31 0, 61, N/A, 135.07, 58|1, 60, N/A, 79.50, 55|2, 33, N/A, 28.35, 0|3, 36, N/A, 26.61, 0|4, 36, N/A, 27.10, 0|5, 38, N/A, 26.38, 0|6, 35, N/A, 27.58, 0|
13:36:33 0, 61, N/A, 171.96, 36|1, 60, N/A, 54.67, 50|2, 33, N/A, 28.35, 0|3, 36, N/A, 26.60, 0|4, 37, N/A, 27.35, 0|5, 38, N/A, 26.86, 0|6, 35, N/A, 27.58, 0|
13:36:35 0, 62, N/A, 141.21, 33|1, 60, N/A, 114.25, 53|2, 33, N/A, 28.35, 0|3, 36, N/A, 26.61, 0|4, 37, N/A, 27.35, 0|5, 38, N/A, 26.88, 0|6, 35, N/A, 27.58, 0|
13:36:37 0, 61, N/A, 63.01, 60|1, 60, N/A, 174.57, 52|2, 33, N/A, 28.58, 0|3, 36, N/A, 26.59, 0|4, 37, N/A, 27.35, 0|5, 38, N/A, 26.63, 0|6, 35, N/A, 27.58, 0|
13:36:40 0, 61, N/A, 50.24, 62|1, 60, N/A, 186.80, 47|2, 33, N/A, 28.58, 0|3, 36, N/A, 26.86, 0|4, 37, N/A, 27.35, 0|5, 38, N/A, 26.63, 0|6, 35, N/A, 27.58, 0|
13:36:42 0, 61, N/A, 46.29, 34|1, 60, N/A, 162.89, 57|2, 33, N/A, 28.34, 0|3, 36, N/A, 26.84, 0|4, 37, N/A, 27.10, 0|5, 38, N/A, 26.61, 0|6, 35, N/A, 27.56, 0|
13:36:44 0, 61, N/A, 148.65, 32|1, 61, N/A, 73.10, 56|2, 33, N/A, 28.83, 0|3, 36, N/A, 26.84, 0|4, 37, N/A, 27.09, 0|5, 38, N/A, 26.86, 0|6, 35, N/A, 27.81, 0|
13:36:46 0, 62, N/A, 173.10, 64|1, 60, N/A, 54.18, 47|2, 33, N/A, 28.58, 0|3, 36, N/A, 26.59, 0|4, 37, N/A, 27.35, 0|5, 38, N/A, 26.86, 0|6, 35, N/A, 27.58, 0|
13:36:48 0, 62, N/A, 110.33, 59|1, 60, N/A, 134.09, 42|2, 34, N/A, 28.34, 0|3, 36, N/A, 26.84, 0|4, 37, N/A, 27.35, 0|5, 38, N/A, 26.61, 0|6, 35, N/A, 27.56, 0|
13:36:50 0, 62, N/A, 60.79, 36|1, 60, N/A, 177.51, 64|2, 33, N/A, 28.34, 0|3, 36, N/A, 26.59, 0|4, 37, N/A, 27.35, 0|5, 38, N/A, 26.86, 0|6, 35, N/A, 27.56, 0|
13:36:52 0, 62, N/A, 49.99, 41|1, 61, N/A, 185.85, 39|2, 33, N/A, 28.58, 0|3, 36, N/A, 26.86, 0|4, 37, N/A, 27.35, 0|5, 38, N/A, 26.63, 0|6, 35, N/A, 27.58, 0|
13:36:54 0, 61, N/A, 64.74, 51|1, 61, N/A, 138.02, 36|2, 34, N/A, 28.58, 0|3, 36, N/A, 26.86, 0|4, 37, N/A, 27.35, 0|5, 38, N/A, 26.63, 0|6, 35, N/A, 27.58, 0|
13:36:56 0, 62, N/A, 157.97, 44|1, 61, N/A, 65.47, 67|2, 34, N/A, 28.83, 0|3, 36, N/A, 26.59, 0|4, 37, N/A, 27.33, 0|5, 38, N/A, 26.86, 0|6, 35, N/A, 27.56, 0|
13:36:58 0, 62, N/A, 177.35, 48|1, 60, N/A, 52.21, 62|2, 34, N/A, 28.58, 0|3, 36, N/A, 26.59, 0|4, 37, N/A, 27.35, 0|5, 38, N/A, 26.61, 0|6, 35, N/A, 27.56, 0|
13:37:00 0, 62, N/A, 92.69, 44|1, 61, N/A, 154.14, 44|2, 34, N/A, 28.58, 0|3, 36, N/A, 26.59, 0|4, 37, N/A, 27.35, 0|5, 38, N/A, 26.63, 0|6, 35, N/A, 27.58, 0|
13:37:02 0, 62, N/A, 57.87, 44|1, 61, N/A, 179.96, 47|2, 33, N/A, 28.58, 0|3, 36, N/A, 26.86, 0|4, 37, N/A, 27.35, 0|5, 38, N/A, 26.88, 0|6, 35, N/A, 27.58, 0|
13:37:05 0, 62, N/A, 48.76, 47|1, 61, N/A, 189.17, 60|2, 34, N/A, 28.58, 0|3, 36, N/A, 26.84, 0|4, 37, N/A, 27.35, 0|5, 38, N/A, 26.86, 0|6, 35, N/A, 27.56, 0|
13:37:07 0, 61, N/A, 117.45, 52|1, 62, N/A, 99.13, 58|2, 34, N/A, 28.58, 0|3, 36, N/A, 26.84, 0|4, 37, N/A, 27.33, 0|5, 38, N/A, 26.86, 0|6, 35, N/A, 27.56, 0|
13:37:09 0, 61, N/A, 165.74, 39|1, 61, N/A, 60.79, 48|2, 34, N/A, 28.83, 0|3, 36, N/A, 26.84, 0|4, 37, N/A, 27.33, 0|5, 38, N/A, 26.61, 0|6, 35, N/A, 27.56, 0|
13:37:11 0, 62, N/A, 176.77, 35|1, 61, N/A, 52.95, 54|2, 34, N/A, 28.58, 0|3, 36, N/A, 26.84, 0|4, 37, N/A, 27.35, 0|5, 38, N/A, 26.61, 0|6, 35, N/A, 27.56, 0|
13:37:13 0, 62, N/A, 99.57, 60|1, 61, N/A, 151.35, 49|2, 34, N/A, 28.58, 0|3, 36, N/A, 26.84, 0|4, 37, N/A, 27.35, 0|5, 38, N/A, 26.86, 0|6, 35, N/A, 27.56, 0|
13:37:15 0, 62, N/A, 55.16, 64|1, 61, N/A, 183.64, 45|2, 34, N/A, 28.58, 0|3, 36, N/A, 26.86, 0|4, 37, N/A, 27.35, 0|5, 38, N/A, 26.63, 0|6, 35, N/A, 27.58, 0|
13:37:17 0, 62, N/A, 47.28, 32|1, 62, N/A, 190.14, 61|2, 34, N/A, 28.83, 0|3, 36, N/A, 26.86, 0|4, 37, N/A, 27.35, 0|5, 38, N/A, 26.61, 0|6, 35, N/A, 27.56, 0|
13:37:19 0, 62, N/A, 135.74, 36|1, 62, N/A, 82.46, 66|2, 34, N/A, 28.58, 0|3, 36, N/A, 26.84, 0|4, 37, N/A, 27.35, 0|5, 38, N/A, 26.86, 0|6, 35, N/A, 27.81, 0|
13:37:21 0, 62, N/A, 171.40, 57|1, 61, N/A, 56.39, 38|2, 34, N/A, 28.58, 0|3, 36, N/A, 26.84, 0|4, 37, N/A, 27.35, 0|5, 38, N/A, 26.86, 0|6, 35, N/A, 27.83, 0|
13:37:23 0, 63, N/A, 125.50, 55|1, 61, N/A, 126.96, 36|2, 34, N/A, 28.83, 0|3, 37, N/A, 26.84, 0|4, 37, N/A, 27.35, 0|5, 38, N/A, 26.61, 0|6, 35, N/A, 27.58, 0|
13:37:25 0, 63, N/A, 63.99, 36|1, 61, N/A, 175.43, 67|2, 34, N/A, 28.58, 0|3, 37, N/A, 26.84, 0|4, 37, N/A, 27.35, 0|5, 38, N/A, 26.86, 0|6, 35, N/A, 27.58, 0|
13:37:27 0, 62, N/A, 49.99, 59|1, 62, N/A, 185.73, 38|2, 34, N/A, 28.58, 0|3, 37, N/A, 26.86, 0|4, 37, N/A, 27.35, 0|5, 38, N/A, 26.87, 0|6, 35, N/A, 27.83, 0|
13:37:30 0, 62, N/A, 62.03, 55|1, 62, N/A, 145.05, 36|2, 34, N/A, 28.83, 0|3, 36, N/A, 26.84, 0|4, 37, N/A, 27.35, 0|5, 38, N/A, 26.61, 0|6, 35, N/A, 27.58, 0|
13:37:32 0, 62, N/A, 146.79, 41|1, 62, N/A, 69.90, 67|2, 34, N/A, 28.83, 0|3, 36, N/A, 26.60, 0|4, 37, N/A, 27.35, 0|5, 38, N/A, 26.88, 0|6, 35, N/A, 27.58, 0|
13:37:34 0, 62, N/A, 171.87, 46|1, 61, N/A, 54.92, 62|2, 34, N/A, 28.60, 0|3, 36, N/A, 26.84, 0|4, 37, N/A, 27.35, 0|5, 38, N/A, 26.87, 0|6, 35, N/A, 27.83, 0|
13:37:36 0, 63, N/A, 109.16, 46|1, 61, N/A, 136.54, 44|2, 34, N/A, 28.83, 0|3, 36, N/A, 26.84, 0|4, 37, N/A, 27.35, 0|5, 38, N/A, 26.63, 0|6, 35, N/A, 27.58, 0|
13:37:38 0, 62, N/A, 66.46, 41|1, 62, N/A, 172.46, 49|2, 34, N/A, 28.83, 0|3, 36, N/A, 26.84, 0|4, 37, N/A, 27.35, 0|5, 38, N/A, 26.61, 0|6, 35, N/A, 27.58, 0|
13:37:40 0, 62, N/A, 50.23, 56|1, 62, N/A, 187.44, 51|2, 34, N/A, 28.83, 0|3, 36, N/A, 26.84, 0|4, 37, N/A, 27.35, 0|5, 38, N/A, 26.87, 0|6, 35, N/A, 27.83, 0|
13:37:42 0, 62, N/A, 47.04, 62|1, 62, N/A, 179.96, 45|2, 34, N/A, 28.58, 0|3, 36, N/A, 26.86, 0|4, 37, N/A, 27.35, 0|5, 38, N/A, 26.88, 0|6, 35, N/A, 28.07, 0|
13:37:44 0, 62, N/A, 130.17, 32|1, 62, N/A, 87.33, 62|2, 34, N/A, 28.83, 0|3, 37, N/A, 26.84, 0|4, 37, N/A, 27.33, 0|5, 38, N/A, 26.61, 0|6, 35, N/A, 27.81, 0|
13:37:46 0, 62, N/A, 166.82, 34|1, 62, N/A, 61.32, 67|2, 34, N/A, 28.84, 0|3, 37, N/A, 26.86, 0|4, 37, N/A, 27.35, 0|5, 38, N/A, 26.88, 0|6, 35, N/A, 27.58, 0|
13:37:48 0, 62, N/A, 177.51, 61|1, 61, N/A, 53.19, 37|2, 34, N/A, 28.84, 0|3, 37, N/A, 26.84, 0|4, 37, N/A, 27.35, 0|5, 38, N/A, 26.63, 0|6, 36, N/A, 27.58, 0|
13:37:50 0, 63, N/A, 83.63, 56|1, 61, N/A, 158.71, 36|2, 34, N/A, 28.83, 0|3, 37, N/A, 26.86, 0|4, 37, N/A, 27.35, 0|5, 39, N/A, 26.63, 0|6, 36, N/A, 27.58, 0|
13:37:53 0, 62, N/A, 57.37, 40|1, 62, N/A, 181.43, 67|2, 34, N/A, 28.83, 0|3, 37, N/A, 26.84, 0|4, 37, N/A, 27.35, 0|5, 38, N/A, 26.86, 0|6, 35, N/A, 27.81, 0|
13:37:55 0, 62, N/A, 48.76, 45|1, 62, N/A, 189.40, 62|2, 34, N/A, 28.58, 0|3, 37, N/A, 26.84, 0|4, 37, N/A, 27.35, 0|5, 38, N/A, 26.61, 0|6, 35, N/A, 27.81, 0|
13:37:57 0, 62, N/A, 75.27, 46|1, 62, N/A, 130.16, 46|2, 34, N/A, 28.83, 0|3, 37, N/A, 26.84, 0|4, 37, N/A, 27.33, 0|5, 39, N/A, 26.61, 0|6, 35, N/A, 27.81, 0|
13:37:59 0, 62, N/A, 156.50, 40|1, 62, N/A, 65.72, 56|2, 34, N/A, 28.58, 0|3, 37, N/A, 26.84, 0|4, 37, N/A, 27.35, 0|5, 38, N/A, 26.86, 0|6, 35, N/A, 27.83, 0|
13:38:01 0, 63, N/A, 177.51, 56|1, 62, N/A, 54.67, 50|2, 34, N/A, 28.58, 0|3, 37, N/A, 26.84, 0|4, 37, N/A, 27.35, 0|5, 39, N/A, 26.86, 0|6, 35, N/A, 27.81, 0|
13:38:03 0, 63, N/A, 132.62, 62|1, 62, N/A, 122.54, 57|2, 34, N/A, 28.58, 0|3, 37, N/A, 26.84, 0|4, 37, N/A, 27.35, 0|5, 38, N/A, 26.88, 0|6, 35, N/A, 27.58, 0|
13:38:05 0, 63, N/A, 63.75, 32|1, 62, N/A, 176.04, 62|2, 34, N/A, 28.58, 0|3, 37, N/A, 26.86, 0|4, 37, N/A, 27.35, 0|5, 39, N/A, 26.87, 0|6, 35, N/A, 27.83, 0|
13:38:07 0, 62, N/A, 182.08, 5|1, 60, N/A, 49.01, 1|2, 34, N/A, 28.83, 0|3, 37, N/A, 26.84, 0|4, 37, N/A, 27.33, 0|5, 38, N/A, 26.86, 0|6, 35, N/A, 27.81, 0|
13:38:09 0, 66, N/A, 178.74, 100|1, 59, N/A, 41.64, 0|2, 34, N/A, 28.84, 0|3, 37, N/A, 26.84, 0|4, 37, N/A, 27.33, 0|5, 39, N/A, 26.61, 0|6, 36, N/A, 27.81, 0|
13:38:11 0, 63, N/A, 156.50, 0|1, 62, N/A, 170.13, 100|2, 34, N/A, 28.83, 0|3, 37, N/A, 26.84, 0|4, 37, N/A, 27.33, 0|5, 38, N/A, 26.86, 0|6, 35, N/A, 27.81, 0|
13:38:13 0, 66, N/A, 170.65, 100|1, 61, N/A, 50.48, 0|2, 34, N/A, 28.83, 0|3, 37, N/A, 26.84, 0|4, 37, N/A, 27.33, 0|5, 38, N/A, 26.61, 0|6, 35, N/A, 27.81, 0|
13:38:15 0, 63, N/A, 157.39, 1|1, 63, N/A, 158.46, 100|2, 34, N/A, 28.83, 0|3, 37, N/A, 26.84, 0|4, 37, N/A, 27.33, 0|5, 39, N/A, 26.61, 0|6, 36, N/A, 27.81, 0|
13:38:18 0, 67, N/A, 179.12, 100|1, 62, N/A, 50.48, 0|2, 34, N/A, 28.83, 0|3, 37, N/A, 26.84, 0|4, 37, N/A, 27.33, 0|5, 39, N/A, 26.61, 0|6, 35, N/A, 27.81, 0|
13:38:20 0, 63, N/A, 185.25, 4|1, 63, N/A, 175.52, 100|2, 34, N/A, 28.83, 0|3, 37, N/A, 26.84, 0|4, 37, N/A, 27.33, 0|5, 39, N/A, 26.86, 0|6, 35, N/A, 27.81, 0|
13:38:22 0, 67, N/A, 187.47, 100|1, 62, N/A, 51.01, 0|2, 34, N/A, 28.84, 0|3, 37, N/A, 26.84, 0|4, 37, N/A, 27.35, 0|5, 39, N/A, 26.88, 0|6, 36, N/A, 28.07, 0|
13:38:24 0, 64, N/A, 156.66, 4|1, 64, N/A, 172.33, 100|2, 34, N/A, 28.83, 0|3, 37, N/A, 26.84, 0|4, 37, N/A, 27.33, 0|5, 38, N/A, 26.61, 0|6, 35, N/A, 27.81, 0|
13:38:26 0, 67, N/A, 175.55, 100|1, 62, N/A, 51.22, 0|2, 34, N/A, 28.83, 0|3, 37, N/A, 26.84, 0|4, 37, N/A, 27.33, 0|5, 39, N/A, 26.61, 0|6, 36, N/A, 27.81, 0|
13:38:28 0, 64, N/A, 154.05, 0|1, 64, N/A, 189.65, 100|2, 34, N/A, 28.83, 0|3, 37, N/A, 26.84, 0|4, 37, N/A, 27.33, 0|5, 39, N/A, 26.86, 0|6, 36, N/A, 27.56, 0|
13:38:30 0, 67, N/A, 182.32, 100|1, 63, N/A, 51.71, 0|2, 34, N/A, 28.83, 0|3, 37, N/A, 26.84, 0|4, 37, N/A, 27.33, 0|5, 39, N/A, 26.61, 0|6, 36, N/A, 27.56, 0|
13:38:32 0, 64, N/A, 152.09, 0|1, 64, N/A, 156.49, 100|2, 34, N/A, 28.83, 0|3, 37, N/A, 26.84, 0|4, 37, N/A, 27.33, 0|5, 39, N/A, 26.86, 0|6, 36, N/A, 27.81, 0|
13:38:34 0, 67, N/A, 181.68, 100|1, 63, N/A, 51.96, 0|2, 34, N/A, 28.83, 0|3, 37, N/A, 26.84, 0|4, 37, N/A, 27.33, 0|5, 39, N/A, 26.86, 0|6, 35, N/A, 27.81, 0|
13:38:36 0, 63, N/A, 128.67, 0|1, 65, N/A, 155.02, 100|2, 34, N/A, 28.81, 0|3, 37, N/A, 26.84, 0|4, 37, N/A, 27.33, 0|5, 39, N/A, 26.61, 0|6, 36, N/A, 28.05, 0|
13:38:38 0, 67, N/A, 172.12, 100|1, 64, N/A, 52.70, 0|2, 34, N/A, 28.84, 0|3, 37, N/A, 26.84, 0|4, 37, N/A, 27.33, 0|5, 39, N/A, 26.86, 0|6, 35, N/A, 27.81, 0|
13:38:40 0, 64, N/A, 45.07, 0|1, 65, N/A, 156.01, 100|2, 34, N/A, 28.83, 0|3, 37, N/A, 26.84, 0|4, 37, N/A, 27.35, 0|5, 39, N/A, 26.61, 0|6, 36, N/A, 28.07, 0|
13:38:43 0, 67, N/A, 147.44, 100|1, 64, N/A, 52.95, 90|2, 34, N/A, 28.83, 0|3, 37, N/A, 26.84, 0|4, 37, N/A, 27.33, 0|5, 39, N/A, 26.86, 0|6, 36, N/A, 28.05, 0|
13:38:45 0, 64, N/A, 45.31, 0|1, 65, N/A, 196.28, 100|2, 34, N/A, 28.81, 0|3, 37, N/A, 26.84, 0|4, 37, N/A, 27.33, 0|5, 39, N/A, 26.61, 0|6, 36, N/A, 27.81, 0|
13:38:47 0, 68, N/A, 175.04, 100|1, 65, N/A, 53.93, 100|2, 34, N/A, 28.83, 0|3, 37, N/A, 26.84, 0|4, 37, N/A, 27.33, 0|5, 39, N/A, 26.86, 0|6, 36, N/A, 27.81, 0|
13:38:49 0, 64, N/A, 45.55, 0|1, 65, N/A, 193.34, 100|2, 34, N/A, 28.81, 0|3, 37, N/A, 26.84, 0|4, 37, N/A, 27.33, 0|5, 39, N/A, 26.61, 0|6, 36, N/A, 28.05, 0|
13:38:51 0, 68, N/A, 178.62, 100|1, 67, N/A, 164.24, 100|2, 34, N/A, 28.83, 0|3, 37, N/A, 26.84, 0|4, 37, N/A, 27.33, 0|5, 39, N/A, 26.61, 0|6, 36, N/A, 27.81, 0|
13:38:53 0, 64, N/A, 45.31, 0|1, 65, N/A, 164.00, 100|2, 34, N/A, 28.81, 0|3, 37, N/A, 26.84, 0|4, 37, N/A, 27.33, 0|5, 39, N/A, 26.61, 0|6, 36, N/A, 27.56, 0|
13:38:55 0, 67, N/A, 180.58, 100|1, 66, N/A, 197.37, 100|2, 34, N/A, 28.83, 0|3, 37, N/A, 26.84, 0|4, 37, N/A, 27.33, 0|5, 39, N/A, 26.61, 0|6, 35, N/A, 27.81, 0|
13:38:57 0, 64, N/A, 45.31, 0|1, 64, N/A, 170.40, 100|2, 34, N/A, 28.83, 0|3, 37, N/A, 26.84, 0|4, 37, N/A, 27.33, 0|5, 39, N/A, 26.61, 0|6, 35, N/A, 27.81, 0|
13:38:59 0, 67, N/A, 150.37, 100|1, 65, N/A, 187.53, 100|2, 34, N/A, 28.83, 0|3, 37, N/A, 26.84, 0|4, 37, N/A, 27.35, 0|5, 38, N/A, 26.61, 0|6, 35, N/A, 27.56, 0|
13:39:01 0, 64, N/A, 45.31, 0|1, 64, N/A, 193.83, 100|2, 34, N/A, 28.57, 0|3, 37, N/A, 26.84, 0|4, 37, N/A, 27.35, 0|5, 38, N/A, 26.61, 0|6, 35, N/A, 27.58, 0|
13:39:03 0, 67, N/A, 186.84, 100|1, 65, N/A, 193.70, 100|2, 34, N/A, 28.83, 0|3, 37, N/A, 26.84, 0|4, 37, N/A, 27.33, 0|5, 39, N/A, 26.61, 0|6, 35, N/A, 27.56, 0|
13:39:05 0, 64, N/A, 45.55, 0|1, 63, N/A, 152.42, 100|2, 34, N/A, 28.58, 0|3, 37, N/A, 26.84, 0|4, 37, N/A, 27.35, 0|5, 38, N/A, 26.61, 0|6, 35, N/A, 27.56, 0|
13:39:08 0, 66, N/A, 179.60, 100|1, 64, N/A, 196.74, 100|2, 34, N/A, 28.56, 0|3, 37, N/A, 26.84, 0|4, 37, N/A, 27.33, 0|5, 38, N/A, 26.61, 0|6, 35, N/A, 27.81, 0|
13:39:10 0, 64, N/A, 45.55, 0|1, 62, N/A, 185.97, 100|2, 34, N/A, 28.57, 0|3, 37, N/A, 26.84, 0|4, 37, N/A, 27.33, 0|5, 38, N/A, 26.61, 0|6, 35, N/A, 27.81, 0|
13:39:12 0, 66, N/A, 149.38, 100|1, 64, N/A, 186.95, 100|2, 34, N/A, 28.58, 0|3, 36, N/A, 26.84, 0|4, 37, N/A, 27.33, 0|5, 38, N/A, 26.86, 0|6, 35, N/A, 27.56, 0|
13:39:14 0, 64, N/A, 46.54, 20|1, 61, N/A, 184.12, 0|2, 34, N/A, 28.58, 0|3, 36, N/A, 26.84, 0|4, 37, N/A, 27.33, 0|5, 38, N/A, 26.86, 0|6, 35, N/A, 27.81, 0|
13:39:16 0, 66, N/A, 181.07, 100|1, 64, N/A, 194.29, 100|2, 34, N/A, 28.81, 0|3, 36, N/A, 26.84, 0|4, 37, N/A, 27.33, 0|5, 38, N/A, 26.61, 0|6, 35, N/A, 27.56, 0|
13:39:18 0, 66, N/A, 157.24, 100|1, 59, N/A, 48.76, 0|2, 34, N/A, 28.58, 0|3, 36, N/A, 26.84, 0|4, 37, N/A, 27.33, 0|5, 38, N/A, 26.61, 0|6, 35, N/A, 27.56, 0|
13:39:20 0, 65, N/A, 179.38, 100|1, 63, N/A, 168.44, 100|2, 34, N/A, 28.55, 0|3, 36, N/A, 26.81, 0|4, 37, N/A, 27.32, 0|5, 38, N/A, 26.58, 0|6, 35, N/A, 27.77, 0|
13:39:22 0, 65, N/A, 178.50, 100|1, 59, N/A, 48.70, 0|2, 33, N/A, 28.55, 0|3, 36, N/A, 26.81, 0|4, 37, N/A, 27.32, 0|5, 38, N/A, 26.82, 0|6, 35, N/A, 27.79, 0|
13:39:24 0, 65, N/A, 180.20, 100|1, 63, N/A, 193.08, 100|2, 33, N/A, 28.79, 0|3, 36, N/A, 26.81, 0|4, 37, N/A, 27.30, 0|5, 38, N/A, 26.58, 0|6, 35, N/A, 27.77, 0|
13:39:26 0, 65, N/A, 158.51, 100|1, 59, N/A, 48.72, 0|2, 34, N/A, 28.56, 0|3, 36, N/A, 26.81, 0|4, 37, N/A, 27.32, 0|5, 38, N/A, 26.82, 0|6, 35, N/A, 27.53, 0|
13:39:28 0, 64, N/A, 178.01, 100|1, 62, N/A, 163.40, 100|2, 33, N/A, 28.55, 0|3, 36, N/A, 26.82, 0|4, 36, N/A, 27.32, 0|5, 38, N/A, 26.59, 0|6, 35, N/A, 27.54, 0|
13:39:30 0, 65, N/A, 174.34, 100|1, 60, N/A, 49.22, 0|2, 34, N/A, 28.32, 0|3, 36, N/A, 26.82, 0|4, 37, N/A, 27.32, 0|5, 38, N/A, 26.59, 0|6, 35, N/A, 27.54, 0|
13:39:33 0, 63, N/A, 178.24, 100|1, 62, N/A, 193.33, 100|2, 34, N/A, 28.30, 0|3, 36, N/A, 26.81, 0|4, 37, N/A, 27.31, 0|5, 38, N/A, 26.82, 0|6, 35, N/A, 27.54, 0|
13:39:35 0, 65, N/A, 175.10, 100|1, 60, N/A, 49.71, 0|2, 33, N/A, 28.32, 0|3, 36, N/A, 26.81, 0|4, 37, N/A, 27.32, 0|5, 38, N/A, 26.59, 0|6, 35, N/A, 27.54, 0|
13:39:37 0, 61, N/A, 173.45, 18|1, 62, N/A, 164.63, 100|2, 34, N/A, 28.30, 0|3, 36, N/A, 26.56, 0|4, 36, N/A, 27.07, 0|5, 38, N/A, 26.59, 0|6, 35, N/A, 27.54, 0|
13:39:39 0, 64, N/A, 152.48, 100|1, 61, N/A, 50.69, 45|2, 33, N/A, 28.32, 0|3, 36, N/A, 26.58, 0|4, 36, N/A, 27.32, 0|5, 38, N/A, 26.59, 0|6, 35, N/A, 27.79, 0|
13:39:41 0, 61, N/A, 43.56, 0|1, 61, N/A, 191.25, 100|2, 33, N/A, 28.56, 0|3, 36, N/A, 26.82, 0|4, 37, N/A, 27.07, 0|5, 38, N/A, 26.59, 0|6, 35, N/A, 27.54, 0|
13:39:43 0, 65, N/A, 180.45, 100|1, 63, N/A, 194.55, 100|2, 33, N/A, 28.55, 0|3, 36, N/A, 26.81, 0|4, 36, N/A, 27.05, 0|5, 38, N/A, 26.58, 0|6, 35, N/A, 27.53, 0|
13:39:45 0, 61, N/A, 44.05, 0|1, 61, N/A, 172.24, 100|2, 33, N/A, 28.55, 0|3, 36, N/A, 26.82, 0|4, 36, N/A, 27.07, 0|5, 38, N/A, 26.84, 0|6, 35, N/A, 27.54, 0|
13:39:47 0, 64, N/A, 144.14, 100|1, 62, N/A, 165.61, 100|2, 33, N/A, 28.55, 0|3, 36, N/A, 26.56, 0|4, 36, N/A, 27.07, 0|5, 38, N/A, 26.58, 0|6, 35, N/A, 27.77, 0|
13:39:49 0, 61, N/A, 44.27, 0|1, 60, N/A, 193.82, 100|2, 33, N/A, 28.55, 0|3, 36, N/A, 26.58, 0|4, 36, N/A, 27.07, 0|5, 38, N/A, 26.59, 0|6, 35, N/A, 27.54, 0|
13:39:51 0, 64, N/A, 158.27, 100|1, 62, N/A, 155.88, 100|2, 33, N/A, 28.56, 0|3, 36, N/A, 26.58, 0|4, 36, N/A, 27.07, 0|5, 38, N/A, 26.59, 0|6, 35, N/A, 27.54, 0|
13:39:53 0, 62, N/A, 45.28, 88|1, 59, N/A, 186.84, 21|2, 33, N/A, 28.55, 0|3, 36, N/A, 26.58, 0|4, 36, N/A, 27.32, 0|5, 38, N/A, 26.59, 0|6, 35, N/A, 27.54, 0|
13:39:55 0, 64, N/A, 179.47, 100|1, 62, N/A, 193.33, 100|2, 33, N/A, 28.30, 0|3, 36, N/A, 26.56, 0|4, 36, N/A, 27.30, 0|5, 38, N/A, 26.58, 0|6, 35, N/A, 27.53, 0|
13:39:58 0, 64, N/A, 181.23, 100|1, 57, N/A, 47.74, 0|2, 33, N/A, 28.56, 0|3, 36, N/A, 26.82, 0|4, 36, N/A, 27.32, 0|5, 38, N/A, 26.84, 0|6, 35, N/A, 27.54, 0|
13:40:00 0, 63, N/A, 157.87, 100|1, 62, N/A, 149.78, 100|2, 33, N/A, 28.56, 0|3, 36, N/A, 26.58, 0|4, 36, N/A, 27.32, 0|5, 38, N/A, 26.59, 0|6, 35, N/A, 27.54, 0|
13:40:02 0, 64, N/A, 171.17, 100|1, 58, N/A, 47.99, 0|2, 33, N/A, 28.56, 0|3, 36, N/A, 26.58, 0|4, 36, N/A, 27.32, 0|5, 38, N/A, 26.84, 0|6, 35, N/A, 27.79, 0|
13:40:04 0, 63, N/A, 161.93, 100|1, 61, N/A, 194.78, 100|2, 33, N/A, 28.55, 0|3, 36, N/A, 26.58, 0|4, 36, N/A, 27.32, 0|5, 38, N/A, 26.59, 0|6, 35, N/A, 27.54, 0|
13:40:06 0, 64, N/A, 158.51, 100|1, 59, N/A, 48.72, 0|2, 33, N/A, 28.56, 0|3, 36, N/A, 26.81, 0|4, 36, N/A, 27.32, 0|5, 38, N/A, 26.84, 0|6, 35, N/A, 27.54, 0|
13:40:08 0, 62, N/A, 155.66, 76|1, 61, N/A, 171.49, 100|2, 33, N/A, 28.55, 0|3, 36, N/A, 26.82, 0|4, 36, N/A, 27.32, 0|5, 38, N/A, 26.59, 0|6, 35, N/A, 27.54, 0|
13:40:10 0, 64, N/A, 166.86, 100|1, 60, N/A, 49.95, 11|2, 33, N/A, 28.56, 0|3, 36, N/A, 26.82, 0|4, 36, N/A, 27.32, 0|5, 38, N/A, 26.59, 0|6, 35, N/A, 27.54, 0|
13:40:12 0, 61, N/A, 43.80, 0|1, 62, N/A, 192.48, 100|2, 33, N/A, 28.55, 0|3, 36, N/A, 26.58, 0|4, 36, N/A, 27.09, 0|5, 38, N/A, 26.59, 0|6, 35, N/A, 27.54, 0|
13:40:14 0, 65, N/A, 179.48, 100|1, 63, N/A, 194.80, 100|2, 33, N/A, 28.55, 0|3, 36, N/A, 26.58, 0|4, 37, N/A, 27.32, 0|5, 38, N/A, 26.59, 0|6, 35, N/A, 27.54, 0|
13:40:16 0, 62, N/A, 44.54, 0|1, 62, N/A, 193.21, 100|2, 33, N/A, 28.55, 0|3, 36, N/A, 26.82, 0|4, 36, N/A, 27.32, 0|5, 38, N/A, 26.59, 0|6, 35, N/A, 27.54, 0|
13:40:18 0, 66, N/A, 181.44, 100|1, 63, N/A, 191.22, 100|2, 34, N/A, 28.56, 0|3, 36, N/A, 26.82, 0|4, 36, N/A, 27.32, 0|5, 38, N/A, 26.59, 0|6, 35, N/A, 27.54, 0|
13:40:20 0, 63, N/A, 45.28, 15|1, 62, N/A, 174.20, 92|2, 33, N/A, 28.55, 0|3, 36, N/A, 26.33, 0|4, 37, N/A, 27.32, 0|5, 38, N/A, 26.59, 0|6, 35, N/A, 27.54, 0|
13:40:23 0, 66, N/A, 168.80, 100|1, 64, N/A, 166.34, 100|2, 33, N/A, 28.55, 0|3, 36, N/A, 26.58, 0|4, 37, N/A, 27.32, 0|5, 38, N/A, 26.59, 0|6, 35, N/A, 27.54, 0|
13:40:25 0, 67, N/A, 157.39, 100|1, 59, N/A, 48.73, 0|2, 34, N/A, 28.56, 0|3, 36, N/A, 26.58, 0|4, 37, N/A, 27.32, 0|5, 38, N/A, 26.59, 0|6, 35, N/A, 27.54, 0|
13:40:27 0, 66, N/A, 176.65, 100|1, 64, N/A, 193.06, 100|2, 33, N/A, 28.32, 0|3, 36, N/A, 26.82, 0|4, 37, N/A, 27.32, 0|5, 38, N/A, 26.59, 0|6, 35, N/A, 27.54, 0|
13:40:29 0, 66, N/A, 158.62, 100|1, 60, N/A, 49.25, 0|2, 34, N/A, 28.58, 0|3, 36, N/A, 26.82, 0|4, 37, N/A, 27.33, 0|5, 38, N/A, 26.60, 0|6, 35, N/A, 27.56, 0|
13:40:31 0, 64, N/A, 155.09, 100|1, 63, N/A, 164.87, 100|2, 33, N/A, 28.32, 0|3, 36, N/A, 26.82, 0|4, 36, N/A, 27.32, 0|5, 38, N/A, 26.84, 0|6, 35, N/A, 27.54, 0|
13:40:33 0, 66, N/A, 176.17, 100|1, 60, N/A, 49.96, 0|2, 33, N/A, 28.56, 0|3, 36, N/A, 26.82, 0|4, 36, N/A, 27.32, 0|5, 38, N/A, 26.59, 0|6, 35, N/A, 27.56, 0|
13:40:35 0, 62, N/A, 169.16, 2|1, 62, N/A, 163.11, 100|2, 33, N/A, 28.58, 0|3, 36, N/A, 26.59, 0|4, 36, N/A, 27.33, 0|5, 38, N/A, 26.61, 0|6, 35, N/A, 27.56, 0|
13:40:37 0, 65, N/A, 145.55, 100|1, 62, N/A, 51.72, 100|2, 33, N/A, 28.58, 0|3, 36, N/A, 26.59, 0|4, 36, N/A, 27.33, 0|5, 38, N/A, 26.61, 0|6, 35, N/A, 27.56, 0|
13:40:39 0, 62, N/A, 44.08, 0|1, 62, N/A, 180.09, 100|2, 33, N/A, 28.58, 0|3, 36, N/A, 26.35, 0|4, 36, N/A, 27.35, 0|5, 38, N/A, 26.61, 0|6, 35, N/A, 27.58, 0|
13:40:41 0, 65, N/A, 146.92, 100|1, 63, N/A, 178.46, 100|2, 33, N/A, 28.32, 0|3, 36, N/A, 26.59, 0|4, 36, N/A, 27.09, 0|5, 38, N/A, 26.61, 0|6, 35, N/A, 27.56, 0|
13:40:43 0, 62, N/A, 44.82, 0|1, 61, N/A, 162.39, 100|2, 33, N/A, 28.58, 0|3, 36, N/A, 26.59, 0|4, 36, N/A, 27.10, 0|5, 38, N/A, 26.61, 0|6, 35, N/A, 27.58, 0|
13:40:46 0, 65, N/A, 173.23, 100|1, 62, N/A, 193.30, 100|2, 33, N/A, 28.56, 0|3, 36, N/A, 26.59, 0|4, 36, N/A, 27.33, 0|5, 38, N/A, 26.61, 0|6, 35, N/A, 27.81, 0|
13:40:48 0, 65, N/A, 149.72, 100|1, 58, N/A, 48.02, 0|2, 33, N/A, 28.58, 0|3, 36, N/A, 26.59, 0|4, 36, N/A, 27.35, 0|5, 38, N/A, 26.61, 0|6, 35, N/A, 27.56, 0|
13:40:50 0, 64, N/A, 178.49, 100|1, 62, N/A, 167.04, 100|2, 33, N/A, 28.58, 0|3, 36, N/A, 26.59, 0|4, 36, N/A, 27.09, 0|5, 38, N/A, 26.61, 0|6, 35, N/A, 27.56, 0|
13:40:52 0, 65, N/A, 182.55, 100|1, 58, N/A, 48.27, 0|2, 33, N/A, 28.34, 0|3, 36, N/A, 26.59, 0|4, 36, N/A, 27.09, 0|5, 38, N/A, 26.61, 0|6, 35, N/A, 27.56, 0|
13:40:54 0, 64, N/A, 143.82, 100|1, 62, N/A, 162.38, 100|2, 33, N/A, 28.58, 0|3, 36, N/A, 26.59, 0|4, 36, N/A, 27.33, 0|5, 38, N/A, 26.61, 0|6, 35, N/A, 27.56, 0|
13:40:56 0, 65, N/A, 148.17, 100|1, 59, N/A, 49.01, 0|2, 33, N/A, 28.34, 0|3, 36, N/A, 26.59, 0|4, 36, N/A, 27.09, 0|5, 38, N/A, 26.61, 0|6, 35, N/A, 27.56, 0|
13:40:58 0, 60, N/A, 43.58, 0|1, 61, N/A, 147.43, 100|2, 33, N/A, 28.57, 0|3, 36, N/A, 26.59, 0|4, 36, N/A, 27.33, 0|5, 38, N/A, 26.61, 0|6, 35, N/A, 27.56, 0|
13:41:00 0, 65, N/A, 168.44, 100|1, 62, N/A, 144.79, 100|2, 33, N/A, 28.58, 0|3, 36, N/A, 26.59, 0|4, 36, N/A, 27.09, 0|5, 38, N/A, 26.61, 0|6, 35, N/A, 27.56, 0|
13:41:02 0, 61, N/A, 43.83, 0|1, 61, N/A, 173.08, 100|2, 33, N/A, 28.58, 0|3, 36, N/A, 26.61, 0|4, 36, N/A, 27.10, 0|5, 38, N/A, 26.61, 0|6, 35, N/A, 27.58, 0|
13:41:04 0, 64, N/A, 180.58, 100|1, 62, N/A, 187.70, 100|2, 33, N/A, 28.58, 0|3, 36, N/A, 26.59, 0|4, 36, N/A, 27.09, 0|5, 38, N/A, 26.36, 0|6, 35, N/A, 27.56, 0|
13:41:06 0, 62, N/A, 45.06, 0|1, 59, N/A, 190.89, 100|2, 33, N/A, 28.34, 0|3, 36, N/A, 26.86, 0|4, 36, N/A, 27.35, 0|5, 38, N/A, 26.63, 0|6, 35, N/A, 27.58, 0|
13:41:08 0, 64, N/A, 178.72, 100|1, 62, N/A, 193.79, 100|2, 33, N/A, 28.56, 0|3, 36, N/A, 26.59, 0|4, 36, N/A, 27.09, 0|5, 38, N/A, 26.36, 0|6, 35, N/A, 27.56, 0|
13:41:11 0, 64, N/A, 177.76, 100|1, 57, N/A, 47.56, 0|2, 33, N/A, 28.35, 0|3, 36, N/A, 26.60, 0|4, 36, N/A, 27.10, 0|5, 38, N/A, 26.61, 0|6, 35, N/A, 27.56, 0|
13:41:13 0, 63, N/A, 174.79, 100|1, 61, N/A, 187.21, 100|2, 33, N/A, 28.56, 0|3, 36, N/A, 26.59, 0|4, 36, N/A, 27.09, 0|5, 38, N/A, 26.61, 0|6, 35, N/A, 27.56, 0|
13:41:15 0, 64, N/A, 158.71, 100|1, 58, N/A, 48.51, 0|2, 33, N/A, 28.34, 0|3, 36, N/A, 26.59, 0|4, 36, N/A, 27.09, 0|5, 38, N/A, 26.61, 0|6, 35, N/A, 27.56, 0|
13:41:17 0, 61, N/A, 148.48, 0|1, 61, N/A, 158.70, 100|2, 33, N/A, 28.58, 0|3, 36, N/A, 26.59, 0|4, 36, N/A, 27.09, 0|5, 37, N/A, 26.61, 0|6, 34, N/A, 27.56, 0|
13:41:19 0, 64, N/A, 179.23, 100|1, 60, N/A, 50.73, 56|2, 33, N/A, 28.58, 0|3, 36, N/A, 26.59, 0|4, 36, N/A, 27.09, 0|5, 38, N/A, 26.61, 0|6, 34, N/A, 27.56, 0|
13:41:21 0, 60, N/A, 43.59, 0|1, 60, N/A, 167.46, 100|2, 33, N/A, 28.58, 0|3, 36, N/A, 26.59, 0|4, 36, N/A, 27.09, 0|5, 38, N/A, 26.61, 0|6, 35, N/A, 27.56, 0|
13:41:23 0, 64, N/A, 179.35, 100|1, 62, N/A, 181.07, 100|2, 33, N/A, 28.56, 0|3, 36, N/A, 26.59, 0|4, 36, N/A, 27.09, 0|5, 38, N/A, 26.61, 0|6, 35, N/A, 27.56, 0|
13:41:25 0, 61, N/A, 44.57, 1|1, 59, N/A, 186.97, 100|2, 33, N/A, 28.34, 0|3, 36, N/A, 26.59, 0|4, 36, N/A, 27.09, 0|5, 38, N/A, 26.61, 0|6, 34, N/A, 27.56, 0|
13:41:27 0, 63, N/A, 178.97, 100|1, 61, N/A, 192.57, 100|2, 33, N/A, 28.32, 0|3, 36, N/A, 26.59, 0|4, 36, N/A, 27.09, 0|5, 37, N/A, 26.61, 0|6, 34, N/A, 27.56, 0|
13:41:29 0, 64, N/A, 175.55, 100|1, 57, N/A, 47.28, 0|2, 33, N/A, 28.34, 0|3, 36, N/A, 26.59, 0|4, 36, N/A, 27.09, 0|5, 38, N/A, 26.61, 0|6, 34, N/A, 27.56, 0|
13:41:31 0, 62, N/A, 148.39, 100|1, 61, N/A, 177.24, 100|2, 33, N/A, 28.34, 0|3, 36, N/A, 26.59, 0|4, 36, N/A, 27.09, 0|5, 38, N/A, 26.61, 0|6, 35, N/A, 27.56, 0|
13:41:33 0, 63, N/A, 153.08, 100|1, 58, N/A, 48.29, 0|2, 33, N/A, 28.34, 0|3, 36, N/A, 26.60, 0|4, 36, N/A, 27.09, 0|5, 38, N/A, 26.61, 0|6, 34, N/A, 27.56, 0|
13:41:36 0, 59, N/A, 43.09, 0|1, 60, N/A, 167.79, 100|2, 33, N/A, 28.34, 0|3, 36, N/A, 26.59, 0|4, 36, N/A, 27.10, 0|5, 38, N/A, 26.61, 0|6, 34, N/A, 27.56, 0|
13:41:38 0, 64, N/A, 179.85, 100|1, 61, N/A, 209.11, 100|2, 33, N/A, 28.32, 0|3, 36, N/A, 26.59, 0|4, 36, N/A, 27.09, 0|5, 38, N/A, 26.61, 0|6, 34, N/A, 27.56, 0|
13:41:40 0, 60, N/A, 43.58, 0|1, 60, N/A, 191.13, 100|2, 33, N/A, 28.57, 0|3, 36, N/A, 26.59, 0|4, 36, N/A, 27.09, 0|5, 38, N/A, 26.61, 0|6, 34, N/A, 27.56, 0|
13:41:42 0, 63, N/A, 168.66, 100|1, 61, N/A, 192.32, 100|2, 33, N/A, 28.32, 0|3, 36, N/A, 26.59, 0|4, 36, N/A, 27.09, 0|5, 38, N/A, 26.61, 0|6, 34, N/A, 27.56, 0|
13:41:44 0, 63, N/A, 46.05, 100|1, 57, N/A, 162.63, 0|2, 33, N/A, 28.34, 0|3, 36, N/A, 26.59, 0|4, 36, N/A, 27.10, 0|5, 38, N/A, 26.61, 0|6, 35, N/A, 27.56, 0|
13:41:46 0, 63, N/A, 157.88, 100|1, 61, N/A, 162.04, 100|2, 33, N/A, 28.32, 0|3, 36, N/A, 26.59, 0|4, 36, N/A, 27.09, 0|5, 38, N/A, 26.61, 0|6, 34, N/A, 27.56, 0|
13:41:48 0, 65, N/A, 158.98, 100|1, 58, N/A, 47.31, 0|2, 33, N/A, 28.35, 0|3, 36, N/A, 26.59, 0|4, 36, N/A, 27.09, 0|5, 38, N/A, 26.61, 0|6, 34, N/A, 27.56, 0|
13:41:50 0, 63, N/A, 178.48, 100|1, 61, N/A, 189.91, 100|2, 33, N/A, 28.34, 0|3, 36, N/A, 26.59, 0|4, 36, N/A, 27.09, 0|5, 38, N/A, 26.61, 0|6, 34, N/A, 27.56, 0|
13:41:52 0, 64, N/A, 176.04, 100|1, 60, N/A, 49.99, 10|2, 33, N/A, 28.58, 0|3, 36, N/A, 26.59, 0|4, 36, N/A, 27.09, 0|5, 38, N/A, 26.61, 0|6, 35, N/A, 27.56, 0|
13:41:54 0, 61, N/A, 43.83, 0|1, 61, N/A, 168.41, 100|2, 33, N/A, 28.57, 0|3, 36, N/A, 26.59, 0|4, 36, N/A, 27.33, 0|5, 38, N/A, 26.61, 0|6, 35, N/A, 27.56, 0|
13:41:56 0, 65, N/A, 155.77, 100|1, 62, N/A, 156.98, 100|2, 33, N/A, 28.32, 0|3, 36, N/A, 26.59, 0|4, 36, N/A, 27.09, 0|5, 38, N/A, 26.61, 0|6, 35, N/A, 27.56, 0|
13:41:58 0, 63, N/A, 45.31, 0|1, 61, N/A, 184.76, 100|2, 33, N/A, 28.32, 0|3, 36, N/A, 26.59, 0|4, 36, N/A, 27.09, 0|5, 38, N/A, 26.61, 0|6, 35, N/A, 27.56, 0|
13:42:01 0, 65, N/A, 180.58, 100|1, 63, N/A, 194.68, 100|2, 33, N/A, 28.56, 0|3, 36, N/A, 26.59, 0|4, 36, N/A, 27.33, 0|5, 38, N/A, 26.61, 0|6, 35, N/A, 27.56, 0|
13:42:03 0, 65, N/A, 146.92, 100|1, 59, N/A, 48.51, 0|2, 33, N/A, 28.33, 0|3, 36, N/A, 26.59, 0|4, 36, N/A, 27.33, 0|5, 38, N/A, 26.61, 0|6, 35, N/A, 27.56, 0|
13:42:05 0, 64, N/A, 165.87, 100|1, 63, N/A, 199.43, 100|2, 33, N/A, 28.55, 0|3, 36, N/A, 26.58, 0|4, 36, N/A, 27.32, 0|5, 38, N/A, 26.59, 0|6, 35, N/A, 27.54, 0|
13:42:07 0, 67, N/A, 158.28, 100|1, 61, N/A, 49.93, 0|2, 33, N/A, 28.32, 0|3, 36, N/A, 26.56, 0|4, 36, N/A, 27.30, 0|5, 38, N/A, 26.58, 0|6, 35, N/A, 27.54, 0|
13:42:09 0, 62, N/A, 44.29, 0|1, 63, N/A, 194.19, 100|2, 33, N/A, 28.55, 0|3, 36, N/A, 26.58, 0|4, 36, N/A, 27.32, 0|5, 38, N/A, 26.59, 0|6, 35, N/A, 27.54, 0|
13:42:11 0, 66, N/A, 158.01, 100|1, 64, N/A, 193.33, 100|2, 33, N/A, 28.55, 0|3, 36, N/A, 26.56, 0|4, 36, N/A, 27.32, 0|5, 38, N/A, 26.58, 0|6, 35, N/A, 27.53, 0|
13:42:13 0, 63, N/A, 45.53, 0|1, 62, N/A, 163.40, 100|2, 34, N/A, 28.56, 0|3, 36, N/A, 26.82, 0|4, 36, N/A, 27.33, 0|5, 38, N/A, 26.59, 0|6, 35, N/A, 27.54, 0|
13:42:15 0, 67, N/A, 181.44, 100|1, 64, N/A, 203.10, 100|2, 34, N/A, 28.55, 0|3, 36, N/A, 26.82, 0|4, 37, N/A, 27.32, 0|5, 38, N/A, 26.59, 0|6, 35, N/A, 27.54, 0|
13:42:17 0, 67, N/A, 181.69, 100|1, 60, N/A, 48.97, 0|2, 33, N/A, 28.56, 0|3, 36, N/A, 26.56, 0|4, 37, N/A, 27.32, 0|5, 38, N/A, 26.58, 0|6, 35, N/A, 27.54, 0|
13:42:19 0, 65, N/A, 152.70, 100|1, 64, N/A, 191.35, 100|2, 34, N/A, 28.55, 0|3, 36, N/A, 26.82, 0|4, 37, N/A, 27.32, 0|5, 38, N/A, 26.59, 0|6, 35, N/A, 27.54, 0|
13:42:21 0, 67, N/A, 148.05, 100|1, 61, N/A, 50.42, 0|2, 34, N/A, 28.56, 0|3, 36, N/A, 26.81, 0|4, 37, N/A, 27.32, 0|5, 38, N/A, 26.58, 0|6, 35, N/A, 27.77, 0|
13:42:24 0, 63, N/A, 44.79, 0|1, 64, N/A, 195.79, 100|2, 34, N/A, 28.79, 0|3, 36, N/A, 26.82, 0|4, 37, N/A, 27.32, 0|5, 38, N/A, 26.59, 0|6, 35, N/A, 27.54, 0|
13:42:26 0, 67, N/A, 170.91, 100|1, 65, N/A, 195.78, 100|2, 33, N/A, 28.55, 0|3, 36, N/A, 26.81, 0|4, 37, N/A, 27.31, 0|5, 38, N/A, 26.82, 0|6, 35, N/A, 27.54, 0|
13:42:28 0, 64, N/A, 45.99, 0|1, 63, N/A, 186.48, 100|2, 34, N/A, 28.79, 0|3, 36, N/A, 26.82, 0|4, 37, N/A, 27.32, 0|5, 38, N/A, 26.84, 0|6, 35, N/A, 27.54, 0|
13:42:30 0, 68, N/A, 181.93, 100|1, 65, N/A, 200.65, 100|2, 34, N/A, 28.55, 0|3, 36, N/A, 26.81, 0|4, 37, N/A, 27.32, 0|5, 38, N/A, 26.58, 0|6, 35, N/A, 27.54, 0|
13:42:32 0, 68, N/A, 182.18, 100|1, 61, N/A, 49.71, 0|2, 34, N/A, 28.56, 0|3, 36, N/A, 26.81, 0|4, 37, N/A, 27.30, 0|5, 38, N/A, 26.82, 0|6, 35, N/A, 27.53, 0|
13:42:34 0, 66, N/A, 160.22, 100|1, 64, N/A, 166.82, 100|2, 34, N/A, 28.55, 0|3, 36, N/A, 26.81, 0|4, 37, N/A, 27.30, 0|5, 38, N/A, 26.82, 0|6, 35, N/A, 27.53, 0|
13:42:36 0, 67, N/A, 159.34, 100|1, 62, N/A, 50.42, 0|2, 34, N/A, 28.30, 0|3, 36, N/A, 26.56, 0|4, 37, N/A, 27.32, 0|5, 38, N/A, 26.82, 0|6, 35, N/A, 27.79, 0|
13:42:38 0, 62, N/A, 44.79, 0|1, 64, N/A, 193.70, 100|2, 34, N/A, 28.55, 0|3, 36, N/A, 26.82, 0|4, 37, N/A, 27.32, 0|5, 38, N/A, 26.84, 0|6, 35, N/A, 27.54, 0|
13:42:40 0, 66, N/A, 174.59, 100|1, 64, N/A, 188.66, 100|2, 33, N/A, 28.55, 0|3, 36, N/A, 26.81, 0|4, 37, N/A, 27.32, 0|5, 38, N/A, 26.84, 0|6, 35, N/A, 27.53, 0|
13:42:42 0, 64, N/A, 45.77, 0|1, 62, N/A, 199.22, 100|2, 33, N/A, 28.55, 0|3, 36, N/A, 26.82, 0|4, 36, N/A, 27.32, 0|5, 38, N/A, 26.59, 0|6, 35, N/A, 27.54, 0|
13:42:44 0, 66, N/A, 180.95, 100|1, 64, N/A, 196.02, 100|2, 33, N/A, 28.79, 0|3, 36, N/A, 26.81, 0|4, 37, N/A, 27.30, 0|5, 38, N/A, 26.82, 0|6, 35, N/A, 27.53, 0|
13:42:46 0, 67, N/A, 171.50, 100|1, 60, N/A, 49.46, 0|2, 33, N/A, 28.56, 0|3, 36, N/A, 26.58, 0|4, 36, N/A, 27.32, 0|5, 38, N/A, 26.84, 0|6, 35, N/A, 27.54, 0|
13:42:49 0, 66, N/A, 181.93, 100|1, 64, N/A, 194.78, 100|2, 34, N/A, 28.55, 0|3, 36, N/A, 26.82, 0|4, 37, N/A, 27.32, 0|5, 38, N/A, 26.59, 0|6, 35, N/A, 27.54, 0|
13:42:51 0, 67, N/A, 180.46, 100|1, 63, N/A, 51.65, 10|2, 34, N/A, 28.56, 0|3, 36, N/A, 26.82, 0|4, 36, N/A, 27.32, 0|5, 38, N/A, 26.84, 0|6, 35, N/A, 27.79, 0|
13:42:53 0, 63, N/A, 45.03, 0|1, 63, N/A, 186.72, 100|2, 34, N/A, 28.55, 0|3, 36, N/A, 26.58, 0|4, 37, N/A, 27.32, 0|5, 38, N/A, 26.84, 0|6, 35, N/A, 27.54, 0|
13:42:55 0, 67, N/A, 182.67, 100|1, 65, N/A, 170.02, 100|2, 34, N/A, 28.55, 0|3, 36, N/A, 26.82, 0|4, 37, N/A, 27.32, 0|5, 38, N/A, 26.58, 0|6, 35, N/A, 27.54, 0|
13:42:57 0, 65, N/A, 46.76, 37|1, 61, N/A, 186.84, 65|2, 33, N/A, 28.55, 0|3, 36, N/A, 26.82, 0|4, 37, N/A, 27.32, 0|5, 38, N/A, 26.59, 0|6, 35, N/A, 27.54, 0|
13:42:59 0, 66, N/A, 157.29, 100|1, 64, N/A, 159.97, 100|2, 33, N/A, 28.55, 0|3, 36, N/A, 26.81, 0|4, 37, N/A, 27.32, 0|5, 38, N/A, 26.58, 0|6, 35, N/A, 27.54, 0|
13:43:01 0, 67, N/A, 182.42, 100|1, 61, N/A, 49.71, 0|2, 33, N/A, 28.56, 0|3, 36, N/A, 26.56, 0|4, 36, N/A, 27.32, 0|5, 38, N/A, 26.82, 0|6, 35, N/A, 27.53, 0|
13:43:03 0, 64, N/A, 154.09, 7|1, 63, N/A, 191.60, 100|2, 33, N/A, 28.55, 0|3, 36, N/A, 26.81, 0|4, 37, N/A, 27.32, 0|5, 38, N/A, 26.58, 0|6, 35, N/A, 27.54, 0|
13:43:05 0, 67, N/A, 156.90, 100|1, 64, N/A, 77.68, 100|2, 33, N/A, 28.56, 0|3, 36, N/A, 26.82, 0|4, 36, N/A, 27.32, 0|5, 38, N/A, 26.84, 0|6, 35, N/A, 27.54, 0|
13:43:07 0, 63, N/A, 45.03, 0|1, 62, N/A, 192.23, 100|2, 33, N/A, 28.55, 0|3, 36, N/A, 26.58, 0|4, 36, N/A, 27.32, 0|5, 38, N/A, 26.59, 0|6, 35, N/A, 27.54, 0|
13:43:09 0, 66, N/A, 185.74, 100|1, 64, N/A, 175.29, 100|2, 33, N/A, 28.55, 0|3, 36, N/A, 26.81, 0|4, 36, N/A, 27.31, 0|5, 38, N/A, 26.59, 0|6, 35, N/A, 27.54, 0|
13:43:11 0, 67, N/A, 182.45, 100|1, 59, N/A, 48.73, 0|2, 33, N/A, 28.56, 0|3, 36, N/A, 26.58, 0|4, 36, N/A, 27.32, 0|5, 38, N/A, 26.84, 0|6, 35, N/A, 27.54, 0|
13:43:14 0, 64, N/A, 149.02, 100|1, 63, N/A, 205.55, 100|2, 33, N/A, 28.55, 0|3, 36, N/A, 26.58, 0|4, 36, N/A, 27.32, 0|5, 38, N/A, 26.59, 0|6, 35, N/A, 27.54, 0|
13:43:16 0, 66, N/A, 172.24, 100|1, 60, N/A, 49.95, 0|2, 33, N/A, 28.56, 0|3, 36, N/A, 26.58, 0|4, 36, N/A, 27.07, 0|5, 38, N/A, 26.82, 0|6, 35, N/A, 27.53, 0|
13:43:18 0, 62, N/A, 44.29, 0|1, 62, N/A, 192.48, 100|2, 33, N/A, 28.55, 0|3, 36, N/A, 26.58, 0|4, 36, N/A, 27.07, 0|5, 38, N/A, 26.84, 0|6, 35, N/A, 27.54, 0|
13:43:20 0, 66, N/A, 150.49, 100|1, 63, N/A, 160.20, 100|2, 33, N/A, 28.55, 0|3, 36, N/A, 26.81, 0|4, 37, N/A, 27.30, 0|5, 38, N/A, 26.58, 0|6, 35, N/A, 27.53, 0|
13:43:22 0, 63, N/A, 45.53, 49|1, 60, N/A, 191.22, 56|2, 33, N/A, 28.55, 0|3, 36, N/A, 26.82, 0|4, 36, N/A, 27.07, 0|5, 38, N/A, 26.59, 0|6, 35, N/A, 27.54, 0|
13:43:24 0, 65, N/A, 150.01, 100|1, 63, N/A, 156.39, 100|2, 33, N/A, 28.55, 0|3, 36, N/A, 26.58, 0|4, 36, N/A, 27.07, 0|5, 38, N/A, 26.59, 0|6, 34, N/A, 27.53, 0|
13:43:26 0, 66, N/A, 182.21, 100|1, 59, N/A, 48.72, 0|2, 33, N/A, 28.56, 0|3, 36, N/A, 26.58, 0|4, 36, N/A, 27.07, 0|5, 38, N/A, 26.59, 0|6, 34, N/A, 27.54, 0|
13:43:28 0, 62, N/A, 158.36, 45|1, 62, N/A, 199.94, 100|2, 33, N/A, 28.56, 0|3, 36, N/A, 26.58, 0|4, 36, N/A, 27.07, 0|5, 38, N/A, 26.59, 0|6, 35, N/A, 27.54, 0|
13:43:30 0, 65, N/A, 181.44, 100|1, 63, N/A, 201.63, 100|2, 33, N/A, 28.54, 0|3, 36, N/A, 26.56, 0|4, 36, N/A, 27.30, 0|5, 38, N/A, 26.82, 0|6, 34, N/A, 27.54, 0|
13:43:32 0, 62, N/A, 44.54, 0|1, 61, N/A, 181.20, 100|2, 33, N/A, 28.55, 0|3, 36, N/A, 26.58, 0|4, 36, N/A, 27.07, 0|5, 38, N/A, 26.59, 0|6, 35, N/A, 27.54, 0|
13:43:34 0, 65, N/A, 151.24, 100|1, 63, N/A, 160.80, 100|2, 33, N/A, 28.55, 0|3, 36, N/A, 26.56, 0|4, 36, N/A, 27.07, 0|5, 38, N/A, 26.58, 0|6, 35, N/A, 27.53, 0|
13:43:36 0, 66, N/A, 178.50, 100|1, 59, N/A, 48.48, 0|2, 33, N/A, 28.56, 0|3, 36, N/A, 26.56, 0|4, 36, N/A, 27.07, 0|5, 38, N/A, 26.58, 0|6, 35, N/A, 27.54, 0|
13:43:39 0, 65, N/A, 185.36, 100|1, 63, N/A, 191.85, 100|2, 33, N/A, 28.30, 0|3, 36, N/A, 26.82, 0|4, 36, N/A, 27.07, 0|5, 38, N/A, 26.59, 0|6, 35, N/A, 27.54, 0|
13:43:41 0, 66, N/A, 179.97, 100|1, 61, N/A, 50.45, 0|2, 33, N/A, 28.56, 0|3, 36, N/A, 26.58, 0|4, 36, N/A, 27.32, 0|5, 38, N/A, 26.59, 0|6, 35, N/A, 27.54, 0|
13:43:43 0, 62, N/A, 44.54, 0|1, 62, N/A, 166.59, 100|2, 33, N/A, 28.56, 0|3, 36, N/A, 26.58, 0|4, 36, N/A, 27.32, 0|5, 38, N/A, 26.59, 0|6, 35, N/A, 27.54, 0|
13:43:45 0, 66, N/A, 181.18, 100|1, 64, N/A, 196.26, 100|2, 33, N/A, 28.55, 0|3, 36, N/A, 26.56, 0|4, 36, N/A, 27.30, 0|5, 38, N/A, 26.58, 0|6, 35, N/A, 27.53, 0|
13:43:47 0, 66, N/A, 155.57, 100|1, 59, N/A, 48.23, 0|2, 33, N/A, 28.56, 0|3, 36, N/A, 26.82, 0|4, 36, N/A, 27.32, 0|5, 38, N/A, 26.84, 0|6, 35, N/A, 27.54, 0|
13:43:49 0, 65, N/A, 178.99, 100|1, 63, N/A, 195.53, 100|2, 33, N/A, 28.55, 0|3, 36, N/A, 26.81, 0|4, 36, N/A, 27.07, 0|5, 38, N/A, 26.84, 0|6, 35, N/A, 27.54, 0|
13:43:51 0, 66, N/A, 191.13, 100|1, 60, N/A, 49.46, 0|2, 33, N/A, 28.56, 0|3, 36, N/A, 26.82, 0|4, 36, N/A, 27.07, 0|5, 38, N/A, 26.59, 0|6, 35, N/A, 27.54, 0|
13:43:53 0, 61, N/A, 44.05, 0|1, 62, N/A, 193.59, 100|2, 33, N/A, 28.55, 0|3, 36, N/A, 26.58, 0|4, 36, N/A, 27.32, 0|5, 38, N/A, 26.59, 0|6, 35, N/A, 27.54, 0|
13:43:55 0, 65, N/A, 170.16, 100|1, 63, N/A, 177.01, 100|2, 33, N/A, 28.55, 0|3, 36, N/A, 26.56, 0|4, 36, N/A, 27.07, 0|5, 38, N/A, 26.82, 0|6, 35, N/A, 27.54, 0|
13:43:57 0, 63, N/A, 45.53, 52|1, 60, N/A, 191.14, 51|2, 33, N/A, 28.55, 0|3, 36, N/A, 26.58, 0|4, 36, N/A, 27.07, 0|5, 38, N/A, 26.59, 0|6, 35, N/A, 27.54, 0|
13:43:59 0, 65, N/A, 148.54, 100|1, 62, N/A, 151.24, 100|2, 33, N/A, 28.55, 0|3, 36, N/A, 26.58, 0|4, 36, N/A, 27.32, 0|5, 38, N/A, 26.59, 0|6, 34, N/A, 27.54, 0|
13:44:01 0, 65, N/A, 180.00, 100|1, 59, N/A, 48.72, 0|2, 33, N/A, 28.32, 0|3, 36, N/A, 26.58, 0|4, 36, N/A, 27.07, 0|5, 38, N/A, 26.59, 0|6, 34, N/A, 27.54, 0|
13:44:04 0, 60, N/A, 43.80, 0|1, 62, N/A, 185.11, 100|2, 33, N/A, 28.55, 0|3, 36, N/A, 26.58, 0|4, 36, N/A, 27.32, 0|5, 38, N/A, 26.59, 0|6, 34, N/A, 27.54, 0|
13:44:06 0, 64, N/A, 177.28, 100|1, 63, N/A, 194.31, 100|2, 33, N/A, 28.55, 0|3, 36, N/A, 26.56, 0|4, 36, N/A, 27.07, 0|5, 38, N/A, 26.58, 0|6, 35, N/A, 27.54, 0|
13:44:08 0, 62, N/A, 44.79, 0|1, 60, N/A, 158.85, 100|2, 33, N/A, 28.56, 0|3, 36, N/A, 26.58, 0|4, 36, N/A, 27.32, 0|5, 38, N/A, 26.61, 0|6, 35, N/A, 27.56, 0|
13:44:10 0, 64, N/A, 149.04, 100|1, 62, N/A, 192.96, 100|2, 33, N/A, 28.56, 0|3, 36, N/A, 26.58, 0|4, 36, N/A, 27.07, 0|5, 38, N/A, 26.59, 0|6, 34, N/A, 27.54, 0|
13:44:12 0, 65, N/A, 178.38, 100|1, 58, N/A, 48.24, 0|2, 33, N/A, 28.32, 0|3, 36, N/A, 26.58, 0|4, 36, N/A, 27.07, 0|5, 38, N/A, 26.59, 0|6, 34, N/A, 27.54, 0|
13:44:14 0, 61, N/A, 146.34, 25|1, 61, N/A, 150.26, 100|2, 33, N/A, 28.55, 0|3, 36, N/A, 26.58, 0|4, 36, N/A, 27.32, 0|5, 38, N/A, 26.59, 0|6, 34, N/A, 27.54, 0|
13:44:16 0, 65, N/A, 181.67, 100|1, 62, N/A, 189.26, 100|2, 33, N/A, 28.55, 0|3, 36, N/A, 26.56, 0|4, 36, N/A, 27.05, 0|5, 38, N/A, 26.58, 0|6, 34, N/A, 27.53, 0|
13:44:18 0, 61, N/A, 44.29, 0|1, 60, N/A, 149.54, 100|2, 33, N/A, 28.56, 0|3, 36, N/A, 26.58, 0|4, 36, N/A, 27.07, 0|5, 38, N/A, 26.59, 0|6, 34, N/A, 27.54, 0|
13:44:20 0, 64, N/A, 181.69, 100|1, 62, N/A, 195.29, 100|2, 33, N/A, 28.55, 0|3, 36, N/A, 26.56, 0|4, 36, N/A, 27.07, 0|5, 37, N/A, 26.59, 0|6, 35, N/A, 27.54, 0|
13:44:22 0, 64, N/A, 162.93, 100|1, 58, N/A, 47.74, 0|2, 33, N/A, 28.56, 0|3, 36, N/A, 26.58, 0|4, 36, N/A, 27.07, 0|5, 38, N/A, 26.59, 0|6, 34, N/A, 27.54, 0|
13:44:24 0, 62, N/A, 176.65, 48|1, 61, N/A, 192.44, 100|2, 33, N/A, 28.30, 0|3, 36, N/A, 26.58, 0|4, 36, N/A, 27.07, 0|5, 38, N/A, 26.59, 0|6, 34, N/A, 27.54, 0|
13:44:26 0, 64, N/A, 177.78, 100|1, 61, N/A, 60.50, 100|2, 33, N/A, 28.56, 0|3, 36, N/A, 26.58, 0|4, 36, N/A, 27.07, 0|5, 38, N/A, 26.59, 0|6, 34, N/A, 27.54, 0|
13:44:29 0, 61, N/A, 44.05, 0|1, 60, N/A, 182.67, 100|2, 33, N/A, 28.55, 0|3, 36, N/A, 26.58, 0|4, 36, N/A, 27.07, 0|5, 38, N/A, 26.59, 0|6, 34, N/A, 27.54, 0|
13:44:31 0, 64, N/A, 179.48, 100|1, 62, N/A, 180.94, 100|2, 33, N/A, 28.55, 0|3, 36, N/A, 26.58, 0|4, 36, N/A, 27.07, 0|5, 38, N/A, 26.59, 0|6, 34, N/A, 27.54, 0|
13:44:33 0, 64, N/A, 150.50, 100|1, 57, N/A, 47.50, 0|2, 33, N/A, 28.32, 0|3, 36, N/A, 26.58, 0|4, 36, N/A, 27.07, 0|5, 38, N/A, 26.59, 0|6, 34, N/A, 27.54, 0|
13:44:35 0, 62, N/A, 178.75, 100|1, 62, N/A, 192.44, 100|2, 33, N/A, 28.55, 0|3, 36, N/A, 26.58, 0|4, 36, N/A, 27.07, 0|5, 38, N/A, 26.59, 0|6, 34, N/A, 27.54, 0|
13:44:37 0, 65, N/A, 179.83, 100|1, 61, N/A, 51.43, 100|2, 33, N/A, 28.56, 0|3, 36, N/A, 26.58, 0|4, 36, N/A, 27.07, 0|5, 38, N/A, 26.59, 0|6, 35, N/A, 27.54, 0|
13:44:39 0, 62, N/A, 44.29, 0|1, 61, N/A, 190.76, 100|2, 33, N/A, 28.56, 0|3, 36, N/A, 26.58, 0|4, 36, N/A, 27.33, 0|5, 38, N/A, 26.59, 0|6, 34, N/A, 27.54, 0|
13:44:41 0, 66, N/A, 181.20, 100|1, 63, N/A, 203.10, 100|2, 33, N/A, 28.55, 0|3, 36, N/A, 26.58, 0|4, 36, N/A, 27.32, 0|5, 38, N/A, 26.84, 0|6, 35, N/A, 27.54, 0|
13:44:43 0, 66, N/A, 146.93, 100|1, 59, N/A, 48.48, 0|2, 34, N/A, 28.56, 0|3, 36, N/A, 26.58, 0|4, 36, N/A, 27.32, 0|5, 38, N/A, 26.59, 0|6, 35, N/A, 27.54, 0|
13:44:45 0, 64, N/A, 180.32, 100|1, 64, N/A, 195.38, 100|2, 33, N/A, 28.56, 0|3, 36, N/A, 26.58, 0|4, 36, N/A, 27.07, 0|5, 38, N/A, 26.59, 0|6, 35, N/A, 27.54, 0|
13:44:47 0, 67, N/A, 147.41, 100|1, 63, N/A, 53.44, 79|2, 34, N/A, 28.58, 0|3, 36, N/A, 26.84, 0|4, 36, N/A, 27.33, 0|5, 38, N/A, 26.61, 0|6, 35, N/A, 27.56, 0|
13:44:49 0, 63, N/A, 45.06, 0|1, 62, N/A, 187.46, 100|2, 34, N/A, 28.58, 0|3, 36, N/A, 26.59, 0|4, 36, N/A, 27.35, 0|5, 38, N/A, 26.86, 0|6, 35, N/A, 27.56, 0|
13:44:52 0, 67, N/A, 182.29, 100|1, 65, N/A, 196.98, 100|2, 34, N/A, 28.58, 0|3, 36, N/A, 26.84, 0|4, 37, N/A, 27.33, 0|5, 38, N/A, 26.61, 0|6, 35, N/A, 27.56, 0|
13:44:54 0, 67, N/A, 157.99, 100|1, 60, N/A, 49.25, 0|2, 34, N/A, 28.58, 0|3, 36, N/A, 26.84, 0|4, 37, N/A, 27.35, 0|5, 38, N/A, 26.38, 0|6, 35, N/A, 27.83, 0|
13:44:56 0, 64, N/A, 178.13, 100|1, 64, N/A, 195.02, 100|2, 34, N/A, 28.58, 0|3, 36, N/A, 26.84, 0|4, 37, N/A, 27.33, 0|5, 38, N/A, 26.61, 0|6, 35, N/A, 27.56, 0|
13:44:58 0, 68, N/A, 181.42, 100|1, 65, N/A, 159.43, 100|2, 34, N/A, 28.58, 0|3, 36, N/A, 26.84, 0|4, 37, N/A, 27.09, 0|5, 38, N/A, 26.61, 0|6, 35, N/A, 27.81, 0|
13:45:00 0, 64, N/A, 45.55, 0|1, 63, N/A, 155.27, 100|2, 34, N/A, 28.58, 0|3, 36, N/A, 26.59, 0|4, 36, N/A, 27.35, 0|5, 38, N/A, 26.61, 0|6, 35, N/A, 27.81, 0|
13:45:02 0, 66, N/A, 181.07, 100|1, 64, N/A, 196.00, 100|2, 34, N/A, 28.56, 0|3, 36, N/A, 26.59, 0|4, 36, N/A, 27.33, 0|5, 38, N/A, 26.85, 0|6, 35, N/A, 27.56, 0|
13:45:04 0, 67, N/A, 175.69, 100|1, 60, N/A, 49.28, 0|2, 33, N/A, 28.35, 0|3, 36, N/A, 26.84, 0|4, 36, N/A, 27.35, 0|5, 38, N/A, 26.61, 0|6, 35, N/A, 27.58, 0|
13:45:06 0, 63, N/A, 163.77, 29|1, 63, N/A, 187.44, 100|2, 33, N/A, 28.58, 0|3, 36, N/A, 26.59, 0|4, 36, N/A, 27.33, 0|5, 38, N/A, 26.61, 0|6, 35, N/A, 27.81, 0|
13:45:08 0, 66, N/A, 181.56, 100|1, 64, N/A, 195.66, 100|2, 33, N/A, 28.32, 0|3, 36, N/A, 26.84, 0|4, 36, N/A, 27.33, 0|5, 38, N/A, 26.61, 0|6, 35, N/A, 27.56, 0|
13:45:10 0, 63, N/A, 45.31, 0|1, 62, N/A, 157.73, 100|2, 33, N/A, 28.58, 0|3, 36, N/A, 26.59, 0|4, 36, N/A, 27.35, 0|5, 38, N/A, 26.63, 0|6, 35, N/A, 27.56, 0|
13:45:12 0, 65, N/A, 154.78, 100|1, 63, N/A, 159.19, 100|2, 33, N/A, 28.58, 0|3, 36, N/A, 26.84, 0|4, 36, N/A, 27.33, 0|5, 38, N/A, 26.61, 0|6, 35, N/A, 27.56, 0|
13:45:14 0, 66, N/A, 182.41, 100|1, 60, N/A, 49.25, 0|2, 34, N/A, 28.34, 0|3, 36, N/A, 26.59, 0|4, 36, N/A, 27.33, 0|5, 38, N/A, 26.61, 0|6, 35, N/A, 27.56, 0|
13:45:17 0, 61, N/A, 44.08, 0|1, 63, N/A, 154.54, 100|2, 33, N/A, 28.58, 0|3, 36, N/A, 26.59, 0|4, 36, N/A, 27.35, 0|5, 38, N/A, 26.61, 0|6, 35, N/A, 27.56, 0|
13:45:19 0, 65, N/A, 145.45, 100|1, 63, N/A, 176.50, 100|2, 33, N/A, 28.32, 0|3, 36, N/A, 26.59, 0|4, 36, N/A, 27.09, 0|5, 38, N/A, 26.85, 0|6, 35, N/A, 27.56, 0|
13:45:21 0, 63, N/A, 45.55, 27|1, 61, N/A, 191.38, 73|2, 33, N/A, 28.32, 0|3, 36, N/A, 26.59, 0|4, 36, N/A, 27.33, 0|5, 38, N/A, 26.61, 0|6, 35, N/A, 27.81, 0|
13:45:23 0, 65, N/A, 179.95, 100|1, 63, N/A, 186.46, 100|2, 33, N/A, 28.33, 0|3, 36, N/A, 26.59, 0|4, 36, N/A, 27.09, 0|5, 38, N/A, 26.61, 0|6, 35, N/A, 27.81, 0|
13:45:25 0, 65, N/A, 176.53, 100|1, 59, N/A, 49.25, 0|2, 33, N/A, 28.35, 0|3, 36, N/A, 26.59, 0|4, 36, N/A, 27.09, 0|5, 38, N/A, 26.61, 0|6, 35, N/A, 27.81, 0|
13:45:27 0, 61, N/A, 43.83, 0|1, 62, N/A, 192.74, 100|2, 33, N/A, 28.32, 0|3, 36, N/A, 26.59, 0|4, 36, N/A, 27.33, 0|5, 38, N/A, 26.61, 0|6, 34, N/A, 27.56, 0|
13:45:29 0, 65, N/A, 181.56, 100|1, 63, N/A, 164.08, 100|2, 33, N/A, 28.32, 0|3, 36, N/A, 26.58, 0|4, 36, N/A, 27.33, 0|5, 38, N/A, 26.59, 0|6, 35, N/A, 27.54, 0|
13:45:31 0, 65, N/A, 100.55, 100|1, 58, N/A, 102.95, 1|2, 33, N/A, 28.58, 0|3, 36, N/A, 26.59, 0|4, 36, N/A, 27.09, 0|5, 38, N/A, 26.61, 0|6, 35, N/A, 27.56, 0|
13:45:33 0, 63, N/A, 148.15, 100|1, 62, N/A, 191.35, 100|2, 33, N/A, 28.33, 0|3, 36, N/A, 26.59, 0|4, 36, N/A, 27.33, 0|5, 38, N/A, 26.61, 0|6, 35, N/A, 27.56, 0|
13:45:35 0, 65, N/A, 181.92, 100|1, 60, N/A, 49.50, 0|2, 33, N/A, 28.34, 0|3, 36, N/A, 26.59, 0|4, 36, N/A, 27.33, 0|5, 38, N/A, 26.61, 0|6, 35, N/A, 27.81, 0|
13:45:37 0, 61, N/A, 44.08, 0|1, 61, N/A, 157.97, 100|2, 33, N/A, 28.34, 0|3, 36, N/A, 26.59, 0|4, 36, N/A, 27.10, 0|5, 38, N/A, 26.61, 0|6, 34, N/A, 27.58, 0|
13:45:39 0, 64, N/A, 159.20, 100|1, 62, N/A, 188.18, 100|2, 33, N/A, 28.32, 0|3, 36, N/A, 26.59, 0|4, 36, N/A, 27.33, 0|5, 38, N/A, 26.61, 0|6, 34, N/A, 27.56, 0|
13:45:42 0, 65, N/A, 180.94, 100|1, 58, N/A, 48.05, 0|2, 33, N/A, 28.34, 0|3, 36, N/A, 26.59, 0|4, 36, N/A, 27.09, 0|5, 38, N/A, 26.61, 0|6, 35, N/A, 27.56, 0|
13:45:44 0, 63, N/A, 179.60, 100|1, 62, N/A, 191.84, 100|2, 33, N/A, 28.33, 0|3, 36, N/A, 26.59, 0|4, 36, N/A, 27.09, 0|5, 38, N/A, 26.61, 0|6, 34, N/A, 27.56, 0|
13:45:46 0, 64, N/A, 155.04, 100|1, 61, N/A, 51.22, 77|2, 33, N/A, 28.34, 0|3, 36, N/A, 26.59, 0|4, 36, N/A, 27.09, 0|5, 38, N/A, 26.61, 0|6, 34, N/A, 27.56, 0|
13:45:48 0, 61, N/A, 44.08, 0|1, 60, N/A, 170.15, 100|2, 33, N/A, 28.58, 0|3, 36, N/A, 26.59, 0|4, 36, N/A, 27.35, 0|5, 38, N/A, 26.36, 0|6, 34, N/A, 27.56, 0|
13:45:50 0, 64, N/A, 180.82, 100|1, 62, N/A, 194.29, 100|2, 33, N/A, 28.32, 0|3, 36, N/A, 26.35, 0|4, 36, N/A, 27.09, 0|5, 38, N/A, 26.61, 0|6, 35, N/A, 27.56, 0|
13:45:52 0, 66, N/A, 178.00, 100|1, 59, N/A, 48.29, 0|2, 33, N/A, 28.34, 0|3, 36, N/A, 26.84, 0|4, 36, N/A, 27.09, 0|5, 38, N/A, 26.61, 0|6, 35, N/A, 27.56, 0|
13:45:54 0, 61, N/A, 150.37, 6|1, 62, N/A, 167.68, 100|2, 33, N/A, 28.56, 0|3, 36, N/A, 26.59, 0|4, 36, N/A, 27.33, 0|5, 38, N/A, 26.61, 0|6, 35, N/A, 27.56, 0|
13:45:56 0, 65, N/A, 171.84, 100|1, 63, N/A, 192.11, 100|2, 33, N/A, 28.33, 0|3, 36, N/A, 26.59, 0|4, 36, N/A, 27.09, 0|5, 38, N/A, 26.61, 0|6, 35, N/A, 27.56, 0|
13:45:58 0, 63, N/A, 45.80, 0|1, 61, N/A, 191.13, 100|2, 33, N/A, 28.34, 0|3, 36, N/A, 26.84, 0|4, 36, N/A, 27.10, 0|5, 38, N/A, 26.63, 0|6, 35, N/A, 27.56, 0|
13:46:00 0, 65, N/A, 182.15, 100|1, 63, N/A, 169.50, 100|2, 33, N/A, 28.33, 0|3, 36, N/A, 26.59, 0|4, 36, N/A, 27.09, 0|5, 38, N/A, 26.61, 0|6, 35, N/A, 27.56, 0|
13:46:02 0, 66, N/A, 178.14, 100|1, 60, N/A, 49.74, 0|2, 33, N/A, 28.34, 0|3, 36, N/A, 26.59, 0|4, 36, N/A, 27.33, 0|5, 38, N/A, 26.61, 0|6, 35, N/A, 27.56, 0|
13:46:04 0, 62, N/A, 44.57, 0|1, 62, N/A, 164.02, 100|2, 33, N/A, 28.58, 0|3, 36, N/A, 26.59, 0|4, 36, N/A, 27.35, 0|5, 38, N/A, 26.61, 0|6, 35, N/A, 27.56, 0|
13:46:07 0, 66, N/A, 181.32, 100|1, 64, N/A, 195.76, 100|2, 33, N/A, 28.58, 0|3, 36, N/A, 26.59, 0|4, 36, N/A, 27.33, 0|5, 38, N/A, 26.61, 0|6, 35, N/A, 27.56, 0|
13:46:09 0, 67, N/A, 183.30, 100|1, 60, N/A, 48.76, 0|2, 34, N/A, 28.58, 0|3, 36, N/A, 26.59, 0|4, 36, N/A, 27.33, 0|5, 38, N/A, 26.61, 0|6, 35, N/A, 27.56, 0|
13:46:11 0, 65, N/A, 156.43, 100|1, 64, N/A, 163.26, 100|2, 34, N/A, 28.58, 0|3, 36, N/A, 26.59, 0|4, 36, N/A, 27.33, 0|5, 38, N/A, 26.61, 0|6, 35, N/A, 27.56, 0|
13:46:13 0, 66, N/A, 181.66, 100|1, 63, N/A, 51.72, 55|2, 34, N/A, 28.58, 0|3, 36, N/A, 26.84, 0|4, 36, N/A, 27.33, 0|5, 38, N/A, 26.61, 0|6, 35, N/A, 27.56, 0|
13:46:15 0, 63, N/A, 44.82, 0|1, 62, N/A, 191.87, 100|2, 33, N/A, 28.58, 0|3, 36, N/A, 26.59, 0|4, 36, N/A, 27.35, 0|5, 38, N/A, 26.61, 0|6, 35, N/A, 27.58, 0|
13:46:17 0, 66, N/A, 181.32, 100|1, 64, N/A, 195.02, 100|2, 33, N/A, 28.56, 0|3, 36, N/A, 26.84, 0|4, 36, N/A, 27.09, 0|5, 38, N/A, 26.61, 0|6, 35, N/A, 27.56, 0|
13:46:19 0, 67, N/A, 179.72, 100|1, 60, N/A, 48.76, 0|2, 33, N/A, 28.58, 0|3, 36, N/A, 26.59, 0|4, 36, N/A, 27.33, 0|5, 38, N/A, 26.61, 0|6, 35, N/A, 27.81, 0|
13:46:21 0, 61, N/A, 48.76, 0|1, 63, N/A, 152.81, 100|2, 33, N/A, 28.57, 0|3, 36, N/A, 26.59, 0|4, 36, N/A, 27.09, 0|5, 38, N/A, 26.61, 0|6, 35, N/A, 27.56, 0|
13:46:23 0, 65, N/A, 146.43, 100|1, 63, N/A, 151.58, 100|2, 33, N/A, 28.58, 0|3, 36, N/A, 26.59, 0|4, 36, N/A, 27.09, 0|5, 38, N/A, 26.61, 0|6, 35, N/A, 27.56, 0|
13:46:25 0, 64, N/A, 46.30, 18|1, 60, N/A, 189.42, 80|2, 33, N/A, 28.58, 0|3, 36, N/A, 26.61, 0|4, 36, N/A, 27.35, 0|5, 38, N/A, 26.61, 0|6, 35, N/A, 27.58, 0|
13:46:27 0, 65, N/A, 181.07, 100|1, 63, N/A, 195.90, 100|2, 33, N/A, 28.56, 0|3, 36, N/A, 26.84, 0|4, 37, N/A, 27.09, 0|5, 38, N/A, 26.61, 0|6, 35, N/A, 27.56, 0|
13:46:29 0, 66, N/A, 183.40, 100|1, 60, N/A, 50.02, 0|2, 33, N/A, 28.58, 0|3, 36, N/A, 26.59, 0|4, 36, N/A, 27.10, 0|5, 38, N/A, 26.61, 0|6, 35, N/A, 27.56, 0|
13:46:32 0, 61, N/A, 44.33, 0|1, 62, N/A, 190.87, 100|2, 33, N/A, 28.58, 0|3, 36, N/A, 26.59, 0|4, 36, N/A, 27.10, 0|5, 38, N/A, 26.63, 0|6, 35, N/A, 27.83, 0|
13:46:34 0, 65, N/A, 158.13, 100|1, 62, N/A, 158.45, 100|2, 33, N/A, 28.33, 0|3, 36, N/A, 26.59, 0|4, 36, N/A, 27.33, 0|5, 38, N/A, 26.61, 0|6, 34, N/A, 27.56, 0|
13:46:36 0, 65, N/A, 162.57, 100|1, 58, N/A, 48.27, 0|2, 33, N/A, 28.58, 0|3, 36, N/A, 26.59, 0|4, 36, N/A, 27.09, 0|5, 38, N/A, 26.61, 0|6, 35, N/A, 27.56, 0|
13:46:38 0, 63, N/A, 178.48, 100|1, 63, N/A, 193.30, 100|2, 33, N/A, 28.56, 0|3, 36, N/A, 26.59, 0|4, 36, N/A, 27.33, 0|5, 38, N/A, 26.61, 0|6, 35, N/A, 27.56, 0|
13:46:40 0, 66, N/A, 182.29, 100|1, 64, N/A, 196.24, 100|2, 33, N/A, 28.56, 0|3, 36, N/A, 26.59, 0|4, 36, N/A, 27.09, 0|5, 38, N/A, 26.61, 0|6, 35, N/A, 27.56, 0|
13:46:42 0, 63, N/A, 45.31, 0|1, 62, N/A, 164.11, 100|2, 33, N/A, 28.58, 0|3, 36, N/A, 26.59, 0|4, 36, N/A, 27.09, 0|5, 38, N/A, 26.61, 0|6, 35, N/A, 27.56, 0|
13:46:44 0, 66, N/A, 147.90, 100|1, 63, N/A, 162.04, 100|2, 33, N/A, 28.58, 0|3, 36, N/A, 26.59, 0|4, 36, N/A, 27.33, 0|5, 38, N/A, 26.61, 0|6, 35, N/A, 27.56, 0|
13:46:46 0, 66, N/A, 190.04, 100|1, 60, N/A, 49.74, 0|2, 33, N/A, 28.58, 0|3, 36, N/A, 26.59, 0|4, 36, N/A, 27.09, 0|5, 38, N/A, 26.61, 0|6, 35, N/A, 27.56, 0|
13:46:48 0, 62, N/A, 44.29, 0|1, 62, N/A, 175.57, 100|2, 33, N/A, 28.55, 0|3, 36, N/A, 26.58, 0|4, 36, N/A, 27.32, 0|5, 38, N/A, 26.59, 0|6, 35, N/A, 27.54, 0|
13:46:50 0, 66, N/A, 179.48, 100|1, 64, N/A, 195.29, 100|2, 33, N/A, 28.54, 0|3, 36, N/A, 26.56, 0|4, 37, N/A, 27.30, 0|5, 38, N/A, 26.58, 0|6, 35, N/A, 27.53, 0|
13:46:52 0, 67, N/A, 183.15, 100|1, 59, N/A, 48.48, 0|2, 33, N/A, 28.55, 0|3, 36, N/A, 26.56, 0|4, 36, N/A, 27.32, 0|5, 38, N/A, 26.59, 0|6, 35, N/A, 27.54, 0|
13:46:55 0, 64, N/A, 180.95, 100|1, 63, N/A, 193.82, 100|2, 33, N/A, 28.55, 0|3, 36, N/A, 26.56, 0|4, 36, N/A, 27.32, 0|5, 38, N/A, 26.59, 0|6, 35, N/A, 27.54, 0|
13:46:57 0, 66, N/A, 150.77, 100|1, 63, N/A, 67.88, 100|2, 33, N/A, 28.56, 0|3, 36, N/A, 26.82, 0|4, 36, N/A, 27.32, 0|5, 38, N/A, 26.84, 0|6, 35, N/A, 27.79, 0|
13:46:59 0, 62, N/A, 44.79, 0|1, 61, N/A, 151.48, 100|2, 33, N/A, 28.55, 0|3, 36, N/A, 26.58, 0|4, 36, N/A, 27.32, 0|5, 38, N/A, 26.59, 0|6, 35, N/A, 27.54, 0|
13:47:01 0, 65, N/A, 178.01, 100|1, 63, N/A, 183.04, 100|2, 33, N/A, 28.55, 0|3, 36, N/A, 26.56, 0|4, 36, N/A, 27.05, 0|5, 38, N/A, 26.58, 0|6, 35, N/A, 27.53, 0|
13:47:03 0, 65, N/A, 156.07, 100|1, 59, N/A, 48.97, 0|2, 33, N/A, 28.32, 0|3, 36, N/A, 26.56, 0|4, 36, N/A, 27.07, 0|5, 38, N/A, 26.58, 0|6, 35, N/A, 27.54, 0|
13:47:05 0, 61, N/A, 43.80, 0|1, 62, N/A, 193.46, 100|2, 33, N/A, 28.30, 0|3, 36, N/A, 26.58, 0|4, 36, N/A, 27.07, 0|5, 38, N/A, 26.59, 0|6, 35, N/A, 27.79, 0|
13:47:07 0, 65, N/A, 180.94, 100|1, 63, N/A, 196.02, 100|2, 33, N/A, 28.30, 0|3, 36, N/A, 26.56, 0|4, 36, N/A, 27.05, 0|5, 38, N/A, 26.82, 0|6, 35, N/A, 27.53, 0|
13:47:09 0, 66, N/A, 180.98, 100|1, 58, N/A, 47.99, 0|2, 33, N/A, 28.32, 0|3, 36, N/A, 26.58, 0|4, 36, N/A, 27.07, 0|5, 38, N/A, 26.59, 0|6, 35, N/A, 27.54, 0|
13:47:11 0, 64, N/A, 179.48, 100|1, 63, N/A, 190.00, 100|2, 33, N/A, 28.55, 0|3, 36, N/A, 26.58, 0|4, 36, N/A, 27.07, 0|5, 38, N/A, 26.59, 0|6, 34, N/A, 27.54, 0|
13:47:13 0, 65, N/A, 149.30, 100|1, 62, N/A, 71.04, 93|2, 33, N/A, 28.32, 0|3, 36, N/A, 26.58, 0|4, 36, N/A, 27.07, 0|5, 38, N/A, 26.59, 0|6, 35, N/A, 27.79, 0|
13:47:15 0, 62, N/A, 44.54, 0|1, 60, N/A, 198.71, 100|2, 33, N/A, 28.55, 0|3, 36, N/A, 26.58, 0|4, 36, N/A, 27.07, 0|5, 37, N/A, 26.59, 0|6, 35, N/A, 27.56, 0|
13:47:17 0, 64, N/A, 143.38, 100|1, 62, N/A, 160.94, 100|2, 33, N/A, 28.30, 0|3, 36, N/A, 26.56, 0|4, 36, N/A, 27.05, 0|5, 38, N/A, 26.59, 0|6, 35, N/A, 27.53, 0|
13:47:20 0, 64, N/A, 155.82, 100|1, 59, N/A, 48.70, 0|2, 33, N/A, 28.30, 0|3, 36, N/A, 26.56, 0|4, 36, N/A, 27.05, 0|5, 38, N/A, 26.58, 0|6, 34, N/A, 27.53, 0|
13:47:22 0, 60, N/A, 43.56, 0|1, 61, N/A, 185.86, 100|2, 33, N/A, 28.55, 0|3, 36, N/A, 26.58, 0|4, 36, N/A, 27.07, 0|5, 38, N/A, 26.59, 0|6, 34, N/A, 27.54, 0|
13:47:24 0, 64, N/A, 177.77, 100|1, 62, N/A, 194.55, 100|2, 33, N/A, 28.55, 0|3, 36, N/A, 26.58, 0|4, 36, N/A, 27.07, 0|5, 38, N/A, 26.59, 0|6, 34, N/A, 27.54, 0|
13:47:26 0, 65, N/A, 180.49, 100|1, 57, N/A, 47.74, 0|2, 33, N/A, 28.56, 0|3, 36, N/A, 26.58, 0|4, 36, N/A, 27.07, 0|5, 38, N/A, 26.84, 0|6, 34, N/A, 27.79, 0|
13:47:28 0, 63, N/A, 179.24, 100|1, 62, N/A, 195.53, 100|2, 33, N/A, 28.30, 0|3, 36, N/A, 26.58, 0|4, 36, N/A, 27.07, 0|5, 38, N/A, 26.59, 0|6, 35, N/A, 27.54, 0|
13:47:30 0, 65, N/A, 182.67, 100|1, 63, N/A, 196.51, 100|2, 33, N/A, 28.30, 0|3, 36, N/A, 26.56, 0|4, 36, N/A, 27.05, 0|5, 38, N/A, 26.58, 0|6, 35, N/A, 27.53, 0|
13:47:32 0, 63, N/A, 45.03, 0|1, 61, N/A, 192.72, 100|2, 33, N/A, 28.30, 0|3, 36, N/A, 26.58, 0|4, 36, N/A, 27.07, 0|5, 38, N/A, 26.59, 0|6, 35, N/A, 27.54, 0|
13:47:34 0, 65, N/A, 183.40, 100|1, 63, N/A, 194.89, 100|2, 33, N/A, 28.30, 0|3, 36, N/A, 26.81, 0|4, 36, N/A, 27.07, 0|5, 38, N/A, 26.58, 0|6, 35, N/A, 27.54, 0|
13:47:36 0, 66, N/A, 164.15, 100|1, 60, N/A, 49.46, 0|2, 33, N/A, 28.56, 0|3, 36, N/A, 26.58, 0|4, 36, N/A, 27.07, 0|5, 38, N/A, 26.59, 0|6, 35, N/A, 27.54, 0|
13:47:38 0, 62, N/A, 44.29, 0|1, 62, N/A, 192.46, 100|2, 33, N/A, 28.55, 0|3, 36, N/A, 26.58, 0|4, 36, N/A, 27.07, 0|5, 38, N/A, 26.59, 0|6, 35, N/A, 27.54, 0|
13:47:40 0, 66, N/A, 181.92, 100|1, 63, N/A, 168.79, 100|2, 33, N/A, 28.30, 0|3, 36, N/A, 26.56, 0|4, 36, N/A, 27.31, 0|5, 38, N/A, 26.82, 0|6, 35, N/A, 27.54, 0|
13:47:42 0, 66, N/A, 167.25, 100|1, 59, N/A, 48.72, 0|2, 33, N/A, 28.55, 0|3, 36, N/A, 26.81, 0|4, 36, N/A, 27.32, 0|5, 38, N/A, 26.58, 0|6, 35, N/A, 27.79, 0|
13:47:45 0, 63, N/A, 153.46, 47|1, 63, N/A, 164.63, 100|2, 33, N/A, 28.30, 0|3, 36, N/A, 26.58, 0|4, 36, N/A, 27.32, 0|5, 38, N/A, 26.84, 0|6, 35, N/A, 27.54, 0|
13:47:47 0, 66, N/A, 149.51, 100|1, 64, N/A, 184.37, 100|2, 34, N/A, 28.55, 0|3, 36, N/A, 26.56, 0|4, 37, N/A, 27.30, 0|5, 38, N/A, 26.58, 0|6, 35, N/A, 27.53, 0|
13:47:49 0, 65, N/A, 46.97, 33|1, 61, N/A, 148.79, 67|2, 33, N/A, 28.55, 0|3, 36, N/A, 26.56, 0|4, 37, N/A, 27.32, 0|5, 38, N/A, 26.59, 0|6, 35, N/A, 27.54, 0|
13:47:51 0, 65, N/A, 172.71, 100|1, 64, N/A, 192.20, 100|2, 34, N/A, 28.55, 0|3, 36, N/A, 26.58, 0|4, 36, N/A, 27.32, 0|5, 38, N/A, 26.59, 0|6, 35, N/A, 27.54, 0|
13:47:53 0, 66, N/A, 170.68, 100|1, 62, N/A, 51.43, 39|2, 33, N/A, 28.32, 0|3, 36, N/A, 26.58, 0|4, 36, N/A, 27.07, 0|5, 38, N/A, 26.59, 0|6, 35, N/A, 27.54, 0|
13:47:55 0, 63, N/A, 45.03, 0|1, 62, N/A, 192.48, 100|2, 33, N/A, 28.55, 0|3, 36, N/A, 26.58, 0|4, 36, N/A, 27.32, 0|5, 38, N/A, 26.59, 0|6, 35, N/A, 27.54, 0|
13:47:57 0, 65, N/A, 178.75, 100|1, 64, N/A, 196.51, 100|2, 33, N/A, 28.54, 0|3, 36, N/A, 26.81, 0|4, 36, N/A, 27.30, 0|5, 38, N/A, 26.58, 0|6, 35, N/A, 27.53, 0|
13:47:59 0, 66, N/A, 182.42, 100|1, 60, N/A, 49.19, 0|2, 33, N/A, 28.30, 0|3, 36, N/A, 26.81, 0|4, 36, N/A, 27.32, 0|5, 38, N/A, 26.59, 0|6, 35, N/A, 27.53, 0|
13:48:01 0, 62, N/A, 44.29, 0|1, 63, N/A, 194.43, 100|2, 33, N/A, 28.55, 0|3, 36, N/A, 26.82, 0|4, 37, N/A, 27.32, 0|5, 38, N/A, 26.59, 0|6, 35, N/A, 27.54, 0|
13:48:03 0, 66, N/A, 182.90, 100|1, 64, N/A, 196.26, 100|2, 33, N/A, 28.54, 0|3, 36, N/A, 26.81, 0|4, 36, N/A, 27.30, 0|5, 38, N/A, 26.58, 0|6, 35, N/A, 27.53, 0|
13:48:05 0, 66, N/A, 181.93, 100|1, 59, N/A, 48.48, 0|2, 33, N/A, 28.32, 0|3, 36, N/A, 26.81, 0|4, 36, N/A, 27.32, 0|5, 38, N/A, 26.59, 0|6, 35, N/A, 27.54, 0|
13:48:07 0, 64, N/A, 179.48, 100|1, 63, N/A, 195.29, 100|2, 33, N/A, 28.55, 0|3, 36, N/A, 26.58, 0|4, 36, N/A, 27.32, 0|5, 38, N/A, 26.59, 0|6, 35, N/A, 27.54, 0|
13:48:10 0, 66, N/A, 182.42, 100|1, 64, N/A, 195.29, 100|2, 33, N/A, 28.55, 0|3, 36, N/A, 26.31, 0|4, 36, N/A, 27.07, 0|5, 38, N/A, 26.58, 0|6, 35, N/A, 27.54, 0|
13:48:12 0, 63, N/A, 45.53, 0|1, 61, N/A, 192.35, 100|2, 33, N/A, 28.30, 0|3, 36, N/A, 26.58, 0|4, 36, N/A, 27.32, 0|5, 38, N/A, 26.59, 0|6, 35, N/A, 27.54, 0|
13:48:14 0, 65, N/A, 179.96, 100|1, 63, N/A, 196.26, 100|2, 33, N/A, 28.54, 0|3, 36, N/A, 26.56, 0|4, 36, N/A, 27.05, 0|5, 38, N/A, 26.58, 0|6, 35, N/A, 27.77, 0|
13:48:16 0, 66, N/A, 182.91, 100|1, 60, N/A, 49.68, 0|2, 33, N/A, 28.32, 0|3, 36, N/A, 26.56, 0|4, 36, N/A, 27.32, 0|5, 38, N/A, 26.58, 0|6, 35, N/A, 27.53, 0|
13:48:18 0, 61, N/A, 44.05, 0|1, 62, N/A, 194.55, 100|2, 33, N/A, 28.55, 0|3, 36, N/A, 26.58, 0|4, 36, N/A, 27.07, 0|5, 38, N/A, 26.59, 0|6, 35, N/A, 27.54, 0|
13:48:20 0, 65, N/A, 182.41, 100|1, 63, N/A, 194.28, 100|2, 33, N/A, 28.54, 0|3, 36, N/A, 26.56, 0|4, 36, N/A, 27.30, 0|5, 38, N/A, 26.58, 0|6, 35, N/A, 27.53, 0|
13:48:22 0, 65, N/A, 182.91, 100|1, 58, N/A, 48.48, 0|2, 33, N/A, 28.56, 0|3, 36, N/A, 26.56, 0|4, 36, N/A, 27.07, 0|5, 38, N/A, 26.59, 0|6, 35, N/A, 27.54, 0|
13:48:24 0, 60, N/A, 43.80, 0|1, 62, N/A, 195.06, 100|2, 33, N/A, 28.30, 0|3, 36, N/A, 26.58, 0|4, 36, N/A, 27.32, 0|5, 38, N/A, 26.59, 0|6, 34, N/A, 27.54, 0|
13:48:26 0, 59, N/A, 43.56, 0|1, 63, N/A, 195.30, 100|2, 33, N/A, 28.30, 0|3, 36, N/A, 26.58, 0|4, 36, N/A, 27.07, 0|5, 38, N/A, 26.59, 0|6, 35, N/A, 27.54, 0|
13:48:28 0, 63, N/A, 140.45, 100|1, 58, N/A, 47.74, 0|2, 33, N/A, 28.56, 0|3, 36, N/A, 26.56, 0|4, 36, N/A, 27.07, 0|5, 38, N/A, 26.58, 0|6, 35, N/A, 27.54, 0|
13:48:30 0, 64, N/A, 157.29, 100|1, 56, N/A, 40.11, 0|2, 33, N/A, 28.30, 0|3, 36, N/A, 26.56, 0|4, 36, N/A, 27.30, 0|5, 38, N/A, 26.58, 0|6, 35, N/A, 27.53, 0|
13:48:32 0, 59, N/A, 43.31, 0|1, 59, N/A, 179.97, 100|2, 33, N/A, 28.30, 0|3, 36, N/A, 26.58, 0|4, 36, N/A, 27.07, 0|5, 38, N/A, 26.35, 0|6, 35, N/A, 27.54, 0|
13:48:35 0, 58, N/A, 42.57, 0|1, 61, N/A, 190.64, 100|2, 33, N/A, 28.32, 0|3, 36, N/A, 26.58, 0|4, 36, N/A, 27.07, 0|5, 38, N/A, 26.59, 0|6, 35, N/A, 27.54, 0|
13:48:37 0, 60, N/A, 171.35, 52|1, 59, N/A, 52.91, 47|2, 33, N/A, 28.34, 0|3, 36, N/A, 26.58, 0|4, 36, N/A, 27.09, 0|5, 38, N/A, 26.61, 0|6, 35, N/A, 27.56, 0|
13:48:39 0, 59, N/A, 103.45, 43|1, 59, N/A, 94.89, 56|2, 33, N/A, 28.58, 0|3, 36, N/A, 26.35, 0|4, 36, N/A, 27.09, 0|5, 38, N/A, 26.61, 0|6, 35, N/A, 27.56, 0|
13:48:41 0, 60, N/A, 48.27, 43|1, 59, N/A, 183.78, 56|2, 33, N/A, 28.34, 0|3, 36, N/A, 26.59, 0|4, 36, N/A, 27.10, 0|5, 38, N/A, 26.63, 0|6, 35, N/A, 27.56, 0|
13:48:43 0, 61, N/A, 160.43, 52|1, 58, N/A, 93.17, 47|2, 33, N/A, 28.34, 0|3, 36, N/A, 26.59, 0|4, 36, N/A, 27.35, 0|5, 38, N/A, 26.61, 0|6, 35, N/A, 27.56, 0|
13:48:45 0, 59, N/A, 162.17, 53|1, 59, N/A, 58.36, 47|2, 33, N/A, 28.34, 0|3, 36, N/A, 26.60, 0|4, 36, N/A, 27.10, 0|5, 38, N/A, 26.61, 0|6, 35, N/A, 27.56, 0|
13:48:47 0, 60, N/A, 45.07, 43|1, 59, N/A, 186.58, 56|2, 33, N/A, 28.34, 0|3, 36, N/A, 26.61, 0|4, 36, N/A, 27.10, 0|5, 38, N/A, 26.61, 0|6, 35, N/A, 27.58, 0|
13:48:49 0, 60, N/A, 61.53, 48|1, 59, N/A, 171.46, 56|2, 33, N/A, 28.34, 0|3, 36, N/A, 26.61, 0|4, 36, N/A, 27.35, 0|5, 38, N/A, 26.87, 0|6, 35, N/A, 27.58, 0|
13:48:51 0, 61, N/A, 174.57, 53|1, 59, N/A, 50.73, 47|2, 33, N/A, 28.34, 0|3, 36, N/A, 26.60, 0|4, 36, N/A, 27.10, 0|5, 38, N/A, 26.86, 0|6, 35, N/A, 27.56, 0|
13:48:53 0, 60, N/A, 137.28, 45|1, 60, N/A, 79.49, 48|2, 33, N/A, 28.34, 0|3, 36, N/A, 26.61, 0|4, 37, N/A, 27.35, 0|5, 38, N/A, 26.61, 0|6, 35, N/A, 27.58, 0|
13:48:55 0, 60, N/A, 46.55, 43|1, 59, N/A, 184.76, 56|2, 33, N/A, 28.58, 0|3, 36, N/A, 26.61, 0|4, 37, N/A, 27.35, 0|5, 38, N/A, 26.63, 0|6, 35, N/A, 27.58, 0|
13:48:57 0, 61, N/A, 92.00, 52|1, 59, N/A, 145.05, 54|2, 33, N/A, 28.35, 0|3, 36, N/A, 26.61, 0|4, 37, N/A, 27.35, 0|5, 38, N/A, 26.88, 0|6, 35, N/A, 27.58, 0|
13:49:00 0, 61, N/A, 174.08, 53|1, 59, N/A, 51.22, 47|2, 34, N/A, 28.34, 0|3, 36, N/A, 26.59, 0|4, 37, N/A, 27.33, 0|5, 38, N/A, 26.61, 0|6, 35, N/A, 27.56, 0|
13:49:02 0, 60, N/A, 123.53, 43|1, 60, N/A, 89.54, 53|2, 33, N/A, 28.34, 0|3, 36, N/A, 26.59, 0|4, 37, N/A, 27.33, 0|5, 38, N/A, 26.61, 0|6, 35, N/A, 27.58, 0|
13:49:04 0, 61, N/A, 47.04, 43|1, 60, N/A, 183.64, 56|2, 33, N/A, 28.34, 0|3, 36, N/A, 26.59, 0|4, 37, N/A, 27.35, 0|5, 38, N/A, 26.87, 0|6, 35, N/A, 27.58, 0|
13:49:06 0, 61, N/A, 110.82, 52|1, 59, N/A, 133.60, 50|2, 34, N/A, 28.58, 0|3, 36, N/A, 26.86, 0|4, 37, N/A, 27.35, 0|5, 38, N/A, 26.63, 0|6, 35, N/A, 27.58, 0|
13:49:08 0, 61, N/A, 171.88, 53|1, 60, N/A, 53.44, 47|2, 34, N/A, 28.58, 0|3, 36, N/A, 26.59, 0|4, 37, N/A, 27.35, 0|5, 38, N/A, 26.61, 0|6, 35, N/A, 27.56, 0|
13:49:10 0, 61, N/A, 45.09, 43|1, 60, N/A, 149.23, 56|2, 34, N/A, 28.83, 0|3, 36, N/A, 26.61, 0|4, 37, N/A, 27.35, 0|5, 38, N/A, 26.88, 0|6, 35, N/A, 27.58, 0|
13:49:12 0, 61, N/A, 53.20, 43|1, 60, N/A, 180.94, 56|2, 34, N/A, 28.58, 0|3, 36, N/A, 26.86, 0|4, 37, N/A, 27.35, 0|5, 38, N/A, 26.86, 0|6, 35, N/A, 27.58, 0|
13:49:14 0, 61, N/A, 177.76, 52|1, 60, N/A, 50.24, 47|2, 34, N/A, 28.58, 0|3, 36, N/A, 26.59, 0|4, 37, N/A, 27.33, 0|5, 38, N/A, 26.61, 0|6, 35, N/A, 27.56, 0|
13:49:16 0, 60, N/A, 148.41, 53|1, 60, N/A, 70.15, 47|2, 33, N/A, 28.83, 0|3, 36, N/A, 26.60, 0|4, 37, N/A, 27.35, 0|5, 38, N/A, 26.86, 0|6, 35, N/A, 27.56, 0|
13:49:18 0, 61, N/A, 46.79, 43|1, 60, N/A, 186.31, 56|2, 34, N/A, 28.58, 0|3, 36, N/A, 26.61, 0|4, 37, N/A, 27.35, 0|5, 38, N/A, 26.87, 0|6, 35, N/A, 27.58, 0|
13:49:20 0, 61, N/A, 102.77, 43|1, 60, N/A, 140.64, 56|2, 34, N/A, 28.58, 0|3, 36, N/A, 26.84, 0|4, 37, N/A, 27.35, 0|5, 38, N/A, 26.63, 0|6, 35, N/A, 27.56, 0|
13:49:22 0, 61, N/A, 167.47, 53|1, 60, N/A, 55.90, 47|2, 34, N/A, 28.58, 0|3, 36, N/A, 26.59, 0|4, 37, N/A, 27.33, 0|5, 38, N/A, 26.86, 0|6, 35, N/A, 27.56, 0|
13:49:25 0, 61, N/A, 45.07, 52|1, 61, N/A, 186.58, 47|2, 34, N/A, 28.58, 0|3, 36, N/A, 26.84, 0|4, 37, N/A, 27.35, 0|5, 38, N/A, 26.61, 0|6, 35, N/A, 27.56, 0|
13:49:27 0, 61, N/A, 57.13, 43|1, 60, N/A, 173.10, 56|2, 34, N/A, 28.58, 0|3, 36, N/A, 26.61, 0|4, 37, N/A, 27.35, 0|5, 38, N/A, 26.63, 0|6, 35, N/A, 27.58, 0|
13:49:29 0, 62, N/A, 177.28, 43|1, 60, N/A, 50.76, 56|2, 34, N/A, 28.84, 0|3, 36, N/A, 26.60, 0|4, 37, N/A, 27.35, 0|5, 38, N/A, 26.86, 0|6, 35, N/A, 27.58, 0|
13:49:31 0, 61, N/A, 126.72, 53|1, 61, N/A, 88.55, 50|2, 34, N/A, 28.58, 0|3, 36, N/A, 26.59, 0|4, 37, N/A, 27.33, 0|5, 38, N/A, 26.86, 0|6, 35, N/A, 27.81, 0|
13:49:33 0, 61, N/A, 48.51, 52|1, 61, N/A, 186.09, 47|2, 34, N/A, 28.58, 0|3, 36, N/A, 26.86, 0|4, 37, N/A, 27.35, 0|5, 38, N/A, 26.61, 0|6, 35, N/A, 27.58, 0|
13:49:35 0, 62, N/A, 135.08, 43|1, 60, N/A, 114.00, 54|2, 34, N/A, 28.58, 0|3, 36, N/A, 26.59, 0|4, 37, N/A, 27.35, 0|5, 38, N/A, 26.87, 0|6, 35, N/A, 27.58, 0|
13:49:37 0, 62, N/A, 167.29, 44|1, 60, N/A, 55.90, 56|2, 34, N/A, 28.34, 0|3, 36, N/A, 26.59, 0|4, 37, N/A, 27.33, 0|5, 38, N/A, 26.86, 0|6, 35, N/A, 27.56, 0|
13:49:39 0, 61, N/A, 45.06, 52|1, 61, N/A, 176.36, 52|2, 34, N/A, 28.83, 0|3, 36, N/A, 26.84, 0|4, 37, N/A, 27.35, 0|5, 38, N/A, 26.86, 0|6, 35, N/A, 27.56, 0|
13:49:41 0, 62, N/A, 56.89, 53|1, 60, N/A, 174.67, 47|2, 34, N/A, 28.60, 0|3, 36, N/A, 26.86, 0|4, 37, N/A, 27.35, 0|5, 38, N/A, 26.88, 0|6, 35, N/A, 27.83, 0|
13:49:43 0, 61, N/A, 177.03, 43|1, 60, N/A, 51.25, 51|2, 34, N/A, 28.60, 0|3, 37, N/A, 26.86, 0|4, 37, N/A, 27.35, 0|5, 38, N/A, 26.88, 0|6, 35, N/A, 27.58, 0|
13:49:45 0, 61, N/A, 135.32, 43|1, 61, N/A, 83.64, 56|2, 34, N/A, 28.58, 0|3, 36, N/A, 26.84, 0|4, 37, N/A, 27.35, 0|5, 38, N/A, 26.87, 0|6, 35, N/A, 27.83, 0|
13:49:47 0, 61, N/A, 48.26, 52|1, 61, N/A, 185.24, 55|2, 34, N/A, 28.58, 0|3, 36, N/A, 26.84, 0|4, 37, N/A, 27.35, 0|5, 38, N/A, 26.61, 0|6, 35, N/A, 27.81, 0|
13:49:50 0, 62, N/A, 111.56, 52|1, 60, N/A, 134.75, 47|2, 34, N/A, 28.83, 0|3, 36, N/A, 26.84, 0|4, 37, N/A, 27.35, 0|5, 38, N/A, 26.61, 0|6, 35, N/A, 27.58, 0|
13:49:52 0, 61, N/A, 164.11, 44|1, 61, N/A, 59.35, 47|2, 34, N/A, 28.84, 0|3, 37, N/A, 26.84, 0|4, 37, N/A, 27.35, 0|5, 38, N/A, 26.61, 0|6, 35, N/A, 27.56, 0|
13:49:54 0, 61, N/A, 46.05, 43|1, 61, N/A, 187.32, 56|2, 34, N/A, 28.83, 0|3, 37, N/A, 26.86, 0|4, 37, N/A, 27.35, 0|5, 38, N/A, 26.63, 0|6, 35, N/A, 27.58, 0|
13:49:56 0, 62, N/A, 93.68, 50|1, 60, N/A, 145.30, 56|2, 34, N/A, 28.60, 0|3, 37, N/A, 26.86, 0|4, 37, N/A, 27.35, 0|5, 38, N/A, 26.63, 0|6, 35, N/A, 27.58, 0|
13:49:58 0, 62, N/A, 172.59, 52|1, 61, N/A, 55.16, 47|2, 34, N/A, 28.83, 0|3, 36, N/A, 26.84, 0|4, 37, N/A, 27.35, 0|5, 38, N/A, 26.87, 0|6, 35, N/A, 27.56, 0|
13:50:00 0, 61, N/A, 45.80, 50|1, 61, N/A, 188.66, 47|2, 34, N/A, 28.83, 0|3, 36, N/A, 26.84, 0|4, 37, N/A, 27.35, 0|5, 39, N/A, 26.87, 0|6, 35, N/A, 27.81, 0|
13:50:02 0, 62, N/A, 68.92, 43|1, 61, N/A, 166.72, 55|2, 34, N/A, 28.83, 0|3, 37, N/A, 26.86, 0|4, 37, N/A, 27.35, 0|5, 38, N/A, 26.63, 0|6, 35, N/A, 27.58, 0|
13:50:04 0, 62, N/A, 176.02, 43|1, 61, N/A, 52.95, 56|2, 34, N/A, 28.83, 0|3, 37, N/A, 26.84, 0|4, 37, N/A, 27.33, 0|5, 39, N/A, 26.86, 0|6, 35, N/A, 27.56, 0|
13:50:06 0, 61, N/A, 75.02, 52|1, 61, N/A, 128.44, 53|2, 34, N/A, 28.83, 0|3, 37, N/A, 26.84, 0|4, 37, N/A, 27.35, 0|5, 39, N/A, 26.61, 0|6, 35, N/A, 27.56, 0|
13:50:08 0, 62, N/A, 51.97, 52|1, 61, N/A, 181.65, 47|2, 34, N/A, 28.83, 0|3, 37, N/A, 26.86, 0|4, 37, N/A, 27.35, 0|5, 38, N/A, 26.63, 0|6, 35, N/A, 27.83, 0|
13:50:10 0, 62, N/A, 178.01, 46|1, 61, N/A, 51.25, 47|2, 34, N/A, 28.85, 0|3, 37, N/A, 26.86, 0|4, 37, N/A, 27.35, 0|5, 39, N/A, 26.88, 0|6, 35, N/A, 27.58, 0|
13:50:12 0, 62, N/A, 137.46, 43|1, 62, N/A, 82.41, 56|2, 34, N/A, 28.83, 0|3, 37, N/A, 26.84, 0|4, 37, N/A, 27.35, 0|5, 39, N/A, 26.86, 0|6, 35, N/A, 27.81, 0|
13:50:15 0, 62, N/A, 49.01, 46|1, 61, N/A, 185.24, 56|2, 34, N/A, 28.83, 0|3, 37, N/A, 26.84, 0|4, 37, N/A, 27.35, 0|5, 39, N/A, 26.61, 0|6, 35, N/A, 27.83, 0|
13:50:17 0, 63, N/A, 157.33, 52|1, 61, N/A, 97.60, 47|2, 34, N/A, 28.83, 0|3, 37, N/A, 26.84, 0|4, 37, N/A, 27.35, 0|5, 39, N/A, 26.87, 0|6, 36, N/A, 27.83, 0|
13:50:19 0, 61, N/A, 165.33, 48|1, 61, N/A, 60.09, 47|2, 34, N/A, 28.83, 0|3, 37, N/A, 26.84, 0|4, 37, N/A, 27.33, 0|5, 39, N/A, 26.86, 0|6, 35, N/A, 27.81, 0|
13:50:21 0, 62, N/A, 46.54, 43|1, 62, N/A, 187.21, 56|2, 34, N/A, 28.83, 0|3, 37, N/A, 26.86, 0|4, 37, N/A, 27.35, 0|5, 39, N/A, 26.86, 0|6, 35, N/A, 27.81, 0|
13:50:23 0, 62, N/A, 77.04, 43|1, 61, N/A, 163.37, 56|2, 34, N/A, 28.83, 0|3, 37, N/A, 26.86, 0|4, 37, N/A, 27.35, 0|5, 39, N/A, 26.88, 0|6, 36, N/A, 27.83, 0|
13:50:25 0, 62, N/A, 172.36, 53|1, 62, N/A, 53.19, 47|2, 34, N/A, 28.84, 0|3, 37, N/A, 26.84, 0|4, 37, N/A, 27.35, 0|5, 38, N/A, 26.86, 0|6, 36, N/A, 27.81, 0|
13:50:27 0, 62, N/A, 45.81, 52|1, 62, N/A, 171.14, 47|2, 34, N/A, 28.83, 0|3, 37, N/A, 26.59, 0|4, 37, N/A, 27.35, 0|5, 38, N/A, 26.86, 0|6, 35, N/A, 27.81, 0|
13:50:29 0, 63, N/A, 58.11, 44|1, 62, N/A, 177.76, 52|2, 34, N/A, 28.83, 0|3, 37, N/A, 26.59, 0|4, 37, N/A, 27.35, 0|5, 39, N/A, 26.63, 0|6, 36, N/A, 27.81, 0|
13:50:31 0, 62, N/A, 175.94, 44|1, 61, N/A, 51.96, 56|2, 34, N/A, 28.83, 0|3, 37, N/A, 26.84, 0|4, 37, N/A, 27.33, 0|5, 39, N/A, 26.86, 0|6, 35, N/A, 27.81, 0|
13:50:33 0, 62, N/A, 82.11, 43|1, 62, N/A, 123.53, 56|2, 34, N/A, 28.83, 0|3, 37, N/A, 26.84, 0|4, 37, N/A, 27.33, 0|5, 39, N/A, 26.86, 0|6, 36, N/A, 28.05, 0|
13:50:35 0, 63, N/A, 55.41, 53|1, 61, N/A, 178.00, 47|2, 34, N/A, 28.83, 0|3, 37, N/A, 26.86, 0|4, 37, N/A, 27.35, 0|5, 39, N/A, 26.87, 0|6, 36, N/A, 27.58, 0|
13:50:38 0, 63, N/A, 177.01, 53|1, 61, N/A, 51.96, 47|2, 34, N/A, 28.84, 0|3, 37, N/A, 26.86, 0|4, 37, N/A, 27.35, 0|5, 39, N/A, 26.88, 0|6, 36, N/A, 28.07, 0|
13:50:40 0, 62, N/A, 124.27, 44|1, 62, N/A, 93.73, 54|2, 34, N/A, 28.83, 0|3, 37, N/A, 26.84, 0|4, 37, N/A, 27.35, 0|5, 39, N/A, 26.86, 0|6, 36, N/A, 27.81, 0|
13:50:42 0, 62, N/A, 49.74, 43|1, 62, N/A, 184.74, 56|2, 34, N/A, 28.83, 0|3, 37, N/A, 26.84, 0|4, 37, N/A, 27.35, 0|5, 39, N/A, 26.87, 0|6, 36, N/A, 28.05, 0|
13:50:44 0, 63, N/A, 178.25, 52|1, 61, N/A, 56.89, 55|2, 34, N/A, 28.83, 0|3, 37, N/A, 26.84, 0|4, 37, N/A, 27.35, 0|5, 39, N/A, 26.86, 0|6, 36, N/A, 27.56, 0|
13:50:46 0, 62, N/A, 148.17, 52|1, 62, N/A, 70.15, 47|2, 34, N/A, 28.83, 0|3, 37, N/A, 26.84, 0|4, 37, N/A, 27.33, 0|5, 39, N/A, 26.86, 0|6, 36, N/A, 28.06, 0|
13:50:48 0, 62, N/A, 48.51, 47|1, 62, N/A, 186.06, 47|2, 34, N/A, 28.83, 0|3, 37, N/A, 26.84, 0|4, 37, N/A, 27.35, 0|5, 38, N/A, 26.86, 0|6, 35, N/A, 27.81, 0|
13:50:50 0, 63, N/A, 162.17, 44|1, 61, N/A, 93.67, 56|2, 34, N/A, 28.83, 0|3, 37, N/A, 26.84, 0|4, 37, N/A, 27.35, 0|5, 39, N/A, 26.86, 0|6, 36, N/A, 28.07, 0|
13:50:52 0, 62, N/A, 158.98, 43|1, 62, N/A, 65.72, 56|2, 34, N/A, 28.83, 0|3, 37, N/A, 26.84, 0|4, 37, N/A, 27.35, 0|5, 39, N/A, 26.88, 0|6, 36, N/A, 27.83, 0|
13:50:54 0, 62, N/A, 48.27, 52|1, 62, N/A, 187.81, 56|2, 34, N/A, 28.83, 0|3, 37, N/A, 26.86, 0|4, 37, N/A, 27.35, 0|5, 39, N/A, 26.63, 0|6, 36, N/A, 27.83, 0|
13:50:56 0, 63, N/A, 123.60, 52|1, 61, N/A, 127.95, 47|2, 34, N/A, 28.83, 0|3, 37, N/A, 26.84, 0|4, 37, N/A, 27.35, 0|5, 39, N/A, 26.88, 0|6, 36, N/A, 28.07, 0|
13:50:58 0, 62, N/A, 160.67, 49|1, 62, N/A, 62.77, 47|2, 34, N/A, 28.83, 0|3, 37, N/A, 26.84, 0|4, 37, N/A, 27.33, 0|5, 39, N/A, 26.61, 0|6, 36, N/A, 28.05, 0|
13:51:00 0, 62, N/A, 47.28, 43|1, 62, N/A, 187.70, 56|2, 34, N/A, 28.83, 0|3, 37, N/A, 26.86, 0|4, 37, N/A, 27.35, 0|5, 39, N/A, 26.87, 0|6, 36, N/A, 28.07, 0|
13:51:03 0, 63, N/A, 120.65, 43|1, 61, N/A, 126.07, 56|2, 34, N/A, 28.84, 0|3, 37, N/A, 26.86, 0|4, 37, N/A, 27.35, 0|5, 39, N/A, 26.63, 0|6, 36, N/A, 27.83, 0|
13:51:05 0, 63, N/A, 167.32, 52|1, 62, N/A, 59.10, 47|2, 34, N/A, 28.84, 0|3, 37, N/A, 26.86, 0|4, 37, N/A, 27.35, 0|5, 39, N/A, 26.61, 0|6, 36, N/A, 27.81, 0|
13:51:07 0, 62, N/A, 46.79, 52|1, 62, N/A, 187.81, 47|2, 34, N/A, 28.83, 0|3, 37, N/A, 26.84, 0|4, 37, N/A, 27.35, 0|5, 39, N/A, 26.87, 0|6, 36, N/A, 27.83, 0|
13:51:09 0, 60, N/A, 44.08, 0|1, 60, N/A, 48.76, 0|2, 34, N/A, 28.83, 0|3, 37, N/A, 26.84, 0|4, 37, N/A, 27.35, 0|5, 39, N/A, 26.86, 0|6, 36, N/A, 28.07, 0|
13:51:11 0, 59, N/A, 37.68, 0|1, 58, N/A, 41.62, 0|2, 34, N/A, 28.83, 0|3, 37, N/A, 26.84, 0|4, 37, N/A, 27.33, 0|5, 39, N/A, 26.86, 0|6, 36, N/A, 27.81, 0|
13:51:13 0, 61, N/A, 153.31, 22|1, 59, N/A, 48.51, 0|2, 34, N/A, 28.83, 0|3, 37, N/A, 26.84, 0|4, 37, N/A, 27.33, 0|5, 39, N/A, 26.86, 0|6, 36, N/A, 27.81, 0|
13:51:15 0, 61, N/A, 44.82, 0|1, 60, N/A, 158.22, 100|2, 34, N/A, 28.83, 0|3, 37, N/A, 26.84, 0|4, 37, N/A, 27.35, 0|5, 39, N/A, 26.86, 0|6, 36, N/A, 27.83, 0|
13:51:17 0, 61, N/A, 112.29, 45|1, 61, N/A, 140.64, 54|2, 34, N/A, 28.83, 0|3, 37, N/A, 26.84, 0|4, 37, N/A, 27.35, 0|5, 39, N/A, 26.88, 0|6, 36, N/A, 27.83, 0|
13:51:19 0, 62, N/A, 60.58, 47|1, 62, N/A, 184.62, 54|2, 34, N/A, 28.83, 0|3, 37, N/A, 26.86, 0|4, 37, N/A, 27.35, 0|5, 39, N/A, 26.88, 0|6, 36, N/A, 27.83, 0|
13:51:21 0, 62, N/A, 89.04, 45|1, 61, N/A, 112.35, 53|2, 34, N/A, 28.83, 0|3, 37, N/A, 26.86, 0|4, 37, N/A, 27.35, 0|5, 39, N/A, 26.88, 0|6, 36, N/A, 27.83, 0|
13:51:23 0, 64, N/A, 166.74, 100|1, 59, N/A, 48.29, 0|2, 34, N/A, 28.84, 0|3, 37, N/A, 26.84, 0|4, 37, N/A, 27.35, 0|5, 39, N/A, 26.86, 0|6, 36, N/A, 28.06, 0|
13:51:25 0, 64, N/A, 160.92, 100|1, 63, N/A, 156.00, 100|2, 34, N/A, 28.83, 0|3, 37, N/A, 26.84, 0|4, 38, N/A, 27.33, 0|5, 39, N/A, 26.86, 0|6, 36, N/A, 27.81, 0|
13:51:28 0, 65, N/A, 201.80, 100|1, 62, N/A, 192.71, 100|2, 34, N/A, 28.83, 0|3, 37, N/A, 26.84, 0|4, 37, N/A, 27.33, 0|5, 39, N/A, 26.85, 0|6, 36, N/A, 27.81, 0|
13:51:30 0, 63, N/A, 172.62, 38|1, 62, N/A, 51.47, 64|2, 34, N/A, 28.83, 0|3, 37, N/A, 26.84, 0|4, 37, N/A, 27.33, 0|5, 39, N/A, 26.86, 0|6, 36, N/A, 28.05, 0|
13:51:32 0, 62, N/A, 45.31, 0|1, 61, N/A, 153.31, 100|2, 34, N/A, 28.83, 0|3, 37, N/A, 26.86, 0|4, 37, N/A, 27.35, 0|5, 39, N/A, 26.86, 0|6, 36, N/A, 28.07, 0|
13:51:34 0, 62, N/A, 97.61, 46|1, 62, N/A, 154.87, 53|2, 34, N/A, 28.83, 0|3, 37, N/A, 26.86, 0|4, 37, N/A, 27.35, 0|5, 39, N/A, 26.86, 0|6, 36, N/A, 27.83, 0|
13:51:36 0, 63, N/A, 77.98, 46|1, 62, N/A, 170.13, 53|2, 34, N/A, 28.83, 0|3, 37, N/A, 26.84, 0|4, 37, N/A, 27.33, 0|5, 39, N/A, 26.86, 0|6, 36, N/A, 27.81, 0|
13:51:38 0, 63, N/A, 66.94, 46|1, 62, N/A, 179.23, 53|2, 34, N/A, 28.83, 0|3, 37, N/A, 26.84, 0|4, 37, N/A, 27.35, 0|5, 39, N/A, 26.86, 0|6, 36, N/A, 27.83, 0|
13:51:40 0, 64, N/A, 147.77, 100|1, 59, N/A, 48.79, 0|2, 34, N/A, 28.84, 0|3, 37, N/A, 26.84, 0|4, 37, N/A, 27.35, 0|5, 39, N/A, 26.86, 0|6, 36, N/A, 28.07, 0|
13:51:42 0, 64, N/A, 151.83, 100|1, 63, N/A, 179.93, 100|2, 34, N/A, 28.83, 0|3, 37, N/A, 26.84, 0|4, 37, N/A, 27.33, 0|5, 39, N/A, 26.86, 0|6, 36, N/A, 28.05, 0|
13:51:44 0, 64, N/A, 146.68, 100|1, 63, N/A, 185.24, 100|2, 34, N/A, 28.83, 0|3, 37, N/A, 26.84, 0|4, 37, N/A, 27.33, 0|5, 39, N/A, 26.86, 0|6, 36, N/A, 27.81, 0|
13:51:46 0, 63, N/A, 145.29, 1|1, 62, N/A, 189.05, 100|2, 34, N/A, 28.83, 0|3, 37, N/A, 26.84, 0|4, 37, N/A, 27.33, 0|5, 39, N/A, 26.86, 0|6, 36, N/A, 27.81, 0|
13:51:48 0, 63, N/A, 46.05, 43|1, 62, N/A, 158.46, 100|2, 34, N/A, 28.83, 0|3, 37, N/A, 26.84, 0|4, 37, N/A, 27.35, 0|5, 39, N/A, 26.61, 0|6, 36, N/A, 27.81, 0|
13:51:50 0, 65, N/A, 190.15, 100|1, 61, N/A, 49.99, 0|2, 34, N/A, 28.60, 0|3, 37, N/A, 26.84, 0|4, 37, N/A, 27.35, 0|5, 39, N/A, 26.86, 0|6, 36, N/A, 28.06, 0|
13:51:53 0, 66, N/A, 145.55, 100|1, 64, N/A, 64.74, 100|2, 35, N/A, 28.83, 0|3, 37, N/A, 26.84, 0|4, 37, N/A, 27.33, 0|5, 39, N/A, 26.86, 0|6, 36, N/A, 28.05, 0|
13:51:55 0, 65, N/A, 191.25, 100|1, 64, N/A, 164.24, 100|2, 34, N/A, 28.81, 0|3, 37, N/A, 26.84, 0|4, 37, N/A, 27.33, 0|5, 39, N/A, 26.85, 0|6, 36, N/A, 27.81, 0|
13:51:57 0, 64, N/A, 188.65, 20|1, 63, N/A, 162.13, 100|2, 34, N/A, 28.83, 0|3, 37, N/A, 26.84, 0|4, 38, N/A, 27.33, 0|5, 39, N/A, 26.86, 0|6, 36, N/A, 28.05, 0|
13:51:59 0, 64, N/A, 46.29, 0|1, 63, N/A, 153.80, 100|2, 34, N/A, 28.81, 0|3, 37, N/A, 26.84, 0|4, 37, N/A, 27.33, 0|5, 39, N/A, 26.86, 0|6, 36, N/A, 28.05, 0|
13:52:01 0, 66, N/A, 166.95, 100|1, 62, N/A, 50.23, 0|2, 34, N/A, 28.83, 0|3, 37, N/A, 26.84, 0|4, 37, N/A, 27.33, 0|5, 39, N/A, 26.86, 0|6, 36, N/A, 28.05, 0|
13:52:03 0, 66, N/A, 179.99, 100|1, 65, N/A, 168.30, 100|2, 34, N/A, 28.81, 0|3, 37, N/A, 26.82, 0|4, 37, N/A, 27.32, 0|5, 39, N/A, 26.84, 0|6, 36, N/A, 28.03, 0|
13:52:05 0, 66, N/A, 153.19, 100|1, 64, N/A, 185.60, 100|2, 34, N/A, 28.79, 0|3, 37, N/A, 26.82, 0|4, 37, N/A, 27.32, 0|5, 39, N/A, 26.84, 0|6, 36, N/A, 28.03, 0|
13:52:07 0, 64, N/A, 172.22, 17|1, 64, N/A, 159.57, 100|2, 34, N/A, 28.79, 0|3, 37, N/A, 26.82, 0|4, 37, N/A, 27.32, 0|5, 39, N/A, 26.84, 0|6, 36, N/A, 27.79, 0|
13:52:09 0, 65, N/A, 47.25, 71|1, 62, N/A, 177.52, 17|2, 34, N/A, 28.79, 0|3, 37, N/A, 26.82, 0|4, 37, N/A, 27.32, 0|5, 39, N/A, 26.84, 0|6, 36, N/A, 28.03, 0|
13:52:11 0, 66, N/A, 185.37, 100|1, 62, N/A, 50.94, 0|2, 34, N/A, 28.81, 0|3, 37, N/A, 26.82, 0|4, 37, N/A, 27.32, 0|5, 39, N/A, 26.84, 0|6, 36, N/A, 28.03, 0|
13:52:13 0, 66, N/A, 180.22, 100|1, 64, N/A, 158.01, 100|2, 34, N/A, 28.79, 0|3, 37, N/A, 26.82, 0|4, 37, N/A, 27.32, 0|5, 39, N/A, 26.84, 0|6, 36, N/A, 27.79, 0|
13:52:15 0, 65, N/A, 193.20, 100|1, 63, N/A, 161.78, 100|2, 34, N/A, 28.79, 0|3, 37, N/A, 26.82, 0|4, 37, N/A, 27.32, 0|5, 39, N/A, 26.84, 0|6, 36, N/A, 27.79, 0|
13:52:18 0, 62, N/A, 45.03, 0|1, 64, N/A, 201.91, 100|2, 34, N/A, 28.79, 0|3, 37, N/A, 26.82, 0|4, 37, N/A, 27.32, 0|5, 39, N/A, 26.84, 0|6, 35, N/A, 27.79, 0|
13:52:20 0, 66, N/A, 150.11, 100|1, 59, N/A, 48.76, 0|2, 34, N/A, 28.83, 0|3, 37, N/A, 26.82, 0|4, 37, N/A, 27.33, 0|5, 39, N/A, 26.84, 0|6, 36, N/A, 27.79, 0|
13:52:22 0, 61, N/A, 44.30, 0|1, 63, N/A, 160.32, 100|2, 34, N/A, 28.81, 0|3, 37, N/A, 26.84, 0|4, 37, N/A, 27.33, 0|5, 39, N/A, 26.85, 0|6, 35, N/A, 27.81, 0|
13:52:24 0, 63, N/A, 65.72, 45|1, 61, N/A, 179.72, 52|2, 34, N/A, 28.58, 0|3, 37, N/A, 26.86, 0|4, 37, N/A, 27.35, 0|5, 39, N/A, 26.87, 0|6, 35, N/A, 27.83, 0|
13:52:26 0, 62, N/A, 52.21, 44|1, 61, N/A, 155.36, 55|2, 34, N/A, 28.58, 0|3, 37, N/A, 26.84, 0|4, 37, N/A, 27.33, 0|5, 39, N/A, 26.86, 0|6, 35, N/A, 27.81, 0|
13:52:28 0, 60, N/A, 44.35, 0|1, 59, N/A, 48.76, 0|2, 34, N/A, 28.58, 0|3, 37, N/A, 26.86, 0|4, 37, N/A, 27.35, 0|5, 38, N/A, 26.63, 0|6, 35, N/A, 27.58, 0|
13:52:30 0, 60, N/A, 44.08, 0|1, 60, N/A, 156.59, 100|2, 34, N/A, 28.83, 0|3, 37, N/A, 26.59, 0|4, 37, N/A, 27.35, 0|5, 38, N/A, 26.86, 0|6, 35, N/A, 27.56, 0|
13:52:32 0, 61, N/A, 123.54, 45|1, 60, N/A, 97.17, 52|2, 34, N/A, 28.83, 0|3, 37, N/A, 26.86, 0|4, 37, N/A, 27.35, 0|5, 39, N/A, 26.86, 0|6, 35, N/A, 27.81, 0|
13:52:34 0, 62, N/A, 175.78, 45|1, 60, N/A, 78.02, 54|2, 34, N/A, 28.83, 0|3, 37, N/A, 26.86, 0|4, 37, N/A, 27.35, 0|5, 39, N/A, 26.63, 0|6, 35, N/A, 27.83, 0|
13:52:36 0, 62, N/A, 63.01, 47|1, 61, N/A, 180.45, 52|2, 34, N/A, 28.83, 0|3, 37, N/A, 26.84, 0|4, 37, N/A, 27.35, 0|5, 39, N/A, 26.63, 0|6, 35, N/A, 27.81, 0|
13:52:38 0, 62, N/A, 94.16, 45|1, 61, N/A, 118.92, 54|2, 34, N/A, 28.58, 0|3, 37, N/A, 26.84, 0|4, 37, N/A, 27.33, 0|5, 39, N/A, 26.86, 0|6, 35, N/A, 27.81, 0|
13:52:40 0, 62, N/A, 168.30, 47|1, 61, N/A, 61.81, 54|2, 34, N/A, 28.83, 0|3, 37, N/A, 26.86, 0|4, 37, N/A, 27.35, 0|5, 39, N/A, 26.88, 0|6, 35, N/A, 27.83, 0|
13:52:43 0, 62, N/A, 82.16, 45|1, 61, N/A, 166.08, 53|2, 34, N/A, 28.83, 0|3, 37, N/A, 26.86, 0|4, 37, N/A, 27.35, 0|5, 39, N/A, 26.86, 0|6, 36, N/A, 27.83, 0|
13:52:45 0, 62, N/A, 51.47, 45|1, 61, N/A, 192.34, 54|2, 34, N/A, 28.58, 0|3, 37, N/A, 26.84, 0|4, 37, N/A, 27.35, 0|5, 39, N/A, 26.86, 0|6, 36, N/A, 27.81, 0|
13:52:47 0, 62, N/A, 133.10, 47|1, 61, N/A, 90.04, 54|2, 34, N/A, 28.58, 0|3, 37, N/A, 26.84, 0|4, 37, N/A, 27.35, 0|5, 39, N/A, 26.86, 0|6, 35, N/A, 27.81, 0|
13:52:49 0, 62, N/A, 174.32, 47|1, 61, N/A, 57.87, 53|2, 34, N/A, 28.83, 0|3, 37, N/A, 26.84, 0|4, 37, N/A, 27.35, 0|5, 39, N/A, 26.86, 0|6, 36, N/A, 27.83, 0|
13:52:51 0, 62, N/A, 80.93, 45|1, 61, N/A, 165.50, 54|2, 34, N/A, 28.83, 0|3, 37, N/A, 26.84, 0|4, 37, N/A, 27.35, 0|5, 39, N/A, 26.87, 0|6, 36, N/A, 27.83, 0|
13:52:53 0, 62, N/A, 53.69, 47|1, 61, N/A, 191.13, 54|2, 34, N/A, 28.58, 0|3, 37, N/A, 26.86, 0|4, 37, N/A, 27.35, 0|5, 39, N/A, 26.88, 0|6, 35, N/A, 27.83, 0|
13:52:55 0, 62, N/A, 158.08, 47|1, 62, N/A, 69.41, 52|2, 34, N/A, 28.83, 0|3, 37, N/A, 26.84, 0|4, 37, N/A, 27.35, 0|5, 39, N/A, 26.88, 0|6, 35, N/A, 27.58, 0|
13:52:57 0, 62, N/A, 124.33, 45|1, 61, N/A, 130.89, 54|2, 34, N/A, 28.83, 0|3, 37, N/A, 26.84, 0|4, 37, N/A, 27.35, 0|5, 39, N/A, 26.87, 0|6, 35, N/A, 27.83, 0|
13:52:59 0, 62, N/A, 55.65, 47|1, 61, N/A, 186.72, 54|2, 34, N/A, 28.83, 0|3, 37, N/A, 26.84, 0|4, 37, N/A, 27.35, 0|5, 39, N/A, 26.86, 0|6, 36, N/A, 27.83, 0|
13:53:01 0, 62, N/A, 116.23, 45|1, 62, N/A, 101.29, 53|2, 34, N/A, 28.83, 0|3, 37, N/A, 26.84, 0|4, 37, N/A, 27.35, 0|5, 39, N/A, 26.86, 0|6, 35, N/A, 27.81, 0|
13:53:03 0, 62, N/A, 170.15, 45|1, 62, N/A, 60.33, 54|2, 34, N/A, 28.83, 0|3, 37, N/A, 26.84, 0|4, 37, N/A, 27.35, 0|5, 39, N/A, 26.87, 0|6, 35, N/A, 27.81, 0|
13:53:06 0, 63, N/A, 78.71, 47|1, 62, N/A, 168.44, 54|2, 34, N/A, 28.83, 0|3, 37, N/A, 26.86, 0|4, 37, N/A, 27.35, 0|5, 39, N/A, 26.88, 0|6, 36, N/A, 27.83, 0|
13:53:08 0, 63, N/A, 55.41, 47|1, 61, N/A, 188.19, 53|2, 34, N/A, 28.83, 0|3, 37, N/A, 26.84, 0|4, 37, N/A, 27.35, 0|5, 39, N/A, 26.86, 0|6, 36, N/A, 28.05, 0|
13:53:10 0, 62, N/A, 110.33, 45|1, 62, N/A, 108.17, 54|2, 34, N/A, 28.83, 0|3, 37, N/A, 26.84, 0|4, 37, N/A, 27.33, 0|5, 39, N/A, 26.86, 0|6, 36, N/A, 27.81, 0|
13:53:12 0, 62, N/A, 167.21, 46|1, 62, N/A, 62.30, 54|2, 34, N/A, 28.58, 0|3, 37, N/A, 26.84, 0|4, 37, N/A, 27.33, 0|5, 39, N/A, 26.86, 0|6, 36, N/A, 28.06, 0|
13:53:14 0, 63, N/A, 93.23, 47|1, 62, N/A, 155.53, 53|2, 34, N/A, 28.83, 0|3, 37, N/A, 26.86, 0|4, 37, N/A, 27.35, 0|5, 39, N/A, 26.87, 0|6, 35, N/A, 27.83, 0|
13:53:16 0, 62, N/A, 57.38, 45|1, 62, N/A, 185.85, 53|2, 34, N/A, 28.83, 0|3, 37, N/A, 26.86, 0|4, 37, N/A, 27.35, 0|5, 39, N/A, 26.86, 0|6, 36, N/A, 27.56, 0|
13:53:18 0, 62, N/A, 102.96, 45|1, 62, N/A, 112.84, 54|2, 34, N/A, 28.58, 0|3, 37, N/A, 26.84, 0|4, 37, N/A, 27.35, 0|5, 39, N/A, 26.86, 0|6, 36, N/A, 27.81, 0|
13:53:20 0, 62, N/A, 171.74, 47|1, 62, N/A, 60.83, 52|2, 34, N/A, 28.60, 0|3, 37, N/A, 26.84, 0|4, 37, N/A, 27.35, 0|5, 39, N/A, 26.63, 0|6, 36, N/A, 28.07, 0|
13:53:22 0, 63, N/A, 87.57, 45|1, 62, N/A, 166.57, 53|2, 34, N/A, 28.83, 0|3, 37, N/A, 26.86, 0|4, 37, N/A, 27.35, 0|5, 39, N/A, 26.86, 0|6, 36, N/A, 27.83, 0|
13:53:24 0, 63, N/A, 51.97, 45|1, 62, N/A, 194.32, 54|2, 34, N/A, 28.83, 0|3, 37, N/A, 26.86, 0|4, 37, N/A, 27.35, 0|5, 39, N/A, 26.88, 0|6, 36, N/A, 27.83, 0|
13:53:26 0, 62, N/A, 130.41, 47|1, 63, N/A, 92.50, 53|2, 34, N/A, 28.58, 0|3, 37, N/A, 26.86, 0|4, 37, N/A, 27.35, 0|5, 39, N/A, 26.87, 0|6, 36, N/A, 28.07, 0|
13:53:28 0, 62, N/A, 172.85, 45|1, 62, N/A, 58.33, 53|2, 34, N/A, 28.83, 0|3, 37, N/A, 26.84, 0|4, 37, N/A, 27.33, 0|5, 39, N/A, 26.86, 0|6, 36, N/A, 27.81, 0|
13:53:31 0, 63, N/A, 78.22, 45|1, 62, N/A, 170.48, 54|2, 34, N/A, 28.58, 0|3, 37, N/A, 26.84, 0|4, 37, N/A, 27.35, 0|5, 39, N/A, 26.87, 0|6, 36, N/A, 27.83, 0|
13:53:33 0, 62, N/A, 53.44, 47|1, 63, N/A, 189.91, 54|2, 34, N/A, 28.83, 0|3, 37, N/A, 26.84, 0|4, 37, N/A, 27.35, 0|5, 39, N/A, 26.86, 0|6, 36, N/A, 28.06, 0|
13:53:35 0, 62, N/A, 140.40, 47|1, 63, N/A, 83.39, 53|2, 34, N/A, 28.83, 0|3, 37, N/A, 26.84, 0|4, 37, N/A, 27.35, 0|5, 39, N/A, 26.86, 0|6, 36, N/A, 27.81, 0|
13:53:37 0, 62, N/A, 174.31, 45|1, 63, N/A, 59.35, 53|2, 34, N/A, 28.83, 0|3, 37, N/A, 26.84, 0|4, 37, N/A, 27.35, 0|5, 39, N/A, 26.86, 0|6, 36, N/A, 28.07, 0|
13:53:39 0, 63, N/A, 90.03, 45|1, 63, N/A, 161.65, 54|2, 34, N/A, 28.83, 0|3, 37, N/A, 26.86, 0|4, 37, N/A, 27.35, 0|5, 39, N/A, 26.88, 0|6, 36, N/A, 28.07, 0|
13:53:41 0, 63, N/A, 54.67, 47|1, 63, N/A, 188.44, 52|2, 34, N/A, 28.83, 0|3, 37, N/A, 26.86, 0|4, 37, N/A, 27.35, 0|5, 39, N/A, 26.88, 0|6, 36, N/A, 28.07, 0|
13:53:43 0, 62, N/A, 124.09, 45|1, 63, N/A, 98.34, 52|2, 34, N/A, 28.84, 0|3, 37, N/A, 26.86, 0|4, 37, N/A, 27.35, 0|5, 39, N/A, 26.86, 0|6, 36, N/A, 27.83, 0|
13:53:45 0, 62, N/A, 171.22, 46|1, 63, N/A, 62.06, 54|2, 34, N/A, 28.83, 0|3, 37, N/A, 26.84, 0|4, 37, N/A, 27.35, 0|5, 39, N/A, 26.86, 0|6, 36, N/A, 27.83, 0|
13:53:47 0, 63, N/A, 103.26, 47|1, 63, N/A, 151.84, 53|2, 34, N/A, 28.83, 0|3, 37, N/A, 26.84, 0|4, 37, N/A, 27.35, 0|5, 39, N/A, 26.87, 0|6, 36, N/A, 27.83, 0|
13:53:49 0, 63, N/A, 61.77, 46|1, 63, N/A, 183.62, 53|2, 34, N/A, 28.83, 0|3, 37, N/A, 26.84, 0|4, 37, N/A, 27.35, 0|5, 39, N/A, 26.87, 0|6, 36, N/A, 27.83, 0|
13:53:51 0, 63, N/A, 50.48, 46|1, 63, N/A, 179.47, 54|2, 34, N/A, 28.83, 0|3, 37, N/A, 26.84, 0|4, 37, N/A, 27.35, 0|5, 39, N/A, 26.86, 0|6, 36, N/A, 28.05, 0|
13:53:53 0, 63, N/A, 118.68, 46|1, 63, N/A, 104.55, 54|2, 34, N/A, 28.85, 0|3, 37, N/A, 26.86, 0|4, 37, N/A, 27.35, 0|5, 39, N/A, 26.88, 0|6, 36, N/A, 28.06, 0|
13:53:56 0, 62, N/A, 158.24, 46|1, 63, N/A, 69.66, 54|2, 34, N/A, 28.84, 0|3, 37, N/A, 26.84, 0|4, 37, N/A, 27.35, 0|5, 39, N/A, 26.87, 0|6, 36, N/A, 27.83, 0|
13:53:58 0, 63, N/A, 175.56, 46|1, 63, N/A, 65.01, 53|2, 34, N/A, 28.83, 0|3, 37, N/A, 26.86, 0|4, 37, N/A, 27.35, 0|5, 39, N/A, 26.88, 0|6, 36, N/A, 28.07, 0|
13:54:00 0, 63, N/A, 115.98, 46|1, 63, N/A, 138.18, 53|2, 34, N/A, 28.83, 0|3, 37, N/A, 26.84, 0|4, 37, N/A, 27.35, 0|5, 39, N/A, 26.87, 0|6, 36, N/A, 27.83, 0|
13:54:02 0, 63, N/A, 65.72, 46|1, 63, N/A, 180.94, 54|2, 34, N/A, 28.83, 0|3, 37, N/A, 26.86, 0|4, 37, N/A, 27.35, 0|5, 39, N/A, 26.88, 0|6, 36, N/A, 28.07, 0|
13:54:04 0, 63, N/A, 53.68, 47|1, 63, N/A, 189.66, 54|2, 34, N/A, 28.58, 0|3, 37, N/A, 26.86, 0|4, 37, N/A, 27.35, 0|5, 39, N/A, 26.86, 0|6, 36, N/A, 28.06, 0|
13:54:06 0, 62, N/A, 98.34, 47|1, 64, N/A, 120.39, 53|2, 34, N/A, 28.83, 0|3, 37, N/A, 26.84, 0|4, 37, N/A, 27.35, 0|5, 39, N/A, 26.88, 0|6, 36, N/A, 28.06, 0|
13:54:08 0, 63, N/A, 156.04, 46|1, 63, N/A, 71.38, 53|2, 34, N/A, 28.84, 0|3, 37, N/A, 26.84, 0|4, 37, N/A, 27.35, 0|5, 39, N/A, 26.86, 0|6, 36, N/A, 27.83, 0|
13:54:10 0, 63, N/A, 138.18, 100|1, 61, N/A, 53.44, 0|2, 34, N/A, 28.84, 0|3, 37, N/A, 26.86, 0|4, 37, N/A, 27.35, 0|5, 39, N/A, 26.86, 0|6, 36, N/A, 27.83, 0|
13:54:12 0, 63, N/A, 50.49, 47|1, 63, N/A, 174.57, 53|2, 34, N/A, 28.83, 0|3, 37, N/A, 26.84, 0|4, 37, N/A, 27.35, 0|5, 39, N/A, 26.86, 0|6, 36, N/A, 28.07, 0|
13:54:14 0, 62, N/A, 154.31, 45|1, 64, N/A, 74.58, 53|2, 34, N/A, 28.83, 0|3, 37, N/A, 26.84, 0|4, 37, N/A, 27.33, 0|5, 39, N/A, 26.86, 0|6, 36, N/A, 28.07, 0|
13:54:16 0, 63, N/A, 146.54, 47|1, 63, N/A, 116.46, 54|2, 34, N/A, 28.83, 0|3, 37, N/A, 26.84, 0|4, 37, N/A, 27.35, 0|5, 39, N/A, 26.86, 0|6, 36, N/A, 28.07, 0|
13:54:18 0, 63, N/A, 63.74, 47|1, 63, N/A, 181.68, 53|2, 34, N/A, 28.83, 0|3, 37, N/A, 26.84, 0|4, 38, N/A, 27.35, 0|5, 39, N/A, 26.88, 0|6, 36, N/A, 27.83, 0|
13:54:21 0, 62, N/A, 101.97, 45|1, 64, N/A, 115.97, 54|2, 34, N/A, 28.83, 0|3, 37, N/A, 26.84, 0|4, 37, N/A, 27.35, 0|5, 39, N/A, 26.87, 0|6, 36, N/A, 27.83, 0|
13:54:23 0, 63, N/A, 177.02, 47|1, 63, N/A, 59.07, 54|2, 34, N/A, 28.83, 0|3, 37, N/A, 26.84, 0|4, 37, N/A, 27.35, 0|5, 39, N/A, 26.87, 0|6, 36, N/A, 28.07, 0|
13:54:25 0, 63, N/A, 76.04, 47|1, 63, N/A, 172.61, 52|2, 34, N/A, 28.83, 0|3, 37, N/A, 26.86, 0|4, 37, N/A, 27.35, 0|5, 39, N/A, 26.88, 0|6, 36, N/A, 27.83, 0|
13:54:27 0, 63, N/A, 51.72, 45|1, 64, N/A, 156.59, 54|2, 34, N/A, 28.83, 0|3, 37, N/A, 26.84, 0|4, 37, N/A, 27.33, 0|5, 39, N/A, 26.86, 0|6, 36, N/A, 28.07, 0|
13:54:29 0, 62, N/A, 150.39, 47|1, 64, N/A, 76.06, 53|2, 34, N/A, 28.83, 0|3, 37, N/A, 26.84, 0|4, 37, N/A, 27.35, 0|5, 39, N/A, 26.86, 0|6, 36, N/A, 28.05, 0|
13:54:31 0, 63, N/A, 177.51, 45|1, 63, N/A, 93.17, 53|2, 34, N/A, 28.83, 0|3, 37, N/A, 26.84, 0|4, 37, N/A, 27.35, 0|5, 39, N/A, 26.86, 0|6, 36, N/A, 28.05, 0|
13:54:33 0, 63, N/A, 72.60, 45|1, 63, N/A, 178.98, 54|2, 34, N/A, 28.83, 0|3, 37, N/A, 26.61, 0|4, 37, N/A, 27.35, 0|5, 39, N/A, 26.87, 0|6, 36, N/A, 28.07, 0|
13:54:35 0, 63, N/A, 63.75, 47|1, 64, N/A, 146.12, 54|2, 34, N/A, 28.85, 0|3, 37, N/A, 26.86, 0|4, 37, N/A, 27.35, 0|5, 39, N/A, 26.88, 0|6, 36, N/A, 28.07, 0|
13:54:37 0, 62, N/A, 156.11, 46|1, 64, N/A, 71.63, 53|2, 34, N/A, 28.84, 0|3, 37, N/A, 26.84, 0|4, 37, N/A, 27.35, 0|5, 39, N/A, 26.88, 0|6, 36, N/A, 28.07, 0|
13:54:39 0, 63, N/A, 127.47, 45|1, 63, N/A, 130.65, 54|2, 34, N/A, 28.83, 0|3, 37, N/A, 26.86, 0|4, 37, N/A, 27.35, 0|5, 39, N/A, 26.88, 0|6, 36, N/A, 28.07, 0|
13:54:41 0, 63, N/A, 60.58, 47|1, 64, N/A, 184.85, 54|2, 34, N/A, 28.83, 0|3, 37, N/A, 26.84, 0|4, 38, N/A, 27.35, 0|5, 39, N/A, 26.88, 0|6, 36, N/A, 27.83, 0|
13:54:43 0, 63, N/A, 111.07, 47|1, 64, N/A, 109.83, 53|2, 34, N/A, 28.83, 0|3, 37, N/A, 26.84, 0|4, 37, N/A, 27.35, 0|5, 39, N/A, 26.86, 0|6, 36, N/A, 27.81, 0|
13:54:46 0, 63, N/A, 171.61, 45|1, 64, N/A, 62.52, 54|2, 34, N/A, 28.83, 0|3, 37, N/A, 26.84, 0|4, 38, N/A, 27.33, 0|5, 39, N/A, 26.86, 0|6, 36, N/A, 28.05, 0|
13:54:48 0, 63, N/A, 75.81, 47|1, 64, N/A, 173.18, 54|2, 34, N/A, 28.83, 0|3, 37, N/A, 26.86, 0|4, 37, N/A, 27.35, 0|5, 39, N/A, 26.88, 0|6, 36, N/A, 28.07, 0|
13:54:50 0, 63, N/A, 54.67, 47|1, 64, N/A, 190.01, 52|2, 34, N/A, 28.83, 0|3, 37, N/A, 26.86, 0|4, 37, N/A, 27.35, 0|5, 39, N/A, 26.88, 0|6, 36, N/A, 28.07, 0|
13:54:52 0, 63, N/A, 127.21, 45|1, 64, N/A, 96.68, 54|2, 34, N/A, 28.85, 0|3, 37, N/A, 26.84, 0|4, 37, N/A, 27.35, 0|5, 39, N/A, 27.11, 0|6, 36, N/A, 28.07, 0|
13:54:54 0, 63, N/A, 169.01, 46|1, 64, N/A, 64.52, 54|2, 34, N/A, 28.83, 0|3, 37, N/A, 26.84, 0|4, 37, N/A, 27.35, 0|5, 39, N/A, 26.88, 0|6, 36, N/A, 28.07, 0|
13:54:56 0, 63, N/A, 105.17, 47|1, 64, N/A, 147.51, 53|2, 34, N/A, 28.83, 0|3, 37, N/A, 26.84, 0|4, 37, N/A, 27.35, 0|5, 39, N/A, 27.10, 0|6, 36, N/A, 28.07, 0|
13:54:58 0, 64, N/A, 58.08, 45|1, 64, N/A, 186.71, 53|2, 34, N/A, 28.83, 0|3, 37, N/A, 26.86, 0|4, 37, N/A, 27.35, 0|5, 39, N/A, 26.86, 0|6, 36, N/A, 28.05, 0|
13:55:00 0, 63, N/A, 125.01, 45|1, 64, N/A, 96.86, 54|2, 34, N/A, 28.83, 0|3, 37, N/A, 26.59, 0|4, 37, N/A, 27.35, 0|5, 39, N/A, 26.86, 0|6, 36, N/A, 28.05, 0|
13:55:02 0, 63, N/A, 172.94, 47|1, 64, N/A, 61.81, 53|2, 34, N/A, 28.84, 0|3, 37, N/A, 26.61, 0|4, 37, N/A, 27.35, 0|5, 39, N/A, 26.87, 0|6, 36, N/A, 28.07, 0|
13:55:04 0, 63, N/A, 86.35, 45|1, 64, N/A, 163.46, 53|2, 35, N/A, 28.84, 0|3, 37, N/A, 26.86, 0|4, 38, N/A, 27.35, 0|5, 39, N/A, 26.88, 0|6, 36, N/A, 28.07, 0|
13:55:06 0, 63, N/A, 54.92, 45|1, 64, N/A, 191.49, 54|2, 34, N/A, 28.83, 0|3, 37, N/A, 26.86, 0|4, 38, N/A, 27.35, 0|5, 39, N/A, 26.88, 0|6, 36, N/A, 28.07, 0|
13:55:08 0, 63, N/A, 137.21, 47|1, 64, N/A, 90.77, 54|2, 34, N/A, 28.83, 0|3, 37, N/A, 26.84, 0|4, 38, N/A, 27.35, 0|5, 39, N/A, 26.86, 0|6, 36, N/A, 28.07, 0|
13:55:11 0, 63, N/A, 170.15, 47|1, 64, N/A, 63.99, 52|2, 34, N/A, 28.83, 0|3, 37, N/A, 26.84, 0|4, 37, N/A, 27.35, 0|5, 39, N/A, 26.86, 0|6, 36, N/A, 28.07, 0|
13:55:13 0, 64, N/A, 98.34, 45|1, 64, N/A, 152.91, 54|2, 34, N/A, 28.83, 0|3, 37, N/A, 26.84, 0|4, 37, N/A, 27.35, 0|5, 39, N/A, 26.87, 0|6, 36, N/A, 28.07, 0|
13:55:15 0, 63, N/A, 60.55, 47|1, 64, N/A, 187.04, 54|2, 34, N/A, 28.83, 0|3, 37, N/A, 27.09, 0|4, 37, N/A, 27.35, 0|5, 39, N/A, 26.86, 0|6, 36, N/A, 28.05, 0|
13:55:17 0, 63, N/A, 91.76, 47|1, 64, N/A, 125.08, 53|2, 34, N/A, 28.85, 0|3, 37, N/A, 26.86, 0|4, 37, N/A, 27.35, 0|5, 39, N/A, 26.88, 0|6, 36, N/A, 28.07, 0|
13:55:19 0, 63, N/A, 176.04, 45|1, 64, N/A, 66.94, 54|2, 34, N/A, 28.84, 0|3, 37, N/A, 26.84, 0|4, 38, N/A, 27.35, 0|5, 39, N/A, 26.88, 0|6, 36, N/A, 27.83, 0|
13:55:21 0, 63, N/A, 79.21, 45|1, 64, N/A, 170.89, 54|2, 35, N/A, 28.83, 0|3, 37, N/A, 26.84, 0|4, 38, N/A, 27.35, 0|5, 39, N/A, 26.86, 0|6, 36, N/A, 28.07, 0|
13:55:23 0, 63, N/A, 54.18, 47|1, 64, N/A, 194.79, 53|2, 34, N/A, 28.83, 0|3, 37, N/A, 26.84, 0|4, 37, N/A, 27.35, 0|5, 39, N/A, 26.86, 0|6, 36, N/A, 28.07, 0|
13:55:25 0, 63, N/A, 137.70, 45|1, 65, N/A, 90.04, 53|2, 34, N/A, 28.83, 0|3, 37, N/A, 26.84, 0|4, 37, N/A, 27.35, 0|5, 39, N/A, 26.86, 0|6, 36, N/A, 27.81, 0|
13:55:27 0, 63, N/A, 176.51, 45|1, 65, N/A, 66.90, 54|2, 35, N/A, 28.83, 0|3, 37, N/A, 27.09, 0|4, 37, N/A, 27.35, 0|5, 39, N/A, 26.87, 0|6, 36, N/A, 28.07, 0|
13:55:29 0, 64, N/A, 91.01, 47|1, 64, N/A, 159.69, 54|2, 35, N/A, 28.83, 0|3, 37, N/A, 26.84, 0|4, 38, N/A, 27.60, 0|5, 39, N/A, 26.86, 0|6, 36, N/A, 28.07, 0|
13:55:31 0, 64, N/A, 62.27, 46|1, 64, N/A, 187.07, 53|2, 34, N/A, 28.83, 0|3, 37, N/A, 26.86, 0|4, 38, N/A, 27.35, 0|5, 39, N/A, 26.88, 0|6, 36, N/A, 27.83, 0|
13:55:34 0, 63, N/A, 54.67, 45|1, 64, N/A, 146.77, 53|2, 34, N/A, 28.83, 0|3, 37, N/A, 26.84, 0|4, 38, N/A, 27.35, 0|5, 39, N/A, 26.88, 0|6, 36, N/A, 28.07, 0|
13:55:36 0, 63, N/A, 144.58, 45|1, 65, N/A, 83.64, 54|2, 34, N/A, 28.83, 0|3, 37, N/A, 26.84, 0|4, 38, N/A, 27.35, 0|5, 39, N/A, 26.86, 0|6, 36, N/A, 28.06, 0|
13:55:38 0, 63, N/A, 168.03, 46|1, 65, N/A, 65.23, 54|2, 34, N/A, 28.83, 0|3, 37, N/A, 26.84, 0|4, 37, N/A, 27.33, 0|5, 39, N/A, 26.86, 0|6, 36, N/A, 28.05, 0|
13:55:40 0, 63, N/A, 158.24, 46|1, 64, N/A, 105.71, 53|2, 34, N/A, 28.83, 0|3, 37, N/A, 26.84, 0|4, 37, N/A, 27.35, 0|5, 39, N/A, 26.88, 0|6, 36, N/A, 28.07, 0|
13:55:42 0, 63, N/A, 86.09, 46|1, 64, N/A, 170.40, 53|2, 34, N/A, 28.83, 0|3, 37, N/A, 26.86, 0|4, 38, N/A, 27.35, 0|5, 39, N/A, 26.87, 0|6, 36, N/A, 27.83, 0|
13:55:44 0, 63, N/A, 57.38, 46|1, 64, N/A, 188.91, 54|2, 34, N/A, 28.83, 0|3, 37, N/A, 26.86, 0|4, 38, N/A, 27.35, 0|5, 39, N/A, 26.86, 0|6, 36, N/A, 28.05, 0|
13:55:46 0, 63, N/A, 50.49, 46|1, 65, N/A, 172.21, 54|2, 35, N/A, 28.83, 0|3, 37, N/A, 26.86, 0|4, 38, N/A, 27.35, 0|5, 39, N/A, 26.88, 0|6, 36, N/A, 28.07, 0|
13:55:48 0, 63, N/A, 134.27, 46|1, 65, N/A, 91.50, 54|2, 35, N/A, 28.83, 0|3, 37, N/A, 26.84, 0|4, 38, N/A, 27.33, 0|5, 39, N/A, 26.86, 0|6, 36, N/A, 28.05, 0|
13:55:50 0, 63, N/A, 136.05, 40|1, 63, N/A, 51.22, 7|2, 35, N/A, 28.60, 0|3, 37, N/A, 26.84, 0|4, 38, N/A, 27.35, 0|5, 39, N/A, 26.86, 0|6, 36, N/A, 28.06, 0|
13:55:52 0, 63, N/A, 50.23, 47|1, 65, N/A, 161.18, 54|2, 34, N/A, 28.83, 0|3, 37, N/A, 26.84, 0|4, 37, N/A, 27.33, 0|5, 39, N/A, 26.86, 0|6, 36, N/A, 28.05, 0|
13:55:54 0, 63, N/A, 161.16, 47|1, 65, N/A, 69.66, 52|2, 34, N/A, 28.83, 0|3, 37, N/A, 26.84, 0|4, 37, N/A, 27.33, 0|5, 39, N/A, 26.86, 0|6, 36, N/A, 28.05, 0|
13:55:56 0, 63, N/A, 129.25, 45|1, 64, N/A, 128.68, 54|2, 34, N/A, 28.83, 0|3, 37, N/A, 26.84, 0|4, 38, N/A, 27.35, 0|5, 39, N/A, 26.87, 0|6, 36, N/A, 28.07, 0|
13:55:59 0, 64, N/A, 58.37, 47|1, 64, N/A, 187.20, 53|2, 35, N/A, 28.83, 0|3, 37, N/A, 26.86, 0|4, 38, N/A, 27.35, 0|5, 39, N/A, 26.88, 0|6, 36, N/A, 27.83, 0|
13:56:01 0, 63, N/A, 115.24, 45|1, 65, N/A, 108.91, 53|2, 34, N/A, 28.84, 0|3, 37, N/A, 26.84, 0|4, 38, N/A, 27.35, 0|5, 39, N/A, 26.63, 0|6, 36, N/A, 28.05, 0|
13:56:03 0, 63, N/A, 172.35, 45|1, 65, N/A, 60.33, 54|2, 34, N/A, 28.83, 0|3, 37, N/A, 26.84, 0|4, 38, N/A, 27.35, 0|5, 39, N/A, 27.10, 0|6, 36, N/A, 27.83, 0|
13:56:05 0, 64, N/A, 75.06, 47|1, 64, N/A, 174.08, 53|2, 34, N/A, 28.83, 0|3, 37, N/A, 26.86, 0|4, 38, N/A, 27.35, 0|5, 39, N/A, 26.86, 0|6, 36, N/A, 28.07, 0|
13:56:07 0, 64, N/A, 51.22, 45|1, 65, N/A, 186.09, 52|2, 34, N/A, 28.83, 0|3, 37, N/A, 26.84, 0|4, 38, N/A, 27.35, 0|5, 39, N/A, 26.86, 0|6, 36, N/A, 28.07, 0|
13:56:09 0, 63, N/A, 128.62, 45|1, 65, N/A, 95.69, 54|2, 34, N/A, 28.83, 0|3, 37, N/A, 26.86, 0|4, 38, N/A, 27.35, 0|5, 39, N/A, 26.87, 0|6, 36, N/A, 28.06, 0|
13:56:11 0, 63, N/A, 175.06, 46|1, 64, N/A, 86.35, 53|2, 34, N/A, 28.83, 0|3, 37, N/A, 26.84, 0|4, 38, N/A, 27.35, 0|5, 39, N/A, 26.87, 0|6, 36, N/A, 28.07, 0|
13:56:13 0, 64, N/A, 71.63, 46|1, 64, N/A, 177.51, 53|2, 34, N/A, 28.83, 0|3, 37, N/A, 26.86, 0|4, 38, N/A, 27.35, 0|5, 39, N/A, 26.88, 0|6, 36, N/A, 28.07, 0|
13:56:15 0, 63, N/A, 50.24, 45|1, 65, N/A, 161.42, 54|2, 34, N/A, 28.83, 0|3, 37, N/A, 26.84, 0|4, 38, N/A, 27.35, 0|5, 39, N/A, 26.88, 0|6, 36, N/A, 28.07, 0|
13:56:17 0, 63, N/A, 155.27, 47|1, 65, N/A, 74.83, 53|2, 35, N/A, 28.83, 0|3, 37, N/A, 26.84, 0|4, 38, N/A, 27.33, 0|5, 39, N/A, 26.86, 0|6, 36, N/A, 28.05, 0|
13:56:19 0, 64, N/A, 165.09, 45|1, 65, N/A, 100.79, 53|2, 35, N/A, 28.83, 0|3, 37, N/A, 26.84, 0|4, 38, N/A, 27.35, 0|5, 39, N/A, 26.86, 0|6, 36, N/A, 28.07, 0|
13:56:21 0, 64, N/A, 72.85, 45|1, 64, N/A, 176.28, 54|2, 34, N/A, 28.83, 0|3, 37, N/A, 26.84, 0|4, 38, N/A, 27.35, 0|5, 39, N/A, 26.87, 0|6, 36, N/A, 28.05, 0|
13:56:24 0, 63, N/A, 100.30, 47|1, 65, N/A, 112.84, 53|2, 34, N/A, 28.83, 0|3, 37, N/A, 26.84, 0|4, 38, N/A, 27.35, 0|5, 39, N/A, 26.86, 0|6, 36, N/A, 28.05, 0|
13:56:26 0, 64, N/A, 171.40, 45|1, 65, N/A, 62.55, 53|2, 34, N/A, 28.84, 0|3, 37, N/A, 26.86, 0|4, 38, N/A, 27.35, 0|5, 39, N/A, 26.88, 0|6, 36, N/A, 28.07, 0|
13:56:28 0, 64, N/A, 84.12, 45|1, 65, N/A, 167.29, 54|2, 35, N/A, 28.83, 0|3, 37, N/A, 26.84, 0|4, 38, N/A, 27.35, 0|5, 39, N/A, 27.12, 0|6, 36, N/A, 28.07, 0|
13:56:30 0, 63, N/A, 56.64, 47|1, 65, N/A, 190.38, 54|2, 34, N/A, 28.83, 0|3, 37, N/A, 26.84, 0|4, 38, N/A, 27.60, 0|5, 39, N/A, 26.86, 0|6, 36, N/A, 28.05, 0|
13:56:32 0, 63, N/A, 116.90, 47|1, 65, N/A, 105.46, 53|2, 35, N/A, 28.83, 0|3, 37, N/A, 26.84, 0|4, 38, N/A, 27.35, 0|5, 39, N/A, 26.86, 0|6, 36, N/A, 28.07, 0|
13:56:34 0, 63, N/A, 167.95, 45|1, 65, N/A, 64.74, 54|2, 35, N/A, 28.83, 0|3, 37, N/A, 26.84, 0|4, 38, N/A, 27.35, 0|5, 39, N/A, 27.10, 0|6, 36, N/A, 28.07, 0|
13:56:36 0, 64, N/A, 113.83, 45|1, 64, N/A, 146.53, 54|2, 35, N/A, 28.83, 0|3, 37, N/A, 26.86, 0|4, 38, N/A, 27.35, 0|5, 39, N/A, 26.88, 0|6, 36, N/A, 27.83, 0|
13:56:38 0, 64, N/A, 60.33, 47|1, 65, N/A, 187.81, 52|2, 35, N/A, 28.83, 0|3, 37, N/A, 26.86, 0|4, 38, N/A, 27.35, 0|5, 39, N/A, 26.88, 0|6, 36, N/A, 28.07, 0|
13:56:40 0, 63, N/A, 63.26, 45|1, 65, N/A, 143.66, 54|2, 34, N/A, 28.83, 0|3, 37, N/A, 26.86, 0|4, 38, N/A, 27.35, 0|5, 39, N/A, 26.87, 0|6, 36, N/A, 27.83, 0|
13:56:42 0, 63, N/A, 154.78, 46|1, 65, N/A, 74.58, 54|2, 35, N/A, 28.83, 0|3, 37, N/A, 26.84, 0|4, 38, N/A, 27.58, 0|5, 39, N/A, 26.86, 0|6, 36, N/A, 28.06, 0|
13:56:44 0, 64, N/A, 143.10, 47|1, 65, N/A, 130.89, 53|2, 34, N/A, 28.83, 0|3, 37, N/A, 26.84, 0|4, 38, N/A, 27.35, 0|5, 39, N/A, 26.87, 0|6, 36, N/A, 28.07, 0|
13:56:46 0, 63, N/A, 59.84, 45|1, 65, N/A, 188.19, 53|2, 35, N/A, 28.83, 0|3, 37, N/A, 26.84, 0|4, 38, N/A, 27.60, 0|5, 39, N/A, 26.86, 0|6, 36, N/A, 27.83, 0|
13:56:49 0, 63, N/A, 92.93, 45|1, 65, N/A, 124.08, 54|2, 35, N/A, 28.83, 0|3, 37, N/A, 26.84, 0|4, 38, N/A, 27.35, 0|5, 39, N/A, 26.86, 0|6, 36, N/A, 28.05, 0|
13:56:51 0, 63, N/A, 159.06, 47|1, 65, N/A, 72.36, 54|2, 34, N/A, 28.84, 0|3, 37, N/A, 26.84, 0|4, 38, N/A, 27.35, 0|5, 39, N/A, 26.86, 0|6, 36, N/A, 28.07, 0|
13:56:53 0, 63, N/A, 150.47, 47|1, 65, N/A, 117.27, 53|2, 35, N/A, 28.85, 0|3, 37, N/A, 26.86, 0|4, 38, N/A, 27.35, 0|5, 39, N/A, 26.88, 0|6, 36, N/A, 28.07, 0|
13:56:55 0, 64, N/A, 74.83, 45|1, 65, N/A, 175.39, 54|2, 35, N/A, 28.83, 0|3, 37, N/A, 26.86, 0|4, 38, N/A, 27.35, 0|5, 39, N/A, 26.88, 0|6, 36, N/A, 28.07, 0|
13:56:57 0, 64, N/A, 52.21, 45|1, 65, N/A, 196.75, 54|2, 35, N/A, 28.83, 0|3, 37, N/A, 26.84, 0|4, 38, N/A, 27.35, 0|5, 39, N/A, 26.86, 0|6, 36, N/A, 28.06, 0|
13:56:59 0, 63, N/A, 141.14, 47|1, 65, N/A, 81.18, 53|2, 35, N/A, 28.83, 0|3, 37, N/A, 26.84, 0|4, 38, N/A, 27.35, 0|5, 39, N/A, 26.87, 0|6, 36, N/A, 28.05, 0|
13:57:01 0, 64, N/A, 177.02, 45|1, 65, N/A, 89.49, 52|2, 34, N/A, 28.83, 0|3, 37, N/A, 26.84, 0|4, 38, N/A, 27.35, 0|5, 39, N/A, 26.86, 0|6, 36, N/A, 28.07, 0|
13:57:03 0, 64, N/A, 67.92, 45|1, 65, N/A, 180.68, 54|2, 35, N/A, 28.83, 0|3, 37, N/A, 26.86, 0|4, 38, N/A, 27.35, 0|5, 39, N/A, 26.87, 0|6, 36, N/A, 28.07, 0|
13:57:05 0, 63, N/A, 51.22, 47|1, 65, N/A, 178.00, 53|2, 34, N/A, 28.83, 0|3, 37, N/A, 26.86, 0|4, 38, N/A, 27.35, 0|5, 39, N/A, 26.87, 0|6, 36, N/A, 28.07, 0|
13:57:07 0, 63, N/A, 146.79, 45|1, 65, N/A, 81.72, 53|2, 34, N/A, 28.83, 0|3, 37, N/A, 26.86, 0|4, 38, N/A, 27.35, 0|5, 39, N/A, 26.86, 0|6, 36, N/A, 28.07, 0|
13:57:09 0, 63, N/A, 177.02, 45|1, 65, N/A, 97.60, 54|2, 34, N/A, 28.83, 0|3, 37, N/A, 26.84, 0|4, 38, N/A, 27.60, 0|5, 39, N/A, 26.86, 0|6, 36, N/A, 28.07, 0|
13:57:11 0, 64, N/A, 85.11, 46|1, 65, N/A, 166.57, 54|2, 35, N/A, 28.83, 0|3, 37, N/A, 26.86, 0|4, 38, N/A, 27.60, 0|5, 39, N/A, 26.88, 0|6, 36, N/A, 28.07, 0|
13:57:14 0, 64, N/A, 57.38, 46|1, 65, N/A, 188.68, 53|2, 35, N/A, 28.83, 0|3, 37, N/A, 26.86, 0|4, 38, N/A, 27.35, 0|5, 39, N/A, 26.88, 0|6, 36, N/A, 28.07, 0|
13:57:16 0, 63, N/A, 84.62, 46|1, 65, N/A, 130.47, 53|2, 35, N/A, 28.83, 0|3, 37, N/A, 26.84, 0|4, 38, N/A, 27.58, 0|5, 39, N/A, 26.86, 0|6, 36, N/A, 28.06, 0|
13:57:18 0, 63, N/A, 143.10, 46|1, 65, N/A, 85.12, 54|2, 35, N/A, 28.58, 0|3, 37, N/A, 26.84, 0|4, 38, N/A, 27.35, 0|5, 39, N/A, 26.86, 0|6, 36, N/A, 28.07, 0|
13:57:20 0, 63, N/A, 169.92, 46|1, 66, N/A, 63.53, 54|2, 35, N/A, 28.84, 0|3, 37, N/A, 26.84, 0|4, 38, N/A, 27.35, 0|5, 39, N/A, 26.86, 0|6, 36, N/A, 28.07, 0|
13:57:22 0, 64, N/A, 139.01, 46|1, 65, N/A, 122.60, 54|2, 34, N/A, 28.84, 0|3, 37, N/A, 26.86, 0|4, 38, N/A, 27.35, 0|5, 39, N/A, 26.88, 0|6, 36, N/A, 28.07, 0|
13:57:24 0, 64, N/A, 67.20, 46|1, 65, N/A, 182.41, 53|2, 35, N/A, 28.83, 0|3, 37, N/A, 26.86, 0|4, 38, N/A, 27.35, 0|5, 39, N/A, 26.87, 0|6, 36, N/A, 28.07, 0|
13:57:26 0, 64, N/A, 52.45, 45|1, 65, N/A, 196.02, 54|2, 34, N/A, 28.83, 0|3, 37, N/A, 26.86, 0|4, 38, N/A, 27.35, 0|5, 39, N/A, 26.88, 0|6, 36, N/A, 28.07, 0|
13:57:28 0, 63, N/A, 93.13, 46|1, 65, N/A, 124.08, 54|2, 35, N/A, 28.83, 0|3, 37, N/A, 26.84, 0|4, 38, N/A, 27.58, 0|5, 39, N/A, 26.86, 0|6, 36, N/A, 28.05, 0|
13:57:30 0, 62, N/A, 48.29, 30|1, 64, N/A, 54.92, 34|2, 35, N/A, 28.83, 0|3, 37, N/A, 26.86, 0|4, 38, N/A, 27.35, 0|5, 39, N/A, 26.88, 0|6, 36, N/A, 28.07, 0|
13:57:32 0, 61, N/A, 42.87, 0|1, 62, N/A, 49.04, 0|2, 35, N/A, 28.85, 0|3, 37, N/A, 26.86, 0|4, 38, N/A, 27.35, 0|5, 39, N/A, 26.88, 0|6, 36, N/A, 27.83, 0|
