14:48:50 0, 57, N/A, 41.59, 0|1, 55, N/A, 44.79, 0|2, 58, N/A, 49.69, 0|3, 58, N/A, 43.04, 0|4, 39, N/A, 27.56, 0|5, 41, N/A, 27.09, 0|6, 38, N/A, 28.28, 0|
14:48:53 0, 57, N/A, 41.10, 0|1, 55, N/A, 44.79, 0|2, 57, N/A, 49.47, 0|3, 58, N/A, 42.79, 0|4, 39, N/A, 33.47, 0|5, 41, N/A, 27.09, 0|6, 38, N/A, 28.28, 0|
14:48:55 0, 56, N/A, 41.34, 0|1, 55, N/A, 45.28, 87|2, 57, N/A, 49.22, 0|3, 57, N/A, 42.55, 0|4, 40, N/A, 33.47, 0|5, 41, N/A, 27.09, 0|6, 38, N/A, 28.28, 0|
14:48:57 0, 56, N/A, 41.10, 0|1, 54, N/A, 44.79, 0|2, 56, N/A, 49.22, 0|3, 57, N/A, 43.28, 98|4, 39, N/A, 33.47, 0|5, 41, N/A, 27.09, 0|6, 38, N/A, 28.28, 0|
14:48:59 0, 56, N/A, 40.85, 1|1, 54, N/A, 44.54, 1|2, 56, N/A, 48.73, 1|3, 57, N/A, 42.30, 0|4, 40, N/A, 37.90, 1|5, 41, N/A, 27.09, 0|6, 38, N/A, 28.28, 0|
14:49:01 0, 55, N/A, 40.85, 0|1, 54, N/A, 45.53, 0|2, 56, N/A, 49.71, 0|3, 56, N/A, 42.06, 0|4, 40, N/A, 38.88, 0|5, 41, N/A, 27.09, 0|6, 38, N/A, 28.30, 0|
14:49:03 0, 57, N/A, 52.38, 19|1, 54, N/A, 71.04, 18|2, 56, N/A, 117.32, 18|3, 57, N/A, 124.76, 18|4, 41, N/A, 36.89, 26|5, 41, N/A, 27.33, 0|6, 38, N/A, 28.28, 0|
14:49:05 0, 57, N/A, 65.88, 19|1, 54, N/A, 100.43, 18|2, 56, N/A, 152.40, 18|3, 57, N/A, 62.15, 18|4, 41, N/A, 35.93, 26|5, 41, N/A, 27.09, 0|6, 38, N/A, 28.28, 0|
14:49:07 0, 57, N/A, 88.45, 19|1, 55, N/A, 136.68, 18|2, 57, N/A, 65.14, 18|3, 57, N/A, 44.27, 18|4, 41, N/A, 38.12, 26|5, 41, N/A, 27.09, 0|6, 38, N/A, 28.28, 0|
14:49:09 0, 57, N/A, 135.87, 19|1, 55, N/A, 65.88, 18|2, 57, N/A, 52.88, 18|3, 58, N/A, 45.96, 18|4, 42, N/A, 43.78, 26|5, 41, N/A, 27.08, 0|6, 38, N/A, 28.28, 0|
14:49:11 0, 57, N/A, 43.31, 19|1, 55, N/A, 47.74, 18|2, 57, N/A, 55.10, 18|3, 58, N/A, 51.37, 18|4, 42, N/A, 66.33, 26|5, 41, N/A, 27.07, 0|6, 38, N/A, 28.28, 0|
14:49:13 0, 57, N/A, 44.02, 19|1, 55, N/A, 50.20, 18|2, 57, N/A, 61.49, 18|3, 58, N/A, 65.83, 18|4, 43, N/A, 125.75, 26|5, 41, N/A, 27.09, 0|6, 38, N/A, 28.28, 0|
14:49:16 0, 57, N/A, 46.02, 19|1, 55, N/A, 55.37, 18|2, 57, N/A, 75.02, 18|3, 58, N/A, 95.02, 18|4, 43, N/A, 96.20, 26|5, 41, N/A, 27.09, 0|6, 38, N/A, 28.28, 0|
14:49:18 0, 57, N/A, 52.20, 19|1, 55, N/A, 69.86, 18|2, 57, N/A, 113.28, 18|3, 58, N/A, 116.57, 18|4, 43, N/A, 35.46, 25|5, 41, N/A, 27.10, 0|6, 38, N/A, 28.30, 0|
14:49:20 0, 57, N/A, 72.11, 19|1, 55, N/A, 125.25, 18|2, 57, N/A, 127.71, 18|3, 58, N/A, 43.81, 18|4, 43, N/A, 37.19, 25|5, 41, N/A, 27.10, 0|6, 38, N/A, 28.30, 0|
14:49:22 0, 57, N/A, 126.97, 19|1, 55, N/A, 91.94, 18|2, 57, N/A, 52.95, 18|3, 58, N/A, 45.28, 18|4, 43, N/A, 40.63, 26|5, 41, N/A, 27.10, 0|6, 38, N/A, 28.32, 0|
14:49:24 0, 57, N/A, 43.59, 19|1, 55, N/A, 47.77, 18|2, 58, N/A, 56.15, 18|3, 58, N/A, 53.37, 18|4, 43, N/A, 73.51, 26|5, 41, N/A, 27.10, 0|6, 38, N/A, 28.30, 0|
14:49:26 0, 57, N/A, 44.57, 19|1, 56, N/A, 50.73, 18|2, 58, N/A, 63.29, 18|3, 58, N/A, 70.55, 18|4, 44, N/A, 122.47, 26|5, 41, N/A, 27.35, 0|6, 38, N/A, 28.30, 0|
14:49:28 0, 57, N/A, 39.65, 21|1, 55, N/A, 41.40, 20|2, 58, N/A, 54.67, 18|3, 58, N/A, 42.83, 20|4, 44, N/A, 62.24, 25|5, 41, N/A, 27.37, 0|6, 38, N/A, 28.32, 0|
14:49:30 0, 57, N/A, 49.01, 20|1, 55, N/A, 76.30, 15|2, 57, N/A, 122.07, 19|3, 57, N/A, 58.54, 20|4, 44, N/A, 35.95, 26|5, 41, N/A, 27.12, 0|6, 38, N/A, 28.32, 0|
14:49:32 0, 57, N/A, 37.21, 21|1, 55, N/A, 41.40, 20|2, 57, N/A, 46.08, 19|3, 58, N/A, 46.02, 20|4, 44, N/A, 76.71, 24|5, 41, N/A, 27.35, 0|6, 38, N/A, 28.30, 0|
14:49:34 0, 57, N/A, 61.29, 19|1, 55, N/A, 114.57, 13|2, 57, N/A, 73.06, 19|3, 58, N/A, 37.92, 20|4, 45, N/A, 37.68, 26|5, 42, N/A, 27.37, 0|6, 38, N/A, 28.32, 0|
14:49:36 0, 57, N/A, 38.19, 21|1, 55, N/A, 44.60, 20|2, 57, N/A, 54.92, 19|3, 58, N/A, 70.31, 20|4, 44, N/A, 109.22, 22|5, 41, N/A, 27.35, 0|6, 38, N/A, 28.30, 0|
14:49:38 0, 57, N/A, 110.81, 17|1, 55, N/A, 60.05, 18|2, 57, N/A, 43.34, 19|3, 57, N/A, 38.64, 20|4, 45, N/A, 41.35, 26|5, 41, N/A, 27.10, 0|6, 38, N/A, 28.30, 0|
14:49:41 0, 57, N/A, 39.65, 21|1, 55, N/A, 47.77, 20|2, 57, N/A, 62.76, 19|3, 57, N/A, 89.61, 19|4, 45, N/A, 85.75, 20|5, 42, N/A, 27.10, 0|6, 38, N/A, 28.30, 0|
14:49:43 0, 56, N/A, 93.42, 14|1, 55, N/A, 40.66, 19|2, 56, N/A, 43.83, 19|3, 57, N/A, 39.87, 20|4, 45, N/A, 47.50, 26|5, 42, N/A, 27.35, 0|6, 38, N/A, 28.30, 0|
14:49:45 0, 57, N/A, 47.04, 21|1, 55, N/A, 70.64, 20|2, 56, N/A, 122.13, 19|3, 57, N/A, 60.02, 20|4, 45, N/A, 36.45, 19|5, 42, N/A, 27.37, 0|6, 38, N/A, 28.32, 0|
14:49:47 0, 57, N/A, 37.70, 16|1, 55, N/A, 41.89, 17|2, 57, N/A, 48.05, 19|3, 58, N/A, 51.44, 20|4, 45, N/A, 106.58, 26|5, 41, N/A, 27.11, 0|6, 38, N/A, 28.32, 0|
14:49:49 0, 56, N/A, 80.43, 20|1, 55, N/A, 98.83, 20|2, 56, N/A, 43.10, 20|3, 57, N/A, 38.15, 17|4, 46, N/A, 39.87, 23|5, 42, N/A, 27.35, 0|6, 38, N/A, 28.30, 0|
14:49:51 0, 57, N/A, 38.69, 14|1, 55, N/A, 46.30, 13|2, 57, N/A, 59.10, 20|3, 57, N/A, 80.88, 20|4, 46, N/A, 97.98, 26|5, 42, N/A, 27.35, 0|6, 38, N/A, 28.30, 0|
14:49:53 0, 57, N/A, 101.29, 21|1, 55, N/A, 44.33, 20|2, 56, N/A, 43.34, 20|3, 57, N/A, 39.40, 13|4, 46, N/A, 45.53, 26|5, 42, N/A, 27.35, 0|6, 38, N/A, 28.32, 0|
14:49:55 0, 57, N/A, 42.13, 17|1, 55, N/A, 55.65, 15|2, 56, N/A, 85.61, 19|3, 57, N/A, 97.72, 20|4, 46, N/A, 36.20, 26|5, 42, N/A, 27.11, 0|6, 38, N/A, 28.32, 0|
14:49:57 0, 56, N/A, 36.94, 21|1, 55, N/A, 41.15, 20|2, 56, N/A, 44.82, 18|3, 57, N/A, 42.82, 15|4, 47, N/A, 60.26, 26|5, 42, N/A, 27.35, 0|6, 38, N/A, 28.30, 0|
14:49:59 0, 57, N/A, 51.44, 21|1, 55, N/A, 73.79, 19|2, 56, N/A, 115.24, 19|3, 57, N/A, 43.04, 20|4, 46, N/A, 36.67, 26|5, 42, N/A, 27.35, 0|6, 38, N/A, 28.30, 0|
14:50:01 0, 57, N/A, 37.18, 21|1, 55, N/A, 42.11, 20|2, 56, N/A, 47.03, 14|3, 57, N/A, 48.70, 19|4, 47, N/A, 95.76, 26|5, 42, N/A, 27.33, 0|6, 38, N/A, 28.28, 0|
14:50:03 0, 57, N/A, 68.58, 21|1, 55, N/A, 113.19, 20|2, 56, N/A, 46.76, 20|3, 57, N/A, 37.88, 20|4, 47, N/A, 39.11, 26|5, 42, N/A, 27.33, 0|6, 38, N/A, 28.28, 0|
14:50:06 0, 57, N/A, 38.39, 21|1, 55, N/A, 45.78, 20|2, 56, N/A, 58.05, 13|3, 57, N/A, 78.07, 20|4, 47, N/A, 97.38, 26|5, 42, N/A, 27.33, 0|6, 38, N/A, 28.28, 0|
14:50:08 0, 56, N/A, 75.92, 21|1, 55, N/A, 40.88, 20|2, 56, N/A, 44.05, 19|3, 57, N/A, 41.07, 20|4, 47, N/A, 54.08, 21|5, 42, N/A, 27.33, 0|6, 38, N/A, 28.28, 0|
14:50:10 0, 56, N/A, 49.22, 21|1, 55, N/A, 77.93, 20|2, 56, N/A, 121.73, 13|3, 57, N/A, 59.73, 20|4, 47, N/A, 36.67, 26|5, 42, N/A, 27.33, 0|6, 38, N/A, 28.28, 0|
14:50:12 0, 56, N/A, 37.16, 20|1, 55, N/A, 41.59, 20|2, 56, N/A, 46.51, 20|3, 57, N/A, 47.19, 20|4, 47, N/A, 86.68, 19|5, 42, N/A, 27.33, 0|6, 38, N/A, 28.28, 0|
14:50:14 0, 57, N/A, 65.17, 21|1, 55, N/A, 117.06, 19|2, 56, N/A, 63.96, 16|3, 57, N/A, 37.88, 20|4, 47, N/A, 38.86, 26|5, 42, N/A, 27.33, 0|6, 38, N/A, 28.28, 0|
14:50:16 0, 57, N/A, 38.66, 21|1, 55, N/A, 45.31, 20|2, 56, N/A, 54.39, 20|3, 57, N/A, 70.05, 20|4, 47, N/A, 111.42, 20|5, 42, N/A, 27.35, 0|6, 38, N/A, 28.30, 0|
14:50:18 0, 56, N/A, 108.60, 20|1, 54, N/A, 64.98, 20|2, 56, N/A, 43.12, 20|3, 57, N/A, 38.88, 20|4, 48, N/A, 43.56, 26|5, 42, N/A, 27.35, 0|6, 39, N/A, 28.30, 0|
14:50:20 0, 56, N/A, 41.86, 21|1, 55, N/A, 55.62, 20|2, 56, N/A, 83.89, 20|3, 57, N/A, 99.13, 19|4, 48, N/A, 36.69, 22|5, 42, N/A, 27.35, 0|6, 38, N/A, 28.30, 0|
14:50:22 0, 56, N/A, 36.96, 15|1, 55, N/A, 41.40, 16|2, 56, N/A, 45.83, 20|3, 57, N/A, 45.53, 20|4, 48, N/A, 77.45, 26|5, 42, N/A, 27.37, 0|6, 39, N/A, 28.57, 0|
14:50:24 0, 57, N/A, 63.50, 21|1, 55, N/A, 118.93, 20|2, 56, N/A, 63.99, 20|3, 57, N/A, 37.92, 15|4, 48, N/A, 38.66, 19|5, 42, N/A, 27.37, 0|6, 39, N/A, 28.32, 0|
14:50:26 0, 56, N/A, 38.19, 14|1, 55, N/A, 44.60, 13|2, 56, N/A, 54.92, 20|3, 57, N/A, 69.61, 20|4, 48, N/A, 109.27, 26|5, 42, N/A, 27.35, 0|6, 39, N/A, 28.30, 0|
14:50:28 0, 56, N/A, 105.67, 21|1, 55, N/A, 41.15, 20|2, 56, N/A, 43.12, 19|3, 57, N/A, 39.40, 15|4, 49, N/A, 45.80, 19|5, 42, N/A, 27.37, 0|6, 39, N/A, 28.32, 0|
14:50:31 0, 58, N/A, 43.09, 18|1, 55, N/A, 151.60, 45|2, 55, N/A, 41.86, 0|3, 56, N/A, 36.69, 0|4, 47, N/A, 35.46, 0|5, 42, N/A, 27.35, 0|6, 39, N/A, 28.55, 0|
14:50:33 0, 56, N/A, 58.83, 0|1, 54, N/A, 45.83, 0|2, 56, N/A, 49.99, 0|3, 59, N/A, 51.90, 100|4, 47, N/A, 135.83, 0|5, 42, N/A, 27.35, 0|6, 39, N/A, 28.55, 0|
14:50:35 0, 58, N/A, 42.84, 0|1, 58, N/A, 160.81, 100|2, 58, N/A, 183.57, 100|3, 56, N/A, 42.57, 0|4, 48, N/A, 41.34, 0|5, 42, N/A, 27.35, 0|6, 39, N/A, 28.55, 0|
14:50:37 0, 60, N/A, 179.69, 89|1, 57, N/A, 156.49, 95|2, 57, N/A, 50.23, 0|3, 58, N/A, 43.80, 0|4, 51, N/A, 155.34, 100|5, 42, N/A, 27.35, 0|6, 39, N/A, 28.55, 0|
14:50:39 0, 57, N/A, 42.11, 0|1, 56, N/A, 46.79, 0|2, 60, N/A, 193.34, 100|3, 60, N/A, 144.62, 100|4, 49, N/A, 41.59, 0|5, 42, N/A, 27.35, 0|6, 39, N/A, 28.30, 0|
14:50:41 0, 59, N/A, 43.58, 8|1, 59, N/A, 192.95, 100|2, 59, N/A, 161.81, 100|3, 58, N/A, 43.06, 0|4, 50, N/A, 42.08, 0|5, 42, N/A, 27.35, 0|6, 39, N/A, 28.55, 0|
14:50:43 0, 61, N/A, 143.73, 100|1, 56, N/A, 46.07, 0|2, 58, N/A, 50.98, 0|3, 60, N/A, 46.24, 100|4, 51, N/A, 135.33, 23|5, 42, N/A, 27.35, 0|6, 39, N/A, 28.55, 0|
14:50:45 0, 58, N/A, 42.60, 0|1, 58, N/A, 47.77, 0|2, 60, N/A, 192.62, 100|3, 60, N/A, 168.35, 100|4, 49, N/A, 41.35, 0|5, 42, N/A, 27.35, 0|6, 39, N/A, 28.55, 0|
14:50:47 0, 62, N/A, 155.25, 100|1, 59, N/A, 51.44, 100|2, 58, N/A, 167.85, 27|3, 59, N/A, 43.31, 0|4, 51, N/A, 43.07, 0|5, 42, N/A, 27.35, 0|6, 39, N/A, 28.55, 0|
14:50:49 0, 61, N/A, 159.84, 100|1, 57, N/A, 47.31, 0|2, 59, N/A, 51.22, 0|3, 62, N/A, 184.14, 100|4, 53, N/A, 196.56, 100|5, 42, N/A, 27.33, 0|6, 39, N/A, 28.28, 0|
14:50:51 0, 59, N/A, 43.33, 0|1, 61, N/A, 184.23, 100|2, 60, N/A, 53.90, 100|3, 60, N/A, 181.45, 13|4, 50, N/A, 42.33, 0|5, 42, N/A, 27.33, 0|6, 39, N/A, 28.55, 0|
14:50:54 0, 62, N/A, 156.37, 100|1, 59, N/A, 178.00, 100|2, 59, N/A, 51.67, 0|3, 60, N/A, 44.49, 0|4, 54, N/A, 161.75, 100|5, 42, N/A, 27.33, 0|6, 39, N/A, 28.53, 0|
14:50:56 0, 59, N/A, 43.06, 0|1, 58, N/A, 47.99, 0|2, 62, N/A, 192.21, 100|3, 61, N/A, 45.25, 82|4, 52, N/A, 171.56, 0|5, 42, N/A, 27.33, 0|6, 39, N/A, 28.53, 0|
14:50:58 0, 62, N/A, 44.51, 6|1, 61, N/A, 174.31, 57|2, 61, N/A, 171.06, 100|3, 60, N/A, 43.75, 0|4, 52, N/A, 43.04, 0|5, 42, N/A, 27.32, 0|6, 39, N/A, 28.53, 0|
14:51:00 0, 63, N/A, 172.63, 100|1, 58, N/A, 47.74, 0|2, 60, N/A, 52.66, 0|3, 63, N/A, 170.70, 100|4, 53, N/A, 43.78, 74|5, 42, N/A, 27.32, 0|6, 39, N/A, 28.51, 0|
14:51:02 0, 61, N/A, 43.80, 0|1, 61, N/A, 49.95, 83|2, 62, N/A, 194.94, 66|3, 62, N/A, 143.79, 100|4, 52, N/A, 42.57, 0|5, 42, N/A, 27.33, 0|6, 39, N/A, 28.53, 0|
14:51:04 0, 64, N/A, 184.62, 100|1, 61, N/A, 182.16, 100|2, 60, N/A, 52.13, 1|3, 61, N/A, 44.73, 0|4, 56, N/A, 156.11, 100|5, 42, N/A, 27.33, 0|6, 39, N/A, 28.53, 0|
14:51:06 0, 61, N/A, 150.74, 12|1, 59, N/A, 48.47, 0|2, 63, N/A, 59.76, 99|3, 62, N/A, 165.55, 38|4, 54, N/A, 186.51, 100|5, 42, N/A, 27.32, 0|6, 39, N/A, 28.51, 0|
14:51:08 0, 62, N/A, 44.78, 10|1, 61, N/A, 184.59, 100|2, 62, N/A, 174.00, 100|3, 60, N/A, 44.27, 1|4, 53, N/A, 43.28, 0|5, 42, N/A, 27.33, 0|6, 39, N/A, 28.53, 0|
14:51:10 0, 64, N/A, 190.88, 100|1, 59, N/A, 47.99, 0|2, 61, N/A, 53.15, 0|3, 63, N/A, 172.66, 100|4, 53, N/A, 44.02, 0|5, 42, N/A, 27.32, 0|6, 39, N/A, 28.53, 0|
14:51:12 0, 61, N/A, 43.80, 0|1, 61, N/A, 50.94, 52|2, 62, N/A, 172.00, 0|3, 62, N/A, 157.07, 100|4, 52, N/A, 43.04, 0|5, 42, N/A, 27.32, 0|6, 39, N/A, 28.53, 0|
14:51:14 0, 64, N/A, 172.60, 100|1, 61, N/A, 184.99, 100|2, 60, N/A, 52.38, 1|3, 61, N/A, 44.97, 0|4, 56, N/A, 167.03, 100|5, 42, N/A, 27.32, 0|6, 39, N/A, 28.51, 0|
14:51:16 0, 60, N/A, 43.53, 0|1, 59, N/A, 48.69, 0|2, 63, N/A, 199.20, 100|3, 62, N/A, 47.19, 75|4, 53, N/A, 137.43, 0|5, 42, N/A, 27.33, 0|6, 39, N/A, 28.53, 0|
14:51:19 0, 64, N/A, 48.94, 86|1, 60, N/A, 170.40, 0|2, 62, N/A, 166.00, 100|3, 60, N/A, 44.27, 0|4, 54, N/A, 44.02, 0|5, 42, N/A, 27.33, 0|6, 39, N/A, 28.53, 0|
14:51:21 0, 63, N/A, 150.66, 100|1, 59, N/A, 48.23, 0|2, 61, N/A, 53.61, 0|3, 63, N/A, 171.16, 100|4, 56, N/A, 168.76, 100|5, 42, N/A, 27.30, 0|6, 39, N/A, 28.26, 0|
14:51:23 0, 60, N/A, 43.56, 0|1, 59, N/A, 47.99, 0|2, 62, N/A, 54.60, 34|3, 61, N/A, 145.42, 22|4, 53, N/A, 43.28, 0|5, 42, N/A, 27.33, 0|6, 39, N/A, 28.53, 0|
14:51:25 0, 62, N/A, 160.23, 100|1, 57, N/A, 41.10, 0|2, 59, N/A, 51.92, 0|3, 60, N/A, 43.99, 0|4, 53, N/A, 43.28, 0|5, 42, N/A, 27.32, 0|6, 39, N/A, 28.28, 0|
14:51:27 0, 59, N/A, 43.31, 0|1, 58, N/A, 47.52, 0|2, 61, N/A, 53.65, 100|3, 60, N/A, 136.93, 24|4, 52, N/A, 37.41, 0|5, 42, N/A, 27.33, 0|6, 38, N/A, 28.28, 0|
14:51:29 0, 60, N/A, 61.98, 20|1, 57, N/A, 95.32, 20|2, 59, N/A, 149.07, 20|3, 60, N/A, 44.76, 20|4, 54, N/A, 45.50, 19|5, 42, N/A, 27.33, 0|6, 39, N/A, 28.28, 0|
14:51:31 0, 59, N/A, 46.05, 20|1, 58, N/A, 54.17, 20|2, 59, N/A, 73.55, 20|3, 60, N/A, 95.51, 20|4, 53, N/A, 139.25, 26|5, 42, N/A, 27.35, 0|6, 39, N/A, 28.30, 0|
14:51:33 0, 59, N/A, 85.60, 17|1, 57, N/A, 48.52, 20|2, 59, N/A, 55.41, 15|3, 60, N/A, 49.71, 15|4, 54, N/A, 69.61, 26|5, 42, N/A, 27.37, 0|6, 38, N/A, 28.57, 0|
14:51:35 0, 59, N/A, 67.19, 20|1, 57, N/A, 112.54, 20|2, 59, N/A, 132.13, 20|3, 59, N/A, 44.54, 20|4, 54, N/A, 45.53, 19|5, 42, N/A, 27.35, 0|6, 38, N/A, 28.30, 0|
14:51:37 0, 59, N/A, 46.55, 17|1, 57, N/A, 56.39, 19|2, 59, N/A, 78.76, 20|3, 59, N/A, 108.53, 20|4, 53, N/A, 116.09, 26|5, 42, N/A, 27.35, 0|6, 38, N/A, 28.30, 0|
14:51:39 0, 59, N/A, 68.38, 20|1, 57, N/A, 48.27, 19|2, 59, N/A, 55.65, 19|3, 59, N/A, 50.94, 13|4, 54, N/A, 74.24, 26|5, 42, N/A, 27.35, 0|6, 38, N/A, 28.30, 0|
14:51:41 0, 59, N/A, 83.88, 20|1, 57, N/A, 146.04, 20|2, 58, N/A, 72.82, 20|3, 59, N/A, 44.79, 20|4, 54, N/A, 47.01, 19|5, 42, N/A, 27.37, 0|6, 38, N/A, 28.32, 0|
14:51:44 0, 58, N/A, 49.01, 13|1, 57, N/A, 60.58, 15|2, 58, N/A, 91.01, 20|3, 59, N/A, 136.12, 20|4, 53, N/A, 86.78, 26|5, 42, N/A, 27.35, 0|6, 38, N/A, 28.30, 0|
14:51:46 0, 58, N/A, 43.83, 20|1, 57, N/A, 48.79, 20|2, 58, N/A, 57.63, 17|3, 59, N/A, 57.06, 17|4, 54, N/A, 107.81, 26|5, 41, N/A, 27.35, 0|6, 38, N/A, 28.30, 0|
14:51:48 0, 58, N/A, 116.72, 20|1, 56, N/A, 109.89, 20|2, 58, N/A, 53.19, 20|3, 59, N/A, 45.28, 20|4, 54, N/A, 50.94, 25|5, 41, N/A, 27.35, 0|6, 38, N/A, 28.32, 0|
14:51:50 0, 58, N/A, 55.65, 15|1, 56, N/A, 82.89, 14|2, 57, N/A, 158.98, 15|3, 58, N/A, 80.58, 20|4, 53, N/A, 44.54, 26|5, 41, N/A, 27.35, 0|6, 38, N/A, 28.30, 0|
14:51:52 0, 58, N/A, 45.06, 20|1, 56, N/A, 50.97, 20|2, 58, N/A, 64.48, 20|3, 58, N/A, 75.95, 14|4, 53, N/A, 151.18, 24|5, 41, N/A, 27.35, 0|6, 38, N/A, 28.30, 0|
14:51:54 0, 58, N/A, 114.01, 20|1, 56, N/A, 47.31, 20|2, 57, N/A, 53.69, 20|3, 58, N/A, 47.74, 20|4, 54, N/A, 60.51, 22|5, 41, N/A, 27.35, 0|6, 38, N/A, 28.30, 0|
14:51:56 0, 58, N/A, 79.94, 13|1, 55, N/A, 148.00, 15|2, 57, N/A, 83.14, 13|3, 58, N/A, 44.30, 20|4, 54, N/A, 47.01, 26|5, 41, N/A, 27.10, 0|6, 38, N/A, 28.30, 0|
14:51:58 0, 58, N/A, 51.96, 21|1, 56, N/A, 71.12, 20|2, 57, N/A, 118.68, 20|3, 58, N/A, 113.62, 20|4, 53, N/A, 44.32, 26|5, 41, N/A, 27.35, 0|6, 38, N/A, 28.30, 0|
14:52:00 0, 57, N/A, 44.82, 21|1, 56, N/A, 50.73, 20|2, 57, N/A, 64.24, 20|3, 58, N/A, 74.73, 20|4, 53, N/A, 152.18, 19|5, 41, N/A, 27.35, 0|6, 38, N/A, 28.30, 0|
14:52:02 0, 57, N/A, 65.68, 17|1, 55, N/A, 47.28, 19|2, 57, N/A, 54.42, 16|3, 58, N/A, 49.68, 20|4, 54, N/A, 68.14, 26|5, 41, N/A, 27.10, 0|6, 38, N/A, 28.30, 0|
14:52:04 0, 58, N/A, 87.03, 21|1, 55, N/A, 137.52, 20|2, 57, N/A, 84.09, 18|3, 57, N/A, 44.05, 17|4, 53, N/A, 47.04, 26|5, 41, N/A, 27.37, 0|6, 38, N/A, 28.32, 0|
14:52:06 0, 57, N/A, 48.26, 21|1, 55, N/A, 61.77, 20|2, 57, N/A, 100.56, 20|3, 57, N/A, 132.12, 20|4, 53, N/A, 48.21, 22|5, 41, N/A, 27.10, 0|6, 38, N/A, 28.30, 0|
14:52:09 0, 57, N/A, 44.08, 21|1, 55, N/A, 50.02, 14|2, 56, N/A, 62.31, 20|3, 58, N/A, 69.57, 20|4, 53, N/A, 157.06, 26|5, 41, N/A, 27.10, 0|6, 38, N/A, 28.30, 0|
14:52:11 0, 57, N/A, 54.14, 21|1, 55, N/A, 47.31, 19|2, 57, N/A, 54.18, 19|3, 57, N/A, 49.71, 18|4, 54, N/A, 75.47, 26|5, 41, N/A, 27.35, 0|6, 38, N/A, 28.30, 0|
14:52:13 0, 57, N/A, 41.15, 22|1, 55, N/A, 51.22, 13|2, 56, N/A, 79.46, 22|3, 57, N/A, 133.68, 20|4, 53, N/A, 55.35, 26|5, 41, N/A, 27.35, 0|6, 38, N/A, 28.30, 0|
14:52:15 0, 57, N/A, 47.04, 18|1, 55, N/A, 74.08, 19|2, 56, N/A, 119.13, 21|3, 57, N/A, 40.88, 22|4, 53, N/A, 38.66, 28|5, 41, N/A, 27.37, 0|6, 38, N/A, 28.32, 0|
14:52:17 0, 56, N/A, 61.78, 22|1, 55, N/A, 40.66, 21|2, 56, N/A, 44.60, 22|3, 57, N/A, 41.35, 22|4, 53, N/A, 58.83, 23|5, 41, N/A, 27.37, 0|6, 38, N/A, 28.32, 0|
14:52:19 0, 57, N/A, 39.67, 15|1, 55, N/A, 49.01, 17|2, 56, N/A, 70.64, 11|3, 57, N/A, 112.15, 22|4, 53, N/A, 56.36, 28|5, 41, N/A, 27.35, 0|6, 38, N/A, 28.32, 0|
14:52:21 0, 57, N/A, 110.32, 22|1, 55, N/A, 44.08, 15|2, 56, N/A, 43.86, 22|3, 57, N/A, 39.15, 22|4, 53, N/A, 45.80, 15|5, 42, N/A, 27.37, 0|6, 38, N/A, 28.32, 0|
14:52:23 0, 57, N/A, 38.44, 22|1, 55, N/A, 45.83, 22|2, 56, N/A, 59.35, 21|3, 57, N/A, 83.78, 12|4, 53, N/A, 95.03, 26|5, 42, N/A, 27.37, 0|6, 38, N/A, 28.30, 0|
14:52:25 0, 57, N/A, 85.36, 16|1, 55, N/A, 106.95, 13|2, 56, N/A, 43.37, 22|3, 57, N/A, 37.92, 22|4, 54, N/A, 41.37, 27|5, 41, N/A, 27.37, 0|6, 38, N/A, 28.32, 0|
14:52:27 0, 57, N/A, 37.21, 22|1, 54, N/A, 41.89, 22|2, 56, N/A, 48.76, 22|3, 57, N/A, 53.90, 16|4, 53, N/A, 132.29, 18|5, 42, N/A, 27.35, 0|6, 38, N/A, 28.32, 0|
14:52:29 0, 57, N/A, 50.98, 13|1, 55, N/A, 87.08, 21|2, 56, N/A, 104.98, 11|3, 57, N/A, 37.43, 15|4, 53, N/A, 39.15, 28|5, 41, N/A, 27.37, 0|6, 38, N/A, 28.32, 0|
14:52:31 0, 56, N/A, 36.96, 20|1, 54, N/A, 40.90, 16|2, 56, N/A, 45.34, 22|3, 57, N/A, 43.59, 22|4, 54, N/A, 67.16, 28|5, 42, N/A, 27.37, 0|6, 38, N/A, 28.32, 0|
14:52:34 0, 57, N/A, 41.40, 22|1, 55, N/A, 55.16, 22|2, 56, N/A, 94.46, 21|3, 57, N/A, 91.64, 21|4, 54, N/A, 38.17, 28|5, 42, N/A, 27.35, 0|6, 38, N/A, 28.30, 0|
14:52:36 0, 56, N/A, 99.57, 11|1, 54, N/A, 40.16, 22|2, 56, N/A, 43.62, 11|3, 57, N/A, 39.15, 22|4, 54, N/A, 47.77, 28|5, 42, N/A, 27.37, 0|6, 38, N/A, 28.32, 0|
14:52:38 0, 56, N/A, 38.69, 22|1, 55, N/A, 46.57, 19|2, 56, N/A, 63.78, 22|3, 57, N/A, 98.52, 22|4, 54, N/A, 84.58, 16|5, 42, N/A, 27.37, 0|6, 38, N/A, 28.32, 0|
14:52:40 0, 56, N/A, 103.51, 21|1, 54, N/A, 73.84, 22|2, 56, N/A, 43.37, 17|3, 57, N/A, 38.17, 17|4, 54, N/A, 43.34, 28|5, 42, N/A, 27.37, 0|6, 38, N/A, 28.32, 0|
14:52:42 0, 57, N/A, 37.70, 22|1, 54, N/A, 42.87, 11|2, 56, N/A, 51.72, 15|3, 57, N/A, 62.72, 22|4, 54, N/A, 119.28, 21|5, 42, N/A, 27.35, 0|6, 38, N/A, 28.57, 0|
14:52:44 0, 56, N/A, 65.47, 22|1, 54, N/A, 120.65, 22|2, 56, N/A, 59.07, 22|3, 57, N/A, 37.68, 22|4, 54, N/A, 40.63, 20|5, 42, N/A, 27.37, 0|6, 38, N/A, 28.32, 0|
14:52:46 0, 56, N/A, 37.21, 21|1, 54, N/A, 41.64, 17|2, 56, N/A, 48.05, 11|3, 57, N/A, 52.17, 22|4, 54, N/A, 127.14, 28|5, 42, N/A, 27.37, 0|6, 38, N/A, 28.32, 0|
14:52:48 0, 56, N/A, 56.39, 22|1, 54, N/A, 104.00, 16|2, 56, N/A, 85.36, 22|3, 57, N/A, 37.43, 22|4, 54, N/A, 39.65, 19|5, 42, N/A, 27.37, 0|6, 38, N/A, 28.32, 0|
14:52:50 0, 56, N/A, 36.96, 22|1, 54, N/A, 41.15, 22|2, 56, N/A, 46.82, 22|3, 57, N/A, 47.99, 14|4, 54, N/A, 99.95, 22|5, 42, N/A, 27.35, 0|6, 38, N/A, 28.30, 0|
14:52:52 0, 56, N/A, 50.98, 20|1, 54, N/A, 87.82, 13|2, 56, N/A, 103.51, 22|3, 57, N/A, 37.43, 22|4, 54, N/A, 39.40, 28|5, 42, N/A, 27.37, 0|6, 39, N/A, 28.57, 0|
14:52:54 0, 56, N/A, 36.96, 22|1, 54, N/A, 41.15, 22|2, 56, N/A, 45.83, 22|3, 57, N/A, 45.53, 17|4, 54, N/A, 86.05, 14|5, 42, N/A, 27.37, 0|6, 39, N/A, 28.32, 0|
14:52:57 0, 56, N/A, 45.83, 11|1, 55, N/A, 71.17, 22|2, 55, N/A, 124.10, 14|3, 57, N/A, 46.52, 14|4, 54, N/A, 38.91, 28|5, 42, N/A, 27.37, 0|6, 39, N/A, 28.32, 0|
14:52:59 0, 56, N/A, 36.96, 22|1, 54, N/A, 40.90, 22|2, 55, N/A, 45.09, 22|3, 57, N/A, 43.56, 22|4, 54, N/A, 75.03, 22|5, 42, N/A, 27.37, 0|6, 39, N/A, 28.57, 0|
14:53:01 0, 56, N/A, 44.82, 15|1, 55, N/A, 63.78, 22|2, 55, N/A, 116.48, 12|3, 56, N/A, 68.09, 12|4, 54, N/A, 38.66, 28|5, 42, N/A, 27.35, 0|6, 39, N/A, 28.57, 0|
14:53:03 0, 59, N/A, 177.50, 100|1, 54, N/A, 39.18, 0|2, 55, N/A, 42.13, 0|3, 56, N/A, 36.69, 0|4, 53, N/A, 37.19, 0|5, 42, N/A, 27.37, 0|6, 39, N/A, 28.57, 0|
14:53:05 0, 57, N/A, 42.35, 0|1, 58, N/A, 52.91, 100|2, 59, N/A, 188.94, 100|3, 56, N/A, 122.62, 0|4, 53, N/A, 37.18, 0|5, 42, N/A, 27.35, 0|6, 39, N/A, 28.55, 0|
14:53:07 0, 60, N/A, 173.08, 100|1, 57, N/A, 148.96, 34|2, 56, N/A, 49.49, 0|3, 58, N/A, 43.56, 0|4, 57, N/A, 170.18, 100|5, 42, N/A, 27.35, 0|6, 39, N/A, 28.55, 0|
14:53:09 0, 57, N/A, 42.35, 0|1, 57, N/A, 47.28, 0|2, 60, N/A, 186.34, 100|3, 60, N/A, 153.85, 100|4, 54, N/A, 43.56, 1|5, 42, N/A, 27.35, 0|6, 39, N/A, 28.55, 0|
14:53:11 0, 62, N/A, 189.66, 100|1, 58, N/A, 166.05, 100|2, 56, N/A, 49.49, 0|3, 58, N/A, 43.31, 0|4, 57, N/A, 45.78, 89|5, 42, N/A, 27.35, 0|6, 39, N/A, 28.55, 0|
14:53:13 0, 58, N/A, 123.03, 6|1, 56, N/A, 46.32, 0|2, 60, N/A, 53.19, 100|3, 60, N/A, 176.57, 54|4, 56, N/A, 173.04, 100|5, 42, N/A, 27.33, 0|6, 39, N/A, 28.53, 0|
14:53:15 0, 60, N/A, 44.08, 18|1, 59, N/A, 153.30, 56|2, 59, N/A, 193.72, 100|3, 58, N/A, 43.31, 0|4, 56, N/A, 44.54, 0|5, 42, N/A, 27.35, 0|6, 39, N/A, 28.55, 0|
14:53:17 0, 61, N/A, 169.39, 100|1, 56, N/A, 46.81, 0|2, 59, N/A, 50.75, 0|3, 62, N/A, 172.12, 100|4, 58, N/A, 157.70, 100|5, 42, N/A, 27.33, 0|6, 39, N/A, 28.53, 0|
14:53:19 0, 60, N/A, 43.33, 0|1, 60, N/A, 188.56, 100|2, 61, N/A, 172.97, 100|3, 58, N/A, 43.06, 1|4, 56, N/A, 44.29, 0|5, 42, N/A, 27.35, 0|6, 39, N/A, 28.55, 0|
14:53:22 0, 62, N/A, 148.41, 100|1, 57, N/A, 47.06, 0|2, 58, N/A, 51.47, 0|3, 61, N/A, 48.48, 100|4, 57, N/A, 167.25, 11|5, 42, N/A, 27.35, 0|6, 39, N/A, 28.55, 0|
14:53:24 0, 59, N/A, 43.09, 0|1, 59, N/A, 49.49, 80|2, 61, N/A, 170.65, 70|3, 60, N/A, 176.20, 60|4, 55, N/A, 44.30, 0|5, 42, N/A, 27.35, 0|6, 39, N/A, 28.55, 0|
14:53:26 0, 63, N/A, 173.21, 72|1, 59, N/A, 162.13, 100|2, 58, N/A, 51.22, 0|3, 60, N/A, 44.54, 0|4, 59, N/A, 180.37, 100|5, 42, N/A, 27.35, 0|6, 39, N/A, 28.55, 0|
14:53:28 0, 59, N/A, 42.85, 0|1, 58, N/A, 48.26, 0|2, 62, N/A, 165.97, 100|3, 61, N/A, 177.90, 100|4, 56, N/A, 44.30, 1|5, 42, N/A, 27.35, 0|6, 39, N/A, 28.55, 0|
14:53:30 0, 63, N/A, 182.16, 100|1, 60, N/A, 184.47, 100|2, 58, N/A, 51.19, 2|3, 59, N/A, 44.02, 0|4, 60, N/A, 195.10, 100|5, 42, N/A, 27.35, 0|6, 39, N/A, 28.53, 0|
14:53:32 0, 59, N/A, 42.85, 0|1, 57, N/A, 47.52, 0|2, 62, N/A, 197.90, 100|3, 61, N/A, 57.30, 100|4, 56, N/A, 174.37, 0|5, 42, N/A, 27.35, 0|6, 39, N/A, 28.30, 0|
14:53:34 0, 63, N/A, 178.38, 100|1, 59, N/A, 49.74, 54|2, 59, N/A, 196.90, 0|3, 59, N/A, 43.56, 0|4, 57, N/A, 45.53, 5|5, 42, N/A, 27.37, 0|6, 39, N/A, 28.55, 0|
14:53:36 0, 61, N/A, 178.36, 77|1, 57, N/A, 47.52, 1|2, 61, N/A, 54.17, 15|3, 61, N/A, 170.46, 32|4, 58, N/A, 179.05, 100|5, 42, N/A, 27.33, 0|6, 39, N/A, 28.28, 0|
14:53:38 0, 61, N/A, 44.81, 52|1, 60, N/A, 166.93, 23|2, 61, N/A, 210.60, 100|3, 59, N/A, 43.56, 0|4, 57, N/A, 44.79, 0|5, 42, N/A, 27.35, 0|6, 38, N/A, 28.55, 0|
14:53:40 0, 61, N/A, 152.15, 100|1, 57, N/A, 47.27, 0|2, 60, N/A, 52.91, 0|3, 62, N/A, 158.78, 100|4, 59, N/A, 158.09, 100|5, 42, N/A, 27.32, 0|6, 38, N/A, 28.51, 0|
14:53:42 0, 60, N/A, 44.04, 0|1, 60, N/A, 177.26, 100|2, 61, N/A, 199.46, 100|3, 59, N/A, 43.53, 2|4, 56, N/A, 44.76, 0|5, 42, N/A, 27.33, 0|6, 38, N/A, 28.53, 0|
14:53:44 0, 62, N/A, 152.38, 100|1, 57, N/A, 47.25, 0|2, 59, N/A, 52.42, 0|3, 62, N/A, 185.50, 100|4, 59, N/A, 71.45, 100|5, 42, N/A, 27.32, 0|6, 38, N/A, 28.28, 0|
14:53:47 0, 60, N/A, 43.55, 0|1, 60, N/A, 161.43, 100|2, 61, N/A, 193.23, 100|3, 59, N/A, 43.53, 0|4, 56, N/A, 44.76, 0|5, 42, N/A, 27.33, 0|6, 38, N/A, 28.28, 0|
14:53:49 0, 63, N/A, 155.07, 100|1, 57, N/A, 47.24, 0|2, 59, N/A, 52.13, 0|3, 62, N/A, 178.66, 100|4, 57, N/A, 45.47, 65|5, 42, N/A, 27.32, 0|6, 38, N/A, 28.26, 0|
14:53:51 0, 60, N/A, 43.31, 0|1, 61, N/A, 158.01, 100|2, 61, N/A, 60.47, 100|3, 59, N/A, 170.20, 0|4, 56, N/A, 44.51, 0|5, 42, N/A, 27.33, 0|6, 38, N/A, 28.28, 0|
14:53:53 0, 62, N/A, 50.17, 81|1, 57, N/A, 187.06, 0|2, 59, N/A, 52.14, 0|3, 62, N/A, 49.16, 100|4, 58, N/A, 166.18, 0|5, 42, N/A, 27.33, 0|6, 38, N/A, 28.28, 0|
14:53:55 0, 60, N/A, 43.31, 0|1, 61, N/A, 57.06, 100|2, 61, N/A, 192.12, 20|3, 61, N/A, 160.51, 26|4, 56, N/A, 44.51, 0|5, 42, N/A, 27.32, 0|6, 38, N/A, 28.26, 0|
14:53:57 0, 61, N/A, 128.19, 100|1, 59, N/A, 172.61, 74|2, 59, N/A, 51.89, 0|3, 61, N/A, 45.47, 30|4, 59, N/A, 185.04, 17|5, 42, N/A, 27.32, 0|6, 38, N/A, 28.26, 0|
14:53:59 0, 59, N/A, 43.28, 0|1, 60, N/A, 49.68, 80|2, 61, N/A, 204.73, 66|3, 61, N/A, 147.04, 97|4, 56, N/A, 44.51, 0|5, 42, N/A, 27.32, 0|6, 38, N/A, 28.26, 0|
14:54:01 0, 62, N/A, 137.18, 27|1, 59, N/A, 181.90, 100|2, 59, N/A, 51.89, 0|3, 61, N/A, 44.97, 0|4, 59, N/A, 178.41, 89|5, 42, N/A, 27.32, 0|6, 38, N/A, 28.26, 0|
14:54:03 0, 60, N/A, 43.31, 0|1, 59, N/A, 49.19, 24|2, 62, N/A, 170.68, 100|3, 61, N/A, 154.22, 100|4, 56, N/A, 44.51, 0|5, 41, N/A, 27.33, 0|6, 38, N/A, 28.28, 0|
14:54:05 0, 59, N/A, 43.04, 0|1, 58, N/A, 48.45, 0|2, 61, N/A, 174.24, 87|3, 61, N/A, 44.98, 0|4, 59, N/A, 195.46, 100|5, 42, N/A, 27.32, 0|6, 38, N/A, 28.28, 0|
14:54:07 0, 62, N/A, 157.04, 100|1, 57, N/A, 47.00, 0|2, 58, N/A, 51.41, 0|3, 59, N/A, 43.75, 0|4, 57, N/A, 44.74, 0|5, 42, N/A, 27.32, 0|6, 38, N/A, 28.28, 0|
14:54:09 0, 58, N/A, 42.82, 0|1, 57, N/A, 47.22, 0|2, 61, N/A, 165.13, 100|3, 58, N/A, 37.63, 0|4, 55, N/A, 38.12, 0|5, 41, N/A, 27.33, 0|6, 38, N/A, 28.28, 0|
14:54:12 0, 58, N/A, 37.41, 0|1, 56, N/A, 40.63, 0|2, 58, N/A, 51.44, 0|3, 59, N/A, 44.27, 0|4, 59, N/A, 59.00, 99|5, 41, N/A, 27.33, 0|6, 38, N/A, 28.28, 0|
14:54:14 0, 58, N/A, 37.92, 24|1, 56, N/A, 42.85, 16|2, 59, N/A, 60.30, 17|3, 59, N/A, 67.60, 22|4, 57, N/A, 160.00, 27|5, 41, N/A, 27.10, 0|6, 38, N/A, 28.30, 0|
14:54:16 0, 58, N/A, 40.38, 24|1, 56, N/A, 51.96, 20|2, 58, N/A, 100.56, 18|3, 59, N/A, 137.27, 22|4, 56, N/A, 50.42, 16|5, 41, N/A, 27.35, 0|6, 38, N/A, 28.30, 0|
14:54:18 0, 58, N/A, 58.86, 24|1, 56, N/A, 106.94, 23|2, 58, N/A, 108.61, 22|3, 59, N/A, 44.30, 11|4, 56, N/A, 46.79, 18|5, 41, N/A, 27.10, 0|6, 38, N/A, 28.30, 0|
14:54:20 0, 57, N/A, 106.69, 13|1, 55, N/A, 40.90, 23|2, 58, N/A, 52.98, 22|3, 59, N/A, 46.27, 11|4, 56, N/A, 56.12, 28|5, 41, N/A, 27.12, 0|6, 38, N/A, 28.32, 0|
14:54:22 0, 57, N/A, 37.21, 12|1, 55, N/A, 41.40, 23|2, 57, N/A, 54.42, 11|3, 58, N/A, 50.70, 11|4, 56, N/A, 74.05, 28|5, 41, N/A, 27.37, 0|6, 38, N/A, 28.32, 0|
14:54:24 0, 57, N/A, 38.19, 24|1, 55, N/A, 44.85, 12|2, 58, N/A, 70.40, 11|3, 58, N/A, 98.53, 22|4, 56, N/A, 127.57, 14|5, 41, N/A, 27.37, 0|6, 38, N/A, 28.32, 0|
14:54:26 0, 57, N/A, 49.01, 24|1, 55, N/A, 85.36, 16|2, 57, N/A, 139.91, 22|3, 58, N/A, 43.83, 22|4, 56, N/A, 45.80, 14|5, 41, N/A, 27.37, 0|6, 38, N/A, 28.32, 0|
14:54:28 0, 56, N/A, 110.08, 19|1, 54, N/A, 40.41, 23|2, 57, N/A, 52.21, 22|3, 58, N/A, 45.28, 14|4, 56, N/A, 53.65, 28|5, 41, N/A, 27.35, 0|6, 38, N/A, 28.32, 0|
14:54:30 0, 56, N/A, 37.21, 16|1, 54, N/A, 41.40, 23|2, 57, N/A, 56.64, 21|3, 58, N/A, 55.37, 11|4, 56, N/A, 110.26, 28|5, 41, N/A, 27.12, 0|6, 38, N/A, 28.32, 0|
14:54:32 0, 56, N/A, 39.18, 13|1, 54, N/A, 48.51, 17|2, 57, N/A, 91.52, 17|3, 58, N/A, 140.94, 22|4, 56, N/A, 59.53, 27|5, 41, N/A, 27.35, 0|6, 38, N/A, 28.30, 0|
14:54:34 0, 56, N/A, 53.44, 24|1, 54, N/A, 101.04, 14|2, 56, N/A, 116.72, 19|3, 58, N/A, 43.56, 22|4, 56, N/A, 46.03, 23|5, 41, N/A, 27.12, 0|6, 38, N/A, 28.30, 0|
14:54:37 0, 56, N/A, 100.80, 24|1, 54, N/A, 40.16, 23|2, 56, N/A, 49.77, 23|3, 57, N/A, 45.04, 20|4, 56, N/A, 53.66, 20|5, 41, N/A, 27.12, 0|6, 38, N/A, 28.32, 0|
14:54:39 0, 56, N/A, 36.94, 24|1, 53, N/A, 41.15, 23|2, 56, N/A, 56.89, 23|3, 58, N/A, 60.51, 16|4, 55, N/A, 136.14, 25|5, 41, N/A, 27.10, 0|6, 38, N/A, 28.30, 0|
14:54:41 0, 55, N/A, 39.42, 22|1, 53, N/A, 50.24, 23|2, 56, N/A, 97.85, 23|3, 57, N/A, 135.14, 19|4, 55, N/A, 44.55, 28|5, 41, N/A, 27.10, 0|6, 38, N/A, 28.30, 0|
14:54:43 0, 55, N/A, 66.21, 14|1, 53, N/A, 121.87, 21|2, 56, N/A, 74.05, 11|3, 57, N/A, 43.56, 19|4, 56, N/A, 47.04, 28|5, 41, N/A, 27.12, 0|6, 38, N/A, 28.32, 0|
14:54:45 0, 55, N/A, 61.53, 16|1, 53, N/A, 40.16, 20|2, 56, N/A, 52.70, 11|3, 57, N/A, 48.73, 22|4, 56, N/A, 73.31, 23|5, 41, N/A, 27.12, 0|6, 38, N/A, 28.32, 0|
14:54:47 0, 55, N/A, 37.21, 24|1, 53, N/A, 43.12, 23|2, 56, N/A, 67.69, 13|3, 57, N/A, 91.40, 22|4, 55, N/A, 131.98, 22|5, 41, N/A, 27.10, 0|6, 38, N/A, 28.30, 0|
14:54:49 0, 55, N/A, 48.51, 24|1, 53, N/A, 84.87, 23|2, 56, N/A, 134.10, 23|3, 57, N/A, 43.34, 11|4, 55, N/A, 45.80, 27|5, 41, N/A, 27.10, 0|6, 38, N/A, 28.32, 0|
14:54:51 0, 55, N/A, 96.12, 12|1, 53, N/A, 39.92, 23|2, 56, N/A, 51.72, 23|3, 57, N/A, 46.02, 15|4, 56, N/A, 59.81, 28|5, 41, N/A, 27.12, 0|6, 38, N/A, 28.32, 0|
14:54:53 0, 55, N/A, 37.21, 13|1, 53, N/A, 41.64, 23|2, 56, N/A, 61.32, 11|3, 57, N/A, 68.62, 20|4, 55, N/A, 161.74, 27|5, 41, N/A, 27.11, 0|6, 38, N/A, 28.32, 0|
14:54:55 0, 55, N/A, 56.15, 24|1, 53, N/A, 115.97, 21|2, 56, N/A, 76.75, 17|3, 57, N/A, 43.31, 18|4, 55, N/A, 40.14, 25|5, 41, N/A, 27.10, 0|6, 38, N/A, 28.32, 0|
14:54:57 0, 55, N/A, 65.97, 24|1, 53, N/A, 115.00, 12|2, 55, N/A, 42.38, 24|3, 57, N/A, 37.68, 24|4, 55, N/A, 41.12, 15|5, 41, N/A, 27.37, 0|6, 38, N/A, 28.32, 0|
14:54:59 0, 55, N/A, 110.33, 20|1, 53, N/A, 43.61, 23|2, 56, N/A, 42.87, 22|3, 56, N/A, 38.42, 16|4, 55, N/A, 46.27, 15|5, 41, N/A, 27.10, 0|6, 38, N/A, 28.32, 0|
14:55:02 0, 55, N/A, 36.47, 24|1, 53, N/A, 39.92, 21|2, 55, N/A, 44.11, 24|3, 57, N/A, 42.83, 24|4, 55, N/A, 74.25, 26|5, 41, N/A, 27.35, 0|6, 38, N/A, 28.32, 0|
14:55:04 0, 55, N/A, 36.71, 24|1, 53, N/A, 41.40, 23|2, 56, N/A, 49.74, 24|3, 57, N/A, 61.24, 12|4, 55, N/A, 123.46, 19|5, 41, N/A, 27.35, 0|6, 38, N/A, 28.30, 0|
14:55:06 0, 55, N/A, 38.93, 14|1, 53, N/A, 49.28, 23|2, 56, N/A, 77.78, 23|3, 56, N/A, 105.34, 12|4, 55, N/A, 43.59, 29|5, 41, N/A, 27.12, 0|6, 38, N/A, 28.32, 0|
14:55:08 0, 55, N/A, 44.60, 22|1, 53, N/A, 70.88, 15|2, 55, N/A, 119.43, 24|3, 56, N/A, 37.19, 21|4, 55, N/A, 39.40, 29|5, 42, N/A, 27.12, 0|6, 38, N/A, 28.32, 0|
14:55:10 0, 55, N/A, 69.90, 12|1, 53, N/A, 110.08, 19|2, 55, N/A, 42.63, 12|3, 56, N/A, 37.68, 17|4, 55, N/A, 41.37, 29|5, 42, N/A, 27.37, 0|6, 38, N/A, 28.32, 0|
14:55:12 0, 55, N/A, 105.16, 12|1, 53, N/A, 39.92, 12|2, 55, N/A, 42.87, 12|3, 57, N/A, 38.66, 24|4, 56, N/A, 47.99, 29|5, 42, N/A, 27.35, 0|6, 38, N/A, 28.32, 0|
14:55:14 0, 55, N/A, 37.70, 24|1, 53, N/A, 39.92, 12|2, 55, N/A, 43.86, 20|3, 57, N/A, 41.59, 24|4, 56, N/A, 66.67, 15|5, 42, N/A, 27.35, 0|6, 38, N/A, 28.32, 0|
14:55:16 0, 55, N/A, 36.71, 21|1, 53, N/A, 41.15, 20|2, 56, N/A, 48.05, 15|3, 57, N/A, 55.62, 19|4, 56, N/A, 130.25, 20|5, 42, N/A, 27.12, 0|6, 38, N/A, 28.32, 0|
14:55:18 0, 55, N/A, 38.19, 24|1, 53, N/A, 46.82, 14|2, 56, N/A, 68.67, 12|3, 56, N/A, 114.36, 24|4, 56, N/A, 50.92, 19|5, 42, N/A, 27.12, 0|6, 38, N/A, 28.32, 0|
14:55:20 0, 55, N/A, 44.33, 24|1, 53, N/A, 69.41, 12|2, 55, N/A, 121.89, 24|3, 56, N/A, 36.92, 12|4, 56, N/A, 39.40, 15|5, 42, N/A, 27.37, 0|6, 38, N/A, 28.32, 0|
14:55:22 0, 55, N/A, 69.66, 17|1, 53, N/A, 116.47, 23|2, 55, N/A, 42.38, 24|3, 56, N/A, 37.68, 14|4, 56, N/A, 40.88, 29|5, 42, N/A, 27.37, 0|6, 38, N/A, 28.32, 0|
14:55:24 0, 55, N/A, 100.79, 22|1, 53, N/A, 39.67, 23|2, 55, N/A, 42.88, 24|3, 56, N/A, 39.15, 22|4, 56, N/A, 49.96, 29|5, 42, N/A, 27.37, 0|6, 38, N/A, 28.32, 0|
14:55:27 0, 55, N/A, 36.71, 12|1, 53, N/A, 40.16, 23|2, 55, N/A, 44.36, 24|3, 57, N/A, 44.55, 12|4, 56, N/A, 84.82, 21|5, 42, N/A, 27.37, 0|6, 38, N/A, 28.32, 0|
14:55:29 0, 55, N/A, 36.96, 13|1, 53, N/A, 42.38, 23|2, 55, N/A, 52.95, 20|3, 57, N/A, 72.27, 12|4, 56, N/A, 110.20, 29|5, 42, N/A, 27.35, 0|6, 38, N/A, 28.30, 0|
14:55:31 0, 55, N/A, 39.92, 19|1, 53, N/A, 53.19, 12|2, 55, N/A, 92.74, 24|3, 56, N/A, 91.15, 23|4, 56, N/A, 38.91, 29|5, 42, N/A, 27.35, 0|6, 38, N/A, 28.32, 0|
14:55:33 0, 55, N/A, 45.31, 12|1, 54, N/A, 73.10, 17|2, 55, N/A, 117.46, 12|3, 56, N/A, 37.19, 18|4, 56, N/A, 39.40, 29|5, 42, N/A, 27.37, 0|6, 38, N/A, 28.32, 0|
14:55:35 0, 55, N/A, 67.44, 12|1, 53, N/A, 114.75, 12|2, 55, N/A, 42.38, 12|3, 56, N/A, 37.43, 24|4, 56, N/A, 41.12, 29|5, 42, N/A, 27.37, 0|6, 38, N/A, 28.32, 0|
14:55:37 0, 55, N/A, 87.33, 24|1, 53, N/A, 39.92, 12|2, 55, N/A, 42.88, 24|3, 56, N/A, 39.40, 24|4, 56, N/A, 50.95, 15|5, 42, N/A, 27.37, 0|6, 38, N/A, 28.32, 0|
14:55:39 0, 55, N/A, 36.71, 24|1, 53, N/A, 40.41, 23|2, 55, N/A, 45.58, 20|3, 56, N/A, 46.27, 15|4, 56, N/A, 98.05, 16|5, 42, N/A, 27.35, 0|6, 38, N/A, 28.32, 0|
14:55:41 0, 55, N/A, 37.21, 24|1, 53, N/A, 43.61, 21|2, 55, N/A, 56.65, 24|3, 56, N/A, 87.71, 18|4, 56, N/A, 95.83, 25|5, 42, N/A, 27.37, 0|6, 38, N/A, 28.32, 0|
14:55:43 0, 55, N/A, 42.13, 24|1, 53, N/A, 61.56, 23|2, 55, N/A, 127.72, 24|3, 56, N/A, 63.46, 12|4, 56, N/A, 39.40, 21|5, 42, N/A, 27.37, 0|6, 38, N/A, 28.32, 0|
14:55:45 0, 55, N/A, 68.92, 12|1, 53, N/A, 113.27, 23|2, 55, N/A, 42.13, 24|3, 56, N/A, 37.43, 12|4, 56, N/A, 40.88, 29|5, 42, N/A, 27.37, 0|6, 38, N/A, 28.57, 0|
14:55:47 0, 55, N/A, 101.29, 12|1, 53, N/A, 39.67, 23|2, 55, N/A, 42.88, 23|3, 56, N/A, 38.91, 24|4, 56, N/A, 48.27, 29|5, 42, N/A, 27.37, 0|6, 38, N/A, 28.32, 0|
14:55:50 0, 55, N/A, 36.47, 19|1, 53, N/A, 40.16, 14|2, 55, N/A, 44.35, 24|3, 56, N/A, 44.55, 21|4, 56, N/A, 78.92, 24|5, 42, N/A, 27.35, 0|6, 39, N/A, 28.32, 0|
14:55:52 0, 55, N/A, 37.21, 12|1, 53, N/A, 42.87, 18|2, 55, N/A, 53.69, 12|3, 56, N/A, 77.19, 17|4, 56, N/A, 114.14, 29|5, 42, N/A, 27.37, 0|6, 39, N/A, 28.32, 0|
14:55:54 0, 55, N/A, 40.41, 24|1, 53, N/A, 54.67, 13|2, 55, N/A, 100.32, 12|3, 56, N/A, 94.10, 24|4, 56, N/A, 38.91, 15|5, 42, N/A, 27.37, 0|6, 39, N/A, 28.55, 0|
14:55:56 0, 57, N/A, 160.19, 100|1, 52, N/A, 38.93, 0|2, 54, N/A, 41.64, 0|3, 56, N/A, 36.69, 0|4, 55, N/A, 38.17, 0|5, 42, N/A, 27.35, 0|6, 39, N/A, 28.30, 0|
14:55:58 0, 57, N/A, 42.35, 0|1, 57, N/A, 164.34, 100|2, 57, N/A, 160.82, 100|3, 55, N/A, 36.44, 0|4, 55, N/A, 37.67, 0|5, 42, N/A, 27.35, 0|6, 39, N/A, 28.30, 0|
14:56:00 0, 58, N/A, 159.74, 100|1, 54, N/A, 45.55, 0|2, 56, N/A, 49.98, 0|3, 60, N/A, 186.23, 100|4, 58, N/A, 194.82, 100|5, 42, N/A, 27.32, 0|6, 39, N/A, 28.28, 0|
14:56:02 0, 57, N/A, 42.59, 0|1, 58, N/A, 161.53, 100|2, 58, N/A, 194.42, 100|3, 56, N/A, 42.54, 2|4, 56, N/A, 44.76, 0|5, 42, N/A, 27.33, 0|6, 39, N/A, 28.53, 0|
14:56:04 0, 59, N/A, 160.71, 100|1, 54, N/A, 45.80, 0|2, 57, N/A, 50.20, 0|3, 61, N/A, 175.84, 100|4, 59, N/A, 159.31, 100|5, 42, N/A, 27.32, 0|6, 39, N/A, 28.26, 0|
14:56:06 0, 58, N/A, 42.08, 0|1, 59, N/A, 162.42, 100|2, 59, N/A, 167.10, 100|3, 57, N/A, 43.04, 2|4, 57, N/A, 44.76, 0|5, 42, N/A, 27.33, 0|6, 39, N/A, 28.28, 0|
14:56:08 0, 59, N/A, 153.62, 100|1, 55, N/A, 46.29, 0|2, 58, N/A, 50.69, 0|3, 61, N/A, 177.79, 100|4, 59, N/A, 161.50, 100|5, 42, N/A, 27.32, 0|6, 39, N/A, 28.26, 0|
14:56:10 0, 58, N/A, 43.31, 0|1, 59, N/A, 190.15, 100|2, 60, N/A, 179.97, 100|3, 58, N/A, 42.79, 2|4, 57, N/A, 45.25, 0|5, 42, N/A, 27.33, 0|6, 39, N/A, 28.53, 0|
14:56:12 0, 60, N/A, 139.64, 100|1, 55, N/A, 46.26, 0|2, 59, N/A, 51.42, 0|3, 61, N/A, 163.11, 100|4, 60, N/A, 180.40, 100|5, 42, N/A, 27.32, 0|6, 39, N/A, 28.51, 0|
14:56:15 0, 59, N/A, 43.56, 0|1, 59, N/A, 148.78, 100|2, 60, N/A, 178.75, 100|3, 58, N/A, 43.04, 0|4, 58, N/A, 45.25, 0|5, 42, N/A, 27.33, 0|6, 39, N/A, 28.53, 0|
14:56:17 0, 60, N/A, 157.03, 100|1, 56, N/A, 46.29, 0|2, 59, N/A, 52.66, 0|3, 61, N/A, 165.31, 100|4, 61, N/A, 169.74, 100|5, 42, N/A, 27.32, 0|6, 39, N/A, 28.51, 0|
14:56:19 0, 60, N/A, 44.02, 0|1, 60, N/A, 183.28, 69|2, 61, N/A, 187.47, 100|3, 59, N/A, 43.53, 0|4, 59, N/A, 45.96, 0|5, 42, N/A, 27.33, 0|6, 39, N/A, 28.53, 0|
14:56:21 0, 61, N/A, 175.81, 100|1, 57, N/A, 47.00, 0|2, 60, N/A, 53.40, 24|3, 62, N/A, 173.52, 100|4, 60, N/A, 146.81, 100|5, 42, N/A, 27.32, 0|6, 39, N/A, 28.51, 0|
14:56:23 0, 61, N/A, 44.51, 73|1, 60, N/A, 182.41, 23|2, 61, N/A, 207.04, 100|3, 59, N/A, 43.77, 0|4, 59, N/A, 45.99, 0|5, 42, N/A, 27.33, 0|6, 39, N/A, 28.53, 0|
14:56:25 0, 60, N/A, 152.38, 75|1, 57, N/A, 47.49, 2|2, 62, N/A, 54.87, 100|3, 62, N/A, 175.46, 31|4, 60, N/A, 191.30, 100|5, 42, N/A, 27.32, 0|6, 39, N/A, 28.51, 0|
14:56:27 0, 63, N/A, 147.06, 100|1, 59, N/A, 49.18, 100|2, 61, N/A, 156.80, 48|3, 60, N/A, 43.75, 0|4, 60, N/A, 46.48, 0|5, 42, N/A, 27.33, 0|6, 39, N/A, 28.53, 0|
14:56:29 0, 59, N/A, 43.06, 0|1, 58, N/A, 47.74, 0|2, 64, N/A, 196.28, 100|3, 61, N/A, 45.47, 72|4, 59, N/A, 167.86, 0|5, 42, N/A, 27.33, 0|6, 39, N/A, 28.53, 0|
14:56:31 0, 63, N/A, 179.48, 100|1, 60, N/A, 158.98, 100|2, 59, N/A, 51.89, 0|3, 60, N/A, 44.24, 0|4, 60, N/A, 47.44, 58|5, 42, N/A, 27.32, 0|6, 39, N/A, 28.51, 0|
14:56:33 0, 59, N/A, 43.04, 0|1, 58, N/A, 47.71, 0|2, 63, N/A, 176.77, 100|3, 63, N/A, 184.89, 100|4, 58, N/A, 45.22, 0|5, 42, N/A, 27.32, 0|6, 39, N/A, 28.26, 0|
14:56:35 0, 63, N/A, 155.46, 100|1, 60, N/A, 191.34, 100|2, 59, N/A, 51.85, 0|3, 60, N/A, 43.96, 0|4, 62, N/A, 188.83, 100|5, 42, N/A, 27.30, 0|6, 38, N/A, 28.49, 0|
14:56:37 0, 59, N/A, 43.06, 0|1, 58, N/A, 47.99, 0|2, 63, N/A, 183.66, 100|3, 62, N/A, 142.81, 100|4, 58, N/A, 45.25, 2|5, 42, N/A, 27.33, 0|6, 39, N/A, 28.53, 0|
14:56:40 0, 63, N/A, 144.85, 100|1, 60, N/A, 160.05, 100|2, 59, N/A, 52.14, 0|3, 60, N/A, 44.73, 0|4, 62, N/A, 161.99, 100|5, 42, N/A, 27.32, 0|6, 38, N/A, 28.51, 0|
14:56:42 0, 59, N/A, 43.04, 0|1, 59, N/A, 48.45, 0|2, 63, N/A, 202.65, 100|3, 62, N/A, 154.14, 100|4, 58, N/A, 45.47, 0|5, 42, N/A, 27.32, 0|6, 38, N/A, 28.53, 0|
14:56:44 0, 62, N/A, 162.32, 71|1, 59, N/A, 160.69, 92|2, 59, N/A, 52.13, 0|3, 61, N/A, 44.97, 0|4, 61, N/A, 151.21, 100|5, 42, N/A, 27.32, 0|6, 38, N/A, 28.26, 0|
14:56:46 0, 59, N/A, 43.28, 0|1, 60, N/A, 49.92, 49|2, 63, N/A, 191.77, 60|3, 61, N/A, 158.06, 82|4, 58, N/A, 45.47, 0|5, 42, N/A, 27.32, 0|6, 38, N/A, 28.26, 0|
14:56:48 0, 63, N/A, 178.28, 100|1, 57, N/A, 47.22, 0|2, 60, N/A, 52.38, 0|3, 63, N/A, 55.97, 100|4, 59, N/A, 169.87, 0|5, 42, N/A, 27.30, 0|6, 38, N/A, 28.25, 0|
14:56:50 0, 60, N/A, 43.53, 0|1, 61, N/A, 196.25, 100|2, 63, N/A, 200.80, 100|3, 59, N/A, 43.77, 0|4, 58, N/A, 45.49, 0|5, 42, N/A, 27.33, 0|6, 38, N/A, 28.28, 0|
14:56:52 0, 62, N/A, 162.08, 100|1, 57, N/A, 47.25, 0|2, 60, N/A, 52.91, 0|3, 63, N/A, 175.48, 100|4, 62, N/A, 100.56, 100|5, 42, N/A, 27.32, 0|6, 38, N/A, 28.26, 0|
14:56:54 0, 61, N/A, 44.02, 0|1, 61, N/A, 179.71, 100|2, 62, N/A, 197.38, 100|3, 59, N/A, 43.77, 3|4, 59, N/A, 45.99, 0|5, 42, N/A, 27.33, 0|6, 38, N/A, 28.28, 0|
14:56:56 0, 62, N/A, 163.54, 100|1, 57, N/A, 47.24, 0|2, 61, N/A, 53.86, 0|3, 63, N/A, 158.44, 100|4, 61, N/A, 203.87, 100|5, 42, N/A, 27.30, 0|6, 38, N/A, 28.25, 0|
14:56:58 0, 62, N/A, 45.00, 91|1, 60, N/A, 191.10, 72|2, 61, N/A, 163.06, 100|3, 60, N/A, 43.99, 0|4, 59, N/A, 46.21, 0|5, 42, N/A, 27.32, 0|6, 38, N/A, 28.26, 0|
14:57:00 0, 59, N/A, 175.05, 13|1, 58, N/A, 47.71, 0|2, 64, N/A, 153.19, 100|3, 61, N/A, 89.25, 42|4, 60, N/A, 187.49, 100|5, 42, N/A, 27.32, 0|6, 38, N/A, 28.26, 0|
14:57:02 0, 63, N/A, 167.97, 100|1, 61, N/A, 156.77, 100|2, 59, N/A, 52.13, 0|3, 60, N/A, 44.24, 0|4, 61, N/A, 47.93, 100|5, 42, N/A, 27.32, 0|6, 38, N/A, 28.26, 0|
14:57:05 0, 59, N/A, 43.06, 0|1, 58, N/A, 47.96, 0|2, 64, N/A, 204.47, 100|3, 62, N/A, 167.61, 100|4, 58, N/A, 45.25, 0|5, 41, N/A, 27.32, 0|6, 38, N/A, 28.28, 0|
14:57:07 0, 63, N/A, 180.31, 100|1, 60, N/A, 195.24, 100|2, 60, N/A, 52.35, 0|3, 61, N/A, 44.70, 0|4, 62, N/A, 166.04, 100|5, 42, N/A, 27.32, 0|6, 38, N/A, 28.26, 0|
14:57:09 0, 60, N/A, 43.28, 0|1, 59, N/A, 48.94, 0|2, 63, N/A, 192.50, 90|3, 62, N/A, 185.00, 100|4, 58, N/A, 45.47, 0|5, 42, N/A, 27.32, 0|6, 38, N/A, 28.26, 0|
14:57:11 0, 61, N/A, 44.98, 71|1, 59, N/A, 190.36, 0|2, 60, N/A, 52.60, 0|3, 62, N/A, 46.18, 24|4, 61, N/A, 179.16, 32|5, 41, N/A, 27.32, 0|6, 38, N/A, 28.26, 0|
14:57:13 0, 60, N/A, 43.55, 0|1, 61, N/A, 165.74, 100|2, 64, N/A, 200.20, 100|3, 60, N/A, 43.77, 0|4, 58, N/A, 45.74, 0|5, 42, N/A, 27.33, 0|6, 38, N/A, 28.28, 0|
14:57:15 0, 63, N/A, 146.25, 100|1, 57, N/A, 47.24, 0|2, 61, N/A, 53.37, 0|3, 63, N/A, 144.35, 100|4, 62, N/A, 94.66, 100|5, 41, N/A, 27.32, 0|6, 38, N/A, 28.26, 0|
14:57:17 0, 61, N/A, 44.02, 0|1, 60, N/A, 187.70, 100|2, 63, N/A, 202.51, 100|3, 60, N/A, 44.27, 3|4, 59, N/A, 45.99, 0|5, 41, N/A, 27.08, 0|6, 38, N/A, 28.28, 0|
14:57:19 0, 62, N/A, 159.73, 100|1, 57, N/A, 47.49, 1|2, 62, N/A, 54.84, 0|3, 63, N/A, 179.88, 57|4, 61, N/A, 174.04, 100|5, 41, N/A, 27.05, 0|6, 38, N/A, 28.26, 0|
14:57:21 0, 64, N/A, 179.37, 100|1, 59, N/A, 49.68, 44|2, 62, N/A, 202.51, 13|3, 60, N/A, 44.24, 0|4, 60, N/A, 46.94, 30|5, 41, N/A, 27.32, 0|6, 38, N/A, 28.26, 0|
14:57:23 0, 59, N/A, 43.28, 0|1, 58, N/A, 47.71, 0|2, 64, N/A, 163.31, 100|3, 63, N/A, 145.57, 100|4, 58, N/A, 45.22, 0|5, 41, N/A, 27.32, 0|6, 38, N/A, 28.26, 0|
14:57:25 0, 63, N/A, 161.34, 100|1, 60, N/A, 158.00, 100|2, 60, N/A, 52.35, 0|3, 60, N/A, 44.70, 0|4, 62, N/A, 160.91, 100|5, 41, N/A, 27.30, 0|6, 38, N/A, 28.25, 0|
14:57:28 0, 60, N/A, 43.31, 0|1, 59, N/A, 48.97, 0|2, 63, N/A, 180.72, 100|3, 62, N/A, 150.47, 100|4, 58, N/A, 45.99, 0|5, 41, N/A, 27.33, 0|6, 38, N/A, 28.28, 0|
14:57:30 0, 62, N/A, 45.00, 100|1, 59, N/A, 189.51, 69|2, 60, N/A, 52.63, 0|3, 62, N/A, 46.21, 62|4, 60, N/A, 151.07, 0|5, 41, N/A, 27.08, 0|6, 38, N/A, 28.28, 0|
14:57:32 0, 60, N/A, 43.55, 0|1, 62, N/A, 193.30, 100|2, 63, N/A, 203.00, 100|3, 60, N/A, 44.02, 0|4, 58, N/A, 45.49, 0|5, 41, N/A, 27.33, 0|6, 38, N/A, 28.28, 0|
14:57:34 0, 63, N/A, 145.26, 100|1, 57, N/A, 47.49, 0|2, 61, N/A, 53.86, 0|3, 64, N/A, 181.35, 100|4, 61, N/A, 187.13, 100|5, 41, N/A, 27.30, 0|6, 38, N/A, 28.25, 0|
14:57:36 0, 62, N/A, 44.76, 0|1, 60, N/A, 153.84, 88|2, 63, N/A, 209.38, 100|3, 60, N/A, 43.99, 0|4, 59, N/A, 46.21, 0|5, 41, N/A, 27.33, 0|6, 38, N/A, 28.28, 0|
14:57:38 0, 60, N/A, 150.64, 0|1, 58, N/A, 47.95, 3|2, 65, N/A, 205.45, 100|3, 61, N/A, 45.44, 3|4, 60, N/A, 168.99, 82|5, 41, N/A, 27.07, 0|6, 38, N/A, 28.26, 0|
14:57:40 0, 64, N/A, 145.74, 100|1, 61, N/A, 185.71, 100|2, 60, N/A, 52.35, 0|3, 60, N/A, 44.46, 0|4, 63, N/A, 187.87, 100|5, 41, N/A, 27.07, 0|6, 38, N/A, 28.26, 0|
14:57:42 0, 60, N/A, 43.28, 0|1, 59, N/A, 48.45, 0|2, 64, N/A, 177.03, 100|3, 63, N/A, 140.51, 100|4, 58, N/A, 45.22, 3|5, 41, N/A, 27.32, 0|6, 38, N/A, 28.26, 0|
14:57:44 0, 62, N/A, 176.67, 58|1, 59, N/A, 156.67, 100|2, 60, N/A, 52.59, 0|3, 62, N/A, 45.44, 0|4, 62, N/A, 186.65, 100|5, 41, N/A, 27.05, 0|6, 38, N/A, 28.26, 0|
14:57:46 0, 60, N/A, 43.56, 0|1, 62, N/A, 173.61, 100|2, 64, N/A, 75.66, 100|3, 60, N/A, 145.08, 11|4, 58, N/A, 45.25, 0|5, 41, N/A, 27.08, 0|6, 38, N/A, 28.28, 0|
14:57:48 0, 63, N/A, 189.53, 100|1, 57, N/A, 47.49, 0|2, 61, N/A, 53.61, 0|3, 64, N/A, 166.67, 100|4, 62, N/A, 193.96, 100|5, 41, N/A, 27.05, 0|6, 38, N/A, 28.26, 0|
14:57:50 0, 61, N/A, 44.51, 0|1, 61, N/A, 160.69, 94|2, 63, N/A, 207.32, 100|3, 60, N/A, 44.02, 0|4, 59, N/A, 45.99, 0|5, 41, N/A, 27.33, 0|6, 38, N/A, 28.28, 0|
14:57:53 0, 60, N/A, 175.18, 0|1, 58, N/A, 47.95, 3|2, 65, N/A, 210.79, 100|3, 61, N/A, 45.44, 4|4, 61, N/A, 165.55, 63|5, 41, N/A, 27.07, 0|6, 38, N/A, 28.26, 0|
14:57:55 0, 64, N/A, 176.18, 100|1, 61, N/A, 171.36, 100|2, 60, N/A, 52.59, 0|3, 61, N/A, 44.70, 0|4, 62, N/A, 190.55, 100|5, 41, N/A, 27.05, 0|6, 38, N/A, 28.25, 0|
14:57:57 0, 60, N/A, 43.28, 0|1, 59, N/A, 48.45, 0|2, 65, N/A, 184.27, 100|3, 63, N/A, 179.15, 100|4, 58, N/A, 45.47, 3|5, 41, N/A, 27.07, 0|6, 37, N/A, 28.26, 0|
14:57:59 0, 61, N/A, 64.15, 0|1, 59, N/A, 149.50, 70|2, 61, N/A, 52.84, 0|3, 62, N/A, 45.96, 82|4, 61, N/A, 186.51, 69|5, 41, N/A, 27.07, 0|6, 37, N/A, 28.26, 0|
14:58:01 0, 61, N/A, 43.55, 0|1, 62, N/A, 192.84, 100|2, 64, N/A, 204.22, 100|3, 60, N/A, 44.02, 0|4, 58, N/A, 45.74, 0|5, 41, N/A, 27.08, 0|6, 38, N/A, 28.28, 0|
14:58:03 0, 63, N/A, 176.67, 100|1, 57, N/A, 47.49, 0|2, 62, N/A, 54.35, 0|3, 63, N/A, 153.55, 100|4, 61, N/A, 168.42, 100|5, 41, N/A, 27.05, 0|6, 38, N/A, 28.25, 0|
14:58:05 0, 63, N/A, 46.23, 100|1, 60, N/A, 175.19, 30|2, 63, N/A, 199.09, 100|3, 60, N/A, 44.48, 0|4, 59, N/A, 46.45, 0|5, 41, N/A, 27.07, 0|6, 38, N/A, 28.26, 0|
14:58:07 0, 60, N/A, 43.28, 0|1, 58, N/A, 47.71, 0|2, 64, N/A, 177.90, 100|3, 63, N/A, 52.56, 100|4, 58, N/A, 190.29, 0|5, 41, N/A, 27.07, 0|6, 37, N/A, 28.26, 0|
14:58:09 0, 63, N/A, 180.34, 100|1, 60, N/A, 147.93, 100|2, 60, N/A, 52.84, 4|3, 61, N/A, 44.95, 0|4, 62, N/A, 182.48, 100|5, 41, N/A, 27.05, 0|6, 37, N/A, 28.25, 0|
14:58:11 0, 60, N/A, 43.28, 0|1, 60, N/A, 49.92, 57|2, 64, N/A, 195.06, 95|3, 63, N/A, 141.25, 100|4, 58, N/A, 45.47, 0|5, 41, N/A, 27.07, 0|6, 38, N/A, 28.26, 0|
14:58:13 0, 64, N/A, 156.70, 100|1, 57, N/A, 47.22, 0|2, 61, N/A, 53.61, 0|3, 64, N/A, 175.72, 100|4, 60, N/A, 46.67, 10|5, 41, N/A, 27.05, 0|6, 37, N/A, 28.25, 0|
14:58:15 0, 61, N/A, 44.27, 0|1, 61, N/A, 187.46, 100|2, 64, N/A, 204.47, 100|3, 60, N/A, 44.27, 4|4, 59, N/A, 45.99, 0|5, 41, N/A, 27.33, 0|6, 38, N/A, 28.28, 0|
14:58:18 0, 62, N/A, 178.39, 100|1, 58, N/A, 47.74, 4|2, 64, N/A, 57.54, 100|3, 62, N/A, 151.19, 32|4, 61, N/A, 152.85, 100|5, 41, N/A, 27.07, 0|6, 37, N/A, 28.25, 0|
14:58:20 0, 60, N/A, 43.77, 0|1, 61, N/A, 154.57, 100|2, 60, N/A, 52.63, 0|3, 61, N/A, 44.73, 0|4, 63, N/A, 190.17, 100|5, 41, N/A, 27.07, 0|6, 37, N/A, 28.26, 0|
14:58:22 0, 59, N/A, 42.79, 0|1, 57, N/A, 47.49, 0|2, 62, N/A, 54.36, 0|3, 63, N/A, 172.65, 100|4, 58, N/A, 45.23, 0|5, 41, N/A, 27.07, 0|6, 37, N/A, 28.26, 0|
14:58:24 0, 60, N/A, 150.52, 100|1, 56, N/A, 40.60, 4|2, 60, N/A, 52.38, 6|3, 60, N/A, 44.49, 4|4, 59, N/A, 46.46, 0|5, 41, N/A, 27.08, 0|6, 38, N/A, 28.03, 0|
14:58:26 0, 59, N/A, 43.31, 0|1, 60, N/A, 156.54, 100|2, 59, N/A, 44.02, 0|3, 59, N/A, 38.12, 0|4, 57, N/A, 45.01, 0|5, 41, N/A, 27.09, 0|6, 37, N/A, 28.28, 0|
14:58:28 0, 58, N/A, 42.57, 0|1, 56, N/A, 46.76, 0|2, 60, N/A, 52.91, 0|3, 62, N/A, 177.55, 100|4, 57, N/A, 38.61, 0|5, 41, N/A, 27.07, 0|6, 37, N/A, 28.28, 0|
14:58:30 0, 58, N/A, 43.53, 26|1, 56, N/A, 47.74, 13|2, 60, N/A, 56.81, 28|3, 60, N/A, 57.48, 32|4, 59, N/A, 138.67, 18|5, 41, N/A, 27.07, 0|6, 37, N/A, 28.26, 0|
14:58:32 0, 58, N/A, 101.47, 13|1, 56, N/A, 47.25, 26|2, 60, N/A, 53.90, 14|3, 60, N/A, 46.97, 21|4, 59, N/A, 64.40, 21|5, 41, N/A, 27.09, 0|6, 37, N/A, 28.28, 0|
14:58:34 0, 58, N/A, 117.06, 13|1, 56, N/A, 113.43, 13|2, 59, N/A, 53.12, 17|3, 59, N/A, 45.01, 17|4, 58, N/A, 50.91, 17|5, 41, N/A, 27.09, 0|6, 37, N/A, 28.28, 0|
14:58:36 0, 59, N/A, 56.07, 21|1, 56, N/A, 100.48, 13|2, 59, N/A, 145.70, 19|3, 59, N/A, 44.02, 22|4, 58, N/A, 46.24, 29|5, 41, N/A, 27.09, 0|6, 37, N/A, 28.28, 0|
14:58:38 0, 58, N/A, 46.51, 16|1, 56, N/A, 60.26, 25|2, 59, N/A, 122.23, 15|3, 59, N/A, 119.85, 13|4, 58, N/A, 45.74, 31|5, 41, N/A, 27.09, 0|6, 37, N/A, 28.03, 0|
14:58:40 0, 58, N/A, 43.83, 22|1, 56, N/A, 49.74, 26|2, 59, N/A, 68.63, 26|3, 59, N/A, 99.14, 13|4, 57, N/A, 128.46, 16|5, 41, N/A, 27.10, 0|6, 37, N/A, 28.30, 0|
14:58:43 0, 58, N/A, 43.34, 26|1, 56, N/A, 47.56, 13|2, 59, N/A, 56.39, 28|3, 59, N/A, 55.10, 26|4, 58, N/A, 121.74, 16|5, 41, N/A, 27.10, 0|6, 37, N/A, 28.30, 0|
14:58:45 0, 57, N/A, 118.86, 13|1, 55, N/A, 46.82, 13|2, 58, N/A, 53.94, 14|3, 59, N/A, 46.51, 26|4, 58, N/A, 59.28, 31|5, 41, N/A, 27.10, 0|6, 37, N/A, 28.30, 0|
14:58:47 0, 58, N/A, 104.48, 13|1, 55, N/A, 122.54, 26|2, 58, N/A, 52.70, 14|3, 58, N/A, 44.30, 13|4, 58, N/A, 49.23, 29|5, 41, N/A, 27.12, 0|6, 37, N/A, 28.32, 0|
14:58:49 0, 57, N/A, 60.55, 26|1, 55, N/A, 123.28, 23|2, 58, N/A, 120.40, 28|3, 58, N/A, 43.81, 13|4, 57, N/A, 46.52, 16|5, 41, N/A, 27.10, 0|6, 37, N/A, 28.32, 0|
14:58:51 0, 57, N/A, 46.79, 26|1, 55, N/A, 62.26, 14|2, 58, N/A, 136.31, 14|3, 58, N/A, 108.72, 26|4, 57, N/A, 45.28, 16|5, 41, N/A, 27.10, 0|6, 37, N/A, 28.30, 0|
14:58:53 0, 57, N/A, 43.61, 13|1, 55, N/A, 49.53, 19|2, 58, N/A, 68.71, 14|3, 58, N/A, 101.42, 26|4, 57, N/A, 127.08, 28|5, 41, N/A, 27.10, 0|6, 37, N/A, 28.30, 0|
14:58:55 0, 57, N/A, 43.10, 13|1, 55, N/A, 47.06, 14|2, 58, N/A, 56.64, 28|3, 58, N/A, 56.82, 13|4, 57, N/A, 134.19, 23|5, 41, N/A, 27.10, 0|6, 37, N/A, 28.30, 0|
14:58:57 0, 57, N/A, 98.29, 26|1, 54, N/A, 46.57, 23|2, 57, N/A, 53.19, 27|3, 58, N/A, 47.01, 23|4, 57, N/A, 68.87, 23|5, 41, N/A, 27.10, 0|6, 37, N/A, 28.30, 0|
14:58:59 0, 57, N/A, 139.40, 19|1, 54, N/A, 46.30, 26|2, 57, N/A, 52.70, 17|3, 58, N/A, 45.04, 14|4, 57, N/A, 56.11, 31|5, 41, N/A, 27.10, 0|6, 37, N/A, 28.30, 0|
14:59:01 0, 57, N/A, 102.28, 22|1, 54, N/A, 123.34, 13|2, 57, N/A, 52.21, 24|3, 58, N/A, 43.81, 25|4, 57, N/A, 48.74, 16|5, 41, N/A, 27.10, 0|6, 37, N/A, 28.32, 0|
14:59:03 0, 57, N/A, 60.05, 13|1, 54, N/A, 112.54, 13|2, 57, N/A, 128.94, 14|3, 57, N/A, 43.56, 26|4, 56, N/A, 46.05, 31|5, 41, N/A, 27.10, 0|6, 37, N/A, 28.07, 0|
14:59:05 0, 57, N/A, 46.30, 13|1, 55, N/A, 61.77, 25|2, 57, N/A, 136.55, 14|3, 57, N/A, 105.04, 13|4, 56, N/A, 45.06, 31|5, 41, N/A, 27.10, 0|6, 37, N/A, 28.05, 0|
14:59:08 0, 56, N/A, 43.83, 26|1, 54, N/A, 51.96, 22|2, 57, N/A, 82.91, 28|3, 57, N/A, 149.19, 13|4, 56, N/A, 119.28, 16|5, 41, N/A, 27.10, 0|6, 37, N/A, 28.30, 0|
14:59:10 0, 56, N/A, 41.15, 14|1, 54, N/A, 63.01, 27|2, 56, N/A, 171.22, 14|3, 57, N/A, 50.42, 13|4, 56, N/A, 45.06, 31|5, 41, N/A, 27.10, 0|6, 37, N/A, 28.05, 0|
14:59:12 0, 55, N/A, 36.47, 14|1, 53, N/A, 40.41, 24|2, 56, N/A, 46.08, 15|3, 57, N/A, 51.44, 19|4, 56, N/A, 169.49, 17|5, 41, N/A, 27.11, 0|6, 37, N/A, 28.07, 0|
14:59:14 0, 55, N/A, 36.47, 28|1, 53, N/A, 40.16, 14|2, 56, N/A, 45.58, 26|3, 56, N/A, 50.45, 23|4, 56, N/A, 136.88, 17|5, 41, N/A, 27.12, 0|6, 37, N/A, 28.06, 0|
14:59:16 0, 55, N/A, 36.71, 14|1, 53, N/A, 40.16, 28|2, 55, N/A, 48.27, 15|3, 56, N/A, 62.72, 15|4, 56, N/A, 120.27, 17|5, 40, N/A, 27.11, 0|6, 37, N/A, 28.30, 0|
14:59:18 0, 55, N/A, 36.96, 28|1, 53, N/A, 43.37, 14|2, 55, N/A, 64.00, 30|3, 56, N/A, 117.79, 28|4, 55, N/A, 55.38, 17|5, 41, N/A, 27.12, 0|6, 37, N/A, 28.32, 0|
14:59:20 0, 55, N/A, 38.44, 21|1, 53, N/A, 49.50, 28|2, 55, N/A, 97.37, 15|3, 56, N/A, 89.43, 14|4, 55, N/A, 38.66, 17|5, 41, N/A, 27.10, 0|6, 37, N/A, 28.30, 0|
14:59:22 0, 55, N/A, 42.38, 19|1, 53, N/A, 67.68, 19|2, 55, N/A, 120.17, 15|3, 56, N/A, 36.94, 23|4, 55, N/A, 38.91, 25|5, 40, N/A, 27.12, 0|6, 37, N/A, 28.32, 0|
14:59:24 0, 55, N/A, 56.89, 28|1, 53, N/A, 125.07, 18|2, 55, N/A, 55.66, 21|3, 56, N/A, 36.94, 14|4, 55, N/A, 39.65, 17|5, 41, N/A, 27.12, 0|6, 37, N/A, 28.32, 0|
14:59:26 0, 55, N/A, 82.16, 15|1, 52, N/A, 96.19, 27|2, 55, N/A, 42.14, 15|3, 56, N/A, 37.19, 14|4, 56, N/A, 41.37, 34|5, 41, N/A, 27.12, 0|6, 37, N/A, 28.32, 0|
14:59:28 0, 55, N/A, 104.67, 28|1, 53, N/A, 39.42, 14|2, 55, N/A, 42.38, 30|3, 56, N/A, 38.17, 14|4, 56, N/A, 48.98, 17|5, 41, N/A, 27.11, 0|6, 37, N/A, 28.30, 0|
14:59:30 0, 55, N/A, 36.47, 14|1, 53, N/A, 39.67, 27|2, 55, N/A, 43.37, 15|3, 56, N/A, 41.35, 14|4, 55, N/A, 68.14, 33|5, 41, N/A, 27.11, 0|6, 37, N/A, 28.30, 0|
14:59:33 0, 55, N/A, 36.47, 22|1, 53, N/A, 39.67, 17|2, 55, N/A, 44.60, 27|3, 56, N/A, 47.99, 26|4, 55, N/A, 125.17, 22|5, 41, N/A, 27.11, 0|6, 37, N/A, 28.30, 0|
14:59:35 0, 55, N/A, 36.71, 14|1, 53, N/A, 40.41, 22|2, 55, N/A, 48.51, 26|3, 56, N/A, 64.20, 14|4, 55, N/A, 121.00, 25|5, 41, N/A, 27.11, 0|6, 37, N/A, 28.32, 0|
14:59:37 0, 55, N/A, 36.96, 14|1, 53, N/A, 42.87, 27|2, 55, N/A, 62.03, 16|3, 56, N/A, 114.37, 15|4, 55, N/A, 72.52, 33|5, 41, N/A, 27.35, 0|6, 37, N/A, 28.30, 0|
14:59:39 0, 55, N/A, 38.19, 14|1, 53, N/A, 49.28, 14|2, 55, N/A, 92.50, 30|3, 56, N/A, 91.88, 14|4, 55, N/A, 38.66, 17|5, 41, N/A, 27.12, 0|6, 38, N/A, 28.32, 0|
14:59:41 0, 55, N/A, 41.89, 14|1, 53, N/A, 66.46, 27|2, 55, N/A, 123.77, 15|3, 56, N/A, 36.94, 14|4, 56, N/A, 39.15, 34|5, 41, N/A, 27.12, 0|6, 38, N/A, 28.32, 0|
14:59:43 0, 55, N/A, 50.73, 20|1, 53, N/A, 103.51, 14|2, 55, N/A, 90.97, 30|3, 56, N/A, 36.94, 18|4, 56, N/A, 39.65, 24|5, 41, N/A, 27.12, 0|6, 38, N/A, 28.32, 0|
14:59:45 0, 55, N/A, 72.12, 14|1, 53, N/A, 110.33, 21|2, 55, N/A, 42.11, 15|3, 56, N/A, 36.94, 14|4, 56, N/A, 40.39, 24|5, 41, N/A, 27.10, 0|6, 38, N/A, 28.32, 0|
14:59:47 0, 55, N/A, 115.97, 15|1, 53, N/A, 39.67, 14|2, 55, N/A, 42.36, 23|3, 56, N/A, 37.65, 28|4, 56, N/A, 44.79, 34|5, 41, N/A, 27.10, 0|6, 38, N/A, 28.30, 0|
14:59:49 0, 55, N/A, 76.26, 14|1, 53, N/A, 39.67, 14|2, 55, N/A, 42.63, 29|3, 56, N/A, 38.91, 14|4, 56, N/A, 55.38, 17|5, 41, N/A, 27.12, 0|6, 38, N/A, 28.32, 0|
14:59:51 0, 55, N/A, 36.22, 14|1, 53, N/A, 39.92, 14|2, 55, N/A, 43.37, 15|3, 56, N/A, 42.33, 28|4, 56, N/A, 82.36, 33|5, 41, N/A, 27.11, 0|6, 38, N/A, 28.32, 0|
14:59:53 0, 55, N/A, 36.47, 15|1, 53, N/A, 40.16, 14|2, 55, N/A, 45.09, 30|3, 56, N/A, 50.21, 14|4, 56, N/A, 136.06, 17|5, 41, N/A, 27.11, 0|6, 38, N/A, 28.32, 0|
14:59:55 0, 55, N/A, 36.71, 14|1, 53, N/A, 41.64, 14|2, 55, N/A, 54.18, 15|3, 56, N/A, 87.46, 28|4, 56, N/A, 95.28, 31|5, 41, N/A, 27.35, 0|6, 38, N/A, 28.30, 0|
14:59:58 0, 55, N/A, 37.70, 25|1, 53, N/A, 46.08, 14|2, 55, N/A, 78.03, 23|3, 56, N/A, 106.07, 20|4, 56, N/A, 38.66, 17|5, 41, N/A, 27.11, 0|6, 38, N/A, 28.32, 0|
15:00:00 0, 55, N/A, 41.37, 14|1, 53, N/A, 61.04, 16|2, 55, N/A, 130.65, 15|3, 56, N/A, 40.14, 14|4, 56, N/A, 38.91, 20|5, 41, N/A, 27.10, 0|6, 38, N/A, 28.30, 0|
15:00:02 0, 55, N/A, 53.69, 28|1, 53, N/A, 123.77, 14|2, 55, N/A, 71.59, 15|3, 56, N/A, 36.94, 28|4, 56, N/A, 39.65, 17|5, 41, N/A, 27.12, 0|6, 38, N/A, 28.30, 0|
15:00:04 0, 55, N/A, 80.69, 21|1, 53, N/A, 98.65, 14|2, 55, N/A, 42.14, 15|3, 56, N/A, 36.94, 16|4, 56, N/A, 41.12, 17|5, 41, N/A, 27.37, 0|6, 38, N/A, 28.32, 0|
15:00:06 0, 55, N/A, 113.29, 17|1, 53, N/A, 43.12, 21|2, 55, N/A, 42.14, 15|3, 56, N/A, 37.68, 21|4, 56, N/A, 45.07, 26|5, 41, N/A, 27.37, 0|6, 38, N/A, 28.32, 0|
15:00:08 0, 55, N/A, 64.24, 28|1, 53, N/A, 39.20, 14|2, 55, N/A, 42.88, 23|3, 56, N/A, 39.65, 28|4, 56, N/A, 59.32, 17|5, 41, N/A, 27.37, 0|6, 38, N/A, 28.32, 0|
15:00:10 0, 55, N/A, 36.22, 14|1, 53, N/A, 39.18, 28|2, 55, N/A, 43.61, 15|3, 56, N/A, 42.35, 14|4, 56, N/A, 83.59, 34|5, 41, N/A, 27.37, 0|6, 38, N/A, 28.32, 0|
15:00:12 0, 55, N/A, 36.47, 28|1, 53, N/A, 39.92, 14|2, 55, N/A, 47.06, 30|3, 56, N/A, 58.54, 28|4, 56, N/A, 126.16, 18|5, 41, N/A, 27.11, 0|6, 38, N/A, 28.30, 0|
15:00:14 0, 55, N/A, 36.96, 20|1, 53, N/A, 42.87, 28|2, 55, N/A, 63.01, 18|3, 56, N/A, 117.98, 14|4, 56, N/A, 67.61, 17|5, 41, N/A, 27.35, 0|6, 38, N/A, 28.30, 0|
15:00:16 0, 55, N/A, 38.69, 18|1, 53, N/A, 50.73, 20|2, 55, N/A, 105.24, 22|3, 56, N/A, 81.37, 21|4, 56, N/A, 38.91, 26|5, 42, N/A, 27.35, 0|6, 38, N/A, 28.32, 0|
15:00:18 0, 55, N/A, 41.64, 28|1, 53, N/A, 66.21, 17|2, 55, N/A, 122.38, 30|3, 55, N/A, 36.69, 14|4, 56, N/A, 39.15, 17|5, 41, N/A, 27.37, 0|6, 38, N/A, 28.32, 0|
15:00:21 0, 55, N/A, 55.41, 14|1, 53, N/A, 127.28, 28|2, 55, N/A, 59.10, 15|3, 56, N/A, 36.94, 14|4, 56, N/A, 39.89, 34|5, 42, N/A, 27.37, 0|6, 38, N/A, 28.32, 0|
15:00:23 0, 55, N/A, 92.00, 24|1, 53, N/A, 86.59, 14|2, 55, N/A, 42.14, 30|3, 56, N/A, 37.19, 14|4, 56, N/A, 41.62, 19|5, 41, N/A, 27.37, 0|6, 38, N/A, 28.32, 0|
15:00:25 0, 55, N/A, 98.10, 14|1, 53, N/A, 39.18, 24|2, 55, N/A, 42.63, 19|3, 56, N/A, 38.42, 14|4, 56, N/A, 50.70, 27|5, 42, N/A, 27.37, 0|6, 38, N/A, 28.32, 0|
15:00:27 0, 55, N/A, 36.47, 14|1, 53, N/A, 39.42, 14|2, 55, N/A, 43.12, 24|3, 56, N/A, 40.88, 27|4, 56, N/A, 68.88, 32|5, 41, N/A, 27.37, 0|6, 38, N/A, 28.32, 0|
15:00:29 0, 55, N/A, 36.47, 14|1, 53, N/A, 39.67, 14|2, 55, N/A, 44.85, 29|3, 56, N/A, 48.97, 14|4, 56, N/A, 133.44, 17|5, 42, N/A, 27.35, 0|6, 38, N/A, 28.30, 0|
15:00:31 0, 56, N/A, 137.94, 30|1, 52, N/A, 38.69, 4|2, 54, N/A, 41.64, 6|3, 55, N/A, 36.69, 4|4, 55, N/A, 38.17, 6|5, 42, N/A, 27.12, 0|6, 38, N/A, 28.32, 0|
15:00:33 0, 60, N/A, 176.28, 100|1, 57, N/A, 181.17, 100|2, 54, N/A, 41.37, 0|3, 55, N/A, 36.44, 0|4, 55, N/A, 37.92, 0|5, 42, N/A, 27.35, 0|6, 38, N/A, 28.30, 0|
15:00:35 0, 56, N/A, 41.37, 0|1, 55, N/A, 46.05, 0|2, 59, N/A, 179.72, 100|3, 58, N/A, 140.45, 100|4, 54, N/A, 37.92, 0|5, 42, N/A, 27.35, 0|6, 38, N/A, 28.30, 0|
15:00:37 0, 60, N/A, 52.20, 92|1, 54, N/A, 135.79, 0|2, 56, N/A, 49.03, 0|3, 58, N/A, 44.30, 66|4, 58, N/A, 175.84, 78|5, 42, N/A, 27.35, 0|6, 38, N/A, 28.30, 0|
15:00:39 0, 57, N/A, 42.35, 0|1, 58, N/A, 176.14, 100|2, 59, N/A, 183.52, 100|3, 56, N/A, 42.33, 4|4, 56, N/A, 44.54, 0|5, 42, N/A, 27.35, 0|6, 38, N/A, 28.30, 0|
15:00:41 0, 59, N/A, 174.70, 100|1, 54, N/A, 45.83, 0|2, 58, N/A, 51.22, 0|3, 60, N/A, 176.92, 100|4, 59, N/A, 161.13, 100|5, 42, N/A, 27.33, 0|6, 38, N/A, 28.28, 0|
15:00:43 0, 62, N/A, 178.23, 100|1, 58, N/A, 170.37, 100|2, 56, N/A, 49.25, 0|3, 57, N/A, 43.06, 0|4, 59, N/A, 46.76, 47|5, 42, N/A, 27.35, 0|6, 38, N/A, 28.30, 0|
15:00:46 0, 57, N/A, 42.11, 0|1, 56, N/A, 46.79, 0|2, 61, N/A, 156.76, 100|3, 60, N/A, 159.16, 100|4, 56, N/A, 44.54, 4|5, 42, N/A, 27.35, 0|6, 38, N/A, 28.30, 0|
15:00:48 0, 60, N/A, 177.87, 48|1, 57, N/A, 188.65, 28|2, 57, N/A, 49.49, 0|3, 59, N/A, 44.51, 29|4, 61, N/A, 186.26, 100|5, 42, N/A, 27.35, 0|6, 39, N/A, 28.30, 0|
15:00:50 0, 58, N/A, 42.84, 0|1, 60, N/A, 191.74, 100|2, 61, N/A, 196.64, 100|3, 57, N/A, 43.06, 0|4, 58, N/A, 45.28, 0|5, 42, N/A, 27.35, 0|6, 38, N/A, 28.30, 0|
15:00:52 0, 60, N/A, 184.01, 100|1, 56, N/A, 45.83, 0|2, 60, N/A, 52.72, 0|3, 61, N/A, 139.88, 100|4, 61, N/A, 188.60, 100|5, 42, N/A, 27.33, 0|6, 38, N/A, 28.30, 0|
15:00:54 0, 63, N/A, 140.87, 100|1, 59, N/A, 56.63, 100|2, 58, N/A, 186.49, 0|3, 58, N/A, 43.07, 0|4, 60, N/A, 46.76, 40|5, 42, N/A, 27.35, 0|6, 39, N/A, 28.30, 0|
15:00:56 0, 58, N/A, 42.60, 0|1, 57, N/A, 47.52, 0|2, 62, N/A, 182.55, 100|3, 62, N/A, 148.46, 100|4, 57, N/A, 45.04, 0|5, 42, N/A, 27.35, 0|6, 39, N/A, 28.55, 0|
15:00:58 0, 61, N/A, 176.54, 63|1, 58, N/A, 189.02, 100|2, 59, N/A, 51.42, 0|3, 60, N/A, 44.73, 0|4, 62, N/A, 187.85, 77|5, 42, N/A, 27.33, 0|6, 39, N/A, 28.28, 0|
15:01:00 0, 59, N/A, 43.06, 0|1, 60, N/A, 190.88, 100|2, 62, N/A, 190.64, 100|3, 58, N/A, 43.28, 0|4, 58, N/A, 45.50, 0|5, 42, N/A, 27.33, 0|6, 38, N/A, 28.28, 0|
15:01:02 0, 61, N/A, 148.16, 100|1, 56, N/A, 46.81, 0|2, 60, N/A, 53.43, 0|3, 62, N/A, 146.40, 100|4, 61, N/A, 187.87, 100|5, 42, N/A, 27.33, 0|6, 38, N/A, 28.28, 0|
15:01:04 0, 63, N/A, 179.60, 100|1, 60, N/A, 199.81, 100|2, 58, N/A, 51.19, 0|3, 59, N/A, 43.56, 0|4, 60, N/A, 47.47, 18|5, 42, N/A, 27.35, 0|6, 38, N/A, 28.30, 0|
15:01:06 0, 58, N/A, 42.57, 0|1, 57, N/A, 47.74, 0|2, 63, N/A, 161.79, 100|3, 62, N/A, 178.53, 100|4, 58, N/A, 45.25, 4|5, 42, N/A, 27.33, 0|6, 38, N/A, 28.28, 0|
15:01:08 0, 61, N/A, 44.54, 44|1, 57, N/A, 187.09, 24|2, 59, N/A, 51.68, 0|3, 61, N/A, 45.25, 63|4, 60, N/A, 176.70, 75|5, 42, N/A, 27.33, 0|6, 38, N/A, 28.28, 0|
15:01:11 0, 59, N/A, 43.31, 0|1, 60, N/A, 178.63, 100|2, 62, N/A, 196.04, 100|3, 58, N/A, 43.28, 4|4, 58, N/A, 45.49, 0|5, 42, N/A, 27.33, 0|6, 38, N/A, 28.28, 0|
15:01:13 0, 61, N/A, 176.53, 62|1, 56, N/A, 47.00, 0|2, 61, N/A, 54.35, 49|3, 61, N/A, 177.19, 96|4, 60, N/A, 181.35, 100|5, 42, N/A, 27.30, 0|6, 38, N/A, 28.26, 0|
15:01:15 0, 63, N/A, 161.93, 100|1, 60, N/A, 163.39, 100|2, 58, N/A, 51.40, 0|3, 59, N/A, 43.75, 0|4, 63, N/A, 168.86, 100|5, 41, N/A, 27.32, 0|6, 38, N/A, 28.26, 0|
15:01:17 0, 59, N/A, 42.82, 0|1, 58, N/A, 48.48, 0|2, 63, N/A, 202.15, 100|3, 61, N/A, 140.77, 100|4, 58, N/A, 45.25, 0|5, 41, N/A, 27.33, 0|6, 38, N/A, 28.53, 0|
15:01:19 0, 63, N/A, 148.54, 100|1, 56, N/A, 46.76, 0|2, 59, N/A, 52.42, 0|3, 63, N/A, 178.04, 100|4, 60, N/A, 46.71, 0|5, 41, N/A, 27.32, 0|6, 38, N/A, 28.26, 0|
15:01:21 0, 60, N/A, 43.77, 0|1, 60, N/A, 188.43, 100|2, 62, N/A, 165.51, 100|3, 58, N/A, 43.50, 4|4, 59, N/A, 45.99, 0|5, 41, N/A, 27.33, 0|6, 38, N/A, 28.28, 0|
15:01:23 0, 58, N/A, 43.28, 0|1, 57, N/A, 47.22, 0|2, 64, N/A, 204.22, 100|3, 61, N/A, 45.22, 75|4, 59, N/A, 186.02, 65|5, 41, N/A, 27.32, 0|6, 38, N/A, 28.26, 0|
15:01:25 0, 63, N/A, 163.21, 100|1, 60, N/A, 188.99, 100|2, 59, N/A, 52.10, 0|3, 60, N/A, 43.97, 0|4, 62, N/A, 194.11, 100|5, 41, N/A, 27.07, 0|6, 38, N/A, 28.26, 0|
15:01:27 0, 59, N/A, 43.06, 0|1, 60, N/A, 49.92, 100|2, 63, N/A, 203.87, 58|3, 60, N/A, 171.93, 60|4, 58, N/A, 45.25, 0|5, 41, N/A, 27.33, 0|6, 38, N/A, 28.28, 0|
15:01:29 0, 62, N/A, 144.53, 100|1, 57, N/A, 47.00, 0|2, 60, N/A, 52.87, 0|3, 63, N/A, 184.17, 100|4, 62, N/A, 189.82, 100|5, 41, N/A, 27.05, 0|6, 38, N/A, 28.25, 0|
15:01:31 0, 62, N/A, 45.25, 59|1, 59, N/A, 189.38, 10|2, 61, N/A, 173.02, 100|3, 59, N/A, 43.74, 0|4, 59, N/A, 46.45, 0|5, 41, N/A, 27.32, 0|6, 38, N/A, 28.26, 0|
15:01:33 0, 59, N/A, 42.79, 0|1, 57, N/A, 47.46, 0|2, 64, N/A, 205.20, 100|3, 63, N/A, 178.90, 100|4, 58, N/A, 45.22, 0|5, 41, N/A, 27.07, 0|6, 38, N/A, 28.26, 0|
15:01:36 0, 62, N/A, 171.13, 82|1, 59, N/A, 177.97, 100|2, 59, N/A, 52.38, 0|3, 61, N/A, 44.97, 0|4, 62, N/A, 153.43, 100|5, 41, N/A, 27.32, 0|6, 38, N/A, 28.26, 0|
15:01:38 0, 60, N/A, 43.55, 0|1, 61, N/A, 191.37, 100|2, 63, N/A, 174.83, 100|3, 59, N/A, 43.53, 0|4, 58, N/A, 45.49, 0|5, 41, N/A, 27.33, 0|6, 38, N/A, 28.28, 0|
15:01:40 0, 62, N/A, 154.83, 100|1, 57, N/A, 47.00, 0|2, 62, N/A, 54.59, 18|3, 62, N/A, 179.88, 100|4, 61, N/A, 187.62, 100|5, 41, N/A, 27.30, 0|6, 38, N/A, 28.25, 0|
15:01:42 0, 63, N/A, 144.54, 100|1, 60, N/A, 178.36, 100|2, 59, N/A, 52.10, 0|3, 60, N/A, 43.97, 0|4, 63, N/A, 190.77, 100|5, 41, N/A, 27.30, 0|6, 38, N/A, 28.25, 0|
15:01:44 0, 59, N/A, 43.06, 0|1, 59, N/A, 48.72, 0|2, 63, N/A, 183.40, 100|3, 62, N/A, 176.56, 100|4, 58, N/A, 45.50, 4|5, 41, N/A, 27.32, 0|6, 38, N/A, 28.28, 0|
15:01:46 0, 63, N/A, 187.09, 100|1, 57, N/A, 46.97, 0|2, 60, N/A, 53.12, 0|3, 63, N/A, 181.35, 100|4, 60, N/A, 47.17, 29|5, 41, N/A, 27.30, 0|6, 38, N/A, 28.25, 0|
15:01:48 0, 61, N/A, 44.29, 0|1, 60, N/A, 146.58, 100|2, 63, N/A, 201.55, 100|3, 59, N/A, 43.77, 0|4, 59, N/A, 46.23, 0|5, 41, N/A, 27.33, 0|6, 38, N/A, 28.28, 0|
15:01:50 0, 59, N/A, 42.79, 0|1, 57, N/A, 47.22, 0|2, 64, N/A, 175.57, 100|3, 62, N/A, 70.50, 100|4, 58, N/A, 137.37, 0|5, 41, N/A, 27.32, 0|6, 38, N/A, 28.26, 0|
15:01:52 0, 63, N/A, 179.61, 100|1, 60, N/A, 191.83, 100|2, 60, N/A, 52.35, 0|3, 60, N/A, 44.70, 0|4, 62, N/A, 187.47, 100|5, 41, N/A, 27.07, 0|6, 38, N/A, 28.26, 0|
15:01:54 0, 60, N/A, 43.55, 0|1, 62, N/A, 173.59, 100|2, 64, N/A, 204.22, 100|3, 59, N/A, 43.77, 0|4, 58, N/A, 45.25, 0|5, 41, N/A, 27.33, 0|6, 38, N/A, 28.28, 0|
15:01:56 0, 62, N/A, 174.95, 100|1, 57, N/A, 47.24, 0|2, 62, N/A, 54.35, 0|3, 63, N/A, 154.86, 100|4, 62, N/A, 169.98, 100|5, 41, N/A, 27.07, 0|6, 38, N/A, 28.26, 0|
15:01:58 0, 63, N/A, 176.04, 100|1, 60, N/A, 57.76, 100|2, 60, N/A, 188.92, 0|3, 60, N/A, 44.24, 0|4, 62, N/A, 48.66, 100|5, 41, N/A, 27.07, 0|6, 38, N/A, 28.26, 0|
15:02:01 0, 59, N/A, 43.04, 0|1, 59, N/A, 48.45, 0|2, 64, N/A, 205.20, 100|3, 62, N/A, 179.00, 100|4, 58, N/A, 45.00, 5|5, 41, N/A, 27.07, 0|6, 38, N/A, 28.26, 0|
15:02:03 0, 63, N/A, 170.67, 100|1, 57, N/A, 46.97, 0|2, 61, N/A, 53.37, 0|3, 64, N/A, 181.73, 100|4, 60, N/A, 46.94, 0|5, 41, N/A, 27.07, 0|6, 38, N/A, 28.26, 0|
15:02:05 0, 61, N/A, 44.27, 0|1, 60, N/A, 168.93, 100|2, 63, N/A, 171.79, 100|3, 59, N/A, 43.99, 0|4, 59, N/A, 45.49, 0|5, 41, N/A, 27.08, 0|6, 38, N/A, 28.28, 0|
15:02:07 0, 59, N/A, 42.82, 0|1, 58, N/A, 47.47, 0|2, 65, N/A, 166.10, 100|3, 63, N/A, 91.27, 100|4, 58, N/A, 111.84, 0|5, 41, N/A, 27.08, 0|6, 38, N/A, 28.28, 0|
15:02:09 0, 63, N/A, 178.14, 100|1, 60, N/A, 191.10, 100|2, 60, N/A, 52.84, 0|3, 61, N/A, 44.95, 0|4, 62, N/A, 161.88, 100|5, 41, N/A, 27.07, 0|6, 38, N/A, 28.26, 0|
15:02:11 0, 60, N/A, 43.31, 0|1, 62, N/A, 193.57, 100|2, 64, N/A, 204.71, 100|3, 59, N/A, 43.77, 0|4, 59, N/A, 45.74, 0|5, 41, N/A, 27.08, 0|6, 38, N/A, 28.28, 0|
15:02:13 0, 62, N/A, 152.13, 100|1, 57, N/A, 47.24, 0|2, 63, N/A, 55.33, 14|3, 63, N/A, 179.39, 100|4, 62, N/A, 189.82, 100|5, 41, N/A, 27.05, 0|6, 38, N/A, 28.26, 0|
15:02:15 0, 64, N/A, 157.66, 100|1, 61, N/A, 189.38, 100|2, 60, N/A, 52.59, 0|3, 60, N/A, 44.46, 0|4, 63, N/A, 189.33, 100|5, 41, N/A, 27.05, 0|6, 38, N/A, 28.25, 0|
15:02:17 0, 60, N/A, 43.28, 0|1, 59, N/A, 49.43, 0|2, 64, N/A, 177.26, 88|3, 62, N/A, 174.11, 100|4, 58, N/A, 44.98, 0|5, 41, N/A, 27.07, 0|6, 38, N/A, 28.28, 0|
15:02:19 0, 63, N/A, 177.03, 100|1, 57, N/A, 47.24, 0|2, 61, N/A, 53.61, 0|3, 64, N/A, 154.30, 100|4, 62, N/A, 53.30, 100|5, 41, N/A, 27.05, 0|6, 38, N/A, 28.26, 0|
15:02:21 0, 63, N/A, 46.97, 100|1, 59, N/A, 146.98, 14|2, 63, N/A, 197.38, 100|3, 60, N/A, 43.99, 0|4, 60, N/A, 46.70, 0|5, 41, N/A, 27.07, 0|6, 37, N/A, 28.26, 0|
15:02:24 0, 59, N/A, 42.82, 0|1, 58, N/A, 48.23, 0|2, 65, N/A, 191.63, 100|3, 63, N/A, 166.38, 100|4, 58, N/A, 45.49, 0|5, 41, N/A, 27.08, 0|6, 37, N/A, 28.28, 0|
15:02:26 0, 61, N/A, 44.51, 37|1, 59, N/A, 176.29, 100|2, 61, N/A, 53.37, 0|3, 63, N/A, 46.94, 71|4, 60, N/A, 148.28, 0|5, 41, N/A, 27.07, 0|6, 37, N/A, 28.26, 0|
15:02:28 0, 61, N/A, 44.02, 0|1, 61, N/A, 192.96, 100|2, 65, N/A, 205.10, 100|3, 60, N/A, 43.99, 5|4, 59, N/A, 45.49, 0|5, 41, N/A, 27.08, 0|6, 38, N/A, 28.28, 0|
15:02:30 0, 60, N/A, 143.06, 0|1, 58, N/A, 47.71, 5|2, 65, N/A, 205.45, 100|3, 61, N/A, 45.47, 8|4, 61, N/A, 188.95, 86|5, 41, N/A, 27.07, 0|6, 37, N/A, 28.26, 0|
15:02:32 0, 63, N/A, 171.54, 100|1, 60, N/A, 190.01, 100|2, 61, N/A, 53.33, 7|3, 61, N/A, 44.94, 0|4, 62, N/A, 186.87, 100|5, 41, N/A, 27.05, 0|6, 37, N/A, 28.25, 0|
15:02:34 0, 60, N/A, 43.55, 0|1, 62, N/A, 196.26, 100|2, 65, N/A, 171.89, 100|3, 60, N/A, 72.71, 0|4, 59, N/A, 45.74, 0|5, 41, N/A, 27.08, 0|6, 37, N/A, 28.28, 0|
15:02:36 0, 62, N/A, 155.29, 100|1, 57, N/A, 47.49, 0|2, 63, N/A, 55.33, 8|3, 63, N/A, 180.75, 100|4, 62, N/A, 165.81, 100|5, 41, N/A, 27.05, 0|6, 37, N/A, 28.25, 0|
15:02:38 0, 64, N/A, 155.95, 100|1, 61, N/A, 195.63, 100|2, 61, N/A, 53.08, 0|3, 60, N/A, 44.46, 0|4, 63, N/A, 190.29, 100|5, 41, N/A, 27.30, 0|6, 37, N/A, 28.25, 0|
15:02:40 0, 60, N/A, 43.28, 0|1, 60, N/A, 49.68, 26|2, 65, N/A, 174.83, 38|3, 62, N/A, 157.81, 100|4, 58, N/A, 45.49, 0|5, 41, N/A, 27.07, 0|6, 37, N/A, 28.28, 0|
15:02:42 0, 63, N/A, 163.94, 100|1, 57, N/A, 47.21, 0|2, 62, N/A, 54.07, 0|3, 64, N/A, 180.98, 100|4, 63, N/A, 120.94, 100|5, 41, N/A, 27.05, 0|6, 37, N/A, 28.25, 0|
15:02:44 0, 64, N/A, 181.57, 100|1, 59, N/A, 48.94, 0|2, 63, N/A, 171.65, 100|3, 60, N/A, 44.49, 0|4, 61, N/A, 46.70, 24|5, 41, N/A, 27.07, 0|6, 37, N/A, 28.26, 0|
15:02:46 0, 60, N/A, 43.31, 0|1, 59, N/A, 48.20, 0|2, 65, N/A, 212.45, 100|3, 63, N/A, 144.68, 100|4, 58, N/A, 45.00, 0|5, 41, N/A, 27.07, 0|6, 37, N/A, 28.28, 0|
15:02:49 0, 62, N/A, 45.99, 66|1, 58, N/A, 178.09, 3|2, 61, N/A, 53.61, 0|3, 64, N/A, 183.06, 100|4, 60, N/A, 46.45, 0|5, 41, N/A, 27.07, 0|6, 37, N/A, 28.26, 0|
15:02:51 0, 62, N/A, 44.54, 0|1, 61, N/A, 162.56, 100|2, 64, N/A, 161.84, 100|3, 60, N/A, 44.02, 0|4, 59, N/A, 45.74, 0|5, 41, N/A, 27.08, 0|6, 37, N/A, 28.28, 0|
15:02:53 0, 59, N/A, 43.04, 0|1, 58, N/A, 47.71, 0|2, 66, N/A, 201.78, 100|3, 64, N/A, 159.27, 100|4, 58, N/A, 44.98, 0|5, 41, N/A, 27.07, 0|6, 37, N/A, 28.28, 0|
15:02:55 0, 62, N/A, 143.54, 0|1, 60, N/A, 176.76, 100|2, 61, N/A, 53.58, 0|3, 62, N/A, 45.93, 44|4, 62, N/A, 189.20, 100|5, 41, N/A, 27.07, 0|6, 37, N/A, 28.26, 0|
15:02:57 0, 61, N/A, 43.77, 0|1, 62, N/A, 174.72, 100|2, 65, N/A, 176.44, 100|3, 60, N/A, 44.02, 0|4, 59, N/A, 45.99, 0|5, 41, N/A, 27.08, 0|6, 37, N/A, 28.28, 0|
15:02:59 0, 61, N/A, 165.99, 80|1, 58, N/A, 47.95, 6|2, 66, N/A, 208.14, 100|3, 61, N/A, 45.22, 8|4, 61, N/A, 155.87, 100|5, 41, N/A, 27.07, 0|6, 37, N/A, 28.26, 0|
15:03:01 0, 64, N/A, 186.46, 100|1, 61, N/A, 196.48, 100|2, 61, N/A, 53.37, 0|3, 61, N/A, 44.97, 0|4, 62, N/A, 187.01, 100|5, 41, N/A, 27.07, 0|6, 37, N/A, 28.26, 0|
15:03:03 0, 60, N/A, 43.80, 0|1, 62, N/A, 195.53, 100|2, 65, N/A, 149.03, 100|3, 60, N/A, 79.79, 0|4, 59, N/A, 45.74, 0|5, 41, N/A, 27.08, 0|6, 37, N/A, 28.28, 0|
15:03:05 0, 63, N/A, 175.70, 100|1, 58, N/A, 47.49, 0|2, 64, N/A, 56.32, 35|3, 63, N/A, 175.72, 100|4, 62, N/A, 191.29, 100|5, 41, N/A, 27.05, 0|6, 37, N/A, 28.25, 0|
15:03:07 0, 64, N/A, 180.94, 100|1, 62, N/A, 161.75, 100|2, 61, N/A, 53.12, 0|3, 61, N/A, 44.73, 0|4, 63, N/A, 160.28, 100|5, 41, N/A, 27.07, 0|6, 37, N/A, 28.28, 0|
15:03:09 0, 60, N/A, 43.56, 0|1, 62, N/A, 110.97, 100|2, 63, N/A, 128.76, 0|3, 63, N/A, 179.75, 100|4, 58, N/A, 45.74, 0|5, 41, N/A, 27.08, 0|6, 37, N/A, 28.28, 0|
15:03:12 0, 64, N/A, 148.46, 100|1, 58, N/A, 47.49, 0|2, 63, N/A, 55.09, 0|3, 63, N/A, 156.24, 100|4, 63, N/A, 189.09, 100|5, 41, N/A, 27.05, 0|6, 37, N/A, 28.26, 0|
15:03:14 0, 64, N/A, 142.08, 100|1, 60, N/A, 50.16, 37|2, 63, N/A, 202.27, 19|3, 61, N/A, 44.48, 0|4, 63, N/A, 151.21, 100|5, 41, N/A, 27.07, 0|6, 37, N/A, 28.26, 0|
15:03:16 0, 60, N/A, 43.56, 0|1, 60, N/A, 49.46, 0|2, 65, N/A, 170.93, 100|3, 63, N/A, 175.35, 100|4, 59, N/A, 44.27, 5|5, 41, N/A, 27.08, 0|6, 37, N/A, 28.28, 0|
15:03:18 0, 64, N/A, 179.85, 100|1, 57, N/A, 47.22, 0|2, 62, N/A, 54.35, 0|3, 64, N/A, 180.75, 100|4, 61, N/A, 48.40, 100|5, 41, N/A, 27.05, 0|6, 37, N/A, 28.26, 0|
15:03:20 0, 65, N/A, 161.84, 100|1, 59, N/A, 48.94, 0|2, 64, N/A, 191.49, 100|3, 61, N/A, 44.49, 0|4, 61, N/A, 46.94, 0|5, 41, N/A, 27.07, 0|6, 37, N/A, 28.26, 0|
15:03:22 0, 60, N/A, 43.28, 0|1, 59, N/A, 48.69, 0|2, 66, N/A, 208.38, 100|3, 64, N/A, 152.42, 100|4, 58, N/A, 44.98, 0|5, 41, N/A, 27.07, 0|6, 37, N/A, 28.26, 0|
15:03:24 0, 64, N/A, 177.02, 100|1, 57, N/A, 47.24, 0|2, 62, N/A, 54.35, 0|3, 64, N/A, 179.29, 100|4, 60, N/A, 46.94, 0|5, 41, N/A, 27.07, 0|6, 37, N/A, 28.26, 0|
15:03:26 0, 63, N/A, 45.99, 100|1, 60, N/A, 186.45, 54|2, 65, N/A, 201.14, 100|3, 61, N/A, 44.49, 0|4, 60, N/A, 46.21, 0|5, 41, N/A, 27.07, 0|6, 37, N/A, 28.28, 0|
15:03:28 0, 60, N/A, 43.31, 0|1, 59, N/A, 48.48, 0|2, 66, N/A, 165.87, 100|3, 64, N/A, 181.71, 100|4, 58, N/A, 45.01, 0|5, 41, N/A, 27.08, 0|6, 37, N/A, 28.28, 0|
15:03:30 0, 62, N/A, 45.03, 40|1, 60, N/A, 191.71, 33|2, 62, N/A, 52.88, 0|3, 65, N/A, 183.18, 100|4, 59, N/A, 46.24, 0|5, 41, N/A, 27.08, 0|6, 37, N/A, 28.28, 0|
15:03:32 0, 62, N/A, 45.03, 0|1, 61, N/A, 186.71, 100|2, 65, N/A, 183.29, 100|3, 60, N/A, 44.27, 6|4, 60, N/A, 45.99, 0|5, 40, N/A, 27.08, 0|6, 37, N/A, 28.28, 0|
15:03:34 0, 60, N/A, 43.06, 0|1, 59, N/A, 48.20, 0|2, 66, N/A, 206.46, 100|3, 64, N/A, 156.09, 100|4, 58, N/A, 45.01, 0|5, 41, N/A, 27.08, 0|6, 37, N/A, 28.28, 0|
15:03:37 0, 61, N/A, 44.51, 0|1, 60, N/A, 159.48, 100|2, 62, N/A, 53.37, 0|3, 64, N/A, 53.33, 100|4, 60, N/A, 184.55, 0|5, 41, N/A, 27.07, 0|6, 37, N/A, 28.26, 0|
15:03:39 0, 62, N/A, 44.54, 0|1, 61, N/A, 161.92, 100|2, 66, N/A, 207.89, 100|3, 60, N/A, 44.27, 7|4, 59, N/A, 45.99, 0|5, 41, N/A, 27.08, 0|6, 37, N/A, 28.28, 0|
15:03:41 0, 60, N/A, 43.28, 0|1, 58, N/A, 48.20, 0|2, 67, N/A, 201.55, 100|3, 63, N/A, 46.45, 58|4, 60, N/A, 173.65, 10|5, 41, N/A, 27.07, 0|6, 37, N/A, 28.26, 0|
15:03:43 0, 61, N/A, 44.76, 0|1, 60, N/A, 192.84, 100|2, 62, N/A, 53.58, 0|3, 63, N/A, 46.45, 73|4, 61, N/A, 188.95, 99|5, 41, N/A, 27.07, 0|6, 37, N/A, 28.26, 0|
15:03:45 0, 61, N/A, 44.04, 0|1, 62, N/A, 192.84, 100|2, 65, N/A, 173.26, 100|3, 60, N/A, 44.27, 0|4, 59, N/A, 45.74, 0|5, 41, N/A, 27.08, 0|6, 37, N/A, 28.28, 0|
15:03:47 0, 61, N/A, 154.58, 32|1, 58, N/A, 47.98, 0|2, 66, N/A, 179.73, 100|3, 62, N/A, 45.47, 3|4, 61, N/A, 188.97, 100|5, 41, N/A, 27.07, 0|6, 37, N/A, 28.26, 0|
15:03:49 0, 62, N/A, 172.60, 0|1, 61, N/A, 192.56, 100|2, 62, N/A, 53.37, 0|3, 62, N/A, 45.96, 0|4, 62, N/A, 190.17, 100|5, 41, N/A, 27.07, 0|6, 37, N/A, 28.26, 0|
15:03:51 0, 61, N/A, 44.02, 0|1, 62, N/A, 197.12, 100|2, 65, N/A, 197.87, 100|3, 60, N/A, 44.49, 0|4, 59, N/A, 45.49, 0|5, 41, N/A, 27.08, 0|6, 37, N/A, 28.03, 0|
15:03:53 0, 62, N/A, 177.41, 61|1, 58, N/A, 47.95, 0|2, 66, N/A, 161.59, 100|3, 62, N/A, 45.22, 3|4, 61, N/A, 145.59, 100|5, 40, N/A, 27.07, 0|6, 37, N/A, 28.26, 0|
15:03:55 0, 63, N/A, 161.09, 91|1, 61, N/A, 168.67, 100|2, 62, N/A, 53.82, 0|3, 62, N/A, 45.69, 0|4, 62, N/A, 198.62, 100|5, 41, N/A, 27.07, 0|6, 37, N/A, 28.26, 0|
15:03:57 0, 61, N/A, 44.29, 0|1, 62, N/A, 186.46, 100|2, 66, N/A, 207.79, 100|3, 60, N/A, 44.51, 0|4, 59, N/A, 45.99, 0|5, 40, N/A, 27.08, 0|6, 37, N/A, 28.28, 0|
15:03:59 0, 63, N/A, 179.12, 100|1, 58, N/A, 48.17, 0|2, 67, N/A, 207.27, 100|3, 61, N/A, 45.19, 0|4, 61, N/A, 193.00, 100|5, 40, N/A, 27.05, 0|6, 37, N/A, 28.26, 0|
15:04:02 0, 63, N/A, 179.61, 92|1, 61, N/A, 164.99, 100|2, 62, N/A, 52.84, 7|3, 62, N/A, 45.44, 0|4, 62, N/A, 181.99, 100|5, 41, N/A, 27.05, 0|6, 37, N/A, 28.26, 0|
15:04:04 0, 61, N/A, 44.02, 0|1, 62, N/A, 189.64, 100|2, 66, N/A, 208.52, 100|3, 60, N/A, 44.49, 0|4, 59, N/A, 45.99, 0|5, 40, N/A, 27.08, 0|6, 37, N/A, 28.28, 0|
15:04:06 0, 63, N/A, 180.83, 100|1, 58, N/A, 48.20, 0|2, 67, N/A, 208.38, 100|3, 62, N/A, 45.22, 6|4, 62, N/A, 159.70, 100|5, 41, N/A, 27.07, 0|6, 37, N/A, 28.26, 0|
15:04:08 0, 63, N/A, 179.37, 100|1, 61, N/A, 162.41, 100|2, 62, N/A, 52.87, 3|3, 62, N/A, 45.47, 0|4, 62, N/A, 146.81, 100|5, 41, N/A, 27.07, 0|6, 37, N/A, 28.02, 0|
15:04:10 0, 61, N/A, 44.04, 0|1, 62, N/A, 175.78, 100|2, 66, N/A, 208.14, 100|3, 60, N/A, 44.51, 0|4, 59, N/A, 45.49, 0|5, 40, N/A, 27.08, 0|6, 37, N/A, 28.28, 0|
15:04:12 0, 63, N/A, 180.34, 100|1, 58, N/A, 48.20, 0|2, 67, N/A, 208.61, 100|3, 61, N/A, 45.19, 0|4, 62, N/A, 158.71, 100|5, 41, N/A, 27.07, 0|6, 37, N/A, 28.25, 0|
15:04:14 0, 63, N/A, 179.12, 100|1, 61, N/A, 150.74, 100|2, 62, N/A, 52.60, 8|3, 62, N/A, 45.19, 0|4, 62, N/A, 154.88, 100|5, 40, N/A, 27.07, 0|6, 37, N/A, 28.02, 0|
15:04:16 0, 60, N/A, 43.53, 0|1, 61, N/A, 203.21, 100|2, 66, N/A, 208.28, 100|3, 60, N/A, 43.99, 0|4, 59, N/A, 45.72, 0|5, 40, N/A, 27.08, 0|6, 37, N/A, 28.03, 0|
15:04:18 0, 62, N/A, 180.10, 100|1, 57, N/A, 47.46, 0|2, 66, N/A, 206.90, 100|3, 61, N/A, 44.97, 0|4, 61, N/A, 155.53, 100|5, 40, N/A, 27.07, 0|6, 37, N/A, 28.02, 0|
15:04:20 0, 62, N/A, 176.67, 61|1, 60, N/A, 199.79, 100|2, 61, N/A, 53.33, 8|3, 61, N/A, 45.22, 0|4, 61, N/A, 160.42, 100|5, 40, N/A, 27.05, 0|6, 37, N/A, 28.26, 0|
15:04:22 0, 60, N/A, 43.28, 0|1, 61, N/A, 199.06, 100|2, 65, N/A, 206.57, 100|3, 59, N/A, 43.77, 0|4, 58, N/A, 45.49, 0|5, 40, N/A, 27.08, 0|6, 37, N/A, 28.28, 0|
15:04:24 0, 61, N/A, 178.88, 100|1, 57, N/A, 46.97, 0|2, 65, N/A, 197.10, 100|3, 60, N/A, 44.70, 0|4, 60, N/A, 188.34, 100|5, 40, N/A, 27.07, 0|6, 37, N/A, 28.02, 0|
15:04:27 0, 61, N/A, 154.58, 79|1, 60, N/A, 156.28, 100|2, 60, N/A, 52.63, 0|3, 60, N/A, 44.97, 0|4, 61, N/A, 164.37, 100|5, 40, N/A, 27.07, 0|6, 37, N/A, 28.02, 0|
15:04:29 0, 59, N/A, 43.31, 0|1, 60, N/A, 195.53, 100|2, 64, N/A, 205.20, 100|3, 58, N/A, 43.53, 0|4, 57, N/A, 45.25, 0|5, 40, N/A, 27.08, 0|6, 37, N/A, 28.03, 0|
15:04:31 0, 60, N/A, 175.32, 100|1, 56, N/A, 47.00, 9|2, 64, N/A, 168.79, 100|3, 60, N/A, 44.49, 11|4, 60, N/A, 145.67, 100|5, 40, N/A, 27.08, 0|6, 37, N/A, 28.03, 0|
15:04:33 0, 60, N/A, 151.62, 0|1, 59, N/A, 165.97, 100|2, 59, N/A, 52.10, 0|3, 60, N/A, 44.95, 0|4, 60, N/A, 188.60, 100|5, 40, N/A, 27.07, 0|6, 37, N/A, 28.02, 0|
15:04:35 0, 59, N/A, 43.04, 0|1, 59, N/A, 191.83, 100|2, 63, N/A, 168.94, 100|3, 58, N/A, 43.26, 0|4, 57, N/A, 44.76, 0|5, 40, N/A, 27.07, 0|6, 36, N/A, 27.79, 0|
15:04:37 0, 59, N/A, 152.60, 11|1, 55, N/A, 46.72, 8|2, 63, N/A, 163.29, 100|3, 59, N/A, 44.48, 10|4, 59, N/A, 188.11, 100|5, 40, N/A, 27.07, 0|6, 37, N/A, 28.02, 0|
15:04:39 0, 58, N/A, 43.04, 0|1, 59, N/A, 191.58, 100|2, 59, N/A, 51.86, 0|3, 61, N/A, 45.22, 75|4, 58, N/A, 181.37, 3|5, 40, N/A, 27.07, 0|6, 36, N/A, 28.02, 0|
15:04:41 0, 59, N/A, 43.31, 0|1, 58, N/A, 182.55, 100|2, 63, N/A, 162.08, 100|3, 58, N/A, 43.28, 0|4, 57, N/A, 45.25, 0|5, 40, N/A, 27.08, 0|6, 36, N/A, 27.79, 0|
15:04:43 0, 57, N/A, 63.87, 0|1, 56, N/A, 46.48, 0|2, 64, N/A, 205.69, 100|3, 60, N/A, 44.97, 46|4, 57, N/A, 142.50, 34|5, 40, N/A, 27.07, 0|6, 36, N/A, 28.02, 0|
15:04:45 0, 59, N/A, 43.04, 0|1, 58, N/A, 168.19, 100|2, 59, N/A, 52.35, 0|3, 62, N/A, 173.75, 100|4, 57, N/A, 44.73, 0|5, 40, N/A, 27.07, 0|6, 36, N/A, 28.02, 0|
15:04:47 0, 60, N/A, 43.77, 0|1, 59, N/A, 185.97, 100|2, 63, N/A, 206.32, 100|3, 58, N/A, 43.52, 0|4, 57, N/A, 45.25, 0|5, 40, N/A, 27.08, 0|6, 37, N/A, 27.79, 0|
15:04:50 0, 58, N/A, 42.30, 0|1, 56, N/A, 46.48, 0|2, 63, N/A, 197.73, 100|3, 62, N/A, 73.64, 100|4, 56, N/A, 131.54, 0|5, 40, N/A, 27.07, 0|6, 36, N/A, 28.02, 0|
15:04:52 0, 59, N/A, 43.53, 0|1, 58, N/A, 153.35, 100|2, 60, N/A, 52.35, 0|3, 63, N/A, 183.93, 100|4, 57, N/A, 44.98, 0|5, 40, N/A, 27.07, 0|6, 37, N/A, 28.02, 0|
15:04:54 0, 61, N/A, 44.76, 75|1, 58, N/A, 189.66, 0|2, 63, N/A, 182.23, 100|3, 59, N/A, 43.50, 0|4, 58, N/A, 45.47, 0|5, 40, N/A, 27.07, 0|6, 37, N/A, 28.02, 0|
15:04:56 0, 58, N/A, 42.57, 0|1, 57, N/A, 46.76, 0|2, 64, N/A, 202.15, 100|3, 63, N/A, 182.20, 100|4, 56, N/A, 44.51, 0|5, 40, N/A, 27.08, 0|6, 36, N/A, 28.03, 0|
15:04:58 0, 60, N/A, 44.51, 49|1, 57, N/A, 142.90, 27|2, 61, N/A, 52.87, 0|3, 62, N/A, 163.11, 100|4, 58, N/A, 45.47, 0|5, 40, N/A, 27.07, 0|6, 36, N/A, 28.02, 0|
15:05:00 0, 63, N/A, 188.56, 100|1, 57, N/A, 47.22, 0|2, 64, N/A, 174.08, 100|3, 59, N/A, 43.50, 0|4, 59, N/A, 46.45, 0|5, 40, N/A, 27.07, 0|6, 37, N/A, 28.02, 0|
15:05:02 0, 58, N/A, 42.54, 0|1, 58, N/A, 47.95, 0|2, 63, N/A, 196.40, 100|3, 62, N/A, 140.76, 100|4, 57, N/A, 44.73, 0|5, 40, N/A, 27.07, 0|6, 37, N/A, 28.02, 0|
15:05:04 0, 62, N/A, 185.99, 100|1, 56, N/A, 46.72, 0|2, 61, N/A, 53.37, 0|3, 63, N/A, 182.32, 100|4, 59, N/A, 46.21, 8|5, 40, N/A, 27.07, 0|6, 37, N/A, 28.02, 0|
15:05:06 0, 63, N/A, 180.59, 100|1, 57, N/A, 47.71, 0|2, 62, N/A, 193.22, 100|3, 59, N/A, 43.99, 0|4, 60, N/A, 48.91, 100|5, 40, N/A, 27.07, 0|6, 37, N/A, 28.02, 0|
15:05:08 0, 58, N/A, 42.81, 0|1, 58, N/A, 48.70, 0|2, 64, N/A, 176.79, 100|3, 63, N/A, 181.59, 100|4, 57, N/A, 44.76, 7|5, 40, N/A, 27.07, 0|6, 37, N/A, 28.02, 0|
15:05:10 0, 62, N/A, 179.37, 100|1, 56, N/A, 46.75, 0|2, 62, N/A, 53.86, 0|3, 62, N/A, 155.76, 100|4, 61, N/A, 56.26, 100|5, 40, N/A, 27.07, 0|6, 36, N/A, 28.02, 0|
15:05:12 0, 63, N/A, 142.55, 100|1, 58, N/A, 48.69, 63|2, 63, N/A, 202.74, 100|3, 59, N/A, 43.72, 0|4, 62, N/A, 188.84, 100|5, 40, N/A, 27.05, 0|6, 37, N/A, 28.00, 0|
15:05:15 0, 59, N/A, 42.82, 0|1, 61, N/A, 178.26, 100|2, 61, N/A, 53.86, 0|3, 62, N/A, 147.12, 100|4, 57, N/A, 44.76, 0|5, 40, N/A, 27.08, 0|6, 37, N/A, 28.03, 0|
15:05:17 0, 63, N/A, 173.26, 100|1, 56, N/A, 46.75, 0|2, 63, N/A, 55.33, 0|3, 62, N/A, 179.15, 100|4, 61, N/A, 184.31, 100|5, 40, N/A, 27.05, 0|6, 37, N/A, 28.02, 0|
15:05:19 0, 62, N/A, 139.13, 100|1, 60, N/A, 170.38, 100|2, 60, N/A, 52.59, 0|3, 60, N/A, 44.21, 0|4, 62, N/A, 174.53, 100|5, 40, N/A, 27.05, 0|6, 37, N/A, 28.00, 0|
15:05:21 0, 59, N/A, 43.06, 0|1, 61, N/A, 193.91, 100|2, 63, N/A, 55.33, 0|3, 61, N/A, 177.79, 100|4, 57, N/A, 45.01, 0|5, 40, N/A, 27.08, 0|6, 37, N/A, 28.03, 0|
15:05:23 0, 62, N/A, 157.99, 100|1, 57, N/A, 46.97, 0|2, 66, N/A, 176.29, 100|3, 60, N/A, 44.21, 0|4, 61, N/A, 190.29, 100|5, 40, N/A, 27.05, 0|6, 37, N/A, 28.00, 0|
15:05:25 0, 62, N/A, 179.61, 100|1, 60, N/A, 192.81, 100|2, 61, N/A, 52.84, 0|3, 61, N/A, 44.73, 0|4, 61, N/A, 184.68, 100|5, 40, N/A, 27.07, 0|6, 37, N/A, 28.02, 0|
15:05:27 0, 60, N/A, 43.31, 0|1, 61, N/A, 160.71, 100|2, 65, N/A, 208.77, 100|3, 59, N/A, 43.77, 0|4, 58, N/A, 45.25, 0|5, 40, N/A, 27.08, 0|6, 37, N/A, 28.03, 0|
15:05:29 0, 61, N/A, 177.16, 100|1, 57, N/A, 47.21, 9|2, 65, N/A, 177.90, 100|3, 61, N/A, 44.70, 11|4, 60, N/A, 176.23, 100|5, 40, N/A, 27.07, 0|6, 37, N/A, 28.00, 0|
15:05:31 0, 59, N/A, 43.28, 0|1, 60, N/A, 194.55, 100|2, 61, N/A, 53.33, 0|3, 62, N/A, 46.20, 57|4, 59, N/A, 180.00, 23|5, 40, N/A, 27.07, 0|6, 37, N/A, 28.02, 0|
15:05:33 0, 61, N/A, 44.04, 0|1, 60, N/A, 155.55, 100|2, 65, N/A, 184.67, 100|3, 59, N/A, 43.77, 0|4, 58, N/A, 45.74, 0|5, 40, N/A, 27.08, 0|6, 37, N/A, 28.03, 0|
15:05:35 0, 58, N/A, 42.79, 0|1, 57, N/A, 47.71, 0|2, 65, N/A, 163.80, 100|3, 62, N/A, 45.96, 76|4, 58, N/A, 159.79, 4|5, 40, N/A, 27.07, 0|6, 37, N/A, 28.02, 0|
15:05:37 0, 60, N/A, 44.02, 0|1, 59, N/A, 183.52, 100|2, 61, N/A, 53.58, 0|3, 64, N/A, 181.83, 100|4, 58, N/A, 45.72, 0|5, 40, N/A, 27.07, 0|6, 37, N/A, 28.02, 0|
15:05:40 0, 63, N/A, 50.41, 100|1, 57, N/A, 183.04, 5|2, 64, N/A, 197.85, 100|3, 59, N/A, 43.99, 10|4, 59, N/A, 46.21, 0|5, 40, N/A, 27.07, 0|6, 37, N/A, 28.02, 0|
15:05:42 0, 58, N/A, 42.54, 0|1, 58, N/A, 47.95, 0|2, 64, N/A, 204.96, 100|3, 63, N/A, 180.12, 100|4, 57, N/A, 44.73, 0|5, 40, N/A, 27.07, 0|6, 37, N/A, 28.02, 0|
15:05:44 0, 62, N/A, 142.32, 100|1, 56, N/A, 44.51, 0|2, 61, N/A, 53.61, 0|3, 63, N/A, 181.49, 100|4, 58, N/A, 46.21, 9|5, 40, N/A, 27.05, 0|6, 36, N/A, 28.02, 0|
15:05:46 0, 62, N/A, 175.93, 100|1, 57, N/A, 47.68, 0|2, 62, N/A, 199.56, 100|3, 59, N/A, 43.72, 0|4, 62, N/A, 189.55, 100|5, 40, N/A, 27.05, 0|6, 36, N/A, 28.00, 0|
15:05:48 0, 58, N/A, 42.30, 0|1, 58, N/A, 49.18, 29|2, 62, N/A, 204.22, 44|3, 62, N/A, 181.10, 100|4, 56, N/A, 44.73, 7|5, 40, N/A, 27.07, 0|6, 37, N/A, 28.02, 0|
15:05:50 0, 61, N/A, 147.71, 100|1, 55, N/A, 45.52, 0|2, 61, N/A, 54.10, 0|3, 62, N/A, 178.41, 100|4, 61, N/A, 189.09, 100|5, 40, N/A, 27.05, 0|6, 36, N/A, 28.00, 0|
15:05:52 0, 61, N/A, 179.85, 100|1, 58, N/A, 49.18, 55|2, 60, N/A, 199.69, 22|3, 59, N/A, 43.74, 0|4, 61, N/A, 174.50, 100|5, 39, N/A, 27.07, 0|6, 36, N/A, 28.02, 0|
15:05:54 0, 58, N/A, 42.81, 0|1, 60, N/A, 194.65, 100|2, 61, N/A, 54.11, 0|3, 61, N/A, 180.49, 100|4, 57, N/A, 44.76, 0|5, 40, N/A, 27.08, 0|6, 36, N/A, 28.02, 0|
15:05:56 0, 61, N/A, 171.13, 100|1, 55, N/A, 45.98, 0|2, 65, N/A, 203.25, 100|3, 59, N/A, 43.74, 0|4, 61, N/A, 161.24, 100|5, 40, N/A, 27.07, 0|6, 36, N/A, 28.02, 0|
15:05:58 0, 61, N/A, 178.88, 100|1, 59, N/A, 192.56, 100|2, 59, N/A, 52.35, 12|3, 60, N/A, 44.46, 0|4, 60, N/A, 176.13, 100|5, 40, N/A, 27.07, 0|6, 36, N/A, 28.00, 0|
15:06:00 0, 59, N/A, 43.28, 0|1, 59, N/A, 194.03, 100|2, 64, N/A, 206.32, 100|3, 58, N/A, 43.28, 0|4, 57, N/A, 45.00, 0|5, 40, N/A, 27.08, 0|6, 36, N/A, 28.03, 0|
15:06:02 0, 59, N/A, 147.45, 100|1, 56, N/A, 46.72, 11|2, 65, N/A, 207.39, 100|3, 60, N/A, 44.46, 12|4, 60, N/A, 166.30, 100|5, 40, N/A, 27.07, 0|6, 36, N/A, 28.02, 0|
15:06:05 0, 59, N/A, 43.04, 0|1, 59, N/A, 192.35, 100|2, 60, N/A, 52.63, 0|3, 63, N/A, 168.98, 100|4, 57, N/A, 44.98, 0|5, 40, N/A, 27.07, 0|6, 36, N/A, 28.02, 0|
15:06:07 0, 61, N/A, 44.27, 0|1, 58, N/A, 190.61, 75|2, 64, N/A, 205.84, 100|3, 59, N/A, 43.53, 0|4, 58, N/A, 45.74, 0|5, 40, N/A, 27.08, 0|6, 36, N/A, 28.03, 0|
15:06:09 0, 58, N/A, 42.57, 0|1, 57, N/A, 47.49, 0|2, 64, N/A, 205.58, 100|3, 63, N/A, 183.18, 100|4, 56, N/A, 44.51, 0|5, 40, N/A, 27.09, 0|6, 36, N/A, 28.03, 0|
15:06:11 0, 61, N/A, 44.51, 100|1, 57, N/A, 186.57, 39|2, 61, N/A, 53.37, 0|3, 63, N/A, 177.29, 100|4, 58, N/A, 45.47, 0|5, 40, N/A, 27.07, 0|6, 37, N/A, 28.02, 0|
15:06:13 0, 63, N/A, 178.39, 100|1, 57, N/A, 47.46, 0|2, 64, N/A, 205.68, 100|3, 59, N/A, 43.74, 0|4, 62, N/A, 115.20, 100|5, 40, N/A, 27.07, 0|6, 36, N/A, 28.02, 0|
15:06:15 0, 58, N/A, 42.54, 0|1, 59, N/A, 49.68, 47|2, 63, N/A, 203.25, 27|3, 63, N/A, 180.96, 100|4, 57, N/A, 44.73, 9|5, 40, N/A, 27.07, 0|6, 36, N/A, 28.02, 0|
15:06:17 0, 62, N/A, 159.88, 100|1, 56, N/A, 46.75, 0|2, 62, N/A, 55.09, 0|3, 62, N/A, 180.51, 100|4, 62, N/A, 190.80, 100|5, 40, N/A, 27.05, 0|6, 36, N/A, 28.00, 0|
15:06:19 0, 62, N/A, 167.21, 100|1, 59, N/A, 53.37, 85|2, 61, N/A, 195.29, 0|3, 60, N/A, 44.24, 0|4, 62, N/A, 191.40, 100|5, 40, N/A, 27.07, 0|6, 36, N/A, 28.02, 0|
15:06:21 0, 59, N/A, 42.82, 0|1, 60, N/A, 187.91, 100|2, 63, N/A, 55.10, 23|3, 61, N/A, 179.02, 90|4, 57, N/A, 45.01, 0|5, 40, N/A, 27.08, 0|6, 37, N/A, 28.03, 0|
15:06:23 0, 61, N/A, 151.64, 100|1, 57, N/A, 46.97, 0|2, 65, N/A, 206.43, 100|3, 60, N/A, 44.24, 0|4, 61, N/A, 189.93, 100|5, 40, N/A, 27.07, 0|6, 36, N/A, 28.02, 0|
15:06:25 0, 59, N/A, 156.27, 22|1, 60, N/A, 154.32, 100|2, 61, N/A, 53.33, 0|3, 61, N/A, 45.22, 23|4, 60, N/A, 188.84, 64|5, 40, N/A, 27.07, 0|6, 36, N/A, 28.02, 0|
15:06:27 0, 60, N/A, 43.80, 0|1, 59, N/A, 180.20, 100|2, 65, N/A, 177.91, 100|3, 59, N/A, 43.77, 0|4, 58, N/A, 45.25, 0|5, 40, N/A, 27.08, 0|6, 36, N/A, 28.03, 0|
15:06:30 0, 58, N/A, 42.54, 0|1, 57, N/A, 47.46, 0|2, 65, N/A, 167.47, 100|3, 61, N/A, 45.47, 72|4, 59, N/A, 181.25, 11|5, 40, N/A, 27.08, 0|6, 36, N/A, 28.03, 0|
15:06:32 0, 60, N/A, 43.77, 0|1, 59, N/A, 147.32, 100|2, 61, N/A, 53.58, 0|3, 63, N/A, 179.86, 100|4, 58, N/A, 45.72, 0|5, 40, N/A, 27.07, 0|6, 37, N/A, 28.02, 0|
15:06:34 0, 64, N/A, 178.00, 100|1, 57, N/A, 47.22, 0|2, 64, N/A, 208.89, 100|3, 59, N/A, 43.75, 0|4, 60, N/A, 46.94, 54|5, 40, N/A, 27.07, 0|6, 37, N/A, 28.02, 0|
15:06:36 0, 59, N/A, 42.82, 0|1, 59, N/A, 48.72, 7|2, 64, N/A, 196.77, 100|3, 63, N/A, 148.10, 100|4, 57, N/A, 45.00, 0|5, 40, N/A, 27.08, 0|6, 37, N/A, 28.03, 0|
15:06:38 0, 63, N/A, 179.64, 100|1, 56, N/A, 46.75, 0|2, 63, N/A, 54.84, 0|3, 63, N/A, 140.03, 100|4, 60, N/A, 47.41, 100|5, 40, N/A, 27.07, 0|6, 37, N/A, 28.02, 0|
15:06:40 0, 63, N/A, 180.08, 100|1, 59, N/A, 49.15, 55|2, 63, N/A, 204.94, 100|3, 60, N/A, 44.21, 0|4, 62, N/A, 176.23, 100|5, 40, N/A, 27.05, 0|6, 36, N/A, 28.00, 0|
15:06:42 0, 59, N/A, 43.04, 0|1, 61, N/A, 194.06, 100|2, 62, N/A, 54.56, 0|3, 62, N/A, 180.37, 100|4, 57, N/A, 44.98, 0|5, 40, N/A, 27.07, 0|6, 37, N/A, 28.02, 0|
15:06:44 0, 61, N/A, 137.90, 100|1, 56, N/A, 46.97, 0|2, 65, N/A, 207.76, 100|3, 59, N/A, 43.97, 0|4, 61, N/A, 191.52, 100|5, 40, N/A, 27.05, 0|6, 36, N/A, 28.02, 0|
15:06:46 0, 59, N/A, 44.27, 0|1, 59, N/A, 178.24, 100|2, 60, N/A, 52.84, 0|3, 60, N/A, 44.97, 0|4, 60, N/A, 187.73, 100|5, 40, N/A, 27.07, 0|6, 36, N/A, 28.02, 0|
15:06:48 0, 57, N/A, 42.57, 0|1, 56, N/A, 46.48, 0|2, 64, N/A, 196.04, 100|3, 58, N/A, 43.53, 0|4, 57, N/A, 45.25, 0|5, 40, N/A, 26.84, 0|6, 36, N/A, 28.03, 0|
15:06:50 0, 56, N/A, 36.42, 0|1, 54, N/A, 44.79, 0|2, 59, N/A, 52.66, 0|3, 61, N/A, 46.21, 91|4, 58, N/A, 181.26, 41|5, 39, N/A, 26.84, 0|6, 36, N/A, 28.03, 0|
15:06:53 0, 59, N/A, 141.92, 100|1, 54, N/A, 44.54, 0|2, 58, N/A, 43.56, 0|3, 58, N/A, 43.26, 0|4, 57, N/A, 45.01, 0|5, 40, N/A, 27.07, 0|6, 36, N/A, 28.03, 0|
15:06:55 0, 57, N/A, 42.08, 0|1, 57, N/A, 149.78, 100|2, 57, N/A, 43.07, 0|3, 57, N/A, 42.79, 0|4, 56, N/A, 44.27, 0|5, 40, N/A, 27.09, 0|6, 36, N/A, 28.03, 0|
15:06:57 0, 56, N/A, 41.83, 0|1, 54, N/A, 46.02, 0|2, 62, N/A, 166.35, 100|3, 57, N/A, 42.79, 0|4, 55, N/A, 44.02, 0|5, 40, N/A, 27.09, 0|6, 36, N/A, 27.79, 0|
15:06:59 0, 56, N/A, 40.61, 0|1, 53, N/A, 45.31, 0|2, 58, N/A, 50.70, 0|3, 61, N/A, 71.73, 100|4, 55, N/A, 132.62, 0|5, 40, N/A, 27.09, 0|6, 36, N/A, 28.03, 0|
15:07:01 0, 56, N/A, 95.07, 27|1, 53, N/A, 142.99, 17|2, 58, N/A, 52.14, 22|3, 58, N/A, 43.53, 17|4, 57, N/A, 46.73, 20|5, 39, N/A, 26.84, 0|6, 36, N/A, 28.03, 0|
15:07:03 0, 56, N/A, 82.60, 17|1, 54, N/A, 45.80, 17|2, 58, N/A, 52.42, 19|3, 58, N/A, 45.50, 17|4, 57, N/A, 59.00, 20|5, 40, N/A, 26.84, 0|6, 36, N/A, 28.03, 0|
15:07:05 0, 56, N/A, 44.05, 17|1, 54, N/A, 56.85, 17|2, 59, N/A, 172.84, 19|3, 57, N/A, 84.46, 17|4, 56, N/A, 38.64, 22|5, 40, N/A, 27.09, 0|6, 36, N/A, 28.03, 0|
15:07:07 0, 56, N/A, 114.19, 17|1, 53, N/A, 45.83, 17|2, 58, N/A, 52.21, 19|3, 58, N/A, 44.54, 17|4, 56, N/A, 52.42, 29|5, 40, N/A, 27.10, 0|6, 36, N/A, 28.05, 0|
15:07:09 0, 56, N/A, 43.34, 17|1, 54, N/A, 53.43, 22|2, 58, N/A, 131.64, 20|3, 57, N/A, 112.40, 17|4, 55, N/A, 38.66, 29|5, 40, N/A, 27.10, 0|6, 36, N/A, 28.05, 0|
15:07:11 0, 55, N/A, 127.95, 17|1, 53, N/A, 45.58, 22|2, 57, N/A, 51.96, 19|3, 57, N/A, 44.30, 17|4, 56, N/A, 49.47, 26|5, 39, N/A, 27.10, 0|6, 36, N/A, 28.05, 0|
15:07:13 0, 55, N/A, 43.09, 17|1, 53, N/A, 51.22, 25|2, 58, N/A, 105.72, 19|3, 57, N/A, 131.95, 17|4, 55, N/A, 38.42, 25|5, 40, N/A, 26.86, 0|6, 36, N/A, 28.05, 0|
15:07:15 0, 55, N/A, 145.07, 17|1, 53, N/A, 45.34, 25|2, 57, N/A, 51.47, 19|3, 57, N/A, 43.58, 17|4, 55, N/A, 43.10, 21|5, 40, N/A, 26.88, 0|6, 36, N/A, 28.07, 0|
15:07:18 0, 55, N/A, 42.36, 17|1, 53, N/A, 48.27, 18|2, 58, N/A, 79.70, 19|3, 56, N/A, 150.91, 17|4, 54, N/A, 38.17, 21|5, 40, N/A, 27.10, 0|6, 36, N/A, 28.06, 0|
15:07:20 0, 56, N/A, 157.08, 17|1, 53, N/A, 79.95, 17|2, 57, N/A, 51.72, 19|3, 57, N/A, 43.31, 17|4, 55, N/A, 41.37, 21|5, 40, N/A, 27.12, 0|6, 36, N/A, 28.07, 0|
15:07:22 0, 55, N/A, 42.38, 17|1, 53, N/A, 47.31, 17|2, 58, N/A, 68.92, 19|3, 57, N/A, 138.57, 17|4, 55, N/A, 80.10, 21|5, 40, N/A, 27.11, 0|6, 36, N/A, 28.06, 0|
15:07:24 0, 56, N/A, 104.73, 17|1, 53, N/A, 124.82, 17|2, 57, N/A, 51.72, 20|3, 57, N/A, 43.31, 17|4, 55, N/A, 39.89, 21|5, 40, N/A, 27.10, 0|6, 37, N/A, 28.07, 0|
15:07:26 0, 56, N/A, 42.63, 17|1, 53, N/A, 41.64, 18|2, 58, N/A, 76.55, 19|3, 57, N/A, 153.87, 17|4, 55, N/A, 38.42, 21|5, 40, N/A, 26.86, 0|6, 37, N/A, 28.07, 0|
15:07:28 0, 55, N/A, 102.29, 17|1, 53, N/A, 38.93, 18|2, 58, N/A, 52.24, 19|3, 57, N/A, 44.57, 17|4, 55, N/A, 54.39, 21|5, 40, N/A, 27.12, 0|6, 37, N/A, 28.06, 0|
15:07:30 0, 56, N/A, 53.44, 17|1, 53, N/A, 109.41, 25|2, 58, N/A, 112.54, 19|3, 57, N/A, 43.10, 17|4, 55, N/A, 38.66, 21|5, 40, N/A, 27.12, 0|6, 37, N/A, 28.07, 0|
15:07:32 0, 56, N/A, 42.60, 17|1, 53, N/A, 40.16, 25|2, 58, N/A, 64.03, 19|3, 58, N/A, 118.54, 17|4, 55, N/A, 88.21, 28|5, 40, N/A, 27.10, 0|6, 37, N/A, 28.06, 0|
15:07:34 0, 56, N/A, 36.71, 18|1, 53, N/A, 39.18, 18|2, 58, N/A, 52.45, 19|3, 57, N/A, 39.89, 21|4, 55, N/A, 75.23, 22|5, 40, N/A, 27.11, 0|6, 37, N/A, 28.07, 0|
15:07:36 0, 55, N/A, 36.47, 18|1, 53, N/A, 39.18, 18|2, 58, N/A, 52.22, 19|3, 57, N/A, 39.15, 18|4, 56, N/A, 65.44, 21|5, 40, N/A, 27.12, 0|6, 37, N/A, 28.07, 0|
15:07:38 0, 55, N/A, 36.47, 18|1, 53, N/A, 39.42, 18|2, 58, N/A, 45.10, 21|3, 57, N/A, 48.49, 21|4, 55, N/A, 132.23, 21|5, 40, N/A, 27.12, 0|6, 37, N/A, 28.07, 0|
15:07:40 0, 55, N/A, 36.47, 18|1, 53, N/A, 40.41, 21|2, 57, N/A, 58.13, 21|3, 57, N/A, 124.85, 18|4, 55, N/A, 42.36, 21|5, 40, N/A, 27.11, 0|6, 37, N/A, 28.07, 0|
15:07:43 0, 55, N/A, 37.95, 19|1, 53, N/A, 50.27, 18|2, 57, N/A, 140.65, 24|3, 57, N/A, 36.94, 18|4, 55, N/A, 38.42, 21|5, 40, N/A, 27.12, 0|6, 37, N/A, 28.07, 0|
15:07:45 0, 56, N/A, 53.44, 19|1, 53, N/A, 127.95, 18|2, 57, N/A, 43.12, 21|3, 56, N/A, 36.94, 18|4, 55, N/A, 38.69, 21|5, 40, N/A, 27.12, 0|6, 37, N/A, 28.07, 0|
15:07:47 0, 55, N/A, 114.51, 19|1, 53, N/A, 39.67, 18|2, 57, N/A, 43.37, 21|3, 56, N/A, 37.68, 18|4, 55, N/A, 44.33, 21|5, 40, N/A, 27.12, 0|6, 37, N/A, 28.07, 0|
15:07:49 0, 55, N/A, 36.47, 18|1, 53, N/A, 39.18, 18|2, 57, N/A, 43.86, 23|3, 57, N/A, 41.86, 18|4, 55, N/A, 103.20, 21|5, 40, N/A, 27.12, 0|6, 37, N/A, 28.07, 0|
15:07:51 0, 55, N/A, 36.47, 19|1, 53, N/A, 39.92, 18|2, 57, N/A, 50.48, 21|3, 57, N/A, 82.79, 18|4, 55, N/A, 101.42, 24|5, 40, N/A, 27.10, 0|6, 37, N/A, 28.06, 0|
15:07:53 0, 55, N/A, 37.21, 19|1, 53, N/A, 45.09, 18|2, 57, N/A, 111.32, 21|3, 56, N/A, 81.57, 18|4, 55, N/A, 38.42, 21|5, 40, N/A, 27.11, 0|6, 37, N/A, 28.07, 0|
15:07:55 0, 56, N/A, 45.09, 21|1, 53, N/A, 118.75, 18|2, 57, N/A, 82.66, 23|3, 56, N/A, 36.94, 18|4, 55, N/A, 38.42, 21|5, 40, N/A, 27.12, 0|6, 37, N/A, 28.07, 0|
15:07:57 0, 55, N/A, 125.98, 19|1, 53, N/A, 55.16, 18|2, 57, N/A, 43.12, 21|3, 56, N/A, 37.19, 18|4, 55, N/A, 41.12, 24|5, 40, N/A, 27.12, 0|6, 37, N/A, 28.32, 0|
15:07:59 0, 55, N/A, 36.47, 18|1, 53, N/A, 38.93, 18|2, 57, N/A, 43.61, 21|3, 56, N/A, 39.89, 18|4, 56, N/A, 77.69, 21|5, 40, N/A, 27.12, 0|6, 37, N/A, 28.32, 0|
15:08:01 0, 55, N/A, 36.47, 21|1, 53, N/A, 39.67, 18|2, 57, N/A, 47.77, 23|3, 56, N/A, 64.69, 18|4, 55, N/A, 116.58, 21|5, 40, N/A, 27.10, 0|6, 37, N/A, 28.06, 0|
15:08:03 0, 55, N/A, 36.96, 18|1, 53, N/A, 42.87, 20|2, 57, N/A, 80.44, 21|3, 56, N/A, 110.92, 18|4, 55, N/A, 38.42, 24|5, 40, N/A, 27.12, 0|6, 37, N/A, 28.32, 0|
15:08:05 0, 55, N/A, 40.16, 18|1, 53, N/A, 71.62, 18|2, 57, N/A, 121.32, 21|3, 56, N/A, 36.94, 18|4, 55, N/A, 38.42, 21|5, 41, N/A, 27.12, 0|6, 37, N/A, 28.32, 0|
15:08:08 0, 56, N/A, 90.53, 21|1, 53, N/A, 104.25, 18|2, 57, N/A, 43.12, 23|3, 56, N/A, 36.94, 21|4, 55, N/A, 39.15, 21|5, 41, N/A, 27.12, 0|6, 37, N/A, 28.32, 0|
15:08:10 0, 55, N/A, 76.75, 19|1, 53, N/A, 39.18, 21|2, 57, N/A, 43.12, 21|3, 56, N/A, 38.42, 18|4, 56, N/A, 56.61, 24|5, 41, N/A, 27.11, 0|6, 37, N/A, 28.30, 0|
15:08:12 0, 55, N/A, 36.47, 18|1, 53, N/A, 39.42, 18|2, 57, N/A, 45.31, 21|3, 56, N/A, 52.63, 18|4, 55, N/A, 128.54, 21|5, 41, N/A, 27.11, 0|6, 38, N/A, 28.30, 0|
15:08:14 0, 55, N/A, 36.71, 22|1, 53, N/A, 41.40, 18|2, 57, N/A, 70.64, 23|3, 56, N/A, 112.64, 21|4, 55, N/A, 38.42, 21|5, 41, N/A, 27.12, 0|6, 37, N/A, 28.32, 0|
15:08:16 0, 55, N/A, 39.42, 18|1, 53, N/A, 66.45, 21|2, 56, N/A, 125.26, 21|3, 56, N/A, 36.94, 18|4, 55, N/A, 38.17, 21|5, 41, N/A, 27.12, 0|6, 38, N/A, 28.32, 0|
15:08:18 0, 56, N/A, 92.93, 19|1, 53, N/A, 96.13, 18|2, 56, N/A, 42.87, 21|3, 56, N/A, 36.94, 18|4, 55, N/A, 39.15, 21|5, 41, N/A, 27.12, 0|6, 38, N/A, 28.32, 0|
15:08:20 0, 55, N/A, 57.59, 21|1, 53, N/A, 38.93, 18|2, 57, N/A, 43.12, 23|3, 56, N/A, 38.42, 19|4, 56, N/A, 55.62, 21|5, 41, N/A, 27.11, 0|6, 38, N/A, 28.32, 0|
15:08:22 0, 55, N/A, 36.47, 19|1, 53, N/A, 39.42, 18|2, 57, N/A, 45.58, 21|3, 56, N/A, 56.60, 18|4, 55, N/A, 125.65, 23|5, 41, N/A, 27.11, 0|6, 38, N/A, 28.32, 0|
15:08:24 0, 55, N/A, 36.96, 19|1, 53, N/A, 43.37, 18|2, 57, N/A, 88.81, 21|3, 56, N/A, 108.22, 18|4, 55, N/A, 38.17, 21|5, 41, N/A, 27.12, 0|6, 38, N/A, 28.32, 0|
15:08:26 0, 56, N/A, 42.63, 21|1, 53, N/A, 91.02, 18|2, 56, N/A, 105.24, 23|3, 56, N/A, 36.94, 21|4, 55, N/A, 38.66, 21|5, 41, N/A, 27.12, 0|6, 38, N/A, 28.32, 0|
15:08:28 0, 56, N/A, 115.73, 19|1, 53, N/A, 71.87, 21|2, 56, N/A, 43.12, 21|3, 56, N/A, 36.94, 18|4, 56, N/A, 40.14, 24|5, 41, N/A, 27.12, 0|6, 38, N/A, 28.32, 0|
15:08:30 0, 55, N/A, 61.04, 18|1, 53, N/A, 39.18, 18|2, 56, N/A, 43.12, 21|3, 56, N/A, 38.66, 18|4, 56, N/A, 60.55, 21|5, 41, N/A, 27.11, 0|6, 38, N/A, 28.32, 0|
15:08:33 0, 55, N/A, 36.22, 21|1, 53, N/A, 39.42, 18|2, 56, N/A, 45.80, 23|3, 56, N/A, 58.29, 20|4, 55, N/A, 125.10, 21|5, 41, N/A, 27.10, 0|6, 38, N/A, 28.30, 0|
15:08:35 0, 55, N/A, 36.71, 19|1, 53, N/A, 43.61, 20|2, 57, N/A, 95.94, 21|3, 56, N/A, 94.59, 18|4, 55, N/A, 38.42, 24|5, 41, N/A, 27.12, 0|6, 38, N/A, 28.32, 0|
15:08:37 0, 56, N/A, 45.80, 19|1, 53, N/A, 124.33, 18|2, 56, N/A, 76.75, 21|3, 56, N/A, 36.94, 18|4, 55, N/A, 38.42, 21|5, 41, N/A, 27.12, 0|6, 38, N/A, 28.32, 0|
15:08:39 0, 55, N/A, 125.00, 21|1, 53, N/A, 39.18, 18|2, 56, N/A, 42.88, 23|3, 56, N/A, 37.19, 18|4, 56, N/A, 42.11, 21|5, 41, N/A, 27.12, 0|6, 38, N/A, 28.32, 0|
15:08:41 0, 55, N/A, 36.22, 19|1, 53, N/A, 39.20, 18|2, 56, N/A, 43.62, 21|3, 56, N/A, 41.86, 18|4, 55, N/A, 106.84, 24|5, 41, N/A, 27.37, 0|6, 38, N/A, 28.32, 0|
15:08:43 0, 55, N/A, 36.47, 19|1, 53, N/A, 40.16, 18|2, 56, N/A, 52.96, 21|3, 56, N/A, 113.45, 18|4, 55, N/A, 82.86, 21|5, 41, N/A, 27.11, 0|6, 38, N/A, 28.32, 0|
15:08:45 0, 55, N/A, 37.95, 20|1, 53, N/A, 51.72, 18|2, 56, N/A, 139.00, 23|3, 56, N/A, 36.94, 18|4, 55, N/A, 38.42, 21|5, 41, N/A, 27.12, 0|6, 38, N/A, 28.32, 0|
15:08:47 0, 56, N/A, 60.30, 19|1, 53, N/A, 119.17, 18|2, 56, N/A, 42.87, 21|3, 56, N/A, 36.94, 18|4, 56, N/A, 38.66, 24|5, 41, N/A, 27.12, 0|6, 38, N/A, 28.32, 0|
15:08:49 0, 55, N/A, 103.93, 19|1, 53, N/A, 39.18, 18|2, 56, N/A, 42.87, 21|3, 56, N/A, 37.67, 18|4, 56, N/A, 45.78, 21|5, 41, N/A, 27.10, 0|6, 38, N/A, 28.30, 0|
15:08:51 0, 55, N/A, 36.22, 19|1, 53, N/A, 39.18, 18|2, 56, N/A, 43.86, 23|3, 56, N/A, 44.54, 18|4, 56, N/A, 141.70, 21|5, 41, N/A, 27.11, 0|6, 38, N/A, 28.30, 0|
15:08:53 0, 55, N/A, 36.47, 19|1, 53, N/A, 40.16, 18|2, 56, N/A, 54.92, 21|3, 56, N/A, 126.87, 20|4, 55, N/A, 60.27, 22|5, 41, N/A, 27.37, 0|6, 38, N/A, 28.32, 0|
15:08:55 0, 55, N/A, 37.95, 18|1, 53, N/A, 54.67, 18|2, 57, N/A, 136.46, 21|3, 56, N/A, 36.69, 18|4, 55, N/A, 38.42, 21|5, 41, N/A, 27.35, 0|6, 38, N/A, 28.30, 0|
15:08:58 0, 56, N/A, 54.92, 18|1, 53, N/A, 128.02, 18|2, 56, N/A, 42.87, 21|3, 56, N/A, 36.94, 18|4, 56, N/A, 39.15, 21|5, 41, N/A, 27.37, 0|6, 38, N/A, 28.32, 0|
15:09:00 0, 55, N/A, 98.09, 18|1, 53, N/A, 38.93, 18|2, 56, N/A, 42.87, 21|3, 56, N/A, 37.43, 21|4, 56, N/A, 47.01, 24|5, 41, N/A, 27.35, 0|6, 38, N/A, 28.30, 0|
15:09:02 0, 55, N/A, 36.20, 19|1, 53, N/A, 39.42, 21|2, 56, N/A, 45.31, 21|3, 56, N/A, 57.06, 18|4, 56, N/A, 127.07, 21|5, 41, N/A, 27.35, 0|6, 38, N/A, 28.30, 0|
15:09:04 0, 55, N/A, 36.71, 19|1, 53, N/A, 43.12, 18|2, 56, N/A, 91.51, 21|3, 55, N/A, 99.69, 18|4, 55, N/A, 38.17, 21|5, 41, N/A, 27.11, 0|6, 38, N/A, 28.32, 0|
15:09:06 0, 55, N/A, 44.35, 21|1, 53, N/A, 93.23, 18|2, 56, N/A, 101.55, 23|3, 56, N/A, 36.69, 21|4, 55, N/A, 38.42, 21|5, 41, N/A, 27.37, 0|6, 38, N/A, 28.32, 0|
15:09:08 0, 55, N/A, 125.33, 19|1, 53, N/A, 38.96, 19|2, 56, N/A, 42.63, 21|3, 56, N/A, 36.94, 18|4, 56, N/A, 42.11, 22|5, 41, N/A, 27.37, 0|6, 38, N/A, 28.32, 0|
15:09:10 0, 55, N/A, 36.22, 19|1, 53, N/A, 39.18, 18|2, 56, N/A, 43.61, 21|3, 56, N/A, 43.56, 18|4, 56, N/A, 113.39, 21|5, 41, N/A, 27.35, 0|6, 38, N/A, 28.30, 0|
15:09:12 0, 55, N/A, 36.47, 21|1, 53, N/A, 40.41, 18|2, 56, N/A, 58.12, 23|3, 56, N/A, 123.87, 18|4, 55, N/A, 38.42, 21|5, 41, N/A, 27.11, 0|6, 38, N/A, 28.30, 0|
15:09:14 0, 55, N/A, 39.42, 19|1, 53, N/A, 65.96, 18|2, 56, N/A, 125.00, 21|3, 56, N/A, 36.69, 18|4, 56, N/A, 38.42, 24|5, 42, N/A, 27.37, 0|6, 38, N/A, 28.57, 0|
15:09:16 0, 55, N/A, 102.28, 18|1, 53, N/A, 85.12, 18|2, 56, N/A, 42.63, 21|3, 56, N/A, 36.94, 18|4, 56, N/A, 40.14, 21|5, 41, N/A, 27.37, 0|6, 39, N/A, 28.32, 0|
15:09:18 0, 55, N/A, 36.47, 19|1, 53, N/A, 39.18, 18|2, 56, N/A, 43.12, 23|3, 56, N/A, 39.65, 18|4, 56, N/A, 75.77, 21|5, 41, N/A, 27.37, 0|6, 38, N/A, 28.32, 0|
15:09:20 0, 55, N/A, 36.47, 18|1, 53, N/A, 39.70, 18|2, 56, N/A, 49.28, 21|3, 56, N/A, 85.31, 19|4, 55, N/A, 100.01, 24|5, 41, N/A, 27.37, 0|6, 38, N/A, 28.32, 0|
15:09:23 0, 55, N/A, 37.70, 19|1, 53, N/A, 49.99, 20|2, 56, N/A, 139.67, 21|3, 56, N/A, 36.94, 18|4, 56, N/A, 38.42, 21|5, 41, N/A, 27.35, 0|6, 38, N/A, 28.57, 0|
15:09:25 0, 55, N/A, 60.55, 18|1, 53, N/A, 120.65, 18|2, 56, N/A, 42.63, 21|3, 56, N/A, 36.94, 18|4, 56, N/A, 39.65, 21|5, 42, N/A, 27.37, 0|6, 39, N/A, 28.32, 0|
15:09:27 0, 55, N/A, 99.08, 19|1, 53, N/A, 39.18, 18|2, 56, N/A, 42.87, 21|3, 56, N/A, 37.68, 21|4, 56, N/A, 48.24, 21|5, 41, N/A, 27.37, 0|6, 39, N/A, 28.32, 0|
15:09:29 0, 55, N/A, 36.45, 19|1, 53, N/A, 39.18, 21|2, 56, N/A, 44.57, 21|3, 56, N/A, 53.13, 18|4, 56, N/A, 131.73, 21|5, 42, N/A, 27.35, 0|6, 39, N/A, 28.30, 0|
15:09:31 0, 55, N/A, 36.96, 19|1, 53, N/A, 43.12, 18|2, 56, N/A, 92.00, 21|3, 56, N/A, 96.99, 18|4, 56, N/A, 38.66, 21|5, 42, N/A, 27.35, 0|6, 39, N/A, 28.32, 0|
15:09:33 0, 55, N/A, 45.58, 21|1, 53, N/A, 117.52, 18|2, 56, N/A, 78.27, 22|3, 56, N/A, 36.69, 21|4, 56, N/A, 38.91, 21|5, 42, N/A, 27.37, 0|6, 38, N/A, 28.32, 0|
15:09:35 0, 55, N/A, 120.58, 19|1, 53, N/A, 38.96, 21|2, 56, N/A, 42.63, 21|3, 56, N/A, 37.19, 18|4, 56, N/A, 43.10, 24|5, 42, N/A, 27.37, 0|6, 39, N/A, 28.32, 0|
15:09:37 0, 55, N/A, 36.22, 19|1, 53, N/A, 39.18, 18|2, 56, N/A, 43.37, 21|3, 56, N/A, 42.83, 18|4, 56, N/A, 118.56, 21|5, 42, N/A, 27.37, 0|6, 39, N/A, 28.32, 0|
15:09:39 0, 55, N/A, 36.47, 20|1, 53, N/A, 40.41, 18|2, 56, N/A, 57.13, 23|3, 56, N/A, 125.08, 18|4, 55, N/A, 44.30, 21|5, 42, N/A, 27.35, 0|6, 39, N/A, 28.55, 0|
15:09:41 0, 55, N/A, 38.93, 19|1, 53, N/A, 59.81, 18|2, 56, N/A, 130.89, 21|3, 55, N/A, 36.69, 18|4, 56, N/A, 38.42, 24|5, 42, N/A, 27.37, 0|6, 39, N/A, 28.57, 0|
15:09:43 0, 54, N/A, 35.98, 0|1, 52, N/A, 38.44, 0|2, 55, N/A, 41.89, 0|3, 55, N/A, 36.45, 0|4, 55, N/A, 37.68, 0|5, 42, N/A, 27.37, 0|6, 39, N/A, 28.57, 0|
15:09:45 0, 54, N/A, 35.73, 34|1, 52, N/A, 41.89, 40|2, 55, N/A, 48.51, 0|3, 55, N/A, 36.20, 5|4, 55, N/A, 37.43, 33|5, 42, N/A, 27.35, 0|6, 39, N/A, 28.32, 0|
15:09:48 0, 56, N/A, 42.36, 45|1, 54, N/A, 148.90, 33|2, 55, N/A, 50.49, 0|3, 55, N/A, 36.44, 0|4, 55, N/A, 43.83, 0|5, 42, N/A, 27.35, 0|6, 39, N/A, 28.30, 0|
15:09:50 0, 55, N/A, 41.12, 0|1, 53, N/A, 44.85, 0|2, 56, N/A, 50.73, 0|3, 57, N/A, 45.28, 100|4, 55, N/A, 124.11, 0|5, 42, N/A, 27.35, 0|6, 39, N/A, 28.55, 0|
15:09:52 0, 55, N/A, 44.60, 21|1, 53, N/A, 63.53, 20|2, 56, N/A, 111.38, 17|3, 56, N/A, 89.67, 18|4, 56, N/A, 45.80, 22|5, 42, N/A, 27.37, 0|6, 39, N/A, 28.32, 0|
15:09:54 0, 55, N/A, 53.19, 20|1, 53, N/A, 91.02, 20|2, 56, N/A, 102.04, 16|3, 56, N/A, 37.18, 20|4, 57, N/A, 46.54, 19|5, 42, N/A, 27.37, 0|6, 39, N/A, 28.32, 0|
15:09:56 0, 55, N/A, 36.47, 20|1, 53, N/A, 39.67, 20|2, 55, N/A, 42.87, 19|3, 55, N/A, 37.92, 20|4, 57, N/A, 51.69, 22|5, 42, N/A, 27.35, 0|6, 39, N/A, 28.55, 0|
15:09:58 0, 56, N/A, 42.35, 0|1, 56, N/A, 158.36, 100|2, 58, N/A, 177.55, 100|3, 55, N/A, 36.42, 0|4, 55, N/A, 44.05, 0|5, 42, N/A, 27.35, 0|6, 39, N/A, 28.55, 0|
15:10:00 0, 56, N/A, 42.08, 0|1, 57, N/A, 198.83, 100|2, 56, N/A, 49.71, 0|3, 57, N/A, 43.28, 7|4, 58, N/A, 191.26, 100|5, 42, N/A, 27.33, 0|6, 39, N/A, 28.53, 0|
15:10:02 0, 58, N/A, 179.25, 100|1, 53, N/A, 45.53, 0|2, 56, N/A, 49.96, 0|3, 56, N/A, 42.55, 0|4, 57, N/A, 45.01, 0|5, 42, N/A, 27.33, 0|6, 39, N/A, 28.53, 0|
15:10:04 0, 55, N/A, 41.35, 0|1, 54, N/A, 45.28, 0|2, 57, N/A, 51.19, 34|3, 58, N/A, 164.93, 72|4, 56, N/A, 44.27, 0|5, 42, N/A, 27.33, 0|6, 39, N/A, 28.53, 0|
15:10:06 0, 56, N/A, 138.16, 19|1, 54, N/A, 80.63, 19|2, 57, N/A, 52.66, 19|3, 57, N/A, 45.25, 19|4, 57, N/A, 55.80, 25|5, 42, N/A, 27.33, 0|6, 39, N/A, 28.53, 0|
15:10:08 0, 56, N/A, 127.12, 19|1, 54, N/A, 95.32, 19|2, 57, N/A, 52.63, 18|3, 57, N/A, 44.73, 19|4, 58, N/A, 53.59, 25|5, 42, N/A, 27.33, 0|6, 39, N/A, 28.53, 0|
15:10:11 0, 56, N/A, 95.32, 19|1, 54, N/A, 125.64, 19|2, 57, N/A, 52.14, 18|3, 57, N/A, 44.27, 19|4, 57, N/A, 51.13, 24|5, 42, N/A, 27.33, 0|6, 39, N/A, 28.53, 0|
15:10:13 0, 59, N/A, 44.29, 62|1, 57, N/A, 200.07, 58|2, 58, N/A, 162.91, 19|3, 56, N/A, 42.30, 0|4, 56, N/A, 44.51, 0|5, 42, N/A, 27.33, 0|6, 39, N/A, 28.53, 0|
15:10:15 0, 59, N/A, 188.92, 100|1, 54, N/A, 45.77, 0|2, 58, N/A, 52.17, 0|3, 60, N/A, 145.17, 100|4, 58, N/A, 45.97, 24|5, 42, N/A, 27.32, 0|6, 39, N/A, 28.51, 0|
15:10:17 0, 57, N/A, 42.82, 0|1, 56, N/A, 47.25, 0|2, 60, N/A, 178.76, 100|3, 59, N/A, 167.61, 100|4, 57, N/A, 44.76, 0|5, 42, N/A, 27.33, 0|6, 39, N/A, 28.53, 0|
15:10:19 0, 61, N/A, 175.57, 100|1, 58, N/A, 96.98, 100|2, 57, N/A, 141.68, 0|3, 57, N/A, 43.04, 0|4, 58, N/A, 45.99, 47|5, 42, N/A, 27.33, 0|6, 39, N/A, 28.53, 0|
15:10:21 0, 60, N/A, 184.04, 100|1, 55, N/A, 46.51, 0|2, 59, N/A, 53.15, 0|3, 60, N/A, 154.62, 100|4, 60, N/A, 168.99, 100|5, 42, N/A, 27.32, 0|6, 39, N/A, 28.51, 0|
15:10:23 0, 58, N/A, 42.79, 0|1, 58, N/A, 49.43, 100|2, 61, N/A, 175.81, 38|3, 59, N/A, 141.01, 98|4, 57, N/A, 45.00, 0|5, 42, N/A, 27.32, 0|6, 39, N/A, 28.51, 0|
15:10:25 0, 62, N/A, 151.30, 100|1, 58, N/A, 184.24, 100|2, 58, N/A, 52.35, 0|3, 58, N/A, 43.72, 0|4, 61, N/A, 189.58, 100|5, 42, N/A, 27.30, 0|6, 39, N/A, 28.49, 0|
15:10:27 0, 60, N/A, 151.64, 42|1, 57, N/A, 47.24, 0|2, 60, N/A, 55.09, 4|3, 61, N/A, 159.90, 33|4, 60, N/A, 172.09, 82|5, 42, N/A, 27.32, 0|6, 39, N/A, 28.51, 0|
15:10:29 0, 60, N/A, 43.56, 0|1, 60, N/A, 148.54, 100|2, 62, N/A, 163.09, 100|3, 58, N/A, 43.28, 0|4, 58, N/A, 45.74, 0|5, 42, N/A, 27.33, 0|6, 39, N/A, 28.53, 0|
15:10:31 0, 61, N/A, 149.68, 63|1, 58, N/A, 159.96, 12|2, 59, N/A, 52.13, 0|3, 60, N/A, 44.73, 64|4, 61, N/A, 187.62, 49|5, 42, N/A, 27.32, 0|6, 39, N/A, 28.51, 0|
15:10:33 0, 59, N/A, 42.82, 0|1, 58, N/A, 47.49, 0|2, 63, N/A, 205.46, 100|3, 61, N/A, 178.76, 100|4, 58, N/A, 45.25, 0|5, 42, N/A, 27.33, 0|6, 39, N/A, 28.53, 0|
15:10:36 0, 59, N/A, 42.82, 0|1, 57, N/A, 47.49, 0|2, 61, N/A, 54.85, 100|3, 60, N/A, 156.61, 0|4, 59, N/A, 46.48, 0|5, 42, N/A, 27.32, 0|6, 39, N/A, 28.53, 0|
15:10:38 0, 60, N/A, 43.80, 36|1, 58, N/A, 147.32, 100|2, 59, N/A, 51.41, 0|3, 58, N/A, 43.53, 0|4, 58, N/A, 45.50, 0|5, 42, N/A, 27.33, 0|6, 39, N/A, 28.53, 0|
15:10:40 0, 58, N/A, 42.30, 0|1, 56, N/A, 46.76, 0|2, 59, N/A, 51.41, 0|3, 61, N/A, 184.52, 100|4, 57, N/A, 38.86, 0|5, 42, N/A, 27.32, 0|6, 39, N/A, 28.51, 0|
15:10:42 0, 58, N/A, 38.15, 21|1, 56, N/A, 43.81, 21|2, 59, N/A, 63.22, 17|3, 59, N/A, 67.80, 19|4, 59, N/A, 163.98, 20|5, 42, N/A, 27.33, 0|6, 39, N/A, 28.53, 0|
15:10:44 0, 58, N/A, 63.96, 20|1, 56, N/A, 121.54, 21|2, 59, N/A, 84.32, 19|3, 59, N/A, 44.27, 19|4, 59, N/A, 49.20, 25|5, 42, N/A, 27.33, 0|6, 39, N/A, 28.55, 0|
15:10:46 0, 57, N/A, 37.95, 21|1, 56, N/A, 42.63, 21|2, 59, N/A, 60.09, 13|3, 59, N/A, 61.49, 19|4, 58, N/A, 124.94, 19|5, 42, N/A, 27.37, 0|6, 39, N/A, 28.57, 0|
15:10:48 0, 57, N/A, 41.15, 0|1, 55, N/A, 44.85, 0|2, 57, N/A, 51.72, 0|3, 57, N/A, 42.85, 0|4, 57, N/A, 44.82, 0|5, 42, N/A, 27.37, 0|6, 39, N/A, 28.57, 0|
