run	kind	prompt_n	cache_n	prompt_ms	predicted_ms	eval_tps	predicted_n	wall_ms
0	miss	395	0	9357.827	13779.494	18.578330960483743	256	23320.8
1	hit	4	391	176.426	14407.73	17.76823968800082	256	14798.4
2	hit	4	391	175.606	14407.467	17.768564036967774	256	14757.4
3	hit	4	391	175.329	14409.603	17.765930123126918	256	14800.8
4	hit	4	391	174.403	14410.48	17.76484891551149	256	14821.6
