idx	suffix_id	prompt_n	cache_n	prompt_ms	predicted_ms	eval_tps	wall_ms
1	s1_summarize	428	0	10299.809	13592.468	18.833960102021205	24540.4
2	s2_critique	252	172	5590.042	13550.918	18.89170903403002	19380.8
3	s3_translate	253	172	5732.418	13447.937	19.036377103789228	19411.2
4	s4_keywords	255	172	5750.847	14120.648	18.129479610284175	20089.1
5	s5_questions	251	172	5644.704	13397.663	19.107810071054928	19251.2
