10:20:24 0, 58, N/A, 30.82, 0|1, 55, N/A, 34.03, 0|2, 58, N/A, 43.40, 0|3, 58, N/A, 37.46, 0|4, 58, N/A, 33.51, 0|5, 61, N/A, 33.29, 0|6, 58, N/A, 33.99, 0|
10:20:27 0, 58, N/A, 36.98, 0|1, 55, N/A, 39.70, 0|2, 57, N/A, 35.26, 0|3, 58, N/A, 31.05, 0|4, 57, N/A, 31.56, 0|5, 61, N/A, 31.07, 0|6, 57, N/A, 33.02, 0|
10:20:29 0, 57, N/A, 42.41, 82|1, 55, N/A, 39.45, 0|2, 57, N/A, 35.01, 0|3, 57, N/A, 30.80, 0|4, 57, N/A, 31.79, 0|5, 60, N/A, 31.07, 0|6, 57, N/A, 33.00, 0|
10:20:31 0, 57, N/A, 41.42, 0|1, 55, N/A, 45.59, 84|2, 56, N/A, 35.01, 0|3, 57, N/A, 30.80, 0|4, 57, N/A, 31.56, 0|5, 60, N/A, 31.07, 0|6, 56, N/A, 32.75, 0|
10:20:33 0, 57, N/A, 41.40, 0|1, 55, N/A, 45.10, 93|2, 56, N/A, 34.76, 0|3, 56, N/A, 30.80, 0|4, 57, N/A, 31.30, 0|5, 60, N/A, 31.07, 0|6, 56, N/A, 32.75, 0|
10:20:35 0, 57, N/A, 42.65, 0|1, 55, N/A, 46.35, 0|2, 56, N/A, 34.77, 0|3, 56, N/A, 30.56, 0|4, 56, N/A, 31.31, 0|5, 59, N/A, 30.82, 0|6, 56, N/A, 32.75, 0|
10:20:37 0, 60, N/A, 148.60, 47|1, 57, N/A, 122.86, 54|2, 56, N/A, 34.76, 0|3, 56, N/A, 30.55, 0|4, 56, N/A, 31.81, 0|5, 59, N/A, 30.82, 0|6, 56, N/A, 32.51, 0|
10:20:39 0, 60, N/A, 59.60, 47|1, 58, N/A, 180.56, 53|2, 55, N/A, 34.27, 0|3, 56, N/A, 30.55, 0|4, 56, N/A, 31.30, 0|5, 59, N/A, 30.57, 0|6, 55, N/A, 32.51, 0|
10:20:41 0, 60, N/A, 108.19, 45|1, 59, N/A, 106.04, 53|2, 55, N/A, 34.03, 0|3, 56, N/A, 30.56, 0|4, 56, N/A, 31.31, 0|5, 59, N/A, 30.59, 0|6, 55, N/A, 32.53, 0|
10:20:43 0, 61, N/A, 156.36, 47|1, 59, N/A, 99.38, 54|2, 55, N/A, 34.03, 0|3, 55, N/A, 30.31, 0|4, 56, N/A, 31.30, 0|5, 58, N/A, 30.33, 0|6, 55, N/A, 32.51, 0|
10:20:45 0, 61, N/A, 60.09, 45|1, 59, N/A, 180.56, 52|2, 54, N/A, 34.03, 0|3, 55, N/A, 30.31, 0|4, 55, N/A, 31.30, 0|5, 58, N/A, 30.33, 0|6, 55, N/A, 32.01, 0|
10:20:47 0, 61, N/A, 125.82, 45|1, 60, N/A, 81.96, 54|2, 54, N/A, 34.03, 0|3, 55, N/A, 30.31, 0|4, 55, N/A, 31.05, 0|5, 58, N/A, 30.33, 0|6, 54, N/A, 32.26, 0|
10:20:50 0, 61, N/A, 156.94, 47|1, 60, N/A, 130.00, 54|2, 54, N/A, 33.78, 0|3, 55, N/A, 30.31, 0|4, 55, N/A, 31.05, 0|5, 58, N/A, 30.33, 0|6, 54, N/A, 32.01, 0|
10:20:52 0, 62, N/A, 59.35, 45|1, 60, N/A, 181.78, 53|2, 54, N/A, 33.78, 0|3, 55, N/A, 30.06, 0|4, 55, N/A, 31.05, 0|5, 57, N/A, 30.33, 0|6, 54, N/A, 31.76, 0|
10:20:54 0, 62, N/A, 141.72, 45|1, 61, N/A, 82.21, 54|2, 53, N/A, 33.78, 0|3, 54, N/A, 30.06, 0|4, 54, N/A, 31.05, 0|5, 57, N/A, 30.33, 0|6, 54, N/A, 31.76, 0|
10:20:56 0, 62, N/A, 108.19, 44|1, 61, N/A, 156.45, 51|2, 53, N/A, 33.78, 0|3, 54, N/A, 30.31, 0|4, 54, N/A, 30.82, 0|5, 57, N/A, 30.08, 0|6, 54, N/A, 31.79, 0|
10:20:58 0, 62, N/A, 54.45, 45|1, 61, N/A, 188.05, 53|2, 53, N/A, 33.78, 0|3, 54, N/A, 30.31, 0|4, 54, N/A, 30.80, 0|5, 57, N/A, 30.08, 0|6, 53, N/A, 31.76, 0|
10:21:00 0, 62, N/A, 138.53, 45|1, 62, N/A, 83.19, 54|2, 52, N/A, 33.78, 0|3, 54, N/A, 30.06, 0|4, 54, N/A, 30.80, 0|5, 57, N/A, 30.08, 0|6, 53, N/A, 31.77, 0|
10:21:02 0, 63, N/A, 142.94, 47|1, 62, N/A, 117.96, 54|2, 52, N/A, 33.53, 0|3, 54, N/A, 30.06, 0|4, 54, N/A, 30.80, 0|5, 57, N/A, 30.08, 0|6, 53, N/A, 31.76, 0|
10:21:04 0, 63, N/A, 59.60, 46|1, 62, N/A, 183.99, 53|2, 52, N/A, 33.53, 0|3, 54, N/A, 30.06, 0|4, 53, N/A, 30.80, 0|5, 56, N/A, 30.08, 0|6, 53, N/A, 31.52, 0|
10:21:06 0, 63, N/A, 130.91, 45|1, 63, N/A, 92.06, 54|2, 52, N/A, 33.53, 0|3, 53, N/A, 30.06, 0|4, 53, N/A, 30.56, 0|5, 56, N/A, 29.83, 0|6, 53, N/A, 31.52, 0|
10:21:08 0, 63, N/A, 165.36, 47|1, 63, N/A, 94.71, 54|2, 52, N/A, 33.29, 0|3, 53, N/A, 30.06, 0|4, 53, N/A, 30.57, 0|5, 56, N/A, 29.84, 0|6, 52, N/A, 31.52, 0|
10:21:10 0, 64, N/A, 62.31, 45|1, 63, N/A, 183.76, 53|2, 52, N/A, 33.29, 0|3, 53, N/A, 30.08, 0|4, 53, N/A, 30.57, 0|5, 56, N/A, 29.85, 0|6, 52, N/A, 31.54, 0|
10:21:12 0, 63, N/A, 116.06, 45|1, 63, N/A, 104.80, 54|2, 51, N/A, 33.29, 0|3, 53, N/A, 29.81, 0|4, 53, N/A, 30.57, 0|5, 56, N/A, 29.84, 0|6, 52, N/A, 31.52, 0|
10:21:15 0, 64, N/A, 173.11, 47|1, 63, N/A, 59.84, 54|2, 51, N/A, 33.29, 0|3, 53, N/A, 29.81, 0|4, 53, N/A, 30.56, 0|5, 55, N/A, 29.83, 0|6, 52, N/A, 31.27, 0|
10:21:17 0, 64, N/A, 73.39, 45|1, 63, N/A, 180.31, 53|2, 51, N/A, 33.29, 0|3, 53, N/A, 29.81, 0|4, 52, N/A, 30.56, 0|5, 55, N/A, 29.59, 0|6, 52, N/A, 31.27, 0|
10:21:19 0, 64, N/A, 52.48, 45|1, 64, N/A, 165.21, 54|2, 51, N/A, 33.04, 0|3, 52, N/A, 29.57, 0|4, 52, N/A, 30.31, 0|5, 55, N/A, 29.59, 0|6, 52, N/A, 31.27, 0|
10:21:21 0, 64, N/A, 161.19, 47|1, 64, N/A, 66.99, 54|2, 51, N/A, 33.04, 0|3, 52, N/A, 29.57, 0|4, 52, N/A, 30.31, 0|5, 55, N/A, 29.59, 0|6, 52, N/A, 31.27, 0|
10:21:23 0, 64, N/A, 106.71, 47|1, 64, N/A, 149.32, 53|2, 51, N/A, 32.79, 0|3, 52, N/A, 29.81, 0|4, 52, N/A, 30.08, 0|5, 55, N/A, 29.59, 0|6, 51, N/A, 31.27, 0|
10:21:25 0, 65, N/A, 54.95, 45|1, 64, N/A, 191.86, 53|2, 50, N/A, 33.04, 0|3, 52, N/A, 29.59, 0|4, 52, N/A, 30.33, 0|5, 55, N/A, 29.61, 0|6, 51, N/A, 31.30, 0|
10:21:27 0, 64, N/A, 134.91, 45|1, 65, N/A, 92.06, 54|2, 50, N/A, 32.57, 0|3, 52, N/A, 29.34, 0|4, 52, N/A, 30.33, 0|5, 55, N/A, 29.61, 0|6, 51, N/A, 31.30, 0|
10:21:29 0, 65, N/A, 84.67, 47|1, 64, N/A, 168.06, 53|2, 50, N/A, 32.55, 0|3, 52, N/A, 29.57, 0|4, 52, N/A, 30.31, 0|5, 55, N/A, 29.59, 0|6, 51, N/A, 31.03, 0|
10:21:31 0, 65, N/A, 117.46, 45|1, 65, N/A, 106.27, 53|2, 50, N/A, 32.55, 0|3, 52, N/A, 29.32, 0|4, 51, N/A, 30.06, 0|5, 55, N/A, 29.59, 0|6, 51, N/A, 31.03, 0|
10:21:33 0, 65, N/A, 178.26, 45|1, 65, N/A, 86.39, 54|2, 50, N/A, 32.55, 0|3, 52, N/A, 29.32, 0|4, 51, N/A, 30.31, 0|5, 54, N/A, 29.34, 0|6, 51, N/A, 31.03, 0|
10:21:35 0, 66, N/A, 79.26, 47|1, 65, N/A, 171.97, 54|2, 50, N/A, 32.55, 0|3, 51, N/A, 29.32, 0|4, 51, N/A, 29.82, 0|5, 54, N/A, 29.34, 0|6, 51, N/A, 31.03, 0|
10:21:38 0, 65, N/A, 51.25, 45|1, 66, N/A, 160.05, 53|2, 49, N/A, 32.55, 0|3, 51, N/A, 29.32, 0|4, 51, N/A, 29.82, 0|5, 54, N/A, 29.34, 0|6, 50, N/A, 31.03, 0|
10:21:40 0, 65, N/A, 153.90, 45|1, 66, N/A, 77.33, 53|2, 49, N/A, 32.55, 0|3, 51, N/A, 29.32, 0|4, 51, N/A, 29.82, 0|5, 54, N/A, 29.34, 0|6, 50, N/A, 30.78, 0|
10:21:42 0, 66, N/A, 146.14, 46|1, 65, N/A, 138.35, 54|2, 49, N/A, 32.30, 0|3, 51, N/A, 29.32, 0|4, 51, N/A, 29.83, 0|5, 54, N/A, 29.36, 0|6, 50, N/A, 31.05, 0|
10:21:44 0, 66, N/A, 64.27, 46|1, 66, N/A, 186.43, 53|2, 49, N/A, 32.30, 0|3, 51, N/A, 29.08, 0|4, 51, N/A, 29.83, 0|5, 54, N/A, 29.34, 0|6, 50, N/A, 30.78, 0|
10:21:46 0, 65, N/A, 86.35, 45|1, 66, N/A, 132.21, 53|2, 49, N/A, 32.30, 0|3, 51, N/A, 29.08, 0|4, 51, N/A, 29.82, 0|5, 54, N/A, 29.34, 0|6, 50, N/A, 30.78, 0|
10:21:48 0, 65, N/A, 165.20, 45|1, 66, N/A, 68.96, 54|2, 49, N/A, 32.05, 0|3, 51, N/A, 29.08, 0|4, 50, N/A, 29.83, 0|5, 53, N/A, 29.34, 0|6, 50, N/A, 30.54, 0|
10:21:50 0, 66, N/A, 56.18, 47|1, 66, N/A, 186.60, 54|2, 48, N/A, 32.05, 0|3, 51, N/A, 29.08, 0|4, 51, N/A, 29.83, 0|5, 53, N/A, 29.10, 0|6, 50, N/A, 30.78, 0|
10:21:52 0, 66, N/A, 164.36, 45|1, 66, N/A, 70.44, 52|2, 49, N/A, 32.05, 0|3, 50, N/A, 29.08, 0|4, 50, N/A, 29.82, 0|5, 53, N/A, 29.09, 0|6, 49, N/A, 30.54, 0|
10:21:54 0, 67, N/A, 103.51, 45|1, 66, N/A, 154.64, 54|2, 48, N/A, 32.05, 0|3, 50, N/A, 29.08, 0|4, 50, N/A, 29.57, 0|5, 53, N/A, 29.09, 0|6, 49, N/A, 30.54, 0|
10:21:56 0, 66, N/A, 55.66, 47|1, 66, N/A, 192.85, 54|2, 48, N/A, 32.05, 0|3, 50, N/A, 29.08, 0|4, 50, N/A, 29.57, 0|5, 53, N/A, 28.85, 0|6, 49, N/A, 30.54, 0|
10:21:59 0, 64, N/A, 46.33, 0|1, 64, N/A, 51.99, 0|2, 48, N/A, 32.05, 0|3, 50, N/A, 29.08, 0|4, 50, N/A, 29.59, 0|5, 53, N/A, 28.85, 0|6, 49, N/A, 30.54, 0|
10:22:01 0, 66, N/A, 47.56, 24|1, 64, N/A, 130.23, 8|2, 47, N/A, 31.81, 0|3, 50, N/A, 28.83, 0|4, 49, N/A, 29.57, 0|5, 52, N/A, 29.34, 0|6, 49, N/A, 30.78, 0|
10:22:03 0, 68, N/A, 183.16, 100|1, 64, N/A, 52.24, 0|2, 47, N/A, 31.81, 0|3, 50, N/A, 28.83, 0|4, 49, N/A, 29.57, 0|5, 52, N/A, 29.10, 0|6, 48, N/A, 30.78, 0|
10:22:05 0, 67, N/A, 186.81, 100|1, 67, N/A, 109.65, 100|2, 47, N/A, 31.81, 0|3, 49, N/A, 28.83, 0|4, 49, N/A, 29.57, 0|5, 52, N/A, 29.09, 0|6, 48, N/A, 30.29, 0|
10:22:07 0, 67, N/A, 167.05, 100|1, 66, N/A, 210.23, 100|2, 47, N/A, 31.80, 0|3, 49, N/A, 28.83, 0|4, 49, N/A, 29.57, 0|5, 52, N/A, 29.09, 0|6, 48, N/A, 30.54, 0|
10:22:09 0, 66, N/A, 159.70, 72|1, 66, N/A, 178.84, 100|2, 47, N/A, 31.54, 0|3, 49, N/A, 28.83, 0|4, 49, N/A, 29.32, 0|5, 52, N/A, 28.85, 0|6, 48, N/A, 30.29, 0|
10:22:11 0, 66, N/A, 47.31, 0|1, 65, N/A, 169.77, 100|2, 46, N/A, 31.56, 0|3, 49, N/A, 28.83, 0|4, 48, N/A, 29.32, 0|5, 51, N/A, 29.09, 0|6, 47, N/A, 30.29, 0|
10:22:13 0, 68, N/A, 162.74, 100|1, 64, N/A, 51.99, 0|2, 46, N/A, 31.31, 0|3, 48, N/A, 28.83, 0|4, 48, N/A, 29.32, 0|5, 51, N/A, 28.85, 0|6, 47, N/A, 30.29, 0|
10:22:15 0, 68, N/A, 176.63, 100|1, 65, N/A, 53.97, 79|2, 46, N/A, 31.31, 0|3, 48, N/A, 28.83, 0|4, 48, N/A, 29.32, 0|5, 51, N/A, 28.85, 0|6, 47, N/A, 30.29, 0|
10:22:17 0, 67, N/A, 191.15, 100|1, 66, N/A, 165.82, 100|2, 46, N/A, 31.31, 0|3, 48, N/A, 28.58, 0|4, 48, N/A, 29.32, 0|5, 51, N/A, 28.85, 0|6, 47, N/A, 30.04, 0|
10:22:19 0, 67, N/A, 193.34, 44|1, 66, N/A, 155.61, 100|2, 45, N/A, 31.29, 0|3, 48, N/A, 28.58, 0|4, 48, N/A, 29.32, 0|5, 51, N/A, 28.60, 0|6, 47, N/A, 30.04, 0|
10:22:21 0, 66, N/A, 47.31, 0|1, 65, N/A, 193.69, 100|2, 45, N/A, 31.07, 0|3, 48, N/A, 28.58, 0|4, 48, N/A, 29.09, 0|5, 50, N/A, 28.60, 0|6, 47, N/A, 30.04, 0|
10:22:24 0, 68, N/A, 156.02, 100|1, 64, N/A, 51.99, 0|2, 45, N/A, 31.07, 0|3, 48, N/A, 28.58, 0|4, 48, N/A, 29.08, 0|5, 50, N/A, 28.60, 0|6, 47, N/A, 30.04, 0|
10:22:26 0, 68, N/A, 170.01, 100|1, 66, N/A, 84.18, 93|2, 45, N/A, 31.07, 0|3, 48, N/A, 28.58, 0|4, 47, N/A, 29.08, 0|5, 50, N/A, 28.60, 0|6, 46, N/A, 30.04, 0|
10:22:28 0, 67, N/A, 195.30, 100|1, 66, N/A, 178.49, 100|2, 45, N/A, 30.80, 0|3, 48, N/A, 28.58, 0|4, 47, N/A, 29.08, 0|5, 50, N/A, 28.60, 0|6, 46, N/A, 30.04, 0|
10:22:30 0, 66, N/A, 149.49, 0|1, 65, N/A, 166.56, 100|2, 45, N/A, 30.80, 0|3, 47, N/A, 28.58, 0|4, 47, N/A, 29.08, 0|5, 50, N/A, 28.60, 0|6, 46, N/A, 30.04, 0|
10:22:32 0, 67, N/A, 48.05, 100|1, 64, N/A, 186.35, 37|2, 45, N/A, 30.82, 0|3, 47, N/A, 28.58, 0|4, 47, N/A, 29.08, 0|5, 50, N/A, 28.35, 0|6, 46, N/A, 29.80, 0|
10:22:34 0, 68, N/A, 159.06, 100|1, 64, N/A, 52.73, 0|2, 45, N/A, 30.82, 0|3, 47, N/A, 28.34, 0|4, 47, N/A, 29.08, 0|5, 50, N/A, 28.35, 0|6, 46, N/A, 30.04, 0|
10:22:36 0, 68, N/A, 142.12, 100|1, 66, N/A, 206.55, 100|2, 44, N/A, 30.80, 0|3, 47, N/A, 28.33, 0|4, 47, N/A, 29.08, 0|5, 50, N/A, 28.35, 0|6, 46, N/A, 29.80, 0|
10:22:38 0, 67, N/A, 164.36, 100|1, 66, N/A, 162.97, 100|2, 44, N/A, 30.82, 0|3, 47, N/A, 28.34, 0|4, 47, N/A, 29.08, 0|5, 49, N/A, 28.35, 0|6, 46, N/A, 29.80, 0|
10:22:40 0, 66, N/A, 47.56, 0|1, 65, N/A, 153.17, 100|2, 44, N/A, 30.80, 0|3, 47, N/A, 28.34, 0|4, 46, N/A, 29.08, 0|5, 49, N/A, 28.35, 0|6, 45, N/A, 29.80, 0|
10:22:42 0, 68, N/A, 162.40, 100|1, 63, N/A, 51.99, 0|2, 44, N/A, 30.57, 0|3, 47, N/A, 28.34, 0|4, 47, N/A, 28.83, 0|5, 49, N/A, 28.35, 0|6, 45, N/A, 29.80, 0|
10:22:44 0, 68, N/A, 167.31, 100|1, 66, N/A, 172.69, 100|2, 44, N/A, 30.55, 0|3, 47, N/A, 28.09, 0|4, 47, N/A, 28.83, 0|5, 49, N/A, 28.35, 0|6, 45, N/A, 29.80, 0|
10:22:47 0, 67, N/A, 165.33, 100|1, 66, N/A, 188.53, 100|2, 44, N/A, 30.55, 0|3, 47, N/A, 28.33, 0|4, 46, N/A, 28.83, 0|5, 49, N/A, 28.35, 0|6, 45, N/A, 29.80, 0|
10:22:49 0, 66, N/A, 47.06, 0|1, 65, N/A, 193.34, 100|2, 44, N/A, 30.57, 0|3, 46, N/A, 28.34, 0|4, 46, N/A, 28.83, 0|5, 49, N/A, 28.35, 0|6, 45, N/A, 29.80, 0|
10:22:51 0, 68, N/A, 152.20, 100|1, 63, N/A, 51.50, 0|2, 43, N/A, 30.82, 0|3, 46, N/A, 28.34, 0|4, 46, N/A, 28.83, 0|5, 49, N/A, 28.35, 0|6, 45, N/A, 29.80, 0|
10:22:53 0, 68, N/A, 167.54, 100|1, 66, N/A, 193.19, 100|2, 43, N/A, 30.82, 0|3, 46, N/A, 28.33, 0|4, 46, N/A, 28.83, 0|5, 49, N/A, 28.35, 0|6, 45, N/A, 29.80, 0|
10:22:55 0, 68, N/A, 160.93, 100|1, 66, N/A, 162.14, 100|2, 43, N/A, 30.82, 0|3, 46, N/A, 28.34, 0|4, 46, N/A, 29.08, 0|5, 49, N/A, 28.35, 0|6, 45, N/A, 29.80, 0|
10:22:57 0, 66, N/A, 47.06, 0|1, 65, N/A, 167.29, 100|2, 43, N/A, 30.82, 0|3, 46, N/A, 28.09, 0|4, 46, N/A, 29.08, 0|5, 48, N/A, 28.35, 0|6, 45, N/A, 29.80, 0|
10:22:59 0, 69, N/A, 184.64, 100|1, 63, N/A, 51.50, 0|2, 43, N/A, 30.57, 0|3, 46, N/A, 28.09, 0|4, 46, N/A, 28.83, 0|5, 48, N/A, 28.35, 0|6, 44, N/A, 29.55, 0|
10:23:01 0, 68, N/A, 147.77, 100|1, 66, N/A, 189.66, 100|2, 43, N/A, 30.55, 0|3, 46, N/A, 27.84, 0|4, 46, N/A, 28.83, 0|5, 48, N/A, 28.11, 0|6, 44, N/A, 29.55, 0|
10:23:03 0, 67, N/A, 163.87, 100|1, 66, N/A, 183.64, 100|2, 43, N/A, 30.57, 0|3, 46, N/A, 27.84, 0|4, 46, N/A, 29.08, 0|5, 48, N/A, 28.11, 0|6, 44, N/A, 29.55, 0|
10:23:05 0, 66, N/A, 47.31, 0|1, 64, N/A, 172.94, 100|2, 43, N/A, 30.57, 0|3, 46, N/A, 28.09, 0|4, 46, N/A, 28.83, 0|5, 48, N/A, 28.11, 0|6, 44, N/A, 29.55, 0|
10:23:07 0, 69, N/A, 175.17, 100|1, 63, N/A, 51.99, 0|2, 43, N/A, 30.57, 0|3, 46, N/A, 27.84, 0|4, 45, N/A, 28.83, 0|5, 48, N/A, 28.11, 0|6, 44, N/A, 29.55, 0|
10:23:10 0, 68, N/A, 175.30, 100|1, 66, N/A, 189.28, 100|2, 43, N/A, 30.57, 0|3, 46, N/A, 28.09, 0|4, 45, N/A, 28.83, 0|5, 48, N/A, 28.11, 0|6, 44, N/A, 29.55, 0|
10:23:12 0, 67, N/A, 172.36, 79|1, 65, N/A, 190.73, 100|2, 43, N/A, 30.55, 0|3, 45, N/A, 28.09, 0|4, 45, N/A, 28.83, 0|5, 48, N/A, 28.11, 0|6, 44, N/A, 29.55, 0|
10:23:14 0, 67, N/A, 48.29, 100|1, 64, N/A, 187.33, 27|2, 42, N/A, 30.57, 0|3, 45, N/A, 27.84, 0|4, 45, N/A, 28.83, 0|5, 48, N/A, 28.11, 0|6, 44, N/A, 29.55, 0|
10:23:16 0, 69, N/A, 168.54, 100|1, 64, N/A, 52.98, 0|2, 42, N/A, 30.59, 0|3, 45, N/A, 27.84, 0|4, 45, N/A, 28.83, 0|5, 48, N/A, 28.11, 0|6, 44, N/A, 29.57, 0|
10:23:18 0, 68, N/A, 179.47, 100|1, 66, N/A, 176.62, 100|2, 42, N/A, 30.55, 0|3, 45, N/A, 27.84, 0|4, 45, N/A, 28.83, 0|5, 48, N/A, 28.11, 0|6, 44, N/A, 29.55, 0|
10:23:20 0, 66, N/A, 46.57, 0|1, 65, N/A, 155.13, 100|2, 42, N/A, 30.57, 0|3, 45, N/A, 27.84, 0|4, 45, N/A, 28.85, 0|5, 48, N/A, 28.11, 0|6, 44, N/A, 29.55, 0|
10:23:22 0, 67, N/A, 161.94, 100|1, 63, N/A, 51.01, 0|2, 42, N/A, 30.57, 0|3, 45, N/A, 27.84, 0|4, 45, N/A, 28.83, 0|5, 48, N/A, 28.11, 0|6, 44, N/A, 29.55, 0|
10:23:24 0, 65, N/A, 46.57, 0|1, 64, N/A, 164.60, 100|2, 42, N/A, 30.57, 0|3, 45, N/A, 27.84, 0|4, 45, N/A, 28.83, 0|5, 47, N/A, 28.11, 0|6, 44, N/A, 29.30, 0|
10:23:26 0, 66, N/A, 173.46, 49|1, 64, N/A, 61.56, 57|2, 42, N/A, 30.57, 0|3, 45, N/A, 27.84, 0|4, 45, N/A, 28.83, 0|5, 47, N/A, 28.11, 0|6, 44, N/A, 29.55, 0|
10:23:28 0, 66, N/A, 69.94, 45|1, 64, N/A, 179.34, 50|2, 42, N/A, 30.57, 0|3, 45, N/A, 27.86, 0|4, 45, N/A, 28.85, 0|5, 47, N/A, 28.13, 0|6, 43, N/A, 29.57, 0|
10:23:30 0, 65, N/A, 103.08, 47|1, 64, N/A, 116.86, 53|2, 42, N/A, 30.33, 0|3, 45, N/A, 27.84, 0|4, 45, N/A, 28.85, 0|5, 47, N/A, 28.11, 0|6, 43, N/A, 29.57, 0|
10:23:33 0, 66, N/A, 153.25, 49|1, 64, N/A, 116.29, 57|2, 42, N/A, 30.33, 0|3, 45, N/A, 27.84, 0|4, 45, N/A, 28.83, 0|5, 47, N/A, 28.11, 0|6, 43, N/A, 29.31, 0|
10:23:35 0, 65, N/A, 54.95, 42|1, 64, N/A, 190.99, 50|2, 42, N/A, 30.33, 0|3, 45, N/A, 28.09, 0|4, 45, N/A, 28.83, 0|5, 47, N/A, 28.11, 0|6, 43, N/A, 29.30, 0|
10:23:37 0, 65, N/A, 152.68, 48|1, 64, N/A, 75.85, 57|2, 42, N/A, 30.33, 0|3, 45, N/A, 27.84, 0|4, 45, N/A, 28.83, 0|5, 47, N/A, 27.86, 0|6, 43, N/A, 29.31, 0|
10:23:39 0, 65, N/A, 122.94, 49|1, 63, N/A, 134.17, 50|2, 42, N/A, 30.33, 0|3, 44, N/A, 27.84, 0|4, 44, N/A, 28.83, 0|5, 47, N/A, 27.86, 0|6, 43, N/A, 29.31, 0|
10:23:41 0, 65, N/A, 51.50, 42|1, 64, N/A, 195.90, 50|2, 42, N/A, 30.33, 0|3, 45, N/A, 27.60, 0|4, 45, N/A, 28.58, 0|5, 47, N/A, 27.86, 0|6, 43, N/A, 29.31, 0|
10:23:43 0, 65, N/A, 167.57, 49|1, 63, N/A, 64.52, 57|2, 42, N/A, 30.33, 0|3, 45, N/A, 27.60, 0|4, 45, N/A, 28.83, 0|5, 47, N/A, 27.86, 0|6, 43, N/A, 29.31, 0|
10:23:45 0, 65, N/A, 67.72, 49|1, 64, N/A, 185.60, 52|2, 42, N/A, 30.33, 0|3, 45, N/A, 27.60, 0|4, 45, N/A, 28.83, 0|5, 47, N/A, 27.86, 0|6, 43, N/A, 29.31, 0|
10:23:47 0, 64, N/A, 124.10, 42|1, 63, N/A, 99.38, 50|2, 42, N/A, 30.33, 0|3, 44, N/A, 27.84, 0|4, 45, N/A, 28.58, 0|5, 47, N/A, 27.86, 0|6, 43, N/A, 29.31, 0|
10:23:49 0, 65, N/A, 146.88, 49|1, 63, N/A, 112.18, 57|2, 42, N/A, 30.33, 0|3, 44, N/A, 27.84, 0|4, 44, N/A, 28.85, 0|5, 47, N/A, 27.86, 0|6, 43, N/A, 29.31, 0|
10:23:51 0, 64, N/A, 53.22, 49|1, 63, N/A, 190.01, 50|2, 42, N/A, 30.33, 0|3, 44, N/A, 28.09, 0|4, 45, N/A, 28.60, 0|5, 47, N/A, 27.86, 0|6, 43, N/A, 29.06, 0|
10:23:53 0, 64, N/A, 137.55, 42|1, 63, N/A, 86.15, 49|2, 41, N/A, 30.33, 0|3, 44, N/A, 28.09, 0|4, 44, N/A, 28.58, 0|5, 47, N/A, 27.86, 0|6, 43, N/A, 29.06, 0|
10:23:56 0, 65, N/A, 179.08, 50|1, 63, N/A, 69.69, 57|2, 41, N/A, 30.33, 0|3, 44, N/A, 28.09, 0|4, 44, N/A, 28.60, 0|5, 47, N/A, 27.86, 0|6, 43, N/A, 29.06, 0|
10:23:58 0, 65, N/A, 62.80, 48|1, 63, N/A, 182.90, 52|2, 41, N/A, 30.33, 0|3, 44, N/A, 28.09, 0|4, 44, N/A, 28.58, 0|5, 47, N/A, 27.86, 0|6, 43, N/A, 29.06, 0|
10:24:00 0, 64, N/A, 68.18, 42|1, 63, N/A, 139.99, 50|2, 41, N/A, 30.33, 0|3, 44, N/A, 28.09, 0|4, 44, N/A, 28.58, 0|5, 46, N/A, 27.86, 0|6, 43, N/A, 29.31, 0|
10:24:02 0, 64, N/A, 172.21, 50|1, 63, N/A, 61.58, 57|2, 42, N/A, 30.33, 0|3, 44, N/A, 28.09, 0|4, 44, N/A, 28.58, 0|5, 47, N/A, 27.88, 0|6, 43, N/A, 29.08, 0|
10:24:04 0, 64, N/A, 99.14, 50|1, 63, N/A, 154.16, 50|2, 41, N/A, 30.33, 0|3, 44, N/A, 27.84, 0|4, 44, N/A, 28.58, 0|5, 47, N/A, 27.86, 0|6, 43, N/A, 29.06, 0|
10:24:06 0, 64, N/A, 50.76, 42|1, 63, N/A, 194.92, 49|2, 41, N/A, 30.33, 0|3, 44, N/A, 27.84, 0|4, 44, N/A, 28.58, 0|5, 46, N/A, 27.86, 0|6, 43, N/A, 29.31, 0|
10:24:08 0, 64, N/A, 156.11, 47|1, 63, N/A, 72.89, 57|2, 41, N/A, 30.34, 0|3, 44, N/A, 28.09, 0|4, 44, N/A, 28.58, 0|5, 46, N/A, 27.86, 0|6, 43, N/A, 29.32, 0|
10:24:10 0, 64, N/A, 179.57, 50|1, 63, N/A, 86.84, 57|2, 41, N/A, 30.33, 0|3, 44, N/A, 28.09, 0|4, 44, N/A, 28.58, 0|5, 46, N/A, 27.86, 0|6, 43, N/A, 29.06, 0|
10:24:12 0, 64, N/A, 63.05, 42|1, 63, N/A, 180.94, 50|2, 41, N/A, 30.08, 0|3, 44, N/A, 28.09, 0|4, 44, N/A, 28.58, 0|5, 46, N/A, 27.86, 0|6, 43, N/A, 29.31, 0|
10:24:14 0, 63, N/A, 81.18, 43|1, 63, N/A, 109.41, 50|2, 41, N/A, 30.33, 0|3, 44, N/A, 27.84, 0|4, 44, N/A, 28.58, 0|5, 46, N/A, 27.86, 0|6, 42, N/A, 29.31, 0|
10:24:16 0, 64, N/A, 162.91, 50|1, 63, N/A, 67.72, 57|2, 41, N/A, 30.08, 0|3, 44, N/A, 28.09, 0|4, 44, N/A, 28.58, 0|5, 46, N/A, 27.86, 0|6, 42, N/A, 29.06, 0|
10:24:19 0, 64, N/A, 113.35, 47|1, 63, N/A, 146.05, 55|2, 41, N/A, 30.08, 0|3, 44, N/A, 27.84, 0|4, 44, N/A, 28.34, 0|5, 46, N/A, 27.86, 0|6, 43, N/A, 29.06, 0|
10:24:21 0, 64, N/A, 57.63, 42|1, 63, N/A, 187.44, 50|2, 41, N/A, 30.08, 0|3, 44, N/A, 28.09, 0|4, 44, N/A, 28.58, 0|5, 46, N/A, 27.86, 0|6, 42, N/A, 29.06, 0|
10:24:23 0, 63, N/A, 103.27, 47|1, 63, N/A, 115.55, 57|2, 41, N/A, 30.08, 0|3, 44, N/A, 27.84, 0|4, 44, N/A, 28.58, 0|5, 46, N/A, 27.86, 0|6, 42, N/A, 29.06, 0|
10:24:25 0, 63, N/A, 167.32, 50|1, 63, N/A, 64.03, 56|2, 41, N/A, 30.33, 0|3, 44, N/A, 27.84, 0|4, 44, N/A, 28.58, 0|5, 46, N/A, 27.86, 0|6, 42, N/A, 29.31, 0|
10:24:27 0, 64, N/A, 123.62, 45|1, 62, N/A, 130.98, 49|2, 41, N/A, 30.08, 0|3, 44, N/A, 27.84, 0|4, 44, N/A, 28.58, 0|5, 46, N/A, 27.86, 0|6, 42, N/A, 29.06, 0|
10:24:29 0, 63, N/A, 56.18, 42|1, 63, N/A, 186.20, 50|2, 41, N/A, 30.08, 0|3, 44, N/A, 27.84, 0|4, 44, N/A, 28.58, 0|5, 46, N/A, 27.86, 0|6, 42, N/A, 29.06, 0|
10:24:31 0, 63, N/A, 98.11, 49|1, 63, N/A, 116.29, 57|2, 41, N/A, 30.08, 0|3, 44, N/A, 27.60, 0|4, 44, N/A, 28.58, 0|5, 46, N/A, 27.86, 0|6, 42, N/A, 29.31, 0|
10:24:33 0, 63, N/A, 163.15, 50|1, 63, N/A, 66.01, 55|2, 41, N/A, 30.08, 0|3, 44, N/A, 27.84, 0|4, 44, N/A, 28.58, 0|5, 46, N/A, 27.86, 0|6, 42, N/A, 29.31, 0|
10:24:35 0, 64, N/A, 99.15, 42|1, 62, N/A, 164.21, 49|2, 41, N/A, 30.08, 0|3, 44, N/A, 27.84, 0|4, 44, N/A, 28.58, 0|5, 46, N/A, 27.61, 0|6, 42, N/A, 29.06, 0|
10:24:37 0, 63, N/A, 52.73, 47|1, 63, N/A, 189.39, 51|2, 41, N/A, 30.08, 0|3, 44, N/A, 27.84, 0|4, 44, N/A, 28.58, 0|5, 46, N/A, 27.61, 0|6, 42, N/A, 29.06, 0|
10:24:39 0, 63, N/A, 144.43, 50|1, 63, N/A, 81.96, 57|2, 41, N/A, 30.08, 0|3, 44, N/A, 27.84, 0|4, 44, N/A, 28.58, 0|5, 46, N/A, 27.86, 0|6, 42, N/A, 29.31, 0|
10:24:41 0, 63, N/A, 173.21, 48|1, 63, N/A, 58.89, 55|2, 41, N/A, 30.08, 0|3, 44, N/A, 27.84, 0|4, 44, N/A, 28.58, 0|5, 46, N/A, 27.61, 0|6, 42, N/A, 28.81, 0|
10:24:44 0, 63, N/A, 98.40, 42|1, 62, N/A, 154.47, 49|2, 41, N/A, 30.08, 0|3, 44, N/A, 27.84, 0|4, 44, N/A, 28.58, 0|5, 46, N/A, 27.61, 0|6, 42, N/A, 29.06, 0|
10:24:46 0, 63, N/A, 55.44, 42|1, 62, N/A, 186.70, 52|2, 41, N/A, 30.08, 0|3, 44, N/A, 27.84, 0|4, 44, N/A, 28.60, 0|5, 46, N/A, 27.61, 0|6, 42, N/A, 28.81, 0|
10:24:48 0, 63, N/A, 105.24, 50|1, 63, N/A, 114.39, 57|2, 41, N/A, 30.08, 0|3, 44, N/A, 27.60, 0|4, 43, N/A, 28.58, 0|5, 46, N/A, 27.61, 0|6, 42, N/A, 29.06, 0|
10:24:50 0, 62, N/A, 165.85, 50|1, 63, N/A, 63.79, 55|2, 41, N/A, 30.08, 0|3, 43, N/A, 27.84, 0|4, 44, N/A, 28.58, 0|5, 46, N/A, 27.61, 0|6, 42, N/A, 29.06, 0|
10:24:52 0, 63, N/A, 130.48, 45|1, 62, N/A, 127.29, 49|2, 41, N/A, 30.08, 0|3, 44, N/A, 27.60, 0|4, 44, N/A, 28.58, 0|5, 46, N/A, 27.61, 0|6, 42, N/A, 28.81, 0|
10:24:54 0, 63, N/A, 55.93, 42|1, 62, N/A, 186.34, 49|2, 41, N/A, 30.08, 0|3, 43, N/A, 27.84, 0|4, 44, N/A, 28.58, 0|5, 46, N/A, 27.61, 0|6, 42, N/A, 28.81, 0|
10:24:56 0, 63, N/A, 167.40, 100|1, 60, N/A, 49.28, 0|2, 41, N/A, 30.08, 0|3, 43, N/A, 27.84, 0|4, 44, N/A, 28.58, 0|5, 46, N/A, 27.61, 0|6, 42, N/A, 29.06, 0|
10:24:58 0, 62, N/A, 44.85, 0|1, 61, N/A, 160.03, 100|2, 41, N/A, 30.08, 0|3, 43, N/A, 27.84, 0|4, 44, N/A, 28.58, 0|5, 46, N/A, 27.61, 0|6, 42, N/A, 28.81, 0|
10:25:00 0, 65, N/A, 146.87, 100|1, 61, N/A, 50.52, 0|2, 41, N/A, 30.08, 0|3, 43, N/A, 27.84, 0|4, 44, N/A, 28.58, 0|5, 45, N/A, 27.61, 0|6, 42, N/A, 28.81, 0|
10:25:02 0, 64, N/A, 152.18, 100|1, 63, N/A, 201.41, 100|2, 41, N/A, 30.08, 0|3, 44, N/A, 27.60, 0|4, 43, N/A, 28.58, 0|5, 45, N/A, 27.61, 0|6, 42, N/A, 29.06, 0|
10:25:04 0, 62, N/A, 96.19, 0|1, 63, N/A, 193.58, 100|2, 41, N/A, 30.06, 0|3, 43, N/A, 27.60, 0|4, 43, N/A, 28.58, 0|5, 45, N/A, 27.61, 0|6, 42, N/A, 28.81, 0|
10:25:07 0, 65, N/A, 186.35, 100|1, 60, N/A, 49.78, 0|2, 40, N/A, 30.08, 0|3, 43, N/A, 27.60, 0|4, 43, N/A, 28.58, 0|5, 45, N/A, 27.61, 0|6, 42, N/A, 28.81, 0|
10:25:09 0, 65, N/A, 169.77, 100|1, 64, N/A, 175.52, 100|2, 41, N/A, 30.08, 0|3, 43, N/A, 27.84, 0|4, 44, N/A, 28.34, 0|5, 45, N/A, 27.61, 0|6, 42, N/A, 28.81, 0|
10:25:11 0, 64, N/A, 159.45, 100|1, 63, N/A, 190.26, 100|2, 40, N/A, 30.06, 0|3, 43, N/A, 27.60, 0|4, 43, N/A, 28.58, 0|5, 45, N/A, 27.61, 0|6, 42, N/A, 29.06, 0|
10:25:13 0, 64, N/A, 45.83, 0|1, 62, N/A, 165.69, 100|2, 40, N/A, 30.08, 0|3, 43, N/A, 27.60, 0|4, 43, N/A, 28.60, 0|5, 45, N/A, 27.61, 0|6, 42, N/A, 28.81, 0|
10:25:15 0, 66, N/A, 162.75, 100|1, 62, N/A, 51.50, 19|2, 41, N/A, 30.08, 0|3, 43, N/A, 27.84, 0|4, 43, N/A, 28.58, 0|5, 45, N/A, 27.61, 0|6, 42, N/A, 28.81, 0|
10:25:17 0, 65, N/A, 152.92, 100|1, 64, N/A, 191.98, 100|2, 40, N/A, 30.08, 0|3, 43, N/A, 27.60, 0|4, 43, N/A, 28.58, 0|5, 45, N/A, 27.61, 0|6, 42, N/A, 28.81, 0|
10:25:19 0, 63, N/A, 45.10, 0|1, 63, N/A, 161.51, 100|2, 40, N/A, 30.08, 0|3, 43, N/A, 27.60, 0|4, 43, N/A, 28.35, 0|5, 45, N/A, 27.61, 0|6, 42, N/A, 28.81, 0|
10:25:21 0, 66, N/A, 146.62, 100|1, 62, N/A, 50.52, 0|2, 41, N/A, 30.08, 0|3, 43, N/A, 27.60, 0|4, 43, N/A, 28.58, 0|5, 45, N/A, 27.61, 0|6, 42, N/A, 28.81, 0|
10:25:23 0, 66, N/A, 148.25, 100|1, 64, N/A, 193.81, 100|2, 40, N/A, 30.06, 0|3, 43, N/A, 27.60, 0|4, 43, N/A, 28.58, 0|5, 45, N/A, 27.61, 0|6, 42, N/A, 29.06, 0|
10:25:25 0, 63, N/A, 45.09, 0|1, 63, N/A, 184.62, 100|2, 40, N/A, 30.06, 0|3, 43, N/A, 27.84, 0|4, 43, N/A, 28.34, 0|5, 45, N/A, 27.61, 0|6, 42, N/A, 28.81, 0|
10:25:27 0, 66, N/A, 164.46, 100|1, 61, N/A, 50.27, 0|2, 40, N/A, 30.08, 0|3, 43, N/A, 27.60, 0|4, 43, N/A, 28.34, 0|5, 45, N/A, 27.61, 0|6, 42, N/A, 28.81, 0|
10:25:30 0, 66, N/A, 188.93, 100|1, 64, N/A, 158.06, 100|2, 40, N/A, 30.08, 0|3, 43, N/A, 27.60, 0|4, 43, N/A, 28.34, 0|5, 45, N/A, 27.61, 0|6, 42, N/A, 28.81, 0|
10:25:32 0, 64, N/A, 184.15, 0|1, 64, N/A, 158.80, 100|2, 40, N/A, 30.08, 0|3, 43, N/A, 27.60, 0|4, 43, N/A, 28.34, 0|5, 45, N/A, 27.61, 0|6, 42, N/A, 28.81, 0|
10:25:34 0, 67, N/A, 181.06, 100|1, 61, N/A, 50.02, 0|2, 40, N/A, 30.08, 0|3, 43, N/A, 27.60, 0|4, 43, N/A, 28.58, 0|5, 45, N/A, 27.61, 0|6, 42, N/A, 29.06, 0|
10:25:36 0, 66, N/A, 180.44, 100|1, 64, N/A, 163.12, 100|2, 40, N/A, 29.83, 0|3, 43, N/A, 27.60, 0|4, 43, N/A, 28.58, 0|5, 45, N/A, 27.61, 0|6, 42, N/A, 28.81, 0|
10:25:38 0, 65, N/A, 178.74, 100|1, 64, N/A, 184.85, 100|2, 40, N/A, 30.06, 0|3, 43, N/A, 27.60, 0|4, 43, N/A, 28.58, 0|5, 45, N/A, 27.61, 0|6, 42, N/A, 28.81, 0|
10:25:40 0, 67, N/A, 81.47, 100|1, 61, N/A, 137.29, 0|2, 40, N/A, 30.08, 0|3, 43, N/A, 27.60, 0|4, 43, N/A, 28.58, 0|5, 45, N/A, 27.61, 0|6, 42, N/A, 29.06, 0|
10:25:42 0, 67, N/A, 149.72, 100|1, 65, N/A, 190.24, 100|2, 40, N/A, 30.06, 0|3, 43, N/A, 27.60, 0|4, 43, N/A, 28.34, 0|5, 45, N/A, 27.61, 0|6, 41, N/A, 28.81, 0|
10:25:44 0, 66, N/A, 146.77, 98|1, 64, N/A, 165.33, 100|2, 40, N/A, 30.08, 0|3, 43, N/A, 27.60, 0|4, 43, N/A, 28.58, 0|5, 45, N/A, 27.61, 0|6, 41, N/A, 28.81, 0|
10:25:46 0, 66, N/A, 48.08, 79|1, 62, N/A, 158.57, 42|2, 40, N/A, 29.85, 0|3, 43, N/A, 27.61, 0|4, 43, N/A, 28.35, 0|5, 45, N/A, 27.63, 0|6, 42, N/A, 28.83, 0|
10:25:48 0, 67, N/A, 178.25, 100|1, 65, N/A, 186.32, 100|2, 40, N/A, 30.06, 0|3, 43, N/A, 27.60, 0|4, 43, N/A, 28.58, 0|5, 45, N/A, 27.61, 0|6, 41, N/A, 28.81, 0|
10:25:50 0, 66, N/A, 153.32, 100|1, 64, N/A, 200.67, 100|2, 40, N/A, 30.06, 0|3, 43, N/A, 27.60, 0|4, 43, N/A, 28.34, 0|5, 45, N/A, 27.61, 0|6, 41, N/A, 28.81, 0|
10:25:52 0, 67, N/A, 49.77, 100|1, 62, N/A, 160.29, 0|2, 40, N/A, 30.08, 0|3, 43, N/A, 27.60, 0|4, 43, N/A, 28.34, 0|5, 45, N/A, 27.61, 0|6, 41, N/A, 28.83, 0|
10:25:55 0, 67, N/A, 149.96, 100|1, 65, N/A, 191.96, 100|2, 40, N/A, 29.81, 0|3, 43, N/A, 27.60, 0|4, 43, N/A, 28.34, 0|5, 45, N/A, 27.61, 0|6, 41, N/A, 28.81, 0|
10:25:57 0, 66, N/A, 179.96, 85|1, 64, N/A, 195.53, 100|2, 40, N/A, 30.06, 0|3, 43, N/A, 27.60, 0|4, 43, N/A, 28.34, 0|5, 45, N/A, 27.61, 0|6, 41, N/A, 28.81, 0|
10:25:59 0, 68, N/A, 170.74, 100|1, 61, N/A, 50.27, 0|2, 40, N/A, 30.08, 0|3, 43, N/A, 27.60, 0|4, 43, N/A, 28.34, 0|5, 45, N/A, 27.61, 0|6, 41, N/A, 28.81, 0|
10:26:01 0, 67, N/A, 192.36, 100|1, 65, N/A, 158.80, 100|2, 40, N/A, 30.08, 0|3, 43, N/A, 27.60, 0|4, 43, N/A, 28.34, 0|5, 45, N/A, 27.61, 0|6, 41, N/A, 28.81, 0|
10:26:03 0, 65, N/A, 168.70, 83|1, 64, N/A, 153.89, 100|2, 40, N/A, 30.08, 0|3, 43, N/A, 27.60, 0|4, 43, N/A, 28.58, 0|5, 45, N/A, 27.61, 0|6, 41, N/A, 28.81, 0|
10:26:05 0, 68, N/A, 181.31, 100|1, 62, N/A, 50.52, 0|2, 40, N/A, 29.83, 0|3, 43, N/A, 27.60, 0|4, 43, N/A, 28.34, 0|5, 45, N/A, 27.37, 0|6, 41, N/A, 28.81, 0|
10:26:07 0, 67, N/A, 166.31, 100|1, 65, N/A, 161.16, 100|2, 40, N/A, 30.08, 0|3, 43, N/A, 27.60, 0|4, 43, N/A, 28.34, 0|5, 45, N/A, 27.61, 0|6, 41, N/A, 28.81, 0|
10:26:09 0, 64, N/A, 45.58, 0|1, 64, N/A, 195.30, 100|2, 40, N/A, 29.81, 0|3, 43, N/A, 27.60, 0|4, 43, N/A, 28.34, 0|5, 45, N/A, 27.61, 0|6, 41, N/A, 28.81, 0|
10:26:11 0, 68, N/A, 163.00, 100|1, 62, N/A, 50.76, 0|2, 40, N/A, 29.83, 0|3, 43, N/A, 27.60, 0|4, 43, N/A, 28.34, 0|5, 45, N/A, 27.61, 0|6, 41, N/A, 28.81, 0|
10:26:13 0, 67, N/A, 153.66, 100|1, 65, N/A, 190.01, 100|2, 40, N/A, 29.83, 0|3, 43, N/A, 27.60, 0|4, 43, N/A, 28.34, 0|5, 45, N/A, 27.61, 0|6, 41, N/A, 28.81, 0|
10:26:15 0, 65, N/A, 45.83, 0|1, 64, N/A, 158.57, 100|2, 40, N/A, 29.83, 0|3, 43, N/A, 27.60, 0|4, 43, N/A, 28.35, 0|5, 45, N/A, 27.61, 0|6, 41, N/A, 28.81, 0|
10:26:18 0, 68, N/A, 153.67, 100|1, 62, N/A, 51.50, 0|2, 40, N/A, 29.83, 0|3, 43, N/A, 27.60, 0|4, 43, N/A, 28.34, 0|5, 45, N/A, 27.61, 0|6, 41, N/A, 28.81, 0|
10:26:20 0, 67, N/A, 144.07, 100|1, 65, N/A, 188.30, 100|2, 40, N/A, 29.83, 0|3, 43, N/A, 27.60, 0|4, 43, N/A, 28.34, 0|5, 45, N/A, 27.61, 0|6, 41, N/A, 28.81, 0|
10:26:22 0, 65, N/A, 46.32, 0|1, 64, N/A, 200.93, 100|2, 40, N/A, 30.06, 0|3, 43, N/A, 27.60, 0|4, 43, N/A, 28.34, 0|5, 45, N/A, 27.61, 0|6, 41, N/A, 28.81, 0|
10:26:24 0, 68, N/A, 165.59, 100|1, 64, N/A, 52.73, 61|2, 40, N/A, 30.08, 0|3, 43, N/A, 27.60, 0|4, 43, N/A, 28.34, 0|5, 45, N/A, 27.61, 0|6, 41, N/A, 28.81, 0|
10:26:26 0, 67, N/A, 154.88, 100|1, 65, N/A, 186.83, 100|2, 40, N/A, 29.83, 0|3, 43, N/A, 27.84, 0|4, 43, N/A, 28.34, 0|5, 45, N/A, 27.61, 0|6, 41, N/A, 28.81, 0|
10:26:28 0, 67, N/A, 48.05, 100|1, 62, N/A, 166.67, 0|2, 40, N/A, 29.83, 0|3, 43, N/A, 27.86, 0|4, 43, N/A, 28.35, 0|5, 45, N/A, 27.63, 0|6, 41, N/A, 28.83, 0|
10:26:30 0, 67, N/A, 150.95, 100|1, 65, N/A, 195.16, 100|2, 40, N/A, 29.83, 0|3, 43, N/A, 27.60, 0|4, 43, N/A, 28.34, 0|5, 45, N/A, 27.61, 0|6, 41, N/A, 28.81, 0|
10:26:32 0, 65, N/A, 177.26, 0|1, 65, N/A, 159.94, 100|2, 40, N/A, 29.83, 0|3, 43, N/A, 27.84, 0|4, 43, N/A, 28.34, 0|5, 45, N/A, 27.61, 0|6, 41, N/A, 28.81, 0|
10:26:34 0, 68, N/A, 173.29, 100|1, 62, N/A, 51.01, 0|2, 40, N/A, 30.08, 0|3, 43, N/A, 27.60, 0|4, 43, N/A, 28.34, 0|5, 45, N/A, 27.61, 0|6, 41, N/A, 28.81, 0|
10:26:36 0, 67, N/A, 144.33, 100|1, 65, N/A, 172.20, 100|2, 40, N/A, 29.81, 0|3, 43, N/A, 27.84, 0|4, 43, N/A, 28.34, 0|5, 45, N/A, 27.61, 0|6, 41, N/A, 28.81, 0|
10:26:38 0, 66, N/A, 175.17, 93|1, 64, N/A, 52.49, 0|2, 40, N/A, 29.83, 0|3, 43, N/A, 27.84, 0|4, 43, N/A, 28.34, 0|5, 45, N/A, 27.37, 0|6, 41, N/A, 28.81, 0|
10:26:41 0, 68, N/A, 175.91, 100|1, 61, N/A, 49.53, 0|2, 40, N/A, 29.83, 0|3, 43, N/A, 27.60, 0|4, 43, N/A, 28.34, 0|5, 45, N/A, 27.61, 0|6, 41, N/A, 28.81, 0|
10:26:43 0, 63, N/A, 44.85, 0|1, 65, N/A, 151.69, 100|2, 40, N/A, 29.82, 0|3, 43, N/A, 27.60, 0|4, 43, N/A, 28.34, 0|5, 45, N/A, 27.61, 0|6, 41, N/A, 28.81, 0|
10:26:45 0, 65, N/A, 130.49, 54|1, 64, N/A, 93.78, 61|2, 40, N/A, 29.83, 0|3, 43, N/A, 27.60, 0|4, 43, N/A, 28.34, 0|5, 45, N/A, 27.61, 0|6, 41, N/A, 28.81, 0|
10:26:47 0, 65, N/A, 99.88, 38|1, 63, N/A, 151.29, 52|2, 40, N/A, 29.83, 0|3, 43, N/A, 27.60, 0|4, 43, N/A, 28.35, 0|5, 45, N/A, 27.61, 0|6, 41, N/A, 28.81, 0|
10:26:49 0, 65, N/A, 67.20, 54|1, 63, N/A, 140.73, 56|2, 40, N/A, 29.83, 0|3, 43, N/A, 27.84, 0|4, 43, N/A, 28.34, 0|5, 45, N/A, 27.61, 0|6, 41, N/A, 28.81, 0|
10:26:51 0, 65, N/A, 178.36, 47|1, 63, N/A, 56.43, 62|2, 40, N/A, 29.83, 0|3, 43, N/A, 27.60, 0|4, 43, N/A, 28.34, 0|5, 45, N/A, 27.61, 0|6, 41, N/A, 28.81, 0|
10:26:53 0, 65, N/A, 53.47, 50|1, 63, N/A, 188.54, 46|2, 40, N/A, 29.83, 0|3, 43, N/A, 27.60, 0|4, 43, N/A, 28.34, 0|5, 45, N/A, 27.61, 0|6, 41, N/A, 28.81, 0|
10:26:55 0, 65, N/A, 164.49, 54|1, 63, N/A, 66.75, 61|2, 40, N/A, 29.59, 0|3, 43, N/A, 27.60, 0|4, 43, N/A, 28.34, 0|5, 45, N/A, 27.61, 0|6, 41, N/A, 28.81, 0|
10:26:57 0, 65, N/A, 70.43, 45|1, 63, N/A, 176.14, 45|2, 40, N/A, 29.83, 0|3, 43, N/A, 27.60, 0|4, 43, N/A, 28.34, 0|5, 45, N/A, 27.37, 0|6, 41, N/A, 28.81, 0|
10:26:59 0, 64, N/A, 130.99, 54|1, 63, N/A, 90.83, 59|2, 40, N/A, 29.83, 0|3, 43, N/A, 27.60, 0|4, 43, N/A, 28.34, 0|5, 45, N/A, 27.61, 0|6, 41, N/A, 28.81, 0|
10:27:01 0, 65, N/A, 127.30, 38|1, 62, N/A, 146.13, 45|2, 40, N/A, 29.83, 0|3, 42, N/A, 27.60, 0|4, 43, N/A, 28.09, 0|5, 45, N/A, 27.61, 0|6, 41, N/A, 29.06, 0|
10:27:03 0, 64, N/A, 49.53, 54|1, 63, N/A, 195.16, 48|2, 40, N/A, 29.83, 0|3, 43, N/A, 27.60, 0|4, 43, N/A, 28.34, 0|5, 45, N/A, 27.61, 0|6, 41, N/A, 29.06, 0|
10:27:06 0, 64, N/A, 174.44, 38|1, 63, N/A, 57.66, 53|2, 40, N/A, 29.83, 0|3, 43, N/A, 27.60, 0|4, 43, N/A, 28.34, 0|5, 45, N/A, 27.61, 0|6, 41, N/A, 29.06, 0|
10:27:08 0, 64, N/A, 54.45, 44|1, 63, N/A, 188.05, 45|2, 40, N/A, 29.83, 0|3, 43, N/A, 27.60, 0|4, 43, N/A, 28.35, 0|5, 44, N/A, 27.61, 0|6, 41, N/A, 28.81, 0|
10:27:10 0, 64, N/A, 152.03, 46|1, 63, N/A, 69.94, 61|2, 40, N/A, 29.83, 0|3, 43, N/A, 27.60, 0|4, 43, N/A, 28.34, 0|5, 45, N/A, 27.61, 0|6, 41, N/A, 29.06, 0|
10:27:12 0, 64, N/A, 85.90, 37|1, 62, N/A, 163.40, 47|2, 40, N/A, 29.83, 0|3, 43, N/A, 27.60, 0|4, 43, N/A, 28.34, 0|5, 45, N/A, 27.61, 0|6, 41, N/A, 28.81, 0|
10:27:14 0, 64, N/A, 48.79, 54|1, 63, N/A, 174.19, 59|2, 40, N/A, 29.83, 0|3, 43, N/A, 27.60, 0|4, 43, N/A, 28.35, 0|5, 45, N/A, 27.37, 0|6, 41, N/A, 28.83, 0|
10:27:16 0, 64, N/A, 174.52, 44|1, 62, N/A, 58.15, 60|2, 40, N/A, 29.85, 0|3, 43, N/A, 27.61, 0|4, 43, N/A, 28.35, 0|5, 45, N/A, 27.63, 0|6, 41, N/A, 28.83, 0|
10:27:18 0, 64, N/A, 65.26, 54|1, 62, N/A, 177.60, 51|2, 40, N/A, 29.83, 0|3, 42, N/A, 27.60, 0|4, 43, N/A, 28.35, 0|5, 45, N/A, 27.61, 0|6, 41, N/A, 28.83, 0|
10:27:20 0, 63, N/A, 130.18, 51|1, 63, N/A, 92.06, 62|2, 40, N/A, 29.83, 0|3, 43, N/A, 27.60, 0|4, 43, N/A, 28.34, 0|5, 44, N/A, 27.61, 0|6, 41, N/A, 28.81, 0|
10:27:22 0, 64, N/A, 102.34, 47|1, 62, N/A, 151.04, 45|2, 40, N/A, 29.83, 0|3, 43, N/A, 27.60, 0|4, 43, N/A, 28.34, 0|5, 45, N/A, 27.61, 0|6, 41, N/A, 28.81, 0|
10:27:24 0, 63, N/A, 48.79, 54|1, 63, N/A, 165.92, 57|2, 40, N/A, 29.83, 0|3, 43, N/A, 27.60, 0|4, 43, N/A, 28.34, 0|5, 44, N/A, 27.37, 0|6, 41, N/A, 28.81, 0|
10:27:26 0, 64, N/A, 176.65, 38|1, 62, N/A, 56.43, 46|2, 40, N/A, 29.83, 0|3, 42, N/A, 27.60, 0|4, 43, N/A, 28.34, 0|5, 44, N/A, 27.61, 0|6, 41, N/A, 28.81, 0|
10:27:29 0, 64, N/A, 56.39, 49|1, 62, N/A, 185.36, 45|2, 40, N/A, 29.83, 0|3, 42, N/A, 27.60, 0|4, 43, N/A, 28.34, 0|5, 45, N/A, 27.61, 0|6, 41, N/A, 28.81, 0|
10:27:31 0, 63, N/A, 145.63, 43|1, 63, N/A, 80.00, 58|2, 40, N/A, 29.83, 0|3, 42, N/A, 27.60, 0|4, 43, N/A, 28.34, 0|5, 44, N/A, 27.61, 0|6, 41, N/A, 28.81, 0|
10:27:33 0, 64, N/A, 111.14, 38|1, 62, N/A, 138.52, 45|2, 40, N/A, 29.83, 0|3, 42, N/A, 27.60, 0|4, 43, N/A, 28.35, 0|5, 45, N/A, 27.61, 0|6, 41, N/A, 28.57, 0|
10:27:35 0, 63, N/A, 50.27, 54|1, 62, N/A, 190.51, 62|2, 40, N/A, 29.83, 0|3, 42, N/A, 27.60, 0|4, 43, N/A, 28.34, 0|5, 45, N/A, 27.37, 0|6, 41, N/A, 28.81, 0|
10:27:37 0, 63, N/A, 165.85, 40|1, 62, N/A, 63.53, 56|2, 40, N/A, 29.83, 0|3, 42, N/A, 27.60, 0|4, 43, N/A, 28.34, 0|5, 44, N/A, 27.61, 0|6, 41, N/A, 28.81, 0|
10:27:39 0, 63, N/A, 71.66, 54|1, 62, N/A, 173.79, 51|2, 40, N/A, 29.83, 0|3, 42, N/A, 27.84, 0|4, 43, N/A, 28.35, 0|5, 44, N/A, 27.37, 0|6, 41, N/A, 28.81, 0|
10:27:41 0, 63, N/A, 140.49, 50|1, 62, N/A, 71.66, 61|2, 40, N/A, 29.83, 0|3, 42, N/A, 27.60, 0|4, 43, N/A, 28.09, 0|5, 44, N/A, 27.37, 0|6, 41, N/A, 28.81, 0|
10:27:43 0, 63, N/A, 92.75, 50|1, 62, N/A, 155.63, 47|2, 40, N/A, 29.83, 0|3, 42, N/A, 27.60, 0|4, 43, N/A, 28.09, 0|5, 44, N/A, 27.61, 0|6, 41, N/A, 28.81, 0|
10:27:45 0, 63, N/A, 48.54, 54|1, 62, N/A, 157.11, 61|2, 40, N/A, 29.83, 0|3, 42, N/A, 27.60, 0|4, 43, N/A, 28.34, 0|5, 44, N/A, 27.61, 0|6, 41, N/A, 28.57, 0|
10:27:47 0, 63, N/A, 176.30, 38|1, 62, N/A, 55.44, 45|2, 40, N/A, 29.83, 0|3, 42, N/A, 27.60, 0|4, 43, N/A, 28.34, 0|5, 45, N/A, 27.61, 0|6, 41, N/A, 28.57, 0|
10:27:49 0, 63, N/A, 51.01, 53|1, 62, N/A, 189.77, 50|2, 40, N/A, 29.83, 0|3, 42, N/A, 27.84, 0|4, 43, N/A, 28.35, 0|5, 44, N/A, 27.61, 0|6, 41, N/A, 28.81, 0|
10:27:52 0, 62, N/A, 159.72, 38|1, 62, N/A, 66.25, 53|2, 40, N/A, 29.83, 0|3, 42, N/A, 27.84, 0|4, 43, N/A, 28.34, 0|5, 45, N/A, 27.37, 0|6, 41, N/A, 28.81, 0|
10:27:54 0, 63, N/A, 88.57, 41|1, 62, N/A, 159.96, 45|2, 40, N/A, 29.83, 0|3, 43, N/A, 27.60, 0|4, 43, N/A, 28.09, 0|5, 44, N/A, 27.61, 0|6, 41, N/A, 28.81, 0|
10:27:56 0, 62, N/A, 47.81, 50|1, 62, N/A, 152.76, 62|2, 40, N/A, 29.83, 0|3, 42, N/A, 27.60, 0|4, 43, N/A, 28.34, 0|5, 44, N/A, 27.61, 0|6, 41, N/A, 28.57, 0|
10:27:58 0, 63, N/A, 175.66, 37|1, 62, N/A, 57.42, 45|2, 40, N/A, 29.83, 0|3, 43, N/A, 27.60, 0|4, 43, N/A, 28.09, 0|5, 44, N/A, 27.61, 0|6, 41, N/A, 28.81, 0|
10:28:00 0, 63, N/A, 54.95, 54|1, 62, N/A, 186.20, 58|2, 40, N/A, 29.83, 0|3, 43, N/A, 27.60, 0|4, 43, N/A, 28.35, 0|5, 44, N/A, 27.39, 0|6, 41, N/A, 28.83, 0|
10:28:02 0, 62, N/A, 156.60, 47|1, 62, N/A, 62.55, 59|2, 40, N/A, 29.83, 0|3, 42, N/A, 27.60, 0|4, 43, N/A, 28.34, 0|5, 45, N/A, 27.37, 0|6, 41, N/A, 28.81, 0|
10:28:04 0, 63, N/A, 73.84, 52|1, 62, N/A, 176.38, 50|2, 40, N/A, 29.83, 0|3, 42, N/A, 27.60, 0|4, 43, N/A, 28.34, 0|5, 44, N/A, 27.61, 0|6, 41, N/A, 28.81, 0|
10:28:06 0, 62, N/A, 76.55, 54|1, 62, N/A, 133.19, 62|2, 40, N/A, 29.83, 0|3, 43, N/A, 27.60, 0|4, 43, N/A, 28.34, 0|5, 44, N/A, 27.61, 0|6, 41, N/A, 28.81, 0|
10:28:08 0, 62, N/A, 173.21, 40|1, 61, N/A, 93.04, 45|2, 40, N/A, 29.83, 0|3, 42, N/A, 27.60, 0|4, 43, N/A, 28.35, 0|5, 44, N/A, 27.61, 0|6, 41, N/A, 28.83, 0|
10:28:10 0, 63, N/A, 56.67, 53|1, 62, N/A, 185.46, 48|2, 40, N/A, 29.83, 0|3, 43, N/A, 27.35, 0|4, 43, N/A, 28.35, 0|5, 45, N/A, 27.37, 0|6, 41, N/A, 28.81, 0|
10:28:12 0, 62, N/A, 138.84, 39|1, 62, N/A, 87.13, 55|2, 40, N/A, 29.83, 0|3, 42, N/A, 27.84, 0|4, 43, N/A, 28.34, 0|5, 44, N/A, 27.61, 0|6, 41, N/A, 28.81, 0|
10:28:15 0, 63, N/A, 92.25, 39|1, 62, N/A, 160.05, 45|2, 40, N/A, 29.83, 0|3, 42, N/A, 27.60, 0|4, 43, N/A, 28.34, 0|5, 44, N/A, 27.61, 0|6, 41, N/A, 28.81, 0|
10:28:17 0, 62, N/A, 47.80, 54|1, 62, N/A, 158.09, 62|2, 40, N/A, 29.83, 0|3, 42, N/A, 27.60, 0|4, 43, N/A, 28.34, 0|5, 44, N/A, 27.37, 0|6, 41, N/A, 28.81, 0|
10:28:19 0, 62, N/A, 170.51, 41|1, 62, N/A, 60.37, 56|2, 40, N/A, 29.83, 0|3, 43, N/A, 27.35, 0|4, 43, N/A, 28.34, 0|5, 44, N/A, 27.61, 0|6, 41, N/A, 28.81, 0|
10:28:21 0, 62, N/A, 45.10, 54|1, 61, N/A, 51.26, 50|2, 40, N/A, 29.59, 0|3, 42, N/A, 27.37, 0|4, 43, N/A, 28.35, 0|5, 45, N/A, 27.63, 0|6, 41, N/A, 28.83, 0|
10:28:23 0, 64, N/A, 152.69, 100|1, 59, N/A, 48.33, 0|2, 40, N/A, 29.83, 0|3, 42, N/A, 27.60, 0|4, 43, N/A, 28.34, 0|5, 44, N/A, 27.61, 0|6, 41, N/A, 28.81, 0|
10:28:25 0, 63, N/A, 167.55, 100|1, 62, N/A, 157.33, 100|2, 40, N/A, 29.83, 0|3, 42, N/A, 27.60, 0|4, 43, N/A, 28.34, 0|5, 44, N/A, 27.61, 0|6, 41, N/A, 28.81, 0|
10:28:27 0, 65, N/A, 94.71, 100|1, 59, N/A, 116.05, 1|2, 40, N/A, 29.83, 0|3, 42, N/A, 27.60, 0|4, 43, N/A, 28.35, 0|5, 44, N/A, 27.61, 0|6, 41, N/A, 28.83, 0|
10:28:29 0, 65, N/A, 151.94, 100|1, 63, N/A, 161.01, 100|2, 40, N/A, 29.83, 0|3, 42, N/A, 27.60, 0|4, 43, N/A, 28.34, 0|5, 45, N/A, 27.37, 0|6, 41, N/A, 28.81, 0|
10:28:31 0, 62, N/A, 44.35, 0|1, 63, N/A, 169.53, 100|2, 40, N/A, 29.83, 0|3, 42, N/A, 27.84, 0|4, 43, N/A, 28.34, 0|5, 44, N/A, 27.61, 0|6, 41, N/A, 28.81, 0|
10:28:33 0, 66, N/A, 174.19, 100|1, 61, N/A, 50.02, 0|2, 40, N/A, 29.85, 0|3, 43, N/A, 27.60, 0|4, 43, N/A, 28.34, 0|5, 44, N/A, 27.61, 0|6, 41, N/A, 28.81, 0|
10:28:35 0, 66, N/A, 162.88, 100|1, 64, N/A, 194.17, 100|2, 40, N/A, 29.83, 0|3, 43, N/A, 27.35, 0|4, 43, N/A, 28.34, 0|5, 44, N/A, 27.61, 0|6, 41, N/A, 28.81, 0|
10:28:38 0, 64, N/A, 45.58, 0|1, 63, N/A, 180.94, 100|2, 40, N/A, 29.83, 0|3, 43, N/A, 27.60, 0|4, 43, N/A, 28.34, 0|5, 44, N/A, 27.61, 0|6, 41, N/A, 28.81, 0|
10:28:40 0, 66, N/A, 157.09, 100|1, 64, N/A, 52.98, 57|2, 40, N/A, 29.83, 0|3, 43, N/A, 27.84, 0|4, 43, N/A, 28.34, 0|5, 45, N/A, 27.61, 0|6, 41, N/A, 28.81, 0|
10:28:42 0, 66, N/A, 162.16, 92|1, 64, N/A, 165.09, 100|2, 40, N/A, 29.83, 0|3, 43, N/A, 27.60, 0|4, 43, N/A, 28.34, 0|5, 44, N/A, 27.61, 0|6, 41, N/A, 28.81, 0|
10:28:44 0, 67, N/A, 181.95, 100|1, 62, N/A, 50.52, 0|2, 40, N/A, 29.83, 0|3, 43, N/A, 27.84, 0|4, 43, N/A, 28.09, 0|5, 44, N/A, 27.61, 0|6, 41, N/A, 28.81, 0|
10:28:46 0, 66, N/A, 158.23, 100|1, 65, N/A, 157.33, 100|2, 40, N/A, 29.81, 0|3, 43, N/A, 27.84, 0|4, 43, N/A, 28.34, 0|5, 45, N/A, 27.61, 0|6, 41, N/A, 28.81, 0|
10:28:48 0, 64, N/A, 45.58, 0|1, 64, N/A, 157.34, 100|2, 40, N/A, 29.83, 0|3, 43, N/A, 27.60, 0|4, 43, N/A, 28.34, 0|5, 45, N/A, 27.61, 0|6, 41, N/A, 28.81, 0|
10:28:50 0, 67, N/A, 168.30, 100|1, 63, N/A, 51.99, 0|2, 40, N/A, 29.83, 0|3, 43, N/A, 27.84, 0|4, 43, N/A, 28.34, 0|5, 45, N/A, 27.61, 0|6, 41, N/A, 28.81, 0|
10:28:52 0, 66, N/A, 164.12, 100|1, 65, N/A, 184.38, 100|2, 40, N/A, 29.83, 0|3, 43, N/A, 27.60, 0|4, 43, N/A, 28.34, 0|5, 44, N/A, 27.61, 0|6, 41, N/A, 28.81, 0|
10:28:54 0, 67, N/A, 72.62, 100|1, 62, N/A, 147.85, 0|2, 40, N/A, 29.83, 0|3, 43, N/A, 27.60, 0|4, 43, N/A, 28.35, 0|5, 44, N/A, 27.61, 0|6, 41, N/A, 28.81, 0|
10:28:56 0, 67, N/A, 180.94, 100|1, 65, N/A, 190.00, 100|2, 40, N/A, 29.83, 0|3, 43, N/A, 27.60, 0|4, 43, N/A, 28.34, 0|5, 45, N/A, 27.61, 0|6, 41, N/A, 28.81, 0|
10:28:58 0, 64, N/A, 45.34, 0|1, 64, N/A, 158.08, 100|2, 40, N/A, 29.83, 0|3, 43, N/A, 27.60, 0|4, 43, N/A, 28.35, 0|5, 44, N/A, 27.61, 0|6, 41, N/A, 28.81, 0|
10:29:00 0, 67, N/A, 193.86, 100|1, 63, N/A, 51.50, 0|2, 40, N/A, 29.83, 0|3, 43, N/A, 27.84, 0|4, 43, N/A, 28.34, 0|5, 45, N/A, 27.61, 0|6, 41, N/A, 28.81, 0|
10:29:03 0, 66, N/A, 179.23, 100|1, 65, N/A, 196.77, 100|2, 40, N/A, 29.81, 0|3, 43, N/A, 27.60, 0|4, 43, N/A, 28.34, 0|5, 44, N/A, 27.61, 0|6, 41, N/A, 28.81, 0|
10:29:05 0, 67, N/A, 49.04, 86|1, 62, N/A, 150.06, 33|2, 40, N/A, 29.83, 0|3, 43, N/A, 27.60, 0|4, 43, N/A, 28.09, 0|5, 44, N/A, 27.61, 0|6, 41, N/A, 28.81, 0|
10:29:07 0, 68, N/A, 179.72, 100|1, 65, N/A, 156.35, 100|2, 40, N/A, 29.81, 0|3, 42, N/A, 27.60, 0|4, 43, N/A, 28.34, 0|5, 44, N/A, 27.61, 0|6, 41, N/A, 28.81, 0|
10:29:09 0, 64, N/A, 45.58, 0|1, 64, N/A, 176.37, 100|2, 40, N/A, 29.83, 0|3, 43, N/A, 27.60, 0|4, 43, N/A, 28.34, 0|5, 45, N/A, 27.61, 0|6, 41, N/A, 28.81, 0|
10:29:11 0, 68, N/A, 149.74, 100|1, 63, N/A, 51.99, 0|2, 40, N/A, 29.83, 0|3, 43, N/A, 27.60, 0|4, 43, N/A, 28.34, 0|5, 44, N/A, 27.61, 0|6, 41, N/A, 28.81, 0|
10:29:13 0, 67, N/A, 167.80, 100|1, 65, N/A, 183.40, 100|2, 40, N/A, 29.83, 0|3, 42, N/A, 27.60, 0|4, 43, N/A, 28.34, 0|5, 44, N/A, 27.61, 0|6, 41, N/A, 28.81, 0|
10:29:15 0, 68, N/A, 179.82, 100|1, 62, N/A, 50.52, 0|2, 40, N/A, 29.83, 0|3, 42, N/A, 27.60, 0|4, 43, N/A, 28.34, 0|5, 44, N/A, 27.61, 0|6, 41, N/A, 28.81, 0|
10:29:17 0, 67, N/A, 166.08, 100|1, 65, N/A, 196.52, 100|2, 40, N/A, 29.83, 0|3, 43, N/A, 27.60, 0|4, 43, N/A, 28.34, 0|5, 44, N/A, 27.61, 0|6, 41, N/A, 28.81, 0|
10:29:19 0, 65, N/A, 45.83, 0|1, 64, N/A, 179.31, 100|2, 40, N/A, 29.83, 0|3, 43, N/A, 27.60, 0|4, 43, N/A, 28.35, 0|5, 45, N/A, 27.61, 0|6, 41, N/A, 28.81, 0|
10:29:21 0, 68, N/A, 168.54, 100|1, 64, N/A, 52.73, 51|2, 40, N/A, 29.83, 0|3, 42, N/A, 27.35, 0|4, 43, N/A, 28.34, 0|5, 45, N/A, 27.61, 0|6, 41, N/A, 28.81, 0|
10:29:23 0, 67, N/A, 155.87, 100|1, 65, N/A, 190.15, 100|2, 40, N/A, 29.83, 0|3, 43, N/A, 27.84, 0|4, 43, N/A, 28.34, 0|5, 44, N/A, 27.61, 0|6, 41, N/A, 28.81, 0|
10:29:26 0, 68, N/A, 157.60, 100|1, 62, N/A, 50.76, 0|2, 40, N/A, 29.83, 0|3, 42, N/A, 27.35, 0|4, 43, N/A, 28.34, 0|5, 45, N/A, 27.61, 0|6, 41, N/A, 28.81, 0|
10:29:28 0, 68, N/A, 194.81, 100|1, 66, N/A, 157.97, 100|2, 40, N/A, 29.81, 0|3, 42, N/A, 27.60, 0|4, 43, N/A, 28.34, 0|5, 44, N/A, 27.61, 0|6, 41, N/A, 28.81, 0|
10:29:30 0, 65, N/A, 46.57, 0|1, 64, N/A, 175.29, 100|2, 40, N/A, 29.82, 0|3, 42, N/A, 27.60, 0|4, 43, N/A, 28.34, 0|5, 44, N/A, 27.61, 0|6, 41, N/A, 28.81, 0|
10:29:32 0, 68, N/A, 183.40, 100|1, 66, N/A, 202.14, 100|2, 40, N/A, 29.81, 0|3, 42, N/A, 27.59, 0|4, 43, N/A, 28.34, 0|5, 44, N/A, 27.61, 0|6, 41, N/A, 28.81, 0|
10:29:34 0, 65, N/A, 149.72, 34|1, 65, N/A, 203.04, 100|2, 40, N/A, 29.83, 0|3, 43, N/A, 27.84, 0|4, 43, N/A, 28.34, 0|5, 44, N/A, 27.37, 0|6, 41, N/A, 28.81, 0|
10:29:36 0, 68, N/A, 179.83, 100|1, 63, N/A, 51.26, 0|2, 40, N/A, 29.83, 0|3, 42, N/A, 27.84, 0|4, 43, N/A, 28.34, 0|5, 45, N/A, 27.37, 0|6, 41, N/A, 28.81, 0|
10:29:38 0, 67, N/A, 151.44, 100|1, 66, N/A, 179.96, 100|2, 40, N/A, 29.83, 0|3, 42, N/A, 27.84, 0|4, 43, N/A, 28.34, 0|5, 44, N/A, 27.61, 0|6, 41, N/A, 28.81, 0|
10:29:40 0, 67, N/A, 48.54, 100|1, 63, N/A, 161.27, 9|2, 40, N/A, 29.83, 0|3, 42, N/A, 27.60, 0|4, 43, N/A, 28.11, 0|5, 44, N/A, 27.37, 0|6, 41, N/A, 28.81, 0|
10:29:42 0, 68, N/A, 182.17, 100|1, 66, N/A, 198.97, 100|2, 40, N/A, 29.81, 0|3, 42, N/A, 27.59, 0|4, 43, N/A, 28.34, 0|5, 44, N/A, 27.37, 0|6, 41, N/A, 28.81, 0|
10:29:44 0, 65, N/A, 46.08, 0|1, 64, N/A, 191.15, 100|2, 40, N/A, 29.83, 0|3, 43, N/A, 27.84, 0|4, 43, N/A, 28.34, 0|5, 44, N/A, 27.37, 0|6, 41, N/A, 28.81, 0|
10:29:46 0, 68, N/A, 153.92, 100|1, 64, N/A, 53.47, 85|2, 40, N/A, 29.83, 0|3, 43, N/A, 27.60, 0|4, 43, N/A, 28.34, 0|5, 44, N/A, 27.37, 0|6, 41, N/A, 28.81, 0|
10:29:49 0, 66, N/A, 179.23, 81|1, 65, N/A, 197.26, 100|2, 40, N/A, 29.81, 0|3, 42, N/A, 27.35, 0|4, 43, N/A, 28.34, 0|5, 44, N/A, 27.61, 0|6, 41, N/A, 28.81, 0|
10:29:51 0, 68, N/A, 159.79, 100|1, 63, N/A, 51.26, 0|2, 40, N/A, 29.83, 0|3, 42, N/A, 27.60, 0|4, 43, N/A, 28.34, 0|5, 44, N/A, 27.61, 0|6, 41, N/A, 28.81, 0|
10:29:53 0, 67, N/A, 184.60, 100|1, 66, N/A, 162.88, 100|2, 40, N/A, 29.83, 0|3, 43, N/A, 27.84, 0|4, 43, N/A, 28.09, 0|5, 44, N/A, 27.61, 0|6, 41, N/A, 28.81, 0|
10:29:55 0, 67, N/A, 47.80, 19|1, 63, N/A, 188.07, 1|2, 40, N/A, 29.83, 0|3, 43, N/A, 27.60, 0|4, 43, N/A, 28.35, 0|5, 44, N/A, 27.61, 0|6, 41, N/A, 28.81, 0|
10:29:57 0, 68, N/A, 183.15, 100|1, 66, N/A, 216.25, 100|2, 40, N/A, 29.81, 0|3, 43, N/A, 27.35, 0|4, 43, N/A, 28.34, 0|5, 44, N/A, 27.37, 0|6, 41, N/A, 28.81, 0|
10:29:59 0, 65, N/A, 46.08, 0|1, 65, N/A, 192.11, 100|2, 40, N/A, 29.82, 0|3, 42, N/A, 27.60, 0|4, 43, N/A, 28.34, 0|5, 44, N/A, 27.61, 0|6, 41, N/A, 28.81, 0|
10:30:01 0, 68, N/A, 176.88, 100|1, 64, N/A, 53.47, 43|2, 40, N/A, 29.83, 0|3, 42, N/A, 27.84, 0|4, 43, N/A, 28.34, 0|5, 44, N/A, 27.37, 0|6, 41, N/A, 28.81, 0|
10:30:03 0, 66, N/A, 182.64, 95|1, 65, N/A, 176.62, 100|2, 40, N/A, 29.83, 0|3, 42, N/A, 27.60, 0|4, 43, N/A, 28.34, 0|5, 44, N/A, 27.61, 0|6, 41, N/A, 28.81, 0|
10:30:05 0, 69, N/A, 182.53, 100|1, 63, N/A, 51.50, 0|2, 40, N/A, 29.83, 0|3, 43, N/A, 27.60, 0|4, 43, N/A, 28.34, 0|5, 44, N/A, 27.61, 0|6, 41, N/A, 28.81, 0|
10:30:07 0, 68, N/A, 162.39, 100|1, 66, N/A, 171.46, 100|2, 40, N/A, 29.83, 0|3, 42, N/A, 27.60, 0|4, 43, N/A, 28.34, 0|5, 44, N/A, 27.61, 0|6, 41, N/A, 28.81, 0|
10:30:09 0, 69, N/A, 169.52, 100|1, 62, N/A, 50.52, 0|2, 40, N/A, 29.83, 0|3, 42, N/A, 27.60, 0|4, 43, N/A, 28.34, 0|5, 44, N/A, 27.37, 0|6, 41, N/A, 28.81, 0|
10:30:11 0, 68, N/A, 169.75, 100|1, 66, N/A, 162.39, 100|2, 40, N/A, 29.81, 0|3, 42, N/A, 27.84, 0|4, 43, N/A, 28.34, 0|5, 44, N/A, 27.37, 0|6, 41, N/A, 29.06, 0|
10:30:14 0, 66, N/A, 46.57, 0|1, 64, N/A, 191.73, 100|2, 40, N/A, 29.83, 0|3, 42, N/A, 27.35, 0|4, 43, N/A, 28.34, 0|5, 44, N/A, 27.37, 0|6, 41, N/A, 28.81, 0|
10:30:16 0, 68, N/A, 176.04, 100|1, 66, N/A, 197.99, 100|2, 40, N/A, 29.83, 0|3, 42, N/A, 27.59, 0|4, 43, N/A, 28.34, 0|5, 44, N/A, 27.61, 0|6, 41, N/A, 28.81, 0|
10:30:18 0, 65, N/A, 46.08, 0|1, 65, N/A, 197.52, 100|2, 40, N/A, 29.82, 0|3, 42, N/A, 27.60, 0|4, 43, N/A, 28.34, 0|5, 44, N/A, 27.61, 0|6, 41, N/A, 28.81, 0|
10:30:20 0, 69, N/A, 176.89, 100|1, 64, N/A, 52.49, 0|2, 40, N/A, 29.83, 0|3, 42, N/A, 27.60, 0|4, 43, N/A, 28.09, 0|5, 44, N/A, 27.61, 0|6, 41, N/A, 28.81, 0|
10:30:22 0, 67, N/A, 178.25, 100|1, 66, N/A, 157.08, 100|2, 40, N/A, 29.83, 0|3, 43, N/A, 27.35, 0|4, 43, N/A, 28.34, 0|5, 44, N/A, 27.61, 0|6, 41, N/A, 28.81, 0|
10:30:24 0, 69, N/A, 170.01, 100|1, 63, N/A, 51.26, 0|2, 40, N/A, 29.83, 0|3, 42, N/A, 27.60, 0|4, 43, N/A, 28.34, 0|5, 44, N/A, 27.37, 0|6, 41, N/A, 28.81, 0|
10:30:26 0, 68, N/A, 178.01, 100|1, 65, N/A, 172.45, 100|2, 40, N/A, 29.81, 0|3, 43, N/A, 27.60, 0|4, 43, N/A, 28.34, 0|5, 44, N/A, 27.61, 0|6, 41, N/A, 28.81, 0|
10:30:28 0, 68, N/A, 58.12, 87|1, 63, N/A, 182.67, 0|2, 40, N/A, 29.83, 0|3, 42, N/A, 27.60, 0|4, 43, N/A, 28.35, 0|5, 44, N/A, 27.61, 0|6, 41, N/A, 28.83, 0|
10:30:30 0, 68, N/A, 183.62, 100|1, 66, N/A, 164.45, 100|2, 40, N/A, 29.83, 0|3, 42, N/A, 27.60, 0|4, 43, N/A, 28.34, 0|5, 44, N/A, 27.61, 0|6, 41, N/A, 28.81, 0|
10:30:32 0, 66, N/A, 46.82, 0|1, 64, N/A, 160.29, 100|2, 40, N/A, 29.83, 0|3, 43, N/A, 27.60, 0|4, 43, N/A, 28.34, 0|5, 44, N/A, 27.61, 0|6, 41, N/A, 28.83, 0|
10:30:34 0, 68, N/A, 156.11, 100|1, 66, N/A, 190.87, 100|2, 40, N/A, 29.83, 0|3, 42, N/A, 27.60, 0|4, 43, N/A, 28.34, 0|5, 44, N/A, 27.61, 0|6, 41, N/A, 28.81, 0|
10:30:37 0, 65, N/A, 46.32, 0|1, 65, N/A, 170.40, 100|2, 40, N/A, 29.82, 0|3, 43, N/A, 27.60, 0|4, 43, N/A, 28.09, 0|5, 44, N/A, 27.37, 0|6, 41, N/A, 28.81, 0|
10:30:39 0, 69, N/A, 149.50, 100|1, 65, N/A, 53.47, 23|2, 40, N/A, 29.85, 0|3, 42, N/A, 27.60, 0|4, 43, N/A, 28.34, 0|5, 44, N/A, 27.37, 0|6, 41, N/A, 28.57, 0|
10:30:41 0, 66, N/A, 148.74, 0|1, 65, N/A, 203.86, 100|2, 40, N/A, 29.81, 0|3, 43, N/A, 27.60, 0|4, 43, N/A, 28.34, 0|5, 44, N/A, 27.37, 0|6, 41, N/A, 28.81, 0|
10:30:43 0, 69, N/A, 174.67, 100|1, 63, N/A, 51.75, 0|2, 40, N/A, 29.83, 0|3, 42, N/A, 27.60, 0|4, 43, N/A, 28.34, 0|5, 44, N/A, 27.61, 0|6, 41, N/A, 28.57, 0|
10:30:45 0, 68, N/A, 149.72, 100|1, 65, N/A, 177.51, 100|2, 40, N/A, 29.83, 0|3, 42, N/A, 27.60, 0|4, 43, N/A, 28.34, 0|5, 44, N/A, 27.61, 0|6, 41, N/A, 28.81, 0|
10:30:47 0, 69, N/A, 158.58, 100|1, 63, N/A, 51.26, 0|2, 40, N/A, 29.83, 0|3, 42, N/A, 27.35, 0|4, 43, N/A, 28.34, 0|5, 44, N/A, 27.61, 0|6, 41, N/A, 28.81, 0|
10:30:49 0, 68, N/A, 156.59, 100|1, 66, N/A, 187.95, 100|2, 40, N/A, 29.83, 0|3, 42, N/A, 27.60, 0|4, 43, N/A, 28.34, 0|5, 44, N/A, 27.61, 0|6, 41, N/A, 28.81, 0|
10:30:51 0, 68, N/A, 49.78, 100|1, 63, N/A, 156.85, 17|2, 40, N/A, 29.83, 0|3, 42, N/A, 27.61, 0|4, 43, N/A, 28.35, 0|5, 44, N/A, 27.63, 0|6, 41, N/A, 28.83, 0|
10:30:53 0, 68, N/A, 182.43, 100|1, 66, N/A, 159.69, 100|2, 40, N/A, 29.83, 0|3, 42, N/A, 27.60, 0|4, 43, N/A, 28.34, 0|5, 44, N/A, 27.37, 0|6, 41, N/A, 28.57, 0|
10:30:55 0, 66, N/A, 47.06, 0|1, 64, N/A, 195.05, 100|2, 40, N/A, 29.83, 0|3, 42, N/A, 27.60, 0|4, 43, N/A, 28.09, 0|5, 44, N/A, 27.61, 0|6, 41, N/A, 28.81, 0|
10:30:57 0, 69, N/A, 177.25, 100|1, 66, N/A, 180.94, 100|2, 40, N/A, 29.81, 0|3, 42, N/A, 27.60, 0|4, 43, N/A, 28.34, 0|5, 44, N/A, 27.37, 0|6, 41, N/A, 28.57, 0|
10:31:00 0, 66, N/A, 46.32, 0|1, 65, N/A, 200.69, 100|2, 40, N/A, 29.83, 0|3, 43, N/A, 27.60, 0|4, 43, N/A, 28.34, 0|5, 44, N/A, 27.37, 0|6, 41, N/A, 28.81, 0|
10:31:02 0, 69, N/A, 162.25, 100|1, 66, N/A, 63.58, 100|2, 40, N/A, 29.85, 0|3, 42, N/A, 27.84, 0|4, 43, N/A, 28.09, 0|5, 44, N/A, 27.61, 0|6, 41, N/A, 28.57, 0|
10:31:04 0, 65, N/A, 46.08, 0|1, 66, N/A, 200.21, 100|2, 40, N/A, 29.83, 0|3, 42, N/A, 27.60, 0|4, 43, N/A, 28.09, 0|5, 44, N/A, 27.61, 0|6, 41, N/A, 28.81, 0|
10:31:06 0, 69, N/A, 184.40, 100|1, 64, N/A, 52.73, 0|2, 40, N/A, 29.83, 0|3, 42, N/A, 27.84, 0|4, 43, N/A, 28.34, 0|5, 44, N/A, 27.37, 0|6, 41, N/A, 28.81, 0|
10:31:08 0, 67, N/A, 178.49, 86|1, 66, N/A, 197.11, 100|2, 40, N/A, 29.83, 0|3, 42, N/A, 27.84, 0|4, 43, N/A, 28.34, 0|5, 44, N/A, 27.37, 0|6, 41, N/A, 28.81, 0|
10:31:10 0, 69, N/A, 145.32, 100|1, 63, N/A, 51.75, 0|2, 40, N/A, 29.83, 0|3, 42, N/A, 27.60, 0|4, 43, N/A, 28.34, 0|5, 44, N/A, 27.37, 0|6, 41, N/A, 28.81, 0|
10:31:12 0, 68, N/A, 157.59, 100|1, 66, N/A, 170.15, 100|2, 40, N/A, 29.81, 0|3, 42, N/A, 27.84, 0|4, 43, N/A, 28.34, 0|5, 44, N/A, 27.61, 0|6, 41, N/A, 28.81, 0|
10:31:14 0, 69, N/A, 151.22, 100|1, 63, N/A, 51.28, 0|2, 40, N/A, 29.85, 0|3, 42, N/A, 27.60, 0|4, 43, N/A, 28.34, 0|5, 44, N/A, 27.37, 0|6, 41, N/A, 28.57, 0|
10:31:16 0, 69, N/A, 170.01, 100|1, 66, N/A, 173.43, 100|2, 40, N/A, 29.83, 0|3, 42, N/A, 27.84, 0|4, 43, N/A, 28.34, 0|5, 44, N/A, 27.37, 0|6, 41, N/A, 28.81, 0|
10:31:18 0, 70, N/A, 184.40, 100|1, 63, N/A, 51.01, 0|2, 40, N/A, 29.85, 0|3, 42, N/A, 27.84, 0|4, 43, N/A, 28.35, 0|5, 44, N/A, 27.37, 0|6, 41, N/A, 28.57, 0|
10:31:20 0, 68, N/A, 179.96, 100|1, 66, N/A, 198.24, 100|2, 40, N/A, 29.81, 0|3, 42, N/A, 27.60, 0|4, 42, N/A, 28.34, 0|5, 44, N/A, 27.61, 0|6, 41, N/A, 28.81, 0|
10:31:22 0, 68, N/A, 48.54, 100|1, 63, N/A, 190.01, 2|2, 40, N/A, 29.83, 0|3, 42, N/A, 27.84, 0|4, 43, N/A, 28.35, 0|5, 44, N/A, 27.63, 0|6, 41, N/A, 28.81, 0|
10:31:25 0, 69, N/A, 152.68, 100|1, 66, N/A, 170.97, 100|2, 40, N/A, 29.83, 0|3, 42, N/A, 27.60, 0|4, 43, N/A, 28.34, 0|5, 44, N/A, 27.61, 0|6, 41, N/A, 28.81, 0|
10:31:27 0, 67, N/A, 47.31, 0|1, 64, N/A, 164.35, 100|2, 40, N/A, 29.82, 0|3, 42, N/A, 27.84, 0|4, 43, N/A, 28.34, 0|5, 44, N/A, 27.37, 0|6, 41, N/A, 28.81, 0|
10:31:29 0, 69, N/A, 184.13, 100|1, 67, N/A, 197.35, 100|2, 40, N/A, 29.81, 0|3, 42, N/A, 27.59, 0|4, 43, N/A, 28.34, 0|5, 44, N/A, 27.37, 0|6, 41, N/A, 28.56, 0|
10:31:31 0, 66, N/A, 46.82, 0|1, 65, N/A, 192.97, 100|2, 40, N/A, 29.83, 0|3, 42, N/A, 27.35, 0|4, 43, N/A, 28.09, 0|5, 44, N/A, 27.37, 0|6, 41, N/A, 28.81, 0|
10:31:33 0, 69, N/A, 188.19, 100|1, 66, N/A, 190.99, 100|2, 40, N/A, 29.81, 0|3, 42, N/A, 27.60, 0|4, 43, N/A, 28.34, 0|5, 44, N/A, 27.37, 0|6, 41, N/A, 28.81, 0|
10:31:35 0, 66, N/A, 46.32, 0|1, 65, N/A, 196.52, 100|2, 40, N/A, 29.82, 0|3, 42, N/A, 27.60, 0|4, 43, N/A, 28.09, 0|5, 44, N/A, 27.37, 0|6, 41, N/A, 28.81, 0|
10:31:37 0, 69, N/A, 183.88, 100|1, 67, N/A, 181.66, 100|2, 40, N/A, 29.81, 0|3, 42, N/A, 27.60, 0|4, 43, N/A, 28.34, 0|5, 44, N/A, 27.37, 0|6, 41, N/A, 28.56, 0|
10:31:39 0, 66, N/A, 46.32, 0|1, 65, N/A, 188.30, 100|2, 40, N/A, 29.82, 0|3, 43, N/A, 27.35, 0|4, 43, N/A, 28.34, 0|5, 44, N/A, 27.61, 0|6, 41, N/A, 28.57, 0|
10:31:41 0, 69, N/A, 152.44, 100|1, 65, N/A, 53.97, 35|2, 40, N/A, 29.83, 0|3, 42, N/A, 27.60, 0|4, 43, N/A, 28.34, 0|5, 44, N/A, 27.61, 0|6, 41, N/A, 28.57, 0|
10:31:43 0, 66, N/A, 46.08, 0|1, 66, N/A, 202.40, 100|2, 40, N/A, 29.83, 0|3, 42, N/A, 27.35, 0|4, 43, N/A, 28.34, 0|5, 44, N/A, 27.37, 0|6, 41, N/A, 28.81, 0|
10:31:45 0, 69, N/A, 181.80, 100|1, 65, N/A, 53.23, 0|2, 40, N/A, 29.83, 0|3, 42, N/A, 27.60, 0|4, 43, N/A, 28.34, 0|5, 44, N/A, 27.37, 0|6, 41, N/A, 28.57, 0|
10:31:48 0, 66, N/A, 173.83, 0|1, 66, N/A, 160.67, 100|2, 40, N/A, 29.83, 0|3, 42, N/A, 27.60, 0|4, 43, N/A, 28.34, 0|5, 44, N/A, 27.37, 0|6, 41, N/A, 28.81, 0|
10:31:50 0, 69, N/A, 154.64, 100|1, 64, N/A, 52.48, 0|2, 40, N/A, 29.59, 0|3, 42, N/A, 27.60, 0|4, 43, N/A, 28.34, 0|5, 44, N/A, 27.37, 0|6, 41, N/A, 28.81, 0|
10:31:52 0, 67, N/A, 180.45, 62|1, 66, N/A, 198.48, 100|2, 40, N/A, 30.06, 0|3, 42, N/A, 27.60, 0|4, 43, N/A, 28.34, 0|5, 44, N/A, 27.61, 0|6, 41, N/A, 28.81, 0|
10:31:54 0, 69, N/A, 149.32, 100|1, 64, N/A, 51.99, 0|2, 40, N/A, 29.59, 0|3, 42, N/A, 27.60, 0|4, 43, N/A, 28.35, 0|5, 44, N/A, 27.61, 0|6, 41, N/A, 28.57, 0|
10:31:56 0, 68, N/A, 197.75, 100|1, 66, N/A, 167.54, 100|2, 40, N/A, 29.81, 0|3, 42, N/A, 27.60, 0|4, 43, N/A, 28.34, 0|5, 44, N/A, 27.37, 0|6, 41, N/A, 28.81, 0|
10:31:58 0, 69, N/A, 182.20, 100|1, 63, N/A, 51.75, 0|2, 40, N/A, 29.59, 0|3, 42, N/A, 27.60, 0|4, 43, N/A, 28.34, 0|5, 44, N/A, 27.37, 0|6, 41, N/A, 28.57, 0|
10:32:00 0, 68, N/A, 157.09, 100|1, 66, N/A, 175.39, 100|2, 40, N/A, 29.83, 0|3, 42, N/A, 27.35, 0|4, 43, N/A, 28.34, 0|5, 44, N/A, 27.61, 0|6, 41, N/A, 28.81, 0|
10:32:02 0, 70, N/A, 176.15, 100|1, 63, N/A, 51.53, 0|2, 40, N/A, 29.85, 0|3, 42, N/A, 27.60, 0|4, 43, N/A, 28.34, 0|5, 44, N/A, 27.61, 0|6, 41, N/A, 28.57, 0|
10:32:04 0, 68, N/A, 179.96, 100|1, 66, N/A, 185.11, 100|2, 40, N/A, 29.83, 0|3, 42, N/A, 27.35, 0|4, 43, N/A, 28.34, 0|5, 44, N/A, 27.37, 0|6, 41, N/A, 28.81, 0|
10:32:06 0, 70, N/A, 192.63, 100|1, 63, N/A, 51.50, 0|2, 40, N/A, 29.83, 0|3, 42, N/A, 27.60, 0|4, 43, N/A, 28.34, 0|5, 44, N/A, 27.61, 0|6, 41, N/A, 28.81, 0|
10:32:08 0, 68, N/A, 181.68, 100|1, 67, N/A, 198.97, 100|2, 40, N/A, 29.81, 0|3, 42, N/A, 27.60, 0|4, 43, N/A, 28.34, 0|5, 44, N/A, 27.37, 0|6, 41, N/A, 28.81, 0|
10:32:11 0, 69, N/A, 181.69, 100|1, 63, N/A, 51.26, 0|2, 40, N/A, 29.83, 0|3, 42, N/A, 27.60, 0|4, 43, N/A, 28.34, 0|5, 44, N/A, 27.37, 0|6, 41, N/A, 28.57, 0|
10:32:13 0, 69, N/A, 183.88, 100|1, 67, N/A, 180.70, 100|2, 40, N/A, 29.81, 0|3, 42, N/A, 27.35, 0|4, 43, N/A, 28.34, 0|5, 44, N/A, 27.61, 0|6, 41, N/A, 28.56, 0|
10:32:15 0, 69, N/A, 183.65, 100|1, 63, N/A, 51.28, 0|2, 40, N/A, 29.60, 0|3, 42, N/A, 27.60, 0|4, 43, N/A, 28.35, 0|5, 44, N/A, 27.37, 0|6, 41, N/A, 28.57, 0|
10:32:17 0, 68, N/A, 153.17, 100|1, 66, N/A, 166.07, 100|2, 40, N/A, 29.83, 0|3, 42, N/A, 27.35, 0|4, 43, N/A, 28.34, 0|5, 44, N/A, 27.37, 0|6, 41, N/A, 28.81, 0|
10:32:19 0, 66, N/A, 158.09, 69|1, 65, N/A, 53.23, 0|2, 40, N/A, 29.83, 0|3, 42, N/A, 27.60, 0|4, 43, N/A, 28.34, 0|5, 44, N/A, 27.37, 0|6, 41, N/A, 28.57, 0|
10:32:21 0, 69, N/A, 161.77, 100|1, 62, N/A, 50.02, 0|2, 40, N/A, 29.83, 0|3, 42, N/A, 27.60, 0|4, 43, N/A, 28.34, 0|5, 44, N/A, 27.61, 0|6, 41, N/A, 28.57, 0|
10:32:23 0, 65, N/A, 45.58, 0|1, 65, N/A, 190.52, 100|2, 40, N/A, 29.81, 0|3, 42, N/A, 27.60, 0|4, 43, N/A, 28.34, 0|5, 44, N/A, 27.61, 0|6, 41, N/A, 28.57, 0|
10:32:25 0, 65, N/A, 54.70, 33|1, 65, N/A, 187.07, 57|2, 40, N/A, 29.83, 0|3, 42, N/A, 27.60, 0|4, 43, N/A, 28.34, 0|5, 44, N/A, 27.37, 0|6, 41, N/A, 28.57, 0|
10:32:27 0, 65, N/A, 85.12, 43|1, 64, N/A, 126.63, 45|2, 40, N/A, 29.83, 0|3, 42, N/A, 27.60, 0|4, 43, N/A, 28.34, 0|5, 44, N/A, 27.37, 0|6, 41, N/A, 28.57, 0|
10:32:29 0, 65, N/A, 155.23, 53|1, 64, N/A, 68.50, 40|2, 39, N/A, 29.85, 0|3, 42, N/A, 27.86, 0|4, 43, N/A, 28.35, 0|5, 44, N/A, 27.63, 0|6, 41, N/A, 28.58, 0|
10:32:31 0, 66, N/A, 180.82, 50|1, 63, N/A, 54.46, 66|2, 40, N/A, 29.83, 0|3, 42, N/A, 27.35, 0|4, 43, N/A, 28.34, 0|5, 44, N/A, 27.61, 0|6, 41, N/A, 28.57, 0|
10:32:34 0, 65, N/A, 66.98, 45|1, 64, N/A, 176.63, 67|2, 40, N/A, 29.83, 0|3, 42, N/A, 27.35, 0|4, 43, N/A, 28.34, 0|5, 44, N/A, 27.61, 0|6, 41, N/A, 28.81, 0|
10:32:36 0, 65, N/A, 49.28, 49|1, 64, N/A, 193.58, 65|2, 40, N/A, 29.83, 0|3, 42, N/A, 27.60, 0|4, 43, N/A, 28.34, 0|5, 44, N/A, 27.37, 0|6, 41, N/A, 28.57, 0|
10:32:38 0, 65, N/A, 147.84, 44|1, 64, N/A, 78.56, 41|2, 40, N/A, 29.83, 0|3, 42, N/A, 27.35, 0|4, 43, N/A, 28.09, 0|5, 44, N/A, 27.61, 0|6, 41, N/A, 28.57, 0|
10:32:40 0, 65, N/A, 179.08, 40|1, 63, N/A, 55.44, 45|2, 40, N/A, 29.83, 0|3, 42, N/A, 27.60, 0|4, 43, N/A, 28.34, 0|5, 44, N/A, 27.12, 0|6, 41, N/A, 28.57, 0|
10:32:42 0, 65, N/A, 99.39, 55|1, 63, N/A, 151.22, 61|2, 40, N/A, 29.83, 0|3, 42, N/A, 27.60, 0|4, 43, N/A, 28.34, 0|5, 44, N/A, 27.37, 0|6, 41, N/A, 28.57, 0|
10:32:44 0, 64, N/A, 50.51, 59|1, 64, N/A, 188.30, 61|2, 40, N/A, 29.83, 0|3, 42, N/A, 27.84, 0|4, 43, N/A, 28.34, 0|5, 44, N/A, 27.37, 0|6, 41, N/A, 28.81, 0|
10:32:46 0, 64, N/A, 147.77, 34|1, 63, N/A, 79.01, 42|2, 40, N/A, 29.83, 0|3, 42, N/A, 27.60, 0|4, 43, N/A, 28.34, 0|5, 44, N/A, 27.37, 0|6, 41, N/A, 28.57, 0|
10:32:48 0, 64, N/A, 176.63, 32|1, 63, N/A, 56.43, 46|2, 40, N/A, 29.83, 0|3, 42, N/A, 27.60, 0|4, 43, N/A, 28.34, 0|5, 44, N/A, 27.61, 0|6, 41, N/A, 28.81, 0|
10:32:50 0, 65, N/A, 110.89, 62|1, 63, N/A, 141.55, 57|2, 40, N/A, 29.59, 0|3, 42, N/A, 27.35, 0|4, 43, N/A, 28.35, 0|5, 44, N/A, 27.37, 0|6, 41, N/A, 28.57, 0|
10:32:52 0, 64, N/A, 54.42, 61|1, 63, N/A, 185.22, 54|2, 40, N/A, 29.83, 0|3, 42, N/A, 27.35, 0|4, 43, N/A, 28.34, 0|5, 44, N/A, 27.37, 0|6, 41, N/A, 28.81, 0|
10:32:54 0, 64, N/A, 47.56, 32|1, 63, N/A, 157.43, 55|2, 40, N/A, 29.83, 0|3, 42, N/A, 27.60, 0|4, 43, N/A, 28.34, 0|5, 44, N/A, 27.37, 0|6, 41, N/A, 28.57, 0|
10:32:57 0, 64, N/A, 148.99, 37|1, 63, N/A, 75.60, 61|2, 40, N/A, 29.83, 0|3, 42, N/A, 27.35, 0|4, 43, N/A, 28.34, 0|5, 44, N/A, 27.61, 0|6, 41, N/A, 28.57, 0|
10:32:59 0, 64, N/A, 175.75, 54|1, 63, N/A, 56.43, 42|2, 40, N/A, 29.59, 0|3, 42, N/A, 27.60, 0|4, 43, N/A, 28.34, 0|5, 44, N/A, 27.37, 0|6, 41, N/A, 28.57, 0|
10:33:01 0, 64, N/A, 110.89, 49|1, 62, N/A, 140.32, 37|2, 40, N/A, 29.83, 0|3, 42, N/A, 27.35, 0|4, 43, N/A, 28.35, 0|5, 44, N/A, 27.37, 0|6, 41, N/A, 28.57, 0|
10:33:03 0, 64, N/A, 60.83, 46|1, 63, N/A, 180.05, 67|2, 40, N/A, 29.83, 0|3, 42, N/A, 27.60, 0|4, 43, N/A, 28.34, 0|5, 44, N/A, 27.37, 0|6, 41, N/A, 28.57, 0|
10:33:05 0, 64, N/A, 51.74, 51|1, 63, N/A, 150.96, 67|2, 40, N/A, 29.83, 0|3, 42, N/A, 27.35, 0|4, 43, N/A, 28.34, 0|5, 44, N/A, 27.61, 0|6, 41, N/A, 28.81, 0|
10:33:07 0, 63, N/A, 167.32, 41|1, 63, N/A, 62.06, 36|2, 40, N/A, 29.83, 0|3, 42, N/A, 27.60, 0|4, 43, N/A, 28.34, 0|5, 44, N/A, 27.37, 0|6, 41, N/A, 28.57, 0|
10:33:09 0, 64, N/A, 115.56, 35|1, 62, N/A, 134.34, 40|2, 40, N/A, 29.83, 0|3, 42, N/A, 27.60, 0|4, 43, N/A, 28.09, 0|5, 44, N/A, 27.37, 0|6, 41, N/A, 28.57, 0|
10:33:11 0, 64, N/A, 64.27, 61|1, 62, N/A, 178.10, 63|2, 40, N/A, 29.83, 0|3, 42, N/A, 27.60, 0|4, 43, N/A, 28.11, 0|5, 44, N/A, 27.37, 0|6, 41, N/A, 28.81, 0|
10:33:13 0, 64, N/A, 49.77, 62|1, 62, N/A, 189.03, 57|2, 40, N/A, 29.83, 0|3, 42, N/A, 27.60, 0|4, 43, N/A, 28.34, 0|5, 44, N/A, 27.37, 0|6, 41, N/A, 28.81, 0|
10:33:15 0, 63, N/A, 85.37, 32|1, 63, N/A, 117.77, 50|2, 40, N/A, 29.83, 0|3, 42, N/A, 27.35, 0|4, 43, N/A, 28.34, 0|5, 44, N/A, 27.37, 0|6, 41, N/A, 28.57, 0|
10:33:17 0, 63, N/A, 166.67, 33|1, 62, N/A, 61.11, 55|2, 40, N/A, 29.83, 0|3, 42, N/A, 27.60, 0|4, 43, N/A, 28.34, 0|5, 44, N/A, 27.37, 0|6, 41, N/A, 28.57, 0|
10:33:20 0, 64, N/A, 149.57, 58|1, 62, N/A, 107.19, 47|2, 40, N/A, 29.83, 0|3, 42, N/A, 27.35, 0|4, 43, N/A, 28.35, 0|5, 44, N/A, 27.61, 0|6, 41, N/A, 28.83, 0|
10:33:22 0, 63, N/A, 64.53, 52|1, 62, N/A, 175.89, 41|2, 40, N/A, 29.83, 0|3, 42, N/A, 27.60, 0|4, 43, N/A, 28.35, 0|5, 44, N/A, 27.37, 0|6, 41, N/A, 28.58, 0|
10:33:24 0, 63, N/A, 51.01, 46|1, 62, N/A, 186.69, 67|2, 40, N/A, 29.83, 0|3, 42, N/A, 27.35, 0|4, 43, N/A, 28.35, 0|5, 44, N/A, 27.37, 0|6, 41, N/A, 28.57, 0|
10:33:26 0, 63, N/A, 64.74, 52|1, 62, N/A, 143.51, 66|2, 40, N/A, 29.83, 0|3, 42, N/A, 27.60, 0|4, 43, N/A, 28.34, 0|5, 44, N/A, 27.37, 0|6, 41, N/A, 28.57, 0|
10:33:28 0, 63, N/A, 163.72, 40|1, 62, N/A, 63.30, 36|2, 40, N/A, 29.83, 0|3, 42, N/A, 27.60, 0|4, 43, N/A, 28.34, 0|5, 44, N/A, 27.37, 0|6, 41, N/A, 28.57, 0|
10:33:30 0, 63, N/A, 177.63, 35|1, 62, N/A, 54.46, 67|2, 40, N/A, 29.83, 0|3, 42, N/A, 27.60, 0|4, 43, N/A, 28.34, 0|5, 44, N/A, 27.37, 0|6, 41, N/A, 28.81, 0|
10:33:32 0, 64, N/A, 95.46, 61|1, 62, N/A, 152.52, 65|2, 40, N/A, 29.83, 0|3, 42, N/A, 27.60, 0|4, 43, N/A, 28.35, 0|5, 44, N/A, 27.37, 0|6, 41, N/A, 28.81, 0|
10:33:34 0, 63, N/A, 56.89, 62|1, 62, N/A, 182.90, 44|2, 40, N/A, 29.83, 0|3, 42, N/A, 27.35, 0|4, 43, N/A, 28.35, 0|5, 44, N/A, 27.37, 0|6, 41, N/A, 28.57, 0|
10:33:36 0, 63, N/A, 47.80, 32|1, 62, N/A, 192.60, 49|2, 40, N/A, 29.83, 0|3, 42, N/A, 27.60, 0|4, 43, N/A, 28.34, 0|5, 44, N/A, 27.12, 0|6, 41, N/A, 28.81, 0|
10:33:38 0, 62, N/A, 148.50, 32|1, 62, N/A, 75.32, 54|2, 40, N/A, 29.83, 0|3, 42, N/A, 27.35, 0|4, 43, N/A, 28.34, 0|5, 44, N/A, 27.37, 0|6, 41, N/A, 28.57, 0|
10:33:40 0, 63, N/A, 171.98, 59|1, 62, N/A, 57.17, 49|2, 40, N/A, 29.83, 0|3, 42, N/A, 27.60, 0|4, 43, N/A, 28.34, 0|5, 44, N/A, 27.37, 0|6, 41, N/A, 28.81, 0|
10:33:42 0, 63, N/A, 147.85, 54|1, 62, N/A, 107.19, 57|2, 40, N/A, 29.83, 0|3, 42, N/A, 27.84, 0|4, 43, N/A, 28.35, 0|5, 44, N/A, 27.37, 0|6, 41, N/A, 28.57, 0|
10:33:45 0, 63, N/A, 65.76, 42|1, 62, N/A, 175.76, 63|2, 40, N/A, 29.83, 0|3, 42, N/A, 27.60, 0|4, 43, N/A, 28.35, 0|5, 44, N/A, 27.37, 0|6, 41, N/A, 28.57, 0|
10:33:47 0, 63, N/A, 48.79, 48|1, 62, N/A, 189.77, 39|2, 40, N/A, 29.83, 0|3, 42, N/A, 27.60, 0|4, 43, N/A, 28.35, 0|5, 44, N/A, 27.37, 0|6, 41, N/A, 28.57, 0|
10:33:49 0, 62, N/A, 87.33, 44|1, 62, N/A, 123.61, 37|2, 40, N/A, 29.83, 0|3, 42, N/A, 27.35, 0|4, 43, N/A, 28.09, 0|5, 44, N/A, 27.61, 0|6, 41, N/A, 28.57, 0|
10:33:51 0, 62, N/A, 154.64, 38|1, 62, N/A, 66.74, 66|2, 40, N/A, 29.59, 0|3, 42, N/A, 27.84, 0|4, 43, N/A, 28.34, 0|5, 44, N/A, 27.37, 0|6, 41, N/A, 28.57, 0|
10:33:53 0, 62, N/A, 170.27, 61|1, 62, N/A, 58.15, 66|2, 40, N/A, 29.83, 0|3, 42, N/A, 27.35, 0|4, 43, N/A, 28.34, 0|5, 44, N/A, 27.61, 0|6, 41, N/A, 28.57, 0|
10:33:55 0, 63, N/A, 177.87, 32|1, 61, N/A, 53.47, 42|2, 40, N/A, 29.83, 0|3, 42, N/A, 27.35, 0|4, 43, N/A, 28.35, 0|5, 44, N/A, 27.61, 0|6, 41, N/A, 28.81, 0|
10:33:57 0, 63, N/A, 106.28, 33|1, 62, N/A, 144.00, 49|2, 40, N/A, 29.83, 0|3, 42, N/A, 27.60, 0|4, 43, N/A, 28.35, 0|5, 44, N/A, 27.37, 0|6, 41, N/A, 28.57, 0|
10:33:59 0, 63, N/A, 59.10, 60|1, 61, N/A, 182.18, 52|2, 40, N/A, 29.83, 0|3, 42, N/A, 27.35, 0|4, 43, N/A, 28.35, 0|5, 44, N/A, 27.37, 0|6, 41, N/A, 28.81, 0|
10:34:01 0, 63, N/A, 48.29, 54|1, 62, N/A, 192.22, 45|2, 40, N/A, 29.83, 0|3, 42, N/A, 27.35, 0|4, 43, N/A, 28.34, 0|5, 44, N/A, 27.37, 0|6, 41, N/A, 28.81, 0|
10:34:03 0, 62, N/A, 132.37, 43|1, 62, N/A, 88.61, 62|2, 40, N/A, 29.83, 0|3, 42, N/A, 27.60, 0|4, 43, N/A, 28.34, 0|5, 44, N/A, 27.37, 0|6, 41, N/A, 28.57, 0|
10:34:05 0, 62, N/A, 165.85, 50|1, 62, N/A, 60.09, 67|2, 40, N/A, 29.83, 0|3, 43, N/A, 27.35, 0|4, 43, N/A, 28.34, 0|5, 44, N/A, 27.12, 0|6, 41, N/A, 28.57, 0|
10:34:07 0, 63, N/A, 177.63, 40|1, 61, N/A, 93.23, 39|2, 40, N/A, 29.83, 0|3, 42, N/A, 27.35, 0|4, 43, N/A, 28.34, 0|5, 44, N/A, 27.61, 0|6, 41, N/A, 28.81, 0|
10:34:10 0, 63, N/A, 80.73, 32|1, 61, N/A, 163.00, 46|2, 40, N/A, 29.83, 0|3, 42, N/A, 27.60, 0|4, 43, N/A, 28.11, 0|5, 44, N/A, 27.37, 0|6, 41, N/A, 28.81, 0|
10:34:12 0, 62, N/A, 54.95, 63|1, 62, N/A, 186.46, 59|2, 40, N/A, 29.59, 0|3, 42, N/A, 27.60, 0|4, 43, N/A, 28.35, 0|5, 44, N/A, 27.37, 0|6, 41, N/A, 28.83, 0|
10:34:14 0, 62, N/A, 46.82, 56|1, 62, N/A, 128.28, 56|2, 40, N/A, 29.83, 0|3, 42, N/A, 27.84, 0|4, 43, N/A, 28.34, 0|5, 44, N/A, 27.37, 0|6, 41, N/A, 28.81, 0|
10:34:16 0, 62, N/A, 162.17, 41|1, 62, N/A, 62.59, 51|2, 40, N/A, 29.83, 0|3, 42, N/A, 27.60, 0|4, 43, N/A, 28.34, 0|5, 44, N/A, 27.37, 0|6, 41, N/A, 28.57, 0|
10:34:18 0, 63, N/A, 176.89, 47|1, 61, N/A, 53.47, 58|2, 40, N/A, 29.83, 0|3, 42, N/A, 27.60, 0|4, 43, N/A, 28.09, 0|5, 44, N/A, 27.61, 0|6, 41, N/A, 28.57, 0|
10:34:20 0, 61, N/A, 43.37, 0|1, 60, N/A, 49.28, 0|2, 40, N/A, 29.83, 0|3, 43, N/A, 27.60, 0|4, 43, N/A, 28.35, 0|5, 44, N/A, 27.37, 0|6, 41, N/A, 28.58, 0|
10:34:22 0, 65, N/A, 171.40, 100|1, 58, N/A, 46.82, 0|2, 40, N/A, 29.83, 0|3, 42, N/A, 27.35, 0|4, 43, N/A, 28.34, 0|5, 44, N/A, 27.61, 0|6, 41, N/A, 28.81, 0|
10:34:24 0, 61, N/A, 43.86, 0|1, 61, N/A, 189.29, 100|2, 40, N/A, 29.82, 0|3, 42, N/A, 27.35, 0|4, 43, N/A, 28.09, 0|5, 44, N/A, 27.61, 0|6, 41, N/A, 28.81, 0|
10:34:26 0, 65, N/A, 184.64, 100|1, 62, N/A, 51.26, 100|2, 40, N/A, 29.83, 0|3, 42, N/A, 27.35, 0|4, 43, N/A, 28.34, 0|5, 44, N/A, 27.61, 0|6, 41, N/A, 28.81, 0|
10:34:28 0, 62, N/A, 44.11, 0|1, 62, N/A, 193.71, 100|2, 40, N/A, 29.83, 0|3, 42, N/A, 27.60, 0|4, 43, N/A, 28.35, 0|5, 44, N/A, 27.63, 0|6, 41, N/A, 28.83, 0|
10:34:31 0, 65, N/A, 150.23, 100|1, 62, N/A, 52.24, 88|2, 40, N/A, 29.83, 0|3, 43, N/A, 27.60, 0|4, 43, N/A, 28.34, 0|5, 44, N/A, 27.37, 0|6, 41, N/A, 28.57, 0|
10:34:33 0, 62, N/A, 44.35, 0|1, 63, N/A, 194.69, 100|2, 40, N/A, 29.83, 0|3, 42, N/A, 27.35, 0|4, 43, N/A, 28.34, 0|5, 44, N/A, 27.37, 0|6, 41, N/A, 28.81, 0|
10:34:35 0, 66, N/A, 151.44, 100|1, 62, N/A, 51.99, 74|2, 40, N/A, 29.83, 0|3, 42, N/A, 27.35, 0|4, 43, N/A, 28.34, 0|5, 44, N/A, 27.61, 0|6, 41, N/A, 28.81, 0|
10:34:37 0, 62, N/A, 43.61, 0|1, 63, N/A, 195.31, 100|2, 40, N/A, 29.81, 0|3, 42, N/A, 27.60, 0|4, 43, N/A, 28.09, 0|5, 44, N/A, 27.61, 0|6, 41, N/A, 28.81, 0|
10:34:39 0, 66, N/A, 154.88, 100|1, 62, N/A, 52.24, 69|2, 40, N/A, 29.83, 0|3, 42, N/A, 27.60, 0|4, 43, N/A, 28.34, 0|5, 44, N/A, 27.61, 0|6, 41, N/A, 28.81, 0|
10:34:41 0, 62, N/A, 44.35, 0|1, 63, N/A, 195.91, 100|2, 40, N/A, 29.82, 0|3, 42, N/A, 27.35, 0|4, 43, N/A, 28.09, 0|5, 44, N/A, 27.37, 0|6, 41, N/A, 28.81, 0|
10:34:43 0, 66, N/A, 170.99, 100|1, 63, N/A, 52.73, 82|2, 40, N/A, 29.83, 0|3, 42, N/A, 27.60, 0|4, 43, N/A, 28.34, 0|5, 44, N/A, 27.37, 0|6, 41, N/A, 28.81, 0|
10:34:45 0, 63, N/A, 44.60, 0|1, 63, N/A, 194.93, 100|2, 40, N/A, 29.83, 0|3, 42, N/A, 27.35, 0|4, 43, N/A, 28.34, 0|5, 44, N/A, 27.37, 0|6, 41, N/A, 28.81, 0|
10:34:47 0, 66, N/A, 161.02, 100|1, 63, N/A, 54.46, 100|2, 40, N/A, 29.59, 0|3, 42, N/A, 27.60, 0|4, 43, N/A, 28.34, 0|5, 44, N/A, 27.37, 0|6, 41, N/A, 28.81, 0|
10:34:49 0, 63, N/A, 44.85, 0|1, 63, N/A, 190.52, 100|2, 40, N/A, 29.83, 0|3, 42, N/A, 27.60, 0|4, 43, N/A, 28.34, 0|5, 44, N/A, 27.37, 0|6, 41, N/A, 28.57, 0|
10:34:51 0, 67, N/A, 168.28, 100|1, 65, N/A, 122.11, 100|2, 40, N/A, 29.83, 0|3, 42, N/A, 27.60, 0|4, 43, N/A, 28.34, 0|5, 44, N/A, 27.37, 0|6, 41, N/A, 28.81, 0|
10:34:54 0, 63, N/A, 45.09, 0|1, 63, N/A, 204.26, 100|2, 40, N/A, 29.81, 0|3, 42, N/A, 27.60, 0|4, 43, N/A, 28.34, 0|5, 44, N/A, 27.37, 0|6, 41, N/A, 28.81, 0|
10:34:56 0, 67, N/A, 180.70, 100|1, 65, N/A, 184.36, 100|2, 40, N/A, 29.81, 0|3, 42, N/A, 27.60, 0|4, 43, N/A, 28.34, 0|5, 44, N/A, 27.37, 0|6, 41, N/A, 28.56, 0|
10:34:58 0, 64, N/A, 45.10, 0|1, 64, N/A, 173.44, 100|2, 40, N/A, 29.83, 0|3, 42, N/A, 27.60, 0|4, 43, N/A, 28.34, 0|5, 44, N/A, 27.61, 0|6, 41, N/A, 28.81, 0|
10:35:00 0, 67, N/A, 178.74, 100|1, 65, N/A, 197.11, 100|2, 40, N/A, 29.81, 0|3, 42, N/A, 27.60, 0|4, 43, N/A, 28.09, 0|5, 44, N/A, 27.37, 0|6, 41, N/A, 28.81, 0|
10:35:02 0, 64, N/A, 45.34, 0|1, 64, N/A, 158.57, 100|2, 40, N/A, 29.82, 0|3, 42, N/A, 27.60, 0|4, 43, N/A, 28.09, 0|5, 44, N/A, 27.37, 0|6, 41, N/A, 28.81, 0|
10:35:04 0, 67, N/A, 145.55, 100|1, 65, N/A, 195.54, 100|2, 40, N/A, 29.83, 0|3, 42, N/A, 27.60, 0|4, 43, N/A, 28.34, 0|5, 44, N/A, 27.37, 0|6, 41, N/A, 28.81, 0|
10:35:06 0, 64, N/A, 45.58, 0|1, 64, N/A, 195.07, 100|2, 40, N/A, 29.81, 0|3, 42, N/A, 27.60, 0|4, 43, N/A, 28.34, 0|5, 44, N/A, 27.37, 0|6, 41, N/A, 28.57, 0|
10:35:08 0, 67, N/A, 146.28, 100|1, 65, N/A, 169.50, 100|2, 40, N/A, 29.81, 0|3, 43, N/A, 27.60, 0|4, 43, N/A, 28.34, 0|5, 44, N/A, 27.61, 0|6, 41, N/A, 28.81, 0|
10:35:10 0, 65, N/A, 45.83, 0|1, 63, N/A, 155.62, 100|2, 40, N/A, 29.83, 0|3, 42, N/A, 27.60, 0|4, 43, N/A, 28.34, 0|5, 44, N/A, 27.37, 0|6, 41, N/A, 28.81, 0|
10:35:12 0, 67, N/A, 182.66, 100|1, 65, N/A, 197.01, 100|2, 40, N/A, 29.81, 0|3, 42, N/A, 27.60, 0|4, 43, N/A, 28.34, 0|5, 44, N/A, 27.37, 0|6, 41, N/A, 28.81, 0|
10:35:14 0, 65, N/A, 46.32, 0|1, 63, N/A, 173.46, 100|2, 40, N/A, 29.83, 0|3, 42, N/A, 27.60, 0|4, 43, N/A, 28.35, 0|5, 44, N/A, 27.61, 0|6, 41, N/A, 28.58, 0|
10:35:16 0, 67, N/A, 190.24, 100|1, 65, N/A, 185.43, 100|2, 40, N/A, 29.83, 0|3, 42, N/A, 27.60, 0|4, 43, N/A, 28.09, 0|5, 44, N/A, 27.61, 0|6, 41, N/A, 28.57, 0|
10:35:19 0, 66, N/A, 46.57, 39|1, 63, N/A, 194.69, 91|2, 40, N/A, 29.82, 0|3, 42, N/A, 27.35, 0|4, 43, N/A, 28.34, 0|5, 44, N/A, 27.37, 0|6, 41, N/A, 28.81, 0|
10:35:21 0, 67, N/A, 156.85, 100|1, 65, N/A, 153.15, 100|2, 40, N/A, 29.83, 0|3, 42, N/A, 27.84, 0|4, 43, N/A, 28.34, 0|5, 44, N/A, 27.37, 0|6, 41, N/A, 28.81, 0|
10:35:23 0, 67, N/A, 47.31, 100|1, 62, N/A, 165.69, 12|2, 40, N/A, 29.83, 0|3, 42, N/A, 27.61, 0|4, 43, N/A, 28.35, 0|5, 44, N/A, 27.37, 0|6, 41, N/A, 28.81, 0|
10:35:25 0, 67, N/A, 183.15, 100|1, 65, N/A, 197.26, 100|2, 40, N/A, 29.57, 0|3, 42, N/A, 27.60, 0|4, 43, N/A, 28.34, 0|5, 44, N/A, 27.61, 0|6, 41, N/A, 28.81, 0|
10:35:27 0, 68, N/A, 158.72, 100|1, 61, N/A, 50.02, 0|2, 40, N/A, 29.83, 0|3, 42, N/A, 27.60, 0|4, 43, N/A, 28.34, 0|5, 44, N/A, 27.37, 0|6, 41, N/A, 28.57, 0|
10:35:29 0, 67, N/A, 149.72, 100|1, 65, N/A, 207.53, 100|2, 40, N/A, 29.83, 0|3, 42, N/A, 27.60, 0|4, 43, N/A, 28.09, 0|5, 44, N/A, 27.61, 0|6, 41, N/A, 28.57, 0|
10:35:31 0, 68, N/A, 182.44, 100|1, 62, N/A, 50.27, 0|2, 40, N/A, 29.83, 0|3, 42, N/A, 27.60, 0|4, 43, N/A, 28.09, 0|5, 44, N/A, 27.37, 0|6, 41, N/A, 28.81, 0|
10:35:33 0, 67, N/A, 180.45, 100|1, 65, N/A, 187.06, 100|2, 40, N/A, 29.81, 0|3, 42, N/A, 27.59, 0|4, 43, N/A, 28.09, 0|5, 44, N/A, 27.61, 0|6, 41, N/A, 28.57, 0|
10:35:35 0, 68, N/A, 151.46, 100|1, 62, N/A, 50.76, 0|2, 40, N/A, 29.83, 0|3, 43, N/A, 27.35, 0|4, 43, N/A, 28.34, 0|5, 44, N/A, 27.61, 0|6, 41, N/A, 28.81, 0|
10:35:37 0, 67, N/A, 177.74, 100|1, 65, N/A, 175.03, 100|2, 40, N/A, 29.81, 0|3, 43, N/A, 27.60, 0|4, 43, N/A, 28.34, 0|5, 44, N/A, 27.61, 0|6, 41, N/A, 28.81, 0|
10:35:39 0, 68, N/A, 182.44, 100|1, 62, N/A, 51.01, 0|2, 40, N/A, 29.83, 0|3, 42, N/A, 27.35, 0|4, 43, N/A, 28.34, 0|5, 44, N/A, 27.37, 0|6, 41, N/A, 28.57, 0|
10:35:41 0, 67, N/A, 181.19, 100|1, 66, N/A, 206.45, 100|2, 40, N/A, 29.81, 0|3, 42, N/A, 27.60, 0|4, 43, N/A, 28.34, 0|5, 44, N/A, 27.37, 0|6, 41, N/A, 28.81, 0|
10:35:44 0, 68, N/A, 164.72, 100|1, 63, N/A, 51.75, 0|2, 40, N/A, 29.60, 0|3, 42, N/A, 27.60, 0|4, 43, N/A, 28.34, 0|5, 44, N/A, 27.37, 0|6, 41, N/A, 28.57, 0|
10:35:46 0, 66, N/A, 148.25, 57|1, 65, N/A, 200.30, 100|2, 40, N/A, 29.83, 0|3, 42, N/A, 27.60, 0|4, 43, N/A, 28.34, 0|5, 44, N/A, 27.37, 0|6, 41, N/A, 28.57, 0|
10:35:48 0, 68, N/A, 180.73, 100|1, 64, N/A, 52.49, 0|2, 40, N/A, 29.83, 0|3, 42, N/A, 27.35, 0|4, 43, N/A, 28.34, 0|5, 44, N/A, 27.61, 0|6, 41, N/A, 28.57, 0|
10:35:50 0, 65, N/A, 45.58, 0|1, 65, N/A, 196.05, 100|2, 40, N/A, 29.82, 0|3, 42, N/A, 27.60, 0|4, 43, N/A, 28.34, 0|5, 44, N/A, 27.61, 0|6, 41, N/A, 28.57, 0|
10:35:52 0, 69, N/A, 146.80, 100|1, 65, N/A, 56.43, 100|2, 40, N/A, 29.83, 0|3, 42, N/A, 27.60, 0|4, 43, N/A, 28.34, 0|5, 44, N/A, 27.37, 0|6, 41, N/A, 28.81, 0|
10:35:54 0, 65, N/A, 45.83, 0|1, 65, N/A, 194.92, 100|2, 40, N/A, 29.83, 0|3, 42, N/A, 27.60, 0|4, 43, N/A, 28.35, 0|5, 44, N/A, 27.37, 0|6, 41, N/A, 28.81, 0|
10:35:56 0, 68, N/A, 189.28, 100|1, 66, N/A, 192.21, 100|2, 40, N/A, 29.83, 0|3, 42, N/A, 27.59, 0|4, 43, N/A, 28.09, 0|5, 44, N/A, 27.37, 0|6, 41, N/A, 28.57, 0|
10:35:58 0, 65, N/A, 46.08, 0|1, 65, N/A, 195.31, 100|2, 40, N/A, 29.82, 0|3, 42, N/A, 27.60, 0|4, 43, N/A, 28.09, 0|5, 44, N/A, 27.37, 0|6, 41, N/A, 28.81, 0|
10:36:00 0, 68, N/A, 184.62, 100|1, 66, N/A, 197.35, 100|2, 40, N/A, 29.83, 0|3, 42, N/A, 27.35, 0|4, 43, N/A, 28.34, 0|5, 44, N/A, 27.61, 0|6, 41, N/A, 28.57, 0|
10:36:02 0, 66, N/A, 46.82, 0|1, 64, N/A, 158.08, 100|2, 40, N/A, 29.83, 0|3, 42, N/A, 27.60, 0|4, 42, N/A, 28.34, 0|5, 44, N/A, 27.37, 0|6, 41, N/A, 28.57, 0|
10:36:04 0, 68, N/A, 177.99, 100|1, 66, N/A, 169.65, 100|2, 40, N/A, 29.57, 0|3, 42, N/A, 27.35, 0|4, 42, N/A, 28.34, 0|5, 44, N/A, 27.61, 0|6, 41, N/A, 28.81, 0|
10:36:07 0, 68, N/A, 49.28, 100|1, 63, N/A, 153.66, 0|2, 40, N/A, 29.83, 0|3, 42, N/A, 27.35, 0|4, 43, N/A, 28.35, 0|5, 44, N/A, 27.37, 0|6, 41, N/A, 28.81, 0|
10:36:09 0, 68, N/A, 183.64, 100|1, 65, N/A, 190.89, 100|2, 40, N/A, 29.81, 0|3, 42, N/A, 27.60, 0|4, 43, N/A, 28.34, 0|5, 44, N/A, 27.61, 0|6, 41, N/A, 28.56, 0|
10:36:11 0, 69, N/A, 182.29, 100|1, 62, N/A, 50.76, 0|2, 40, N/A, 29.83, 0|3, 42, N/A, 27.60, 0|4, 43, N/A, 28.34, 0|5, 44, N/A, 27.61, 0|6, 41, N/A, 28.57, 0|
10:36:13 0, 68, N/A, 183.40, 100|1, 66, N/A, 198.73, 100|2, 40, N/A, 29.81, 0|3, 42, N/A, 27.59, 0|4, 43, N/A, 28.34, 0|5, 44, N/A, 27.37, 0|6, 41, N/A, 28.56, 0|
10:36:15 0, 69, N/A, 169.38, 100|1, 62, N/A, 51.26, 0|2, 40, N/A, 29.85, 0|3, 42, N/A, 27.60, 0|4, 43, N/A, 28.34, 0|5, 44, N/A, 27.37, 0|6, 41, N/A, 28.57, 0|
10:36:17 0, 67, N/A, 185.60, 100|1, 66, N/A, 173.67, 100|2, 40, N/A, 29.81, 0|3, 42, N/A, 27.35, 0|4, 42, N/A, 28.34, 0|5, 44, N/A, 27.37, 0|6, 41, N/A, 28.81, 0|
10:36:19 0, 69, N/A, 189.05, 100|1, 63, N/A, 51.75, 0|2, 40, N/A, 29.83, 0|3, 42, N/A, 27.35, 0|4, 43, N/A, 28.34, 0|5, 44, N/A, 27.37, 0|6, 41, N/A, 28.81, 0|
10:36:21 0, 66, N/A, 152.43, 8|1, 65, N/A, 157.73, 100|2, 40, N/A, 29.81, 0|3, 42, N/A, 27.60, 0|4, 43, N/A, 28.34, 0|5, 44, N/A, 27.61, 0|6, 41, N/A, 28.56, 0|
10:36:23 0, 68, N/A, 156.60, 100|1, 65, N/A, 53.23, 51|2, 40, N/A, 29.83, 0|3, 42, N/A, 27.35, 0|4, 43, N/A, 28.34, 0|5, 44, N/A, 27.37, 0|6, 41, N/A, 28.57, 0|
10:36:25 0, 65, N/A, 46.08, 0|1, 65, N/A, 189.54, 100|2, 40, N/A, 29.83, 0|3, 43, N/A, 27.60, 0|4, 43, N/A, 28.09, 0|5, 44, N/A, 27.37, 0|6, 41, N/A, 28.81, 0|
10:36:27 0, 68, N/A, 181.19, 100|1, 66, N/A, 198.24, 100|2, 40, N/A, 29.81, 0|3, 42, N/A, 27.60, 0|4, 42, N/A, 28.34, 0|5, 44, N/A, 27.37, 0|6, 41, N/A, 28.81, 0|
10:36:29 0, 65, N/A, 46.57, 0|1, 65, N/A, 197.27, 100|2, 40, N/A, 29.82, 0|3, 42, N/A, 27.35, 0|4, 43, N/A, 28.34, 0|5, 44, N/A, 27.12, 0|6, 41, N/A, 28.81, 0|
10:36:32 0, 69, N/A, 184.38, 100|1, 66, N/A, 198.73, 100|2, 40, N/A, 29.81, 0|3, 42, N/A, 27.60, 0|4, 43, N/A, 28.34, 0|5, 44, N/A, 27.37, 0|6, 41, N/A, 28.56, 0|
10:36:34 0, 67, N/A, 47.31, 0|1, 64, N/A, 195.80, 65|2, 40, N/A, 29.82, 0|3, 42, N/A, 27.35, 0|4, 43, N/A, 28.34, 0|5, 44, N/A, 27.37, 0|6, 41, N/A, 28.81, 0|
10:36:36 0, 69, N/A, 182.17, 100|1, 67, N/A, 171.46, 100|2, 40, N/A, 29.81, 0|3, 42, N/A, 27.35, 0|4, 43, N/A, 28.34, 0|5, 44, N/A, 27.37, 0|6, 41, N/A, 28.56, 0|
10:36:38 0, 70, N/A, 161.53, 100|1, 62, N/A, 50.76, 0|2, 40, N/A, 29.83, 0|3, 42, N/A, 27.60, 0|4, 43, N/A, 28.34, 0|5, 44, N/A, 27.37, 0|6, 41, N/A, 28.57, 0|
10:36:40 0, 68, N/A, 171.72, 100|1, 66, N/A, 158.80, 100|2, 40, N/A, 29.81, 0|3, 42, N/A, 27.35, 0|4, 43, N/A, 28.34, 0|5, 44, N/A, 27.61, 0|6, 41, N/A, 28.57, 0|
10:36:42 0, 69, N/A, 185.37, 100|1, 63, N/A, 51.26, 0|2, 40, N/A, 29.83, 0|3, 42, N/A, 27.60, 0|4, 43, N/A, 28.09, 0|5, 44, N/A, 27.37, 0|6, 41, N/A, 28.81, 0|
10:36:44 0, 68, N/A, 178.26, 100|1, 66, N/A, 168.03, 100|2, 40, N/A, 29.83, 0|3, 42, N/A, 27.35, 0|4, 43, N/A, 28.09, 0|5, 44, N/A, 27.37, 0|6, 41, N/A, 28.57, 0|
10:36:46 0, 69, N/A, 149.01, 100|1, 64, N/A, 52.24, 0|2, 40, N/A, 29.83, 0|3, 42, N/A, 27.60, 0|4, 43, N/A, 28.34, 0|5, 44, N/A, 27.37, 0|6, 41, N/A, 28.81, 0|
10:36:48 0, 65, N/A, 46.08, 0|1, 66, N/A, 205.98, 100|2, 40, N/A, 29.81, 0|3, 42, N/A, 27.35, 0|4, 42, N/A, 28.34, 0|5, 44, N/A, 27.61, 0|6, 41, N/A, 28.57, 0|
10:36:50 0, 69, N/A, 158.32, 100|1, 66, N/A, 55.19, 100|2, 40, N/A, 29.59, 0|3, 42, N/A, 27.35, 0|4, 43, N/A, 28.34, 0|5, 44, N/A, 27.37, 0|6, 41, N/A, 28.81, 0|
10:36:52 0, 65, N/A, 46.32, 0|1, 65, N/A, 162.74, 100|2, 40, N/A, 29.82, 0|3, 42, N/A, 27.60, 0|4, 42, N/A, 28.09, 0|5, 44, N/A, 27.37, 0|6, 41, N/A, 28.81, 0|
10:36:55 0, 69, N/A, 166.80, 100|1, 66, N/A, 191.39, 100|2, 40, N/A, 29.81, 0|3, 42, N/A, 27.35, 0|4, 43, N/A, 28.34, 0|5, 44, N/A, 27.61, 0|6, 41, N/A, 28.81, 0|
10:36:57 0, 66, N/A, 47.06, 0|1, 64, N/A, 161.27, 100|2, 40, N/A, 29.83, 0|3, 42, N/A, 27.35, 0|4, 43, N/A, 28.09, 0|5, 44, N/A, 27.37, 0|6, 41, N/A, 28.57, 0|
10:36:59 0, 68, N/A, 178.98, 100|1, 66, N/A, 169.99, 100|2, 40, N/A, 29.83, 0|3, 42, N/A, 27.60, 0|4, 43, N/A, 28.34, 0|5, 44, N/A, 27.37, 0|6, 41, N/A, 28.57, 0|
10:37:01 0, 69, N/A, 149.50, 100|1, 62, N/A, 50.76, 0|2, 40, N/A, 29.83, 0|3, 42, N/A, 27.35, 0|4, 43, N/A, 28.35, 0|5, 44, N/A, 27.61, 0|6, 41, N/A, 28.57, 0|
10:37:03 0, 68, N/A, 165.10, 100|1, 66, N/A, 163.37, 100|2, 40, N/A, 29.83, 0|3, 42, N/A, 27.59, 0|4, 43, N/A, 28.34, 0|5, 44, N/A, 27.37, 0|6, 41, N/A, 28.81, 0|
10:37:05 0, 69, N/A, 181.06, 100|1, 63, N/A, 51.26, 0|2, 40, N/A, 29.83, 0|3, 42, N/A, 27.60, 0|4, 43, N/A, 28.34, 0|5, 44, N/A, 27.37, 0|6, 41, N/A, 28.57, 0|
10:37:07 0, 68, N/A, 153.32, 100|1, 66, N/A, 190.75, 100|2, 40, N/A, 29.83, 0|3, 42, N/A, 27.60, 0|4, 43, N/A, 28.34, 0|5, 44, N/A, 27.37, 0|6, 41, N/A, 28.81, 0|
10:37:09 0, 69, N/A, 151.94, 100|1, 64, N/A, 52.24, 0|2, 40, N/A, 29.83, 0|3, 42, N/A, 27.35, 0|4, 43, N/A, 28.09, 0|5, 44, N/A, 27.37, 0|6, 41, N/A, 28.57, 0|
10:37:11 0, 65, N/A, 46.08, 0|1, 66, N/A, 162.25, 100|2, 40, N/A, 29.82, 0|3, 42, N/A, 27.60, 0|4, 43, N/A, 28.34, 0|5, 44, N/A, 27.37, 0|6, 41, N/A, 28.81, 0|
10:37:13 0, 69, N/A, 177.13, 100|1, 67, N/A, 80.73, 100|2, 40, N/A, 29.83, 0|3, 42, N/A, 27.35, 0|4, 42, N/A, 28.34, 0|5, 44, N/A, 27.37, 0|6, 41, N/A, 28.81, 0|
10:37:15 0, 66, N/A, 46.32, 0|1, 66, N/A, 197.27, 100|2, 40, N/A, 29.83, 0|3, 42, N/A, 27.60, 0|4, 43, N/A, 28.34, 0|5, 44, N/A, 27.37, 0|6, 41, N/A, 28.57, 0|
10:37:18 0, 69, N/A, 184.13, 100|1, 67, N/A, 174.57, 100|2, 40, N/A, 29.83, 0|3, 42, N/A, 27.60, 0|4, 43, N/A, 28.34, 0|5, 44, N/A, 27.37, 0|6, 41, N/A, 28.56, 0|
10:37:20 0, 67, N/A, 47.56, 0|1, 65, N/A, 195.91, 83|2, 40, N/A, 29.83, 0|3, 42, N/A, 27.60, 0|4, 43, N/A, 28.34, 0|5, 44, N/A, 27.61, 0|6, 41, N/A, 28.81, 0|
10:37:22 0, 69, N/A, 183.88, 100|1, 67, N/A, 198.97, 100|2, 40, N/A, 29.81, 0|3, 42, N/A, 27.35, 0|4, 43, N/A, 28.34, 0|5, 44, N/A, 27.37, 0|6, 41, N/A, 28.56, 0|
10:37:24 0, 70, N/A, 184.40, 100|1, 63, N/A, 51.01, 0|2, 40, N/A, 29.83, 0|3, 42, N/A, 27.35, 0|4, 43, N/A, 28.34, 0|5, 44, N/A, 27.37, 0|6, 41, N/A, 28.57, 0|
10:37:26 0, 68, N/A, 177.51, 100|1, 66, N/A, 198.97, 100|2, 40, N/A, 29.81, 0|3, 42, N/A, 27.60, 0|4, 43, N/A, 28.34, 0|5, 44, N/A, 27.37, 0|6, 41, N/A, 28.56, 0|
10:37:28 0, 69, N/A, 168.04, 100|1, 64, N/A, 51.99, 0|2, 40, N/A, 29.83, 0|3, 42, N/A, 27.60, 0|4, 43, N/A, 28.34, 0|5, 44, N/A, 27.37, 0|6, 41, N/A, 28.57, 0|
10:37:30 0, 67, N/A, 159.55, 33|1, 66, N/A, 173.67, 100|2, 40, N/A, 29.83, 0|3, 42, N/A, 27.60, 0|4, 43, N/A, 28.34, 0|5, 44, N/A, 27.12, 0|6, 41, N/A, 28.57, 0|
10:37:32 0, 69, N/A, 162.43, 100|1, 65, N/A, 53.72, 78|2, 40, N/A, 29.83, 0|3, 42, N/A, 27.35, 0|4, 43, N/A, 28.34, 0|5, 44, N/A, 27.37, 0|6, 41, N/A, 28.57, 0|
10:37:34 0, 66, N/A, 46.32, 0|1, 65, N/A, 170.97, 100|2, 40, N/A, 29.83, 0|3, 42, N/A, 27.35, 0|4, 43, N/A, 28.34, 0|5, 44, N/A, 27.37, 0|6, 41, N/A, 28.81, 0|
10:37:36 0, 69, N/A, 149.49, 100|1, 67, N/A, 168.28, 100|2, 40, N/A, 29.83, 0|3, 42, N/A, 27.35, 0|4, 43, N/A, 28.34, 0|5, 44, N/A, 27.37, 0|6, 41, N/A, 28.57, 0|
10:37:38 0, 67, N/A, 47.31, 0|1, 65, N/A, 199.97, 100|2, 40, N/A, 29.82, 0|3, 42, N/A, 27.35, 0|4, 43, N/A, 28.34, 0|5, 44, N/A, 27.37, 0|6, 41, N/A, 28.57, 0|
10:37:40 0, 69, N/A, 184.13, 100|1, 67, N/A, 197.50, 100|2, 40, N/A, 29.81, 0|3, 42, N/A, 27.35, 0|4, 43, N/A, 28.34, 0|5, 44, N/A, 27.61, 0|6, 41, N/A, 28.81, 0|
10:37:43 0, 70, N/A, 184.65, 100|1, 63, N/A, 51.01, 0|2, 40, N/A, 29.83, 0|3, 42, N/A, 27.35, 0|4, 43, N/A, 28.34, 0|5, 44, N/A, 27.37, 0|6, 41, N/A, 28.57, 0|
10:37:45 0, 68, N/A, 178.00, 100|1, 66, N/A, 198.73, 100|2, 40, N/A, 29.81, 0|3, 42, N/A, 27.35, 0|4, 43, N/A, 28.34, 0|5, 44, N/A, 27.61, 0|6, 41, N/A, 28.81, 0|
10:37:47 0, 69, N/A, 171.02, 100|1, 64, N/A, 51.99, 0|2, 40, N/A, 29.85, 0|3, 42, N/A, 27.60, 0|4, 43, N/A, 28.34, 0|5, 44, N/A, 27.37, 0|6, 41, N/A, 28.57, 0|
10:37:49 0, 66, N/A, 155.04, 53|1, 66, N/A, 163.12, 100|2, 40, N/A, 29.81, 0|3, 42, N/A, 27.35, 0|4, 43, N/A, 28.34, 0|5, 44, N/A, 27.37, 0|6, 41, N/A, 28.81, 0|
10:37:51 0, 69, N/A, 182.18, 100|1, 66, N/A, 55.20, 74|2, 40, N/A, 29.83, 0|3, 42, N/A, 27.35, 0|4, 43, N/A, 28.34, 0|5, 44, N/A, 27.61, 0|6, 41, N/A, 28.81, 0|
10:37:53 0, 66, N/A, 46.57, 0|1, 66, N/A, 164.38, 100|2, 40, N/A, 29.83, 0|3, 42, N/A, 27.60, 0|4, 43, N/A, 28.34, 0|5, 44, N/A, 27.37, 0|6, 41, N/A, 28.81, 0|
10:37:55 0, 69, N/A, 184.87, 100|1, 67, N/A, 197.01, 100|2, 40, N/A, 29.81, 0|3, 42, N/A, 27.35, 0|4, 43, N/A, 28.09, 0|5, 44, N/A, 27.37, 0|6, 41, N/A, 28.81, 0|
10:37:57 0, 68, N/A, 48.05, 72|1, 64, N/A, 195.18, 63|2, 40, N/A, 29.83, 0|3, 42, N/A, 27.35, 0|4, 43, N/A, 28.09, 0|5, 44, N/A, 27.61, 0|6, 41, N/A, 28.81, 0|
10:37:59 0, 68, N/A, 179.70, 100|1, 66, N/A, 193.22, 100|2, 40, N/A, 29.83, 0|3, 42, N/A, 27.35, 0|4, 43, N/A, 28.09, 0|5, 44, N/A, 27.37, 0|6, 41, N/A, 28.81, 0|
10:38:01 0, 70, N/A, 185.72, 100|1, 63, N/A, 51.26, 0|2, 40, N/A, 29.83, 0|3, 42, N/A, 27.60, 0|4, 43, N/A, 28.34, 0|5, 44, N/A, 27.37, 0|6, 41, N/A, 28.81, 0|
10:38:03 0, 68, N/A, 160.67, 100|1, 66, N/A, 203.12, 100|2, 40, N/A, 29.81, 0|3, 42, N/A, 27.60, 0|4, 43, N/A, 28.34, 0|5, 44, N/A, 27.61, 0|6, 41, N/A, 28.57, 0|
10:38:06 0, 70, N/A, 184.16, 100|1, 64, N/A, 52.73, 0|2, 40, N/A, 29.83, 0|3, 42, N/A, 27.60, 0|4, 43, N/A, 28.34, 0|5, 44, N/A, 27.37, 0|6, 41, N/A, 28.81, 0|
10:38:08 0, 66, N/A, 46.08, 0|1, 66, N/A, 198.97, 100|2, 40, N/A, 29.81, 0|3, 42, N/A, 27.35, 0|4, 43, N/A, 28.34, 0|5, 44, N/A, 27.37, 0|6, 41, N/A, 28.81, 0|
10:38:10 0, 69, N/A, 146.21, 100|1, 67, N/A, 197.01, 100|2, 40, N/A, 29.81, 0|3, 42, N/A, 27.60, 0|4, 43, N/A, 28.34, 0|5, 44, N/A, 27.37, 0|6, 41, N/A, 28.81, 0|
10:38:12 0, 67, N/A, 47.06, 0|1, 65, N/A, 159.55, 100|2, 40, N/A, 29.83, 0|3, 42, N/A, 27.35, 0|4, 42, N/A, 28.09, 0|5, 44, N/A, 27.61, 0|6, 41, N/A, 28.81, 0|
10:38:14 0, 69, N/A, 149.73, 100|1, 67, N/A, 186.83, 100|2, 40, N/A, 29.83, 0|3, 42, N/A, 27.60, 0|4, 43, N/A, 28.34, 0|5, 44, N/A, 27.37, 0|6, 41, N/A, 28.81, 0|
10:38:16 0, 70, N/A, 185.14, 100|1, 63, N/A, 51.04, 0|2, 40, N/A, 29.85, 0|3, 42, N/A, 27.60, 0|4, 43, N/A, 28.34, 0|5, 44, N/A, 27.37, 0|6, 41, N/A, 28.57, 0|
10:38:18 0, 68, N/A, 182.41, 100|1, 67, N/A, 198.97, 100|2, 40, N/A, 29.81, 0|3, 42, N/A, 27.60, 0|4, 43, N/A, 28.34, 0|5, 44, N/A, 27.61, 0|6, 41, N/A, 28.81, 0|
10:38:20 0, 69, N/A, 180.82, 100|1, 64, N/A, 52.24, 0|2, 40, N/A, 29.83, 0|3, 42, N/A, 27.35, 0|4, 43, N/A, 28.09, 0|5, 44, N/A, 27.37, 0|6, 41, N/A, 28.81, 0|
10:38:22 0, 65, N/A, 131.63, 0|1, 66, N/A, 160.67, 100|2, 40, N/A, 29.81, 0|3, 42, N/A, 27.59, 0|4, 43, N/A, 28.09, 0|5, 44, N/A, 27.37, 0|6, 41, N/A, 28.81, 0|
10:38:24 0, 70, N/A, 182.41, 100|1, 67, N/A, 184.60, 100|2, 40, N/A, 29.81, 0|3, 42, N/A, 27.35, 0|4, 43, N/A, 28.09, 0|5, 44, N/A, 27.61, 0|6, 41, N/A, 28.81, 0|
10:38:26 0, 66, N/A, 46.57, 0|1, 66, N/A, 197.76, 100|2, 40, N/A, 29.83, 0|3, 42, N/A, 27.60, 0|4, 43, N/A, 28.09, 0|5, 44, N/A, 27.37, 0|6, 41, N/A, 28.81, 0|
10:38:29 0, 69, N/A, 189.52, 100|1, 67, N/A, 190.24, 100|2, 40, N/A, 29.83, 0|3, 42, N/A, 27.35, 0|4, 43, N/A, 28.09, 0|5, 44, N/A, 27.37, 0|6, 41, N/A, 28.81, 0|
10:38:31 0, 70, N/A, 114.33, 100|1, 62, N/A, 100.62, 0|2, 40, N/A, 29.60, 0|3, 42, N/A, 27.35, 0|4, 43, N/A, 28.11, 0|5, 44, N/A, 27.39, 0|6, 41, N/A, 28.83, 0|
10:38:33 0, 69, N/A, 184.62, 100|1, 67, N/A, 198.71, 100|2, 40, N/A, 29.83, 0|3, 42, N/A, 27.60, 0|4, 43, N/A, 28.09, 0|5, 44, N/A, 27.37, 0|6, 41, N/A, 28.81, 0|
10:38:35 0, 70, N/A, 183.27, 100|1, 63, N/A, 51.75, 0|2, 40, N/A, 29.83, 0|3, 42, N/A, 27.35, 0|4, 43, N/A, 28.34, 0|5, 44, N/A, 27.37, 0|6, 41, N/A, 28.81, 0|
10:38:37 0, 67, N/A, 158.48, 25|1, 66, N/A, 199.69, 100|2, 40, N/A, 29.81, 0|3, 42, N/A, 27.60, 0|4, 43, N/A, 28.34, 0|5, 44, N/A, 27.37, 0|6, 41, N/A, 28.81, 0|
10:38:39 0, 70, N/A, 151.03, 100|1, 66, N/A, 55.44, 100|2, 40, N/A, 29.83, 0|3, 42, N/A, 27.60, 0|4, 43, N/A, 28.34, 0|5, 44, N/A, 27.61, 0|6, 41, N/A, 28.81, 0|
10:38:41 0, 66, N/A, 46.57, 0|1, 66, N/A, 198.25, 100|2, 40, N/A, 29.82, 0|3, 42, N/A, 27.35, 0|4, 43, N/A, 28.34, 0|5, 44, N/A, 27.61, 0|6, 41, N/A, 28.81, 0|
10:38:43 0, 69, N/A, 168.28, 100|1, 67, N/A, 199.22, 100|2, 40, N/A, 29.81, 0|3, 42, N/A, 27.60, 0|4, 43, N/A, 28.34, 0|5, 44, N/A, 27.12, 0|6, 41, N/A, 28.81, 0|
10:38:45 0, 70, N/A, 76.80, 100|1, 63, N/A, 138.84, 0|2, 40, N/A, 29.83, 0|3, 42, N/A, 27.35, 0|4, 43, N/A, 28.35, 0|5, 44, N/A, 27.39, 0|6, 41, N/A, 28.83, 0|
10:38:47 0, 69, N/A, 184.62, 100|1, 67, N/A, 176.37, 100|2, 39, N/A, 29.83, 0|3, 42, N/A, 27.59, 0|4, 43, N/A, 28.34, 0|5, 44, N/A, 27.61, 0|6, 41, N/A, 28.57, 0|
10:38:49 0, 70, N/A, 183.67, 100|1, 64, N/A, 51.75, 0|2, 40, N/A, 29.83, 0|3, 42, N/A, 27.60, 0|4, 43, N/A, 28.34, 0|5, 44, N/A, 27.61, 0|6, 41, N/A, 28.57, 0|
10:38:52 0, 66, N/A, 155.53, 0|1, 66, N/A, 162.39, 100|2, 40, N/A, 29.81, 0|3, 42, N/A, 27.60, 0|4, 43, N/A, 28.34, 0|5, 44, N/A, 27.37, 0|6, 41, N/A, 28.81, 0|
10:38:54 0, 70, N/A, 163.87, 100|1, 67, N/A, 121.64, 100|2, 40, N/A, 29.58, 0|3, 42, N/A, 27.35, 0|4, 43, N/A, 28.09, 0|5, 44, N/A, 27.61, 0|6, 41, N/A, 28.57, 0|
10:38:56 0, 66, N/A, 46.82, 0|1, 66, N/A, 197.76, 100|2, 40, N/A, 29.82, 0|3, 42, N/A, 27.60, 0|4, 43, N/A, 28.34, 0|5, 44, N/A, 27.37, 0|6, 41, N/A, 28.81, 0|
10:38:58 0, 69, N/A, 166.31, 100|1, 67, N/A, 196.03, 100|2, 40, N/A, 29.83, 0|3, 42, N/A, 27.35, 0|4, 43, N/A, 28.34, 0|5, 44, N/A, 27.61, 0|6, 41, N/A, 28.81, 0|
10:39:00 0, 70, N/A, 182.43, 100|1, 63, N/A, 51.26, 0|2, 40, N/A, 29.85, 0|3, 42, N/A, 27.60, 0|4, 43, N/A, 28.34, 0|5, 44, N/A, 27.37, 0|6, 41, N/A, 28.81, 0|
10:39:02 0, 69, N/A, 183.88, 100|1, 67, N/A, 201.18, 100|2, 40, N/A, 29.81, 0|3, 42, N/A, 27.35, 0|4, 43, N/A, 28.09, 0|5, 44, N/A, 27.37, 0|6, 41, N/A, 28.81, 0|
10:39:04 0, 70, N/A, 146.88, 100|1, 64, N/A, 52.24, 0|2, 40, N/A, 29.83, 0|3, 42, N/A, 27.35, 0|4, 43, N/A, 28.34, 0|5, 44, N/A, 27.61, 0|6, 41, N/A, 28.57, 0|
10:39:06 0, 65, N/A, 46.08, 0|1, 67, N/A, 166.31, 100|2, 40, N/A, 29.82, 0|3, 42, N/A, 27.35, 0|4, 43, N/A, 28.34, 0|5, 44, N/A, 27.61, 0|6, 41, N/A, 28.81, 0|
10:39:08 0, 70, N/A, 183.64, 100|1, 68, N/A, 200.44, 100|2, 40, N/A, 29.81, 0|3, 42, N/A, 27.59, 0|4, 43, N/A, 28.09, 0|5, 44, N/A, 27.37, 0|6, 41, N/A, 28.81, 0|
10:39:10 0, 67, N/A, 47.31, 0|1, 65, N/A, 159.79, 100|2, 40, N/A, 29.83, 0|3, 42, N/A, 27.60, 0|4, 43, N/A, 28.09, 0|5, 44, N/A, 27.37, 0|6, 41, N/A, 28.81, 0|
10:39:12 0, 70, N/A, 184.87, 100|1, 67, N/A, 178.74, 100|2, 40, N/A, 29.83, 0|3, 42, N/A, 27.35, 0|4, 43, N/A, 28.34, 0|5, 44, N/A, 27.37, 0|6, 41, N/A, 28.81, 0|
10:39:14 0, 70, N/A, 179.83, 100|1, 63, N/A, 51.28, 0|2, 40, N/A, 29.85, 0|3, 42, N/A, 27.60, 0|4, 43, N/A, 28.34, 0|5, 44, N/A, 27.37, 0|6, 41, N/A, 28.57, 0|
10:39:17 0, 68, N/A, 155.13, 100|1, 67, N/A, 163.22, 100|2, 40, N/A, 29.83, 0|3, 42, N/A, 27.35, 0|4, 43, N/A, 28.34, 0|5, 44, N/A, 27.61, 0|6, 41, N/A, 28.57, 0|
10:39:19 0, 70, N/A, 185.88, 100|1, 65, N/A, 52.98, 0|2, 40, N/A, 29.59, 0|3, 42, N/A, 27.60, 0|4, 43, N/A, 28.09, 0|5, 44, N/A, 27.37, 0|6, 41, N/A, 28.81, 0|
10:39:21 0, 66, N/A, 46.32, 0|1, 66, N/A, 195.30, 100|2, 40, N/A, 29.82, 0|3, 42, N/A, 27.84, 0|4, 42, N/A, 28.09, 0|5, 44, N/A, 27.61, 0|6, 41, N/A, 28.81, 0|
10:39:23 0, 70, N/A, 162.40, 100|1, 67, N/A, 163.62, 100|2, 40, N/A, 29.81, 0|3, 42, N/A, 27.35, 0|4, 43, N/A, 28.09, 0|5, 44, N/A, 27.12, 0|6, 41, N/A, 28.56, 0|
10:39:25 0, 68, N/A, 48.29, 67|1, 64, N/A, 194.69, 68|2, 40, N/A, 29.83, 0|3, 42, N/A, 27.35, 0|4, 43, N/A, 28.09, 0|5, 44, N/A, 27.37, 0|6, 41, N/A, 28.81, 0|
10:39:27 0, 69, N/A, 182.43, 100|1, 67, N/A, 164.35, 100|2, 40, N/A, 29.83, 0|3, 42, N/A, 27.60, 0|4, 43, N/A, 28.34, 0|5, 44, N/A, 27.61, 0|6, 41, N/A, 28.57, 0|
10:39:29 0, 70, N/A, 185.39, 100|1, 64, N/A, 51.75, 0|2, 40, N/A, 29.60, 0|3, 42, N/A, 27.35, 0|4, 43, N/A, 28.34, 0|5, 44, N/A, 27.61, 0|6, 41, N/A, 28.57, 0|
10:39:31 0, 67, N/A, 183.54, 46|1, 66, N/A, 207.53, 100|2, 40, N/A, 29.81, 0|3, 42, N/A, 27.60, 0|4, 43, N/A, 28.09, 0|5, 44, N/A, 27.37, 0|6, 41, N/A, 28.81, 0|
10:39:33 0, 70, N/A, 182.41, 100|1, 68, N/A, 166.31, 100|2, 40, N/A, 29.81, 0|3, 42, N/A, 27.60, 0|4, 43, N/A, 28.34, 0|5, 44, N/A, 27.37, 0|6, 41, N/A, 28.81, 0|
10:39:35 0, 67, N/A, 46.82, 0|1, 65, N/A, 193.11, 100|2, 40, N/A, 29.81, 0|3, 42, N/A, 27.35, 0|4, 43, N/A, 28.34, 0|5, 44, N/A, 27.12, 0|6, 41, N/A, 28.57, 0|
10:39:37 0, 70, N/A, 151.91, 100|1, 67, N/A, 200.80, 100|2, 40, N/A, 29.57, 0|3, 42, N/A, 27.59, 0|4, 43, N/A, 28.34, 0|5, 44, N/A, 27.61, 0|6, 41, N/A, 28.81, 0|
10:39:40 0, 70, N/A, 185.88, 100|1, 63, N/A, 51.25, 0|2, 40, N/A, 29.83, 0|3, 42, N/A, 27.60, 0|4, 43, N/A, 28.34, 0|5, 44, N/A, 27.37, 0|6, 41, N/A, 28.57, 0|
10:39:42 0, 68, N/A, 178.97, 100|1, 67, N/A, 194.66, 100|2, 40, N/A, 29.81, 0|3, 42, N/A, 27.58, 0|4, 43, N/A, 28.34, 0|5, 44, N/A, 27.35, 0|6, 41, N/A, 28.79, 0|
10:39:44 0, 70, N/A, 185.39, 100|1, 65, N/A, 53.22, 0|2, 40, N/A, 29.83, 0|3, 42, N/A, 27.35, 0|4, 43, N/A, 28.34, 0|5, 44, N/A, 27.37, 0|6, 41, N/A, 28.57, 0|
10:39:46 0, 66, N/A, 46.32, 0|1, 66, N/A, 191.62, 100|2, 40, N/A, 29.82, 0|3, 42, N/A, 27.60, 0|4, 43, N/A, 28.34, 0|5, 44, N/A, 27.37, 0|6, 41, N/A, 28.81, 0|
10:39:48 0, 70, N/A, 184.87, 100|1, 68, N/A, 182.64, 100|2, 40, N/A, 29.81, 0|3, 42, N/A, 27.59, 0|4, 43, N/A, 28.34, 0|5, 44, N/A, 27.61, 0|6, 41, N/A, 28.81, 0|
10:39:50 0, 68, N/A, 48.54, 82|1, 64, N/A, 180.70, 55|2, 40, N/A, 29.82, 0|3, 42, N/A, 27.35, 0|4, 43, N/A, 28.34, 0|5, 44, N/A, 27.61, 0|6, 41, N/A, 28.57, 0|
10:39:52 0, 70, N/A, 180.94, 100|1, 67, N/A, 158.31, 100|2, 40, N/A, 29.81, 0|3, 42, N/A, 27.60, 0|4, 43, N/A, 28.34, 0|5, 44, N/A, 27.37, 0|6, 41, N/A, 28.57, 0|
10:39:54 0, 70, N/A, 180.48, 100|1, 64, N/A, 51.99, 0|2, 40, N/A, 29.83, 0|3, 42, N/A, 27.84, 0|4, 43, N/A, 28.34, 0|5, 44, N/A, 27.37, 0|6, 41, N/A, 28.57, 0|
10:39:56 0, 65, N/A, 46.08, 0|1, 66, N/A, 166.80, 100|2, 40, N/A, 29.83, 0|3, 42, N/A, 27.35, 0|4, 43, N/A, 28.09, 0|5, 44, N/A, 27.37, 0|6, 41, N/A, 28.81, 0|
10:39:58 0, 69, N/A, 182.41, 100|1, 67, N/A, 200.20, 100|2, 40, N/A, 29.83, 0|3, 42, N/A, 27.35, 0|4, 43, N/A, 28.34, 0|5, 44, N/A, 27.61, 0|6, 41, N/A, 28.57, 0|
10:40:00 0, 67, N/A, 47.31, 0|1, 65, N/A, 191.49, 100|2, 40, N/A, 29.83, 0|3, 42, N/A, 27.60, 0|4, 43, N/A, 28.09, 0|5, 44, N/A, 27.37, 0|6, 41, N/A, 28.81, 0|
10:40:02 0, 69, N/A, 183.64, 100|1, 67, N/A, 200.20, 100|2, 40, N/A, 29.81, 0|3, 42, N/A, 27.59, 0|4, 43, N/A, 28.33, 0|5, 44, N/A, 27.37, 0|6, 41, N/A, 28.81, 0|
10:40:05 0, 70, N/A, 190.18, 100|1, 64, N/A, 51.50, 0|2, 40, N/A, 29.83, 0|3, 42, N/A, 27.35, 0|4, 43, N/A, 28.34, 0|5, 44, N/A, 27.37, 0|6, 41, N/A, 28.81, 0|
10:40:07 0, 68, N/A, 181.68, 100|1, 67, N/A, 199.22, 100|2, 40, N/A, 29.81, 0|3, 42, N/A, 27.60, 0|4, 43, N/A, 28.33, 0|5, 44, N/A, 27.37, 0|6, 41, N/A, 28.81, 0|
10:40:09 0, 70, N/A, 175.07, 100|1, 66, N/A, 55.44, 100|2, 40, N/A, 29.83, 0|3, 42, N/A, 27.60, 0|4, 43, N/A, 28.34, 0|5, 44, N/A, 27.37, 0|6, 41, N/A, 28.81, 0|
10:40:11 0, 67, N/A, 46.82, 0|1, 66, N/A, 197.88, 100|2, 40, N/A, 29.82, 0|3, 42, N/A, 27.60, 0|4, 43, N/A, 28.34, 0|5, 44, N/A, 27.37, 0|6, 41, N/A, 28.81, 0|
10:40:13 0, 70, N/A, 157.49, 100|1, 67, N/A, 173.43, 100|2, 40, N/A, 29.81, 0|3, 42, N/A, 27.84, 0|4, 43, N/A, 28.34, 0|5, 44, N/A, 27.37, 0|6, 41, N/A, 28.81, 0|
10:40:15 0, 70, N/A, 184.38, 100|1, 63, N/A, 51.25, 0|2, 40, N/A, 29.83, 0|3, 42, N/A, 27.58, 0|4, 43, N/A, 28.34, 0|5, 44, N/A, 27.37, 0|6, 41, N/A, 28.79, 0|
10:40:17 0, 69, N/A, 148.48, 100|1, 67, N/A, 156.99, 100|2, 40, N/A, 29.81, 0|3, 42, N/A, 27.83, 0|4, 43, N/A, 28.34, 0|5, 44, N/A, 27.35, 0|6, 41, N/A, 28.79, 0|
10:40:19 0, 70, N/A, 185.36, 100|1, 65, N/A, 53.44, 0|2, 40, N/A, 29.81, 0|3, 42, N/A, 27.58, 0|4, 43, N/A, 28.34, 0|5, 44, N/A, 27.61, 0|6, 41, N/A, 28.79, 0|
10:40:21 0, 66, N/A, 46.54, 0|1, 66, N/A, 189.89, 100|2, 40, N/A, 29.81, 0|3, 42, N/A, 27.35, 0|4, 43, N/A, 28.34, 0|5, 44, N/A, 27.37, 0|6, 41, N/A, 28.57, 0|
10:40:23 0, 69, N/A, 181.19, 100|1, 67, N/A, 200.69, 100|2, 40, N/A, 29.81, 0|3, 42, N/A, 27.83, 0|4, 43, N/A, 28.32, 0|5, 44, N/A, 27.35, 0|6, 41, N/A, 28.79, 0|
10:40:25 0, 70, N/A, 165.21, 100|1, 63, N/A, 51.28, 0|2, 40, N/A, 29.85, 0|3, 42, N/A, 27.35, 0|4, 43, N/A, 28.34, 0|5, 44, N/A, 27.61, 0|6, 41, N/A, 28.57, 0|
10:40:28 0, 68, N/A, 153.66, 100|1, 67, N/A, 196.37, 100|2, 40, N/A, 29.81, 0|3, 42, N/A, 27.59, 0|4, 43, N/A, 28.34, 0|5, 44, N/A, 27.61, 0|6, 41, N/A, 28.81, 0|
10:40:30 0, 70, N/A, 182.78, 100|1, 65, N/A, 52.98, 0|2, 40, N/A, 29.83, 0|3, 42, N/A, 27.84, 0|4, 43, N/A, 28.34, 0|5, 44, N/A, 27.37, 0|6, 41, N/A, 28.81, 0|
10:40:32 0, 66, N/A, 46.32, 0|1, 66, N/A, 178.25, 100|2, 40, N/A, 29.81, 0|3, 42, N/A, 27.35, 0|4, 43, N/A, 28.09, 0|5, 44, N/A, 27.61, 0|6, 41, N/A, 28.81, 0|
10:40:34 0, 70, N/A, 185.36, 100|1, 68, N/A, 199.95, 100|2, 40, N/A, 29.81, 0|3, 42, N/A, 27.35, 0|4, 42, N/A, 28.34, 0|5, 44, N/A, 27.61, 0|6, 41, N/A, 28.81, 0|
10:40:36 0, 70, N/A, 51.01, 100|1, 63, N/A, 155.96, 31|2, 40, N/A, 29.83, 0|3, 43, N/A, 27.61, 0|4, 43, N/A, 28.35, 0|5, 44, N/A, 27.63, 0|6, 41, N/A, 28.83, 0|
10:40:38 0, 69, N/A, 183.88, 100|1, 67, N/A, 200.44, 100|2, 40, N/A, 29.81, 0|3, 42, N/A, 27.60, 0|4, 43, N/A, 28.34, 0|5, 44, N/A, 27.61, 0|6, 41, N/A, 28.81, 0|
10:40:40 0, 70, N/A, 172.21, 100|1, 65, N/A, 52.49, 0|2, 40, N/A, 29.83, 0|3, 42, N/A, 27.60, 0|4, 43, N/A, 28.34, 0|5, 44, N/A, 27.61, 0|6, 41, N/A, 28.81, 0|
10:40:42 0, 66, N/A, 46.32, 0|1, 67, N/A, 200.21, 100|2, 40, N/A, 29.83, 0|3, 42, N/A, 27.60, 0|4, 43, N/A, 28.34, 0|5, 44, N/A, 27.37, 0|6, 41, N/A, 28.81, 0|
10:40:44 0, 70, N/A, 181.77, 100|1, 67, N/A, 205.82, 100|2, 40, N/A, 29.83, 0|3, 42, N/A, 27.60, 0|4, 43, N/A, 28.34, 0|5, 44, N/A, 27.37, 0|6, 41, N/A, 28.57, 0|
10:40:46 0, 69, N/A, 48.54, 100|1, 64, N/A, 186.11, 34|2, 40, N/A, 29.83, 0|3, 42, N/A, 27.60, 0|4, 43, N/A, 28.34, 0|5, 44, N/A, 27.61, 0|6, 41, N/A, 28.81, 0|
10:40:48 0, 69, N/A, 184.87, 100|1, 68, N/A, 197.99, 100|2, 40, N/A, 29.81, 0|3, 42, N/A, 27.60, 0|4, 43, N/A, 28.34, 0|5, 44, N/A, 27.37, 0|6, 41, N/A, 28.81, 0|
10:40:51 0, 70, N/A, 157.60, 100|1, 64, N/A, 52.49, 0|2, 40, N/A, 29.83, 0|3, 42, N/A, 27.35, 0|4, 43, N/A, 28.34, 0|5, 44, N/A, 27.61, 0|6, 41, N/A, 28.57, 0|
10:40:53 0, 66, N/A, 46.32, 0|1, 67, N/A, 199.48, 100|2, 40, N/A, 29.83, 0|3, 43, N/A, 27.60, 0|4, 43, N/A, 28.35, 0|5, 44, N/A, 27.61, 0|6, 41, N/A, 28.57, 0|
10:40:55 0, 70, N/A, 159.06, 100|1, 67, N/A, 169.50, 100|2, 40, N/A, 29.83, 0|3, 42, N/A, 27.84, 0|4, 43, N/A, 28.34, 0|5, 44, N/A, 27.37, 0|6, 41, N/A, 28.81, 0|
10:40:57 0, 68, N/A, 48.54, 34|1, 64, N/A, 193.22, 1|2, 40, N/A, 29.83, 0|3, 42, N/A, 27.60, 0|4, 43, N/A, 28.35, 0|5, 44, N/A, 27.37, 0|6, 41, N/A, 28.81, 0|
10:40:59 0, 70, N/A, 184.62, 100|1, 67, N/A, 172.21, 100|2, 40, N/A, 29.83, 0|3, 42, N/A, 27.84, 0|4, 43, N/A, 28.34, 0|5, 44, N/A, 27.61, 0|6, 41, N/A, 28.81, 0|
10:41:01 0, 70, N/A, 152.69, 100|1, 64, N/A, 52.49, 0|2, 40, N/A, 29.83, 0|3, 42, N/A, 27.84, 0|4, 43, N/A, 28.34, 0|5, 44, N/A, 27.37, 0|6, 41, N/A, 28.81, 0|
10:41:03 0, 66, N/A, 46.32, 0|1, 67, N/A, 200.20, 100|2, 40, N/A, 29.81, 0|3, 42, N/A, 27.60, 0|4, 43, N/A, 28.34, 0|5, 44, N/A, 27.37, 0|6, 41, N/A, 28.81, 0|
10:41:05 0, 70, N/A, 163.62, 100|1, 68, N/A, 183.15, 100|2, 40, N/A, 29.81, 0|3, 42, N/A, 27.60, 0|4, 43, N/A, 28.34, 0|5, 44, N/A, 27.37, 0|6, 41, N/A, 28.81, 0|
10:41:07 0, 69, N/A, 48.54, 100|1, 64, N/A, 174.68, 33|2, 40, N/A, 29.83, 0|3, 42, N/A, 27.86, 0|4, 43, N/A, 28.35, 0|5, 44, N/A, 27.61, 0|6, 41, N/A, 28.83, 0|
10:41:09 0, 69, N/A, 186.34, 100|1, 68, N/A, 200.44, 100|2, 40, N/A, 29.81, 0|3, 42, N/A, 27.60, 0|4, 43, N/A, 28.34, 0|5, 44, N/A, 27.37, 0|6, 41, N/A, 28.81, 0|
10:41:11 0, 70, N/A, 176.63, 100|1, 64, N/A, 52.49, 0|2, 40, N/A, 29.83, 0|3, 42, N/A, 27.60, 0|4, 43, N/A, 28.34, 0|5, 44, N/A, 27.61, 0|6, 41, N/A, 28.81, 0|
10:41:13 0, 66, N/A, 46.32, 0|1, 66, N/A, 197.63, 100|2, 40, N/A, 29.83, 0|3, 42, N/A, 27.35, 0|4, 43, N/A, 28.35, 0|5, 44, N/A, 27.37, 0|6, 41, N/A, 28.81, 0|
10:41:16 0, 70, N/A, 184.62, 100|1, 68, N/A, 174.91, 100|2, 40, N/A, 29.83, 0|3, 42, N/A, 27.35, 0|4, 43, N/A, 28.34, 0|5, 44, N/A, 27.61, 0|6, 41, N/A, 28.81, 0|
10:41:18 0, 70, N/A, 54.21, 93|1, 64, N/A, 181.05, 0|2, 40, N/A, 29.83, 0|3, 42, N/A, 27.60, 0|4, 43, N/A, 28.34, 0|5, 44, N/A, 27.37, 0|6, 41, N/A, 28.81, 0|
10:41:20 0, 69, N/A, 182.66, 100|1, 67, N/A, 199.22, 100|2, 40, N/A, 29.81, 0|3, 42, N/A, 27.60, 0|4, 43, N/A, 28.34, 0|5, 44, N/A, 27.37, 0|6, 41, N/A, 28.81, 0|
10:41:22 0, 71, N/A, 159.82, 100|1, 65, N/A, 52.98, 0|2, 40, N/A, 29.83, 0|3, 42, N/A, 27.60, 0|4, 43, N/A, 28.34, 0|5, 44, N/A, 27.61, 0|6, 41, N/A, 28.81, 0|
10:41:24 0, 66, N/A, 46.57, 0|1, 66, N/A, 195.56, 100|2, 40, N/A, 29.83, 0|3, 42, N/A, 27.84, 0|4, 43, N/A, 28.35, 0|5, 44, N/A, 27.37, 0|6, 41, N/A, 28.83, 0|
10:41:26 0, 70, N/A, 184.87, 100|1, 68, N/A, 201.18, 100|2, 40, N/A, 29.83, 0|3, 42, N/A, 27.60, 0|4, 43, N/A, 28.34, 0|5, 44, N/A, 27.37, 0|6, 41, N/A, 28.81, 0|
10:41:28 0, 71, N/A, 178.85, 100|1, 63, N/A, 51.26, 0|2, 40, N/A, 29.85, 0|3, 42, N/A, 27.35, 0|4, 43, N/A, 28.35, 0|5, 44, N/A, 27.61, 0|6, 41, N/A, 28.81, 0|
10:41:30 0, 69, N/A, 171.71, 100|1, 67, N/A, 203.86, 100|2, 40, N/A, 29.83, 0|3, 42, N/A, 27.84, 0|4, 43, N/A, 28.09, 0|5, 44, N/A, 27.37, 0|6, 41, N/A, 28.81, 0|
10:41:32 0, 70, N/A, 186.12, 100|1, 65, N/A, 53.22, 0|2, 40, N/A, 29.83, 0|3, 42, N/A, 27.60, 0|4, 43, N/A, 28.09, 0|5, 44, N/A, 27.61, 0|6, 41, N/A, 28.81, 0|
10:41:34 0, 66, N/A, 46.82, 0|1, 67, N/A, 207.08, 100|2, 40, N/A, 29.82, 0|3, 42, N/A, 27.60, 0|4, 43, N/A, 28.34, 0|5, 44, N/A, 27.61, 0|6, 41, N/A, 28.81, 0|
10:41:36 0, 70, N/A, 188.19, 100|1, 67, N/A, 193.08, 100|2, 40, N/A, 29.83, 0|3, 42, N/A, 27.59, 0|4, 43, N/A, 28.34, 0|5, 44, N/A, 27.61, 0|6, 41, N/A, 28.81, 0|
10:41:39 0, 71, N/A, 185.39, 100|1, 63, N/A, 51.50, 0|2, 40, N/A, 29.83, 0|3, 42, N/A, 27.60, 0|4, 43, N/A, 28.09, 0|5, 44, N/A, 27.61, 0|6, 41, N/A, 28.81, 0|
10:41:41 0, 69, N/A, 184.62, 100|1, 67, N/A, 177.37, 100|2, 40, N/A, 29.83, 0|3, 42, N/A, 27.60, 0|4, 43, N/A, 28.34, 0|5, 44, N/A, 27.61, 0|6, 41, N/A, 28.81, 0|
10:41:43 0, 70, N/A, 151.46, 100|1, 66, N/A, 54.95, 92|2, 40, N/A, 29.85, 0|3, 42, N/A, 27.60, 0|4, 43, N/A, 28.34, 0|5, 44, N/A, 27.61, 0|6, 41, N/A, 28.57, 0|
10:41:45 0, 67, N/A, 46.82, 0|1, 66, N/A, 196.29, 100|2, 40, N/A, 29.81, 0|3, 42, N/A, 27.35, 0|4, 43, N/A, 28.34, 0|5, 44, N/A, 27.61, 0|6, 41, N/A, 28.81, 0|
10:41:47 0, 70, N/A, 184.13, 100|1, 67, N/A, 201.67, 100|2, 40, N/A, 29.81, 0|3, 42, N/A, 27.35, 0|4, 43, N/A, 28.33, 0|5, 44, N/A, 27.37, 0|6, 41, N/A, 28.81, 0|
10:41:49 0, 70, N/A, 174.18, 100|1, 63, N/A, 51.50, 0|2, 40, N/A, 29.83, 0|3, 42, N/A, 27.60, 0|4, 43, N/A, 28.34, 0|5, 44, N/A, 27.37, 0|6, 41, N/A, 28.81, 0|
10:41:51 0, 66, N/A, 155.38, 88|1, 66, N/A, 173.56, 100|2, 40, N/A, 29.81, 0|3, 42, N/A, 27.35, 0|4, 43, N/A, 28.34, 0|5, 44, N/A, 27.61, 0|6, 41, N/A, 28.81, 0|
10:41:53 0, 69, N/A, 184.38, 100|1, 67, N/A, 200.44, 100|2, 40, N/A, 29.81, 0|3, 42, N/A, 27.35, 0|4, 43, N/A, 28.09, 0|5, 44, N/A, 27.37, 0|6, 41, N/A, 28.81, 0|
10:41:55 0, 66, N/A, 46.82, 0|1, 64, N/A, 192.62, 100|2, 40, N/A, 29.82, 0|3, 42, N/A, 27.35, 0|4, 43, N/A, 28.09, 0|5, 44, N/A, 27.37, 0|6, 41, N/A, 28.57, 0|
10:41:57 0, 68, N/A, 159.46, 100|1, 65, N/A, 174.90, 100|2, 40, N/A, 29.81, 0|3, 42, N/A, 27.35, 0|4, 43, N/A, 28.34, 0|5, 44, N/A, 27.37, 0|6, 41, N/A, 28.57, 0|
10:41:59 0, 69, N/A, 182.93, 100|1, 62, N/A, 51.01, 0|2, 40, N/A, 29.83, 0|3, 42, N/A, 27.60, 0|4, 43, N/A, 28.09, 0|5, 44, N/A, 27.12, 0|6, 41, N/A, 28.57, 0|
10:42:01 0, 64, N/A, 45.58, 0|1, 66, N/A, 199.23, 100|2, 40, N/A, 29.82, 0|3, 42, N/A, 27.35, 0|4, 43, N/A, 28.09, 0|5, 44, N/A, 27.37, 0|6, 41, N/A, 28.57, 0|
10:42:04 0, 69, N/A, 148.00, 100|1, 66, N/A, 173.43, 100|2, 40, N/A, 29.58, 0|3, 42, N/A, 27.35, 0|4, 43, N/A, 28.34, 0|5, 44, N/A, 27.37, 0|6, 41, N/A, 28.57, 0|
10:42:06 0, 68, N/A, 48.54, 90|1, 63, N/A, 189.28, 48|2, 40, N/A, 29.83, 0|3, 42, N/A, 27.35, 0|4, 43, N/A, 28.11, 0|5, 44, N/A, 27.37, 0|6, 41, N/A, 28.58, 0|
10:42:08 0, 67, N/A, 181.92, 100|1, 66, N/A, 198.73, 100|2, 40, N/A, 29.81, 0|3, 42, N/A, 27.35, 0|4, 43, N/A, 28.09, 0|5, 44, N/A, 27.61, 0|6, 41, N/A, 28.56, 0|
10:42:10 0, 69, N/A, 184.99, 100|1, 63, N/A, 52.24, 0|2, 40, N/A, 29.85, 0|3, 42, N/A, 27.60, 0|4, 43, N/A, 28.11, 0|5, 44, N/A, 27.37, 0|6, 41, N/A, 28.81, 0|
10:42:12 0, 65, N/A, 46.08, 0|1, 65, N/A, 191.24, 100|2, 40, N/A, 29.83, 0|3, 42, N/A, 27.35, 0|4, 43, N/A, 28.35, 0|5, 44, N/A, 27.38, 0|6, 41, N/A, 28.83, 0|
10:42:14 0, 68, N/A, 159.95, 100|1, 66, N/A, 178.33, 100|2, 40, N/A, 29.81, 0|3, 42, N/A, 27.35, 0|4, 43, N/A, 28.34, 0|5, 44, N/A, 27.37, 0|6, 41, N/A, 28.57, 0|
10:42:16 0, 69, N/A, 184.74, 100|1, 62, N/A, 50.76, 0|2, 40, N/A, 29.83, 0|3, 42, N/A, 27.60, 0|4, 43, N/A, 28.35, 0|5, 44, N/A, 27.61, 0|6, 41, N/A, 28.81, 0|
10:42:18 0, 68, N/A, 182.41, 100|1, 66, N/A, 196.28, 100|2, 40, N/A, 29.81, 0|3, 42, N/A, 27.59, 0|4, 43, N/A, 28.34, 0|5, 44, N/A, 27.37, 0|6, 41, N/A, 28.81, 0|
10:42:20 0, 69, N/A, 159.07, 100|1, 65, N/A, 54.95, 100|2, 40, N/A, 29.83, 0|3, 42, N/A, 27.60, 0|4, 43, N/A, 28.34, 0|5, 44, N/A, 27.37, 0|6, 41, N/A, 28.81, 0|
10:42:22 0, 66, N/A, 46.57, 0|1, 64, N/A, 201.42, 100|2, 40, N/A, 29.82, 0|3, 42, N/A, 27.60, 0|4, 43, N/A, 28.34, 0|5, 44, N/A, 27.37, 0|6, 41, N/A, 28.81, 0|
10:42:24 0, 69, N/A, 182.90, 100|1, 67, N/A, 199.71, 100|2, 40, N/A, 29.81, 0|3, 42, N/A, 27.35, 0|4, 43, N/A, 28.34, 0|5, 44, N/A, 27.37, 0|6, 41, N/A, 28.81, 0|
10:42:27 0, 70, N/A, 186.61, 100|1, 63, N/A, 51.01, 0|2, 40, N/A, 29.83, 0|3, 42, N/A, 27.60, 0|4, 43, N/A, 28.09, 0|5, 44, N/A, 27.37, 0|6, 41, N/A, 28.57, 0|
10:42:29 0, 65, N/A, 45.58, 0|1, 66, N/A, 162.25, 100|2, 40, N/A, 29.83, 0|3, 42, N/A, 27.35, 0|4, 43, N/A, 28.11, 0|5, 44, N/A, 27.12, 0|6, 41, N/A, 28.83, 0|
10:42:31 0, 69, N/A, 158.72, 100|1, 66, N/A, 192.45, 100|2, 40, N/A, 29.83, 0|3, 42, N/A, 27.60, 0|4, 43, N/A, 28.09, 0|5, 44, N/A, 27.37, 0|6, 41, N/A, 28.81, 0|
10:42:33 0, 68, N/A, 48.05, 97|1, 63, N/A, 191.50, 40|2, 40, N/A, 29.83, 0|3, 42, N/A, 27.60, 0|4, 43, N/A, 28.34, 0|5, 44, N/A, 27.37, 0|6, 41, N/A, 28.81, 0|
10:42:35 0, 68, N/A, 183.88, 100|1, 67, N/A, 200.69, 100|2, 40, N/A, 29.81, 0|3, 42, N/A, 27.35, 0|4, 43, N/A, 28.34, 0|5, 44, N/A, 27.37, 0|6, 41, N/A, 28.81, 0|
10:42:37 0, 70, N/A, 185.72, 100|1, 64, N/A, 52.49, 0|2, 40, N/A, 29.83, 0|3, 42, N/A, 27.35, 0|4, 43, N/A, 28.34, 0|5, 44, N/A, 27.61, 0|6, 41, N/A, 28.81, 0|
10:42:39 0, 66, N/A, 46.08, 0|1, 66, N/A, 198.10, 100|2, 40, N/A, 29.82, 0|3, 42, N/A, 27.60, 0|4, 43, N/A, 28.09, 0|5, 44, N/A, 27.61, 0|6, 41, N/A, 28.81, 0|
10:42:41 0, 69, N/A, 188.68, 100|1, 66, N/A, 194.55, 100|2, 40, N/A, 29.83, 0|3, 42, N/A, 27.35, 0|4, 43, N/A, 28.34, 0|5, 44, N/A, 27.37, 0|6, 41, N/A, 28.81, 0|
10:42:43 0, 70, N/A, 180.57, 100|1, 62, N/A, 51.01, 0|2, 40, N/A, 29.83, 0|3, 42, N/A, 27.60, 0|4, 43, N/A, 28.34, 0|5, 44, N/A, 27.37, 0|6, 41, N/A, 28.57, 0|
10:42:45 0, 67, N/A, 183.64, 92|1, 67, N/A, 200.44, 100|2, 40, N/A, 29.81, 0|3, 42, N/A, 27.60, 0|4, 43, N/A, 28.34, 0|5, 44, N/A, 27.61, 0|6, 41, N/A, 28.81, 0|
10:42:47 0, 70, N/A, 185.60, 100|1, 67, N/A, 171.23, 100|2, 40, N/A, 29.83, 0|3, 42, N/A, 27.35, 0|4, 43, N/A, 28.34, 0|5, 44, N/A, 27.61, 0|6, 41, N/A, 28.81, 0|
10:42:50 0, 67, N/A, 47.06, 0|1, 65, N/A, 166.83, 100|2, 40, N/A, 29.83, 0|3, 42, N/A, 27.35, 0|4, 43, N/A, 28.09, 0|5, 44, N/A, 27.37, 0|6, 41, N/A, 28.81, 0|
10:42:52 0, 69, N/A, 152.18, 100|1, 67, N/A, 158.06, 100|2, 40, N/A, 29.83, 0|3, 42, N/A, 27.35, 0|4, 43, N/A, 28.34, 0|5, 44, N/A, 27.61, 0|6, 41, N/A, 28.81, 0|
10:42:54 0, 70, N/A, 167.31, 100|1, 64, N/A, 51.75, 0|2, 40, N/A, 29.59, 0|3, 42, N/A, 27.60, 0|4, 43, N/A, 28.34, 0|5, 44, N/A, 27.37, 0|6, 41, N/A, 28.57, 0|
10:42:56 0, 65, N/A, 46.08, 0|1, 66, N/A, 198.50, 100|2, 40, N/A, 29.82, 0|3, 42, N/A, 27.84, 0|4, 43, N/A, 28.34, 0|5, 44, N/A, 27.61, 0|6, 41, N/A, 28.81, 0|
10:42:58 0, 70, N/A, 186.09, 100|1, 67, N/A, 201.67, 100|2, 40, N/A, 29.58, 0|3, 42, N/A, 27.60, 0|4, 43, N/A, 28.34, 0|5, 44, N/A, 27.61, 0|6, 41, N/A, 28.57, 0|
10:43:00 0, 70, N/A, 183.02, 100|1, 62, N/A, 51.01, 0|2, 40, N/A, 29.83, 0|3, 42, N/A, 27.35, 0|4, 43, N/A, 28.09, 0|5, 44, N/A, 27.61, 0|6, 41, N/A, 28.81, 0|
10:43:02 0, 68, N/A, 182.66, 100|1, 67, N/A, 209.63, 100|2, 40, N/A, 29.81, 0|3, 42, N/A, 27.60, 0|4, 43, N/A, 28.34, 0|5, 44, N/A, 27.37, 0|6, 41, N/A, 28.81, 0|
10:43:04 0, 70, N/A, 158.08, 100|1, 66, N/A, 54.46, 100|2, 40, N/A, 29.83, 0|3, 42, N/A, 27.60, 0|4, 43, N/A, 28.09, 0|5, 44, N/A, 27.37, 0|6, 41, N/A, 28.57, 0|
10:43:06 0, 67, N/A, 46.82, 0|1, 65, N/A, 176.62, 100|2, 40, N/A, 29.83, 0|3, 42, N/A, 27.60, 0|4, 43, N/A, 28.09, 0|5, 44, N/A, 27.61, 0|6, 41, N/A, 28.81, 0|
10:43:08 0, 69, N/A, 181.19, 100|1, 67, N/A, 199.71, 100|2, 40, N/A, 29.81, 0|3, 42, N/A, 27.60, 0|4, 43, N/A, 28.34, 0|5, 44, N/A, 27.37, 0|6, 41, N/A, 28.81, 0|
10:43:10 0, 70, N/A, 186.86, 100|1, 63, N/A, 51.50, 0|2, 40, N/A, 29.83, 0|3, 42, N/A, 27.60, 0|4, 43, N/A, 28.34, 0|5, 44, N/A, 27.61, 0|6, 41, N/A, 28.57, 0|
10:43:13 0, 66, N/A, 45.83, 0|1, 67, N/A, 201.19, 100|2, 40, N/A, 29.82, 0|3, 42, N/A, 27.60, 0|4, 43, N/A, 28.09, 0|5, 44, N/A, 27.37, 0|6, 41, N/A, 28.57, 0|
10:43:15 0, 70, N/A, 162.66, 100|1, 67, N/A, 160.43, 100|2, 40, N/A, 29.83, 0|3, 42, N/A, 27.35, 0|4, 43, N/A, 28.09, 0|5, 44, N/A, 27.61, 0|6, 41, N/A, 28.57, 0|
10:43:17 0, 70, N/A, 191.16, 100|1, 63, N/A, 51.01, 0|2, 40, N/A, 29.83, 0|3, 42, N/A, 27.60, 0|4, 43, N/A, 28.34, 0|5, 44, N/A, 27.61, 0|6, 41, N/A, 28.81, 0|
10:43:19 0, 68, N/A, 151.94, 100|1, 67, N/A, 157.08, 100|2, 40, N/A, 29.83, 0|3, 42, N/A, 27.60, 0|4, 43, N/A, 28.34, 0|5, 44, N/A, 27.61, 0|6, 41, N/A, 28.81, 0|
10:43:21 0, 69, N/A, 173.93, 100|1, 66, N/A, 53.72, 62|2, 40, N/A, 29.83, 0|3, 42, N/A, 27.60, 0|4, 43, N/A, 28.34, 0|5, 44, N/A, 27.37, 0|6, 41, N/A, 28.57, 0|
10:43:23 0, 66, N/A, 46.82, 0|1, 66, N/A, 196.29, 100|2, 40, N/A, 29.81, 0|3, 42, N/A, 27.35, 0|4, 43, N/A, 28.34, 0|5, 44, N/A, 27.61, 0|6, 41, N/A, 28.57, 0|
10:43:25 0, 69, N/A, 184.87, 100|1, 67, N/A, 200.44, 100|2, 40, N/A, 29.81, 0|3, 42, N/A, 27.60, 0|4, 43, N/A, 28.34, 0|5, 44, N/A, 27.61, 0|6, 41, N/A, 28.81, 0|
10:43:27 0, 70, N/A, 186.61, 100|1, 64, N/A, 51.75, 0|2, 40, N/A, 29.83, 0|3, 42, N/A, 27.60, 0|4, 43, N/A, 28.09, 0|5, 44, N/A, 27.61, 0|6, 41, N/A, 28.57, 0|
10:43:29 0, 65, N/A, 46.08, 0|1, 67, N/A, 201.93, 100|2, 40, N/A, 29.82, 0|3, 42, N/A, 27.35, 0|4, 43, N/A, 28.34, 0|5, 44, N/A, 27.37, 0|6, 41, N/A, 28.57, 0|
10:43:31 0, 70, N/A, 183.64, 100|1, 68, N/A, 181.52, 100|2, 40, N/A, 29.83, 0|3, 42, N/A, 27.60, 0|4, 43, N/A, 28.34, 0|5, 44, N/A, 27.61, 0|6, 41, N/A, 28.81, 0|
10:43:33 0, 70, N/A, 158.08, 100|1, 63, N/A, 51.01, 0|2, 40, N/A, 29.83, 0|3, 42, N/A, 27.60, 0|4, 43, N/A, 28.34, 0|5, 44, N/A, 27.37, 0|6, 41, N/A, 28.81, 0|
10:43:35 0, 68, N/A, 183.88, 100|1, 67, N/A, 171.22, 100|2, 40, N/A, 29.81, 0|3, 42, N/A, 27.60, 0|4, 43, N/A, 28.09, 0|5, 44, N/A, 27.61, 0|6, 41, N/A, 28.57, 0|
10:43:38 0, 70, N/A, 191.01, 100|1, 66, N/A, 54.46, 92|2, 40, N/A, 29.83, 0|3, 42, N/A, 27.60, 0|4, 43, N/A, 28.34, 0|5, 44, N/A, 27.37, 0|6, 41, N/A, 28.81, 0|
10:43:40 0, 67, N/A, 46.82, 0|1, 66, N/A, 161.42, 100|2, 40, N/A, 29.83, 0|3, 42, N/A, 27.60, 0|4, 43, N/A, 28.34, 0|5, 44, N/A, 27.61, 0|6, 41, N/A, 28.57, 0|
10:43:42 0, 69, N/A, 167.54, 100|1, 67, N/A, 200.20, 100|2, 40, N/A, 29.81, 0|3, 42, N/A, 27.35, 0|4, 43, N/A, 28.34, 0|5, 44, N/A, 27.61, 0|6, 41, N/A, 28.81, 0|
10:43:44 0, 70, N/A, 185.39, 100|1, 64, N/A, 51.99, 0|2, 40, N/A, 29.85, 0|3, 42, N/A, 27.35, 0|4, 43, N/A, 28.34, 0|5, 44, N/A, 27.37, 0|6, 41, N/A, 28.81, 0|
10:43:46 0, 66, N/A, 46.08, 0|1, 67, N/A, 199.72, 100|2, 40, N/A, 29.83, 0|3, 42, N/A, 27.60, 0|4, 43, N/A, 28.09, 0|5, 44, N/A, 27.37, 0|6, 41, N/A, 28.81, 0|
10:43:48 0, 70, N/A, 185.85, 100|1, 68, N/A, 202.65, 100|2, 40, N/A, 29.81, 0|3, 42, N/A, 27.60, 0|4, 43, N/A, 28.09, 0|5, 44, N/A, 27.37, 0|6, 41, N/A, 28.81, 0|
10:43:50 0, 71, N/A, 186.61, 100|1, 63, N/A, 51.25, 0|2, 40, N/A, 29.83, 0|3, 42, N/A, 27.60, 0|4, 43, N/A, 28.09, 0|5, 44, N/A, 27.37, 0|6, 41, N/A, 28.81, 0|
10:43:52 0, 69, N/A, 184.62, 100|1, 67, N/A, 173.33, 100|2, 40, N/A, 29.81, 0|3, 42, N/A, 27.60, 0|4, 43, N/A, 28.34, 0|5, 44, N/A, 27.37, 0|6, 41, N/A, 28.81, 0|
10:43:54 0, 70, N/A, 153.43, 100|1, 67, N/A, 75.81, 100|2, 40, N/A, 29.83, 0|3, 42, N/A, 27.35, 0|4, 43, N/A, 28.09, 0|5, 44, N/A, 27.37, 0|6, 41, N/A, 28.81, 0|
10:43:56 0, 67, N/A, 47.31, 0|1, 65, N/A, 166.72, 100|2, 40, N/A, 29.82, 0|3, 42, N/A, 27.60, 0|4, 43, N/A, 28.34, 0|5, 44, N/A, 27.37, 0|6, 41, N/A, 28.81, 0|
10:43:58 0, 69, N/A, 157.59, 100|1, 67, N/A, 170.24, 100|2, 40, N/A, 29.81, 0|3, 42, N/A, 27.59, 0|4, 43, N/A, 28.34, 0|5, 44, N/A, 27.61, 0|6, 41, N/A, 28.81, 0|
10:44:01 0, 70, N/A, 158.08, 100|1, 64, N/A, 52.49, 0|2, 40, N/A, 29.83, 0|3, 42, N/A, 27.60, 0|4, 43, N/A, 28.34, 0|5, 44, N/A, 27.61, 0|6, 41, N/A, 28.81, 0|
10:44:03 0, 66, N/A, 46.33, 0|1, 66, N/A, 166.31, 100|2, 40, N/A, 29.83, 0|3, 42, N/A, 27.84, 0|4, 43, N/A, 28.34, 0|5, 44, N/A, 27.61, 0|6, 41, N/A, 28.81, 0|
10:44:05 0, 70, N/A, 150.21, 100|1, 67, N/A, 165.09, 100|2, 40, N/A, 29.81, 0|3, 42, N/A, 27.60, 0|4, 43, N/A, 28.34, 0|5, 44, N/A, 27.37, 0|6, 41, N/A, 28.81, 0|
10:44:07 0, 70, N/A, 179.00, 100|1, 63, N/A, 51.26, 0|2, 40, N/A, 29.83, 0|3, 42, N/A, 27.60, 0|4, 43, N/A, 28.34, 0|5, 44, N/A, 27.37, 0|6, 41, N/A, 28.81, 0|
10:44:09 0, 67, N/A, 183.38, 23|1, 66, N/A, 191.47, 100|2, 40, N/A, 29.81, 0|3, 42, N/A, 27.60, 0|4, 43, N/A, 28.34, 0|5, 44, N/A, 27.37, 0|6, 41, N/A, 28.81, 0|
10:44:11 0, 70, N/A, 166.56, 100|1, 68, N/A, 200.20, 100|2, 40, N/A, 29.81, 0|3, 42, N/A, 27.60, 0|4, 43, N/A, 28.34, 0|5, 44, N/A, 27.37, 0|6, 41, N/A, 28.81, 0|
10:44:13 0, 68, N/A, 48.29, 71|1, 64, N/A, 193.95, 60|2, 40, N/A, 29.83, 0|3, 42, N/A, 27.60, 0|4, 43, N/A, 28.34, 0|5, 44, N/A, 27.37, 0|6, 41, N/A, 28.81, 0|
10:44:15 0, 69, N/A, 178.98, 100|1, 67, N/A, 200.69, 100|2, 40, N/A, 29.81, 0|3, 42, N/A, 27.35, 0|4, 43, N/A, 28.34, 0|5, 44, N/A, 27.37, 0|6, 41, N/A, 28.81, 0|
10:44:17 0, 70, N/A, 184.40, 100|1, 65, N/A, 53.72, 0|2, 40, N/A, 29.83, 0|3, 42, N/A, 27.60, 0|4, 43, N/A, 28.34, 0|5, 44, N/A, 27.37, 0|6, 41, N/A, 28.81, 0|
10:44:19 0, 67, N/A, 46.82, 0|1, 66, N/A, 198.01, 100|2, 40, N/A, 29.81, 0|3, 42, N/A, 27.60, 0|4, 43, N/A, 28.34, 0|5, 44, N/A, 27.61, 0|6, 41, N/A, 28.81, 0|
10:44:21 0, 70, N/A, 184.60, 100|1, 68, N/A, 200.20, 100|2, 40, N/A, 29.81, 0|3, 42, N/A, 27.60, 0|4, 43, N/A, 28.33, 0|5, 44, N/A, 27.61, 0|6, 41, N/A, 28.56, 0|
10:44:24 0, 71, N/A, 186.61, 100|1, 64, N/A, 52.24, 0|2, 40, N/A, 29.59, 0|3, 42, N/A, 27.84, 0|4, 43, N/A, 28.34, 0|5, 44, N/A, 27.37, 0|6, 41, N/A, 28.57, 0|
10:44:26 0, 66, N/A, 46.08, 0|1, 67, N/A, 199.97, 100|2, 40, N/A, 29.83, 0|3, 42, N/A, 27.35, 0|4, 43, N/A, 28.34, 0|5, 44, N/A, 27.61, 0|6, 41, N/A, 28.81, 0|
10:44:28 0, 70, N/A, 185.85, 100|1, 68, N/A, 203.14, 100|2, 40, N/A, 29.81, 0|3, 42, N/A, 27.84, 0|4, 43, N/A, 28.09, 0|5, 44, N/A, 27.61, 0|6, 41, N/A, 28.81, 0|
10:44:30 0, 71, N/A, 187.35, 100|1, 63, N/A, 51.28, 0|2, 40, N/A, 29.85, 0|3, 42, N/A, 27.60, 0|4, 43, N/A, 28.34, 0|5, 44, N/A, 27.37, 0|6, 41, N/A, 28.81, 0|
10:44:32 0, 68, N/A, 183.40, 100|1, 67, N/A, 200.20, 100|2, 40, N/A, 29.83, 0|3, 42, N/A, 27.84, 0|4, 43, N/A, 28.34, 0|5, 44, N/A, 27.61, 0|6, 41, N/A, 28.81, 0|
10:44:34 0, 70, N/A, 185.11, 100|1, 68, N/A, 201.18, 100|2, 40, N/A, 29.81, 0|3, 42, N/A, 27.35, 0|4, 43, N/A, 28.34, 0|5, 44, N/A, 27.37, 0|6, 41, N/A, 28.81, 0|
10:44:36 0, 68, N/A, 47.80, 0|1, 65, N/A, 197.76, 100|2, 40, N/A, 29.81, 0|3, 42, N/A, 27.60, 0|4, 43, N/A, 28.34, 0|5, 44, N/A, 27.61, 0|6, 41, N/A, 28.81, 0|
10:44:38 0, 66, N/A, 46.57, 0|1, 68, N/A, 201.19, 100|2, 40, N/A, 29.81, 0|3, 42, N/A, 27.60, 0|4, 43, N/A, 28.34, 0|5, 44, N/A, 27.61, 0|6, 41, N/A, 28.81, 0|
10:44:40 0, 66, N/A, 152.43, 76|1, 66, N/A, 55.44, 52|2, 40, N/A, 29.83, 0|3, 42, N/A, 27.60, 0|4, 43, N/A, 28.34, 0|5, 44, N/A, 27.61, 0|6, 41, N/A, 28.81, 0|
10:44:42 0, 69, N/A, 196.80, 100|1, 62, N/A, 49.78, 0|2, 40, N/A, 29.83, 0|3, 42, N/A, 27.60, 0|4, 43, N/A, 28.09, 0|5, 44, N/A, 27.61, 0|6, 41, N/A, 28.81, 0|
10:44:44 0, 68, N/A, 49.28, 49|1, 62, N/A, 135.56, 0|2, 40, N/A, 29.83, 0|3, 42, N/A, 27.60, 0|4, 43, N/A, 28.09, 0|5, 44, N/A, 27.61, 0|6, 41, N/A, 28.81, 0|
10:44:47 0, 65, N/A, 46.08, 0|1, 66, N/A, 157.09, 100|2, 40, N/A, 29.83, 0|3, 42, N/A, 27.60, 0|4, 43, N/A, 28.09, 0|5, 44, N/A, 27.37, 0|6, 41, N/A, 28.81, 0|
10:44:49 0, 64, N/A, 44.85, 72|1, 66, N/A, 211.12, 59|2, 40, N/A, 29.82, 0|3, 42, N/A, 27.60, 0|4, 43, N/A, 28.34, 0|5, 44, N/A, 27.37, 0|6, 41, N/A, 28.81, 0|
10:44:51 0, 66, N/A, 178.61, 43|1, 64, N/A, 53.72, 50|2, 40, N/A, 29.83, 0|3, 42, N/A, 27.60, 0|4, 43, N/A, 28.09, 0|5, 44, N/A, 27.37, 0|6, 41, N/A, 28.81, 0|
10:44:53 0, 65, N/A, 156.36, 43|1, 64, N/A, 70.20, 47|2, 40, N/A, 29.83, 0|3, 42, N/A, 27.60, 0|4, 43, N/A, 28.09, 0|5, 44, N/A, 27.37, 0|6, 41, N/A, 28.83, 0|
10:44:55 0, 65, N/A, 47.80, 52|1, 65, N/A, 190.75, 56|2, 40, N/A, 29.83, 0|3, 42, N/A, 27.60, 0|4, 43, N/A, 28.34, 0|5, 44, N/A, 27.38, 0|6, 41, N/A, 28.81, 0|
10:44:57 0, 66, N/A, 65.76, 52|1, 64, N/A, 173.92, 56|2, 40, N/A, 29.83, 0|3, 42, N/A, 27.60, 0|4, 43, N/A, 28.09, 0|5, 44, N/A, 27.37, 0|6, 41, N/A, 28.81, 0|
10:44:59 0, 65, N/A, 178.36, 43|1, 64, N/A, 53.23, 47|2, 40, N/A, 29.85, 0|3, 42, N/A, 27.35, 0|4, 43, N/A, 28.35, 0|5, 44, N/A, 27.63, 0|6, 41, N/A, 28.83, 0|
10:45:01 0, 65, N/A, 164.15, 43|1, 64, N/A, 62.84, 47|2, 40, N/A, 29.83, 0|3, 42, N/A, 27.60, 0|4, 43, N/A, 28.34, 0|5, 44, N/A, 27.37, 0|6, 41, N/A, 28.81, 0|
10:45:03 0, 65, N/A, 47.31, 53|1, 64, N/A, 189.28, 56|2, 40, N/A, 29.83, 0|3, 42, N/A, 27.60, 0|4, 43, N/A, 28.34, 0|5, 44, N/A, 27.37, 0|6, 41, N/A, 28.81, 0|
10:45:05 0, 65, N/A, 57.17, 48|1, 63, N/A, 179.33, 56|2, 40, N/A, 29.83, 0|3, 42, N/A, 27.60, 0|4, 43, N/A, 28.34, 0|5, 44, N/A, 27.61, 0|6, 41, N/A, 28.81, 0|
10:45:07 0, 65, N/A, 180.22, 43|1, 63, N/A, 82.70, 47|2, 40, N/A, 29.83, 0|3, 42, N/A, 27.60, 0|4, 43, N/A, 28.09, 0|5, 44, N/A, 27.61, 0|6, 41, N/A, 28.81, 0|
10:45:10 0, 65, N/A, 166.94, 46|1, 63, N/A, 58.89, 47|2, 40, N/A, 29.83, 0|3, 42, N/A, 27.60, 0|4, 43, N/A, 28.34, 0|5, 44, N/A, 27.61, 0|6, 41, N/A, 28.81, 0|
10:45:12 0, 64, N/A, 47.06, 52|1, 63, N/A, 190.51, 56|2, 40, N/A, 29.83, 0|3, 42, N/A, 27.35, 0|4, 43, N/A, 28.35, 0|5, 44, N/A, 27.37, 0|6, 41, N/A, 28.81, 0|
10:45:14 0, 65, N/A, 57.66, 47|1, 63, N/A, 181.31, 56|2, 40, N/A, 29.83, 0|3, 42, N/A, 27.60, 0|4, 43, N/A, 28.35, 0|5, 44, N/A, 27.61, 0|6, 41, N/A, 28.83, 0|
10:45:16 0, 65, N/A, 165.20, 43|1, 63, N/A, 112.36, 47|2, 40, N/A, 29.83, 0|3, 42, N/A, 27.60, 0|4, 43, N/A, 28.35, 0|5, 44, N/A, 27.37, 0|6, 41, N/A, 28.83, 0|
10:45:18 0, 64, N/A, 168.30, 47|1, 63, N/A, 58.40, 47|2, 40, N/A, 29.83, 0|3, 42, N/A, 27.60, 0|4, 43, N/A, 28.34, 0|5, 44, N/A, 27.61, 0|6, 41, N/A, 28.57, 0|
10:45:20 0, 64, N/A, 48.52, 52|1, 63, N/A, 151.71, 56|2, 40, N/A, 29.83, 0|3, 42, N/A, 27.60, 0|4, 43, N/A, 28.34, 0|5, 44, N/A, 27.37, 0|6, 41, N/A, 28.81, 0|
10:45:22 0, 64, N/A, 51.25, 43|1, 63, N/A, 186.09, 56|2, 40, N/A, 29.83, 0|3, 42, N/A, 27.60, 0|4, 43, N/A, 28.09, 0|5, 44, N/A, 27.37, 0|6, 41, N/A, 28.81, 0|
10:45:24 0, 65, N/A, 136.81, 43|1, 62, N/A, 111.87, 47|2, 40, N/A, 29.83, 0|3, 42, N/A, 27.60, 0|4, 43, N/A, 28.34, 0|5, 44, N/A, 27.61, 0|6, 41, N/A, 28.83, 0|
10:45:26 0, 64, N/A, 170.27, 52|1, 63, N/A, 55.94, 47|2, 40, N/A, 29.83, 0|3, 42, N/A, 27.84, 0|4, 43, N/A, 28.35, 0|5, 44, N/A, 27.61, 0|6, 41, N/A, 28.81, 0|
10:45:28 0, 64, N/A, 46.57, 52|1, 63, N/A, 111.63, 56|2, 40, N/A, 29.83, 0|3, 42, N/A, 27.61, 0|4, 43, N/A, 28.34, 0|5, 44, N/A, 27.61, 0|6, 41, N/A, 28.81, 0|
10:45:30 0, 64, N/A, 50.51, 43|1, 63, N/A, 185.95, 56|2, 40, N/A, 29.83, 0|3, 42, N/A, 27.60, 0|4, 43, N/A, 28.35, 0|5, 44, N/A, 27.61, 0|6, 41, N/A, 28.81, 0|
10:45:32 0, 64, N/A, 158.66, 43|1, 62, N/A, 106.03, 47|2, 40, N/A, 29.59, 0|3, 42, N/A, 27.60, 0|4, 43, N/A, 28.34, 0|5, 44, N/A, 27.37, 0|6, 41, N/A, 28.81, 0|
10:45:35 0, 64, N/A, 170.41, 48|1, 62, N/A, 56.92, 47|2, 40, N/A, 29.83, 0|3, 42, N/A, 27.60, 0|4, 43, N/A, 28.34, 0|5, 44, N/A, 27.61, 0|6, 41, N/A, 28.81, 0|
10:45:37 0, 63, N/A, 46.57, 52|1, 63, N/A, 190.51, 56|2, 40, N/A, 29.83, 0|3, 42, N/A, 27.60, 0|4, 43, N/A, 28.34, 0|5, 44, N/A, 27.61, 0|6, 41, N/A, 28.81, 0|
10:45:39 0, 64, N/A, 54.46, 50|1, 62, N/A, 184.01, 56|2, 40, N/A, 29.83, 0|3, 42, N/A, 27.60, 0|4, 43, N/A, 28.34, 0|5, 44, N/A, 27.37, 0|6, 41, N/A, 28.81, 0|
10:45:41 0, 64, N/A, 178.85, 43|1, 62, N/A, 51.99, 47|2, 40, N/A, 29.83, 0|3, 42, N/A, 27.35, 0|4, 43, N/A, 28.34, 0|5, 44, N/A, 27.61, 0|6, 41, N/A, 28.81, 0|
10:45:43 0, 64, N/A, 163.48, 43|1, 62, N/A, 62.81, 47|2, 40, N/A, 29.83, 0|3, 42, N/A, 27.60, 0|4, 43, N/A, 28.35, 0|5, 44, N/A, 27.61, 0|6, 41, N/A, 28.81, 0|
10:45:45 0, 63, N/A, 46.82, 53|1, 62, N/A, 190.03, 56|2, 40, N/A, 29.83, 0|3, 42, N/A, 27.61, 0|4, 43, N/A, 28.11, 0|5, 44, N/A, 27.63, 0|6, 41, N/A, 28.83, 0|
10:45:47 0, 64, N/A, 60.83, 47|1, 62, N/A, 177.63, 56|2, 40, N/A, 29.83, 0|3, 42, N/A, 27.35, 0|4, 43, N/A, 28.11, 0|5, 44, N/A, 27.37, 0|6, 41, N/A, 28.83, 0|
10:45:49 0, 64, N/A, 179.24, 43|1, 62, N/A, 52.49, 47|2, 40, N/A, 29.83, 0|3, 42, N/A, 27.60, 0|4, 43, N/A, 28.34, 0|5, 44, N/A, 27.61, 0|6, 41, N/A, 28.81, 0|
10:45:51 0, 63, N/A, 150.96, 43|1, 62, N/A, 72.17, 47|2, 40, N/A, 29.83, 0|3, 42, N/A, 27.84, 0|4, 43, N/A, 28.34, 0|5, 44, N/A, 27.61, 0|6, 41, N/A, 28.81, 0|
10:45:53 0, 63, N/A, 47.32, 52|1, 62, N/A, 189.05, 56|2, 40, N/A, 29.83, 0|3, 42, N/A, 27.37, 0|4, 43, N/A, 28.35, 0|5, 44, N/A, 27.63, 0|6, 41, N/A, 28.83, 0|
10:45:55 0, 64, N/A, 64.27, 52|1, 61, N/A, 175.39, 56|2, 40, N/A, 29.83, 0|3, 42, N/A, 27.60, 0|4, 43, N/A, 28.35, 0|5, 45, N/A, 27.37, 0|6, 41, N/A, 28.81, 0|
10:45:58 0, 64, N/A, 175.56, 43|1, 62, N/A, 52.49, 47|2, 40, N/A, 29.83, 0|3, 42, N/A, 27.60, 0|4, 43, N/A, 28.34, 0|5, 44, N/A, 27.61, 0|6, 41, N/A, 28.81, 0|
10:46:00 0, 63, N/A, 142.95, 43|1, 62, N/A, 76.35, 47|2, 40, N/A, 29.83, 0|3, 42, N/A, 27.60, 0|4, 43, N/A, 28.34, 0|5, 44, N/A, 27.61, 0|6, 41, N/A, 28.81, 0|
10:46:02 0, 63, N/A, 48.29, 52|1, 62, N/A, 186.09, 56|2, 40, N/A, 29.83, 0|3, 42, N/A, 27.86, 0|4, 43, N/A, 28.35, 0|5, 44, N/A, 27.63, 0|6, 41, N/A, 28.83, 0|
10:46:04 0, 64, N/A, 111.14, 53|1, 61, N/A, 139.26, 56|2, 40, N/A, 29.83, 0|3, 42, N/A, 27.60, 0|4, 43, N/A, 28.34, 0|5, 45, N/A, 27.61, 0|6, 41, N/A, 28.81, 0|
10:46:06 0, 63, N/A, 169.77, 45|1, 62, N/A, 55.94, 49|2, 40, N/A, 29.83, 0|3, 42, N/A, 27.35, 0|4, 43, N/A, 28.34, 0|5, 44, N/A, 27.61, 0|6, 41, N/A, 28.81, 0|
10:46:08 0, 62, N/A, 46.32, 43|1, 62, N/A, 189.28, 47|2, 40, N/A, 29.83, 0|3, 42, N/A, 27.60, 0|4, 43, N/A, 28.34, 0|5, 44, N/A, 27.37, 0|6, 41, N/A, 28.81, 0|
10:46:10 0, 64, N/A, 63.78, 49|1, 61, N/A, 174.57, 51|2, 40, N/A, 29.83, 0|3, 42, N/A, 27.60, 0|4, 43, N/A, 28.35, 0|5, 44, N/A, 27.61, 0|6, 41, N/A, 28.81, 0|
10:46:12 0, 63, N/A, 172.72, 52|1, 61, N/A, 52.73, 56|2, 40, N/A, 29.83, 0|3, 42, N/A, 27.60, 0|4, 43, N/A, 28.34, 0|5, 44, N/A, 27.61, 0|6, 41, N/A, 28.81, 0|
10:46:14 0, 62, N/A, 105.78, 52|1, 62, N/A, 107.44, 56|2, 40, N/A, 29.83, 0|3, 42, N/A, 27.60, 0|4, 43, N/A, 28.34, 0|5, 44, N/A, 27.37, 0|6, 41, N/A, 28.81, 0|
10:46:16 0, 63, N/A, 50.02, 44|1, 62, N/A, 184.62, 47|2, 40, N/A, 29.83, 0|3, 42, N/A, 27.60, 0|4, 43, N/A, 28.34, 0|5, 44, N/A, 27.61, 0|6, 41, N/A, 28.81, 0|
10:46:18 0, 63, N/A, 177.86, 43|1, 61, N/A, 81.96, 47|2, 40, N/A, 29.83, 0|3, 42, N/A, 27.60, 0|4, 43, N/A, 28.34, 0|5, 44, N/A, 27.61, 0|6, 41, N/A, 28.81, 0|
10:46:21 0, 63, N/A, 159.06, 49|1, 61, N/A, 66.99, 51|2, 40, N/A, 29.83, 0|3, 42, N/A, 27.60, 0|4, 43, N/A, 28.34, 0|5, 44, N/A, 27.61, 0|6, 41, N/A, 28.81, 0|
10:46:23 0, 63, N/A, 47.31, 52|1, 62, N/A, 188.05, 56|2, 40, N/A, 29.83, 0|3, 42, N/A, 27.60, 0|4, 43, N/A, 28.34, 0|5, 44, N/A, 27.61, 0|6, 41, N/A, 28.81, 0|
10:46:25 0, 63, N/A, 90.77, 52|1, 61, N/A, 164.35, 56|2, 40, N/A, 29.83, 0|3, 43, N/A, 27.60, 0|4, 43, N/A, 28.35, 0|5, 44, N/A, 27.61, 0|6, 41, N/A, 28.81, 0|
10:46:27 0, 63, N/A, 174.93, 44|1, 61, N/A, 52.98, 47|2, 40, N/A, 29.83, 0|3, 42, N/A, 27.60, 0|4, 43, N/A, 28.34, 0|5, 44, N/A, 27.61, 0|6, 41, N/A, 28.81, 0|
10:46:29 0, 62, N/A, 106.47, 46|1, 62, N/A, 103.07, 47|2, 40, N/A, 29.83, 0|3, 42, N/A, 27.60, 0|4, 43, N/A, 28.34, 0|5, 44, N/A, 27.61, 0|6, 41, N/A, 28.81, 0|
10:46:31 0, 63, N/A, 51.74, 52|1, 61, N/A, 184.38, 56|2, 40, N/A, 29.83, 0|3, 42, N/A, 27.60, 0|4, 43, N/A, 28.35, 0|5, 44, N/A, 27.63, 0|6, 41, N/A, 28.81, 0|
10:46:33 0, 63, N/A, 176.15, 52|1, 61, N/A, 64.77, 56|2, 40, N/A, 29.83, 0|3, 42, N/A, 27.60, 0|4, 43, N/A, 28.35, 0|5, 45, N/A, 27.61, 0|6, 41, N/A, 28.83, 0|
10:46:35 0, 63, N/A, 157.26, 43|1, 61, N/A, 66.49, 47|2, 40, N/A, 29.83, 0|3, 42, N/A, 27.84, 0|4, 43, N/A, 28.34, 0|5, 44, N/A, 27.61, 0|6, 41, N/A, 28.57, 0|
10:46:37 0, 63, N/A, 47.56, 43|1, 62, N/A, 186.58, 47|2, 40, N/A, 29.83, 0|3, 42, N/A, 27.35, 0|4, 43, N/A, 28.34, 0|5, 44, N/A, 27.61, 0|6, 41, N/A, 28.81, 0|
10:46:39 0, 63, N/A, 84.43, 51|1, 61, N/A, 156.86, 54|2, 40, N/A, 29.83, 0|3, 42, N/A, 27.60, 0|4, 43, N/A, 28.35, 0|5, 44, N/A, 27.38, 0|6, 41, N/A, 28.83, 0|
10:46:41 0, 63, N/A, 171.75, 52|1, 61, N/A, 53.72, 56|2, 40, N/A, 29.85, 0|3, 42, N/A, 27.60, 0|4, 43, N/A, 28.34, 0|5, 44, N/A, 27.37, 0|6, 41, N/A, 28.81, 0|
10:46:43 0, 62, N/A, 46.08, 52|1, 62, N/A, 156.11, 56|2, 40, N/A, 29.83, 0|3, 42, N/A, 27.60, 0|4, 43, N/A, 28.35, 0|5, 44, N/A, 27.61, 0|6, 41, N/A, 28.81, 0|
10:46:46 0, 64, N/A, 54.71, 43|1, 61, N/A, 181.80, 47|2, 40, N/A, 29.83, 0|3, 42, N/A, 27.60, 0|4, 43, N/A, 28.35, 0|5, 45, N/A, 27.61, 0|6, 41, N/A, 28.81, 0|
10:46:48 0, 64, N/A, 178.85, 43|1, 62, N/A, 52.24, 47|2, 40, N/A, 29.83, 0|3, 43, N/A, 27.60, 0|4, 43, N/A, 28.34, 0|5, 44, N/A, 27.37, 0|6, 41, N/A, 28.81, 0|
10:46:50 0, 63, N/A, 127.05, 45|1, 63, N/A, 87.87, 54|2, 40, N/A, 29.83, 0|3, 43, N/A, 27.60, 0|4, 43, N/A, 28.35, 0|5, 45, N/A, 27.61, 0|6, 41, N/A, 28.81, 0|
10:46:52 0, 63, N/A, 49.03, 52|1, 63, N/A, 185.11, 56|2, 40, N/A, 29.83, 0|3, 43, N/A, 27.84, 0|4, 43, N/A, 28.58, 0|5, 45, N/A, 27.61, 0|6, 41, N/A, 28.81, 0|
10:46:54 0, 64, N/A, 129.02, 50|1, 62, N/A, 119.17, 56|2, 40, N/A, 30.08, 0|3, 43, N/A, 27.84, 0|4, 43, N/A, 28.34, 0|5, 45, N/A, 27.63, 0|6, 41, N/A, 28.83, 0|
10:46:56 0, 64, N/A, 161.28, 43|1, 63, N/A, 63.79, 47|2, 40, N/A, 30.08, 0|3, 43, N/A, 27.84, 0|4, 43, N/A, 28.35, 0|5, 45, N/A, 27.61, 0|6, 41, N/A, 28.81, 0|
10:46:58 0, 64, N/A, 48.05, 44|1, 63, N/A, 188.56, 47|2, 40, N/A, 30.08, 0|3, 43, N/A, 27.84, 0|4, 43, N/A, 28.11, 0|5, 45, N/A, 27.63, 0|6, 41, N/A, 28.83, 0|
10:47:00 0, 65, N/A, 128.29, 52|1, 63, N/A, 121.46, 50|2, 40, N/A, 29.83, 0|3, 43, N/A, 27.60, 0|4, 43, N/A, 28.11, 0|5, 45, N/A, 27.63, 0|6, 41, N/A, 28.83, 0|
10:47:02 0, 64, N/A, 163.23, 52|1, 63, N/A, 62.31, 56|2, 40, N/A, 30.08, 0|3, 43, N/A, 27.60, 0|4, 43, N/A, 28.34, 0|5, 45, N/A, 27.61, 0|6, 41, N/A, 28.81, 0|
10:47:04 0, 64, N/A, 47.07, 47|1, 64, N/A, 189.29, 56|2, 41, N/A, 30.08, 0|3, 43, N/A, 27.84, 0|4, 43, N/A, 28.58, 0|5, 45, N/A, 27.61, 0|6, 41, N/A, 28.81, 0|
10:47:06 0, 65, N/A, 51.75, 44|1, 64, N/A, 186.35, 47|2, 40, N/A, 30.08, 0|3, 43, N/A, 27.60, 0|4, 43, N/A, 28.60, 0|5, 45, N/A, 27.61, 0|6, 41, N/A, 28.83, 0|
10:47:09 0, 66, N/A, 180.08, 44|1, 63, N/A, 52.73, 47|2, 40, N/A, 30.08, 0|3, 43, N/A, 27.84, 0|4, 43, N/A, 28.58, 0|5, 45, N/A, 27.61, 0|6, 42, N/A, 28.81, 0|
10:47:11 0, 65, N/A, 160.29, 52|1, 64, N/A, 65.76, 56|2, 41, N/A, 30.08, 0|3, 43, N/A, 27.84, 0|4, 43, N/A, 28.58, 0|5, 45, N/A, 27.61, 0|6, 42, N/A, 28.81, 0|
10:47:13 0, 65, N/A, 48.05, 52|1, 64, N/A, 186.61, 56|2, 40, N/A, 30.08, 0|3, 43, N/A, 27.84, 0|4, 43, N/A, 28.60, 0|5, 45, N/A, 27.61, 0|6, 42, N/A, 28.81, 0|
10:47:15 0, 66, N/A, 72.86, 45|1, 64, N/A, 173.21, 52|2, 41, N/A, 29.83, 0|3, 43, N/A, 27.60, 0|4, 43, N/A, 28.60, 0|5, 45, N/A, 27.63, 0|6, 42, N/A, 28.83, 0|
10:47:17 0, 66, N/A, 177.28, 44|1, 64, N/A, 54.21, 47|2, 40, N/A, 30.08, 0|3, 43, N/A, 27.84, 0|4, 43, N/A, 28.58, 0|5, 45, N/A, 27.61, 0|6, 42, N/A, 28.81, 0|
10:47:19 0, 65, N/A, 111.14, 43|1, 65, N/A, 105.78, 47|2, 41, N/A, 30.08, 0|3, 43, N/A, 27.60, 0|4, 43, N/A, 28.58, 0|5, 45, N/A, 27.61, 0|6, 42, N/A, 28.81, 0|
10:47:21 0, 64, N/A, 45.86, 0|1, 63, N/A, 51.50, 0|2, 41, N/A, 30.08, 0|3, 43, N/A, 27.60, 0|4, 44, N/A, 28.60, 0|5, 45, N/A, 27.63, 0|6, 42, N/A, 28.83, 0|
10:47:23 0, 63, N/A, 45.37, 0|1, 62, N/A, 50.27, 0|2, 41, N/A, 30.08, 0|3, 43, N/A, 27.86, 0|4, 43, N/A, 28.60, 0|5, 45, N/A, 27.63, 0|6, 42, N/A, 29.08, 0|
10:47:25 0, 64, N/A, 92.55, 34|1, 62, N/A, 153.50, 38|2, 41, N/A, 30.08, 0|3, 43, N/A, 27.86, 0|4, 43, N/A, 28.35, 0|5, 45, N/A, 27.63, 0|6, 42, N/A, 28.83, 0|
10:47:27 0, 67, N/A, 155.39, 100|1, 61, N/A, 49.81, 0|2, 41, N/A, 30.08, 0|3, 43, N/A, 27.60, 0|4, 44, N/A, 28.58, 0|5, 45, N/A, 27.61, 0|6, 42, N/A, 29.06, 0|
10:47:29 0, 63, N/A, 45.34, 0|1, 65, N/A, 167.57, 100|2, 41, N/A, 30.08, 0|3, 43, N/A, 27.84, 0|4, 44, N/A, 28.60, 0|5, 45, N/A, 27.61, 0|6, 42, N/A, 28.81, 0|
10:47:32 0, 65, N/A, 53.72, 45|1, 65, N/A, 194.43, 54|2, 41, N/A, 30.08, 0|3, 43, N/A, 27.84, 0|4, 43, N/A, 28.60, 0|5, 45, N/A, 27.61, 0|6, 42, N/A, 29.06, 0|
10:47:34 0, 65, N/A, 138.60, 47|1, 65, N/A, 91.32, 53|2, 41, N/A, 30.08, 0|3, 43, N/A, 27.60, 0|4, 44, N/A, 28.58, 0|5, 45, N/A, 27.61, 0|6, 42, N/A, 28.81, 0|
10:47:36 0, 67, N/A, 151.95, 100|1, 63, N/A, 51.01, 0|2, 41, N/A, 30.10, 0|3, 43, N/A, 27.84, 0|4, 44, N/A, 28.58, 0|5, 45, N/A, 27.61, 0|6, 42, N/A, 28.81, 0|
10:47:38 0, 67, N/A, 163.14, 100|1, 65, N/A, 203.49, 100|2, 41, N/A, 30.08, 0|3, 43, N/A, 27.60, 0|4, 44, N/A, 28.58, 0|5, 45, N/A, 27.61, 0|6, 42, N/A, 28.81, 0|
10:47:40 0, 66, N/A, 47.07, 0|1, 65, N/A, 172.23, 100|2, 41, N/A, 30.08, 0|3, 43, N/A, 27.60, 0|4, 44, N/A, 28.60, 0|5, 45, N/A, 27.63, 0|6, 42, N/A, 28.81, 0|
10:47:42 0, 66, N/A, 46.82, 0|1, 67, N/A, 202.42, 100|2, 41, N/A, 30.06, 0|3, 43, N/A, 27.60, 0|4, 43, N/A, 28.60, 0|5, 45, N/A, 27.61, 0|6, 42, N/A, 28.81, 0|
10:47:44 0, 68, N/A, 154.16, 100|1, 63, N/A, 51.01, 0|2, 41, N/A, 30.08, 0|3, 43, N/A, 27.60, 0|4, 44, N/A, 28.58, 0|5, 45, N/A, 27.61, 0|6, 42, N/A, 29.06, 0|
10:47:46 0, 64, N/A, 45.83, 0|1, 66, N/A, 170.51, 100|2, 41, N/A, 30.08, 0|3, 43, N/A, 27.60, 0|4, 44, N/A, 28.60, 0|5, 45, N/A, 27.61, 0|6, 42, N/A, 28.81, 0|
10:47:48 0, 65, N/A, 102.04, 46|1, 66, N/A, 117.77, 53|2, 41, N/A, 30.08, 0|3, 43, N/A, 27.60, 0|4, 44, N/A, 28.58, 0|5, 45, N/A, 27.61, 0|6, 42, N/A, 29.06, 0|
10:47:50 0, 66, N/A, 158.08, 46|1, 65, N/A, 73.63, 53|2, 41, N/A, 30.08, 0|3, 43, N/A, 27.60, 0|4, 44, N/A, 28.58, 0|5, 45, N/A, 27.61, 0|6, 42, N/A, 28.81, 0|
10:47:52 0, 67, N/A, 145.15, 100|1, 63, N/A, 51.04, 0|2, 41, N/A, 30.10, 0|3, 43, N/A, 27.60, 0|4, 44, N/A, 28.58, 0|5, 45, N/A, 27.61, 0|6, 42, N/A, 28.81, 0|
10:47:55 0, 66, N/A, 167.06, 52|1, 64, N/A, 190.51, 100|2, 41, N/A, 30.08, 0|3, 43, N/A, 27.60, 0|4, 44, N/A, 28.58, 0|5, 45, N/A, 27.61, 0|6, 42, N/A, 29.06, 0|
10:47:57 0, 65, N/A, 47.06, 0|1, 64, N/A, 195.31, 100|2, 41, N/A, 30.08, 0|3, 43, N/A, 27.60, 0|4, 43, N/A, 28.60, 0|5, 45, N/A, 27.61, 0|6, 42, N/A, 29.06, 0|
10:47:59 0, 68, N/A, 186.95, 100|1, 63, N/A, 51.26, 0|2, 41, N/A, 30.10, 0|3, 43, N/A, 27.60, 0|4, 44, N/A, 28.60, 0|5, 45, N/A, 27.63, 0|6, 42, N/A, 28.81, 0|
10:48:01 0, 68, N/A, 173.20, 100|1, 64, N/A, 52.73, 16|2, 41, N/A, 30.08, 0|3, 43, N/A, 27.84, 0|4, 43, N/A, 28.58, 0|5, 45, N/A, 27.61, 0|6, 42, N/A, 28.81, 0|
10:48:03 0, 67, N/A, 195.65, 100|1, 66, N/A, 164.35, 100|2, 41, N/A, 30.06, 0|3, 43, N/A, 27.60, 0|4, 44, N/A, 28.58, 0|5, 45, N/A, 27.61, 0|6, 42, N/A, 28.81, 0|
10:48:05 0, 67, N/A, 181.42, 100|1, 65, N/A, 199.45, 100|2, 41, N/A, 30.08, 0|3, 43, N/A, 27.84, 0|4, 44, N/A, 28.58, 0|5, 45, N/A, 27.61, 0|6, 42, N/A, 28.81, 0|
10:48:07 0, 65, N/A, 46.32, 0|1, 65, N/A, 210.98, 100|2, 41, N/A, 30.08, 0|3, 43, N/A, 27.60, 0|4, 44, N/A, 28.58, 0|5, 45, N/A, 27.63, 0|6, 42, N/A, 28.81, 0|
10:48:09 0, 67, N/A, 48.05, 100|1, 64, N/A, 154.39, 18|2, 41, N/A, 30.08, 0|3, 43, N/A, 27.60, 0|4, 44, N/A, 28.60, 0|5, 45, N/A, 27.63, 0|6, 42, N/A, 28.83, 0|
10:48:11 0, 68, N/A, 159.07, 100|1, 63, N/A, 52.24, 0|2, 40, N/A, 30.08, 0|3, 43, N/A, 27.60, 0|4, 43, N/A, 28.58, 0|5, 45, N/A, 27.61, 0|6, 42, N/A, 28.81, 0|
10:48:13 0, 68, N/A, 159.70, 100|1, 65, N/A, 190.87, 100|2, 40, N/A, 30.08, 0|3, 43, N/A, 27.60, 0|4, 43, N/A, 28.58, 0|5, 45, N/A, 27.61, 0|6, 42, N/A, 28.81, 0|
10:48:15 0, 67, N/A, 158.57, 100|1, 65, N/A, 192.85, 100|2, 41, N/A, 30.06, 0|3, 43, N/A, 27.60, 0|4, 43, N/A, 28.58, 0|5, 45, N/A, 27.61, 0|6, 42, N/A, 28.81, 0|
10:48:18 0, 65, N/A, 46.57, 0|1, 65, N/A, 201.68, 100|2, 40, N/A, 30.06, 0|3, 43, N/A, 27.84, 0|4, 43, N/A, 28.58, 0|5, 45, N/A, 27.61, 0|6, 42, N/A, 28.81, 0|
10:48:20 0, 68, N/A, 49.04, 100|1, 63, N/A, 165.20, 45|2, 40, N/A, 30.08, 0|3, 43, N/A, 27.60, 0|4, 43, N/A, 28.60, 0|5, 45, N/A, 27.61, 0|6, 42, N/A, 28.81, 0|
10:48:22 0, 68, N/A, 179.00, 100|1, 64, N/A, 52.49, 0|2, 40, N/A, 30.08, 0|3, 43, N/A, 27.60, 0|4, 43, N/A, 28.58, 0|5, 45, N/A, 27.61, 0|6, 42, N/A, 28.81, 0|
10:48:24 0, 68, N/A, 161.42, 100|1, 65, N/A, 187.56, 100|2, 40, N/A, 30.08, 0|3, 43, N/A, 27.84, 0|4, 43, N/A, 28.58, 0|5, 45, N/A, 27.61, 0|6, 41, N/A, 28.81, 0|
10:48:26 0, 67, N/A, 151.44, 95|1, 65, N/A, 191.49, 100|2, 40, N/A, 30.06, 0|3, 43, N/A, 27.84, 0|4, 43, N/A, 28.58, 0|5, 45, N/A, 27.61, 0|6, 41, N/A, 28.81, 0|
10:48:28 0, 66, N/A, 47.31, 0|1, 64, N/A, 194.33, 100|2, 40, N/A, 30.08, 0|3, 43, N/A, 27.60, 0|4, 43, N/A, 28.58, 0|5, 45, N/A, 27.61, 0|6, 42, N/A, 28.81, 0|
10:48:30 0, 66, N/A, 47.56, 0|1, 66, N/A, 209.04, 100|2, 40, N/A, 30.06, 0|3, 43, N/A, 27.60, 0|4, 43, N/A, 28.34, 0|5, 45, N/A, 27.61, 0|6, 42, N/A, 28.81, 0|
10:48:32 0, 68, N/A, 194.44, 100|1, 62, N/A, 51.01, 0|2, 40, N/A, 30.08, 0|3, 43, N/A, 27.60, 0|4, 43, N/A, 28.58, 0|5, 45, N/A, 27.61, 0|6, 41, N/A, 28.81, 0|
10:48:34 0, 65, N/A, 46.08, 0|1, 65, N/A, 201.44, 100|2, 40, N/A, 30.06, 0|3, 43, N/A, 27.60, 0|4, 43, N/A, 28.60, 0|5, 45, N/A, 27.61, 0|6, 42, N/A, 28.81, 0|
10:48:36 0, 66, N/A, 154.88, 47|1, 64, N/A, 74.86, 52|2, 40, N/A, 30.08, 0|3, 43, N/A, 27.84, 0|4, 43, N/A, 28.60, 0|5, 45, N/A, 27.61, 0|6, 41, N/A, 28.81, 0|
10:48:38 0, 66, N/A, 167.08, 47|1, 64, N/A, 124.90, 52|2, 40, N/A, 30.08, 0|3, 43, N/A, 27.60, 0|4, 43, N/A, 28.60, 0|5, 45, N/A, 27.61, 0|6, 41, N/A, 28.81, 0|
10:48:40 0, 66, N/A, 59.60, 45|1, 64, N/A, 187.32, 55|2, 40, N/A, 30.08, 0|3, 43, N/A, 27.60, 0|4, 43, N/A, 28.60, 0|5, 45, N/A, 27.63, 0|6, 41, N/A, 28.81, 0|
10:48:43 0, 63, N/A, 45.10, 0|1, 61, N/A, 48.05, 0|2, 40, N/A, 30.08, 0|3, 43, N/A, 27.60, 0|4, 43, N/A, 28.35, 0|5, 45, N/A, 27.63, 0|6, 41, N/A, 28.81, 0|
