tag	run	eval_tps	prompt_tps	prompt_n	predicted_n	gpu0_used	gpu1_used	gpu2_used	gpu3_used
O_f16_fa1_ctx16384_warmup	1	14.990287932982172	9.998422282856723	59	256	4595MiB	12137MiB	12137MiB	10241MiB
O_f16_fa1_ctx16384_warmup	2	15.020121976298364	10.179002064439638	59	256	4595MiB	12137MiB	12137MiB	10241MiB
O_f16_fa1_ctx16384_warmup	3	15.01053463947657	10.140737974158993	59	256	4595MiB	12137MiB	12137MiB	10241MiB
