run	kind	prompt_n	cache_n	prompt_ms	predicted_ms	eval_tps	predicted_n	wall_ms
0	miss	395	0	9354.758	13510.747	18.947879047694403	256	23057.1
1	hit	4	391	174.446	14130.96	18.11624970985694	256	14478.0
2	hit	4	391	173.95	14133.862	18.11253003602271	256	14510.5
3	hit	4	391	172.834	14135.101	18.110942397935464	256	14519.8
4	hit	4	391	172.999	14133.858	18.112535162020166	256	14488.3
