idx	suffix_id	prompt_n	cache_n	prompt_ms	predicted_ms	eval_tps	wall_ms
1	s1_summarize	428	0	10345.135	13491.095	18.975479751643586	24437.9
2	s2_critique	252	172	5610.042	13444.205	19.04166144446622	19280.5
3	s3_translate	253	172	5762.208	13347.665	19.179384559022118	19321.6
4	s4_keywords	255	172	5723.542	14015.681	18.265255894451364	19979.6
5	s5_questions	251	172	5662.614	13349.225	19.177143242397968	19182.2
