tag	run	eval_tps	prompt_tps	prompt_n	predicted_n	gpu0_used	gpu1_used	gpu2_used	gpu3_used
N_f16_fa1_ctx1024_warmup	1	15.269958551606257	9.70427721037501	58	256	2695MiB	10197MiB	10197MiB	3109MiB
N_f16_fa1_ctx1024_warmup	2	15.266267863247874	9.910213465998059	58	256	2695MiB	10197MiB	10197MiB	3109MiB
N_f16_fa1_ctx1024_warmup	3	15.263245978477512	9.90859830576636	58	256	2695MiB	10197MiB	10197MiB	3109MiB
N_f16_fa1_ctx2048_warmup	1	15.44582503572752	9.853975968870952	58	256	2719MiB	10437MiB	10437MiB	4121MiB
N_f16_fa1_ctx2048_warmup	2	15.422341731983197	10.100744477113192	58	256	2719MiB	10437MiB	10437MiB	4121MiB
N_f16_fa1_ctx2048_warmup	3	15.426285824611206	10.213848040834261	58	256	2719MiB	10437MiB	10437MiB	4121MiB
N_f16_fa1_ctx8192_warmup	1	15.055265173207886	9.666138251108938	58	256	4083MiB	11961MiB	11961MiB	10193MiB
N_f16_fa1_ctx8192_warmup	2	15.049006265912414	9.947190707540244	58	256	4083MiB	11961MiB	11961MiB	10193MiB
N_f16_fa1_ctx8192_warmup	3	15.0579554825663	9.970029746787029	58	256	4083MiB	11961MiB	11961MiB	10193MiB
