idx	suffix_id	prompt_n	cache_n	prompt_ms	predicted_ms	eval_tps	wall_ms
1	s1_summarize	428	0	10373.965	13594.117	18.83167549609879	24189.7
2	s2_critique	252	172	5623.391	13545.542	18.899206838677994	19368.4
3	s3_translate	253	172	5757.864	13453.094	19.029079853303635	19408.3
4	s4_keywords	255	172	5756.698	14127.737	18.12038262037296	20086.3
5	s5_questions	251	172	5676.239	13451.126	19.031863949531065	19341.9
