11:54:47 0, 58, N/A, 41.92, 0|1, 57, N/A, 45.62, 0|2, 49, N/A, 32.32, 0|3, 51, N/A, 29.34, 0|4, 51, N/A, 30.33, 0|5, 54, N/A, 29.36, 0|6, 51, N/A, 30.80, 0|
11:54:50 0, 58, N/A, 37.48, 0|1, 57, N/A, 40.93, 0|2, 49, N/A, 39.70, 2|3, 51, N/A, 35.24, 0|4, 51, N/A, 36.72, 0|5, 54, N/A, 36.25, 0|6, 51, N/A, 38.17, 0|
11:54:52 0, 58, N/A, 37.97, 4|1, 56, N/A, 40.69, 0|2, 50, N/A, 39.45, 0|3, 52, N/A, 35.24, 0|4, 52, N/A, 36.72, 0|5, 54, N/A, 36.25, 0|6, 51, N/A, 38.42, 0|
11:54:54 0, 58, N/A, 41.92, 0|1, 57, N/A, 46.11, 0|2, 50, N/A, 45.62, 0|3, 52, N/A, 39.67, 74|4, 52, N/A, 36.72, 0|5, 54, N/A, 36.25, 0|6, 51, N/A, 38.42, 0|
11:54:56 0, 58, N/A, 41.67, 0|1, 57, N/A, 46.11, 0|2, 50, N/A, 45.62, 0|3, 52, N/A, 39.92, 0|4, 52, N/A, 42.38, 0|5, 54, N/A, 41.18, 0|6, 51, N/A, 44.08, 70|
11:54:58 0, 58, N/A, 42.65, 10|1, 57, N/A, 47.09, 9|2, 50, N/A, 39.70, 10|3, 52, N/A, 35.48, 10|4, 52, N/A, 36.96, 11|5, 54, N/A, 41.67, 2|6, 51, N/A, 44.58, 2|
11:55:00 0, 58, N/A, 42.65, 0|1, 57, N/A, 47.10, 0|2, 50, N/A, 39.45, 0|3, 52, N/A, 35.24, 0|4, 52, N/A, 36.72, 0|5, 54, N/A, 36.25, 0|6, 51, N/A, 38.17, 0|
11:55:02 0, 58, N/A, 42.65, 0|1, 57, N/A, 46.82, 0|2, 50, N/A, 39.45, 0|3, 52, N/A, 35.48, 0|4, 52, N/A, 36.72, 0|5, 54, N/A, 36.49, 0|6, 51, N/A, 38.17, 0|
11:55:04 0, 59, N/A, 43.37, 10|1, 57, N/A, 47.59, 9|2, 50, N/A, 39.94, 16|3, 52, N/A, 35.73, 15|4, 53, N/A, 38.19, 12|5, 55, N/A, 40.68, 11|6, 52, N/A, 136.82, 24|
11:55:06 0, 59, N/A, 43.40, 10|1, 57, N/A, 47.59, 10|2, 51, N/A, 39.94, 12|3, 52, N/A, 35.73, 10|4, 53, N/A, 37.95, 12|5, 55, N/A, 38.96, 11|6, 53, N/A, 92.88, 27|
11:55:08 0, 59, N/A, 43.64, 12|1, 58, N/A, 47.59, 9|2, 51, N/A, 40.19, 14|3, 52, N/A, 35.73, 10|4, 53, N/A, 37.70, 12|5, 55, N/A, 37.97, 20|6, 53, N/A, 65.43, 26|
11:55:10 0, 59, N/A, 143.20, 10|1, 58, N/A, 64.81, 9|2, 51, N/A, 40.19, 12|3, 53, N/A, 35.73, 10|4, 53, N/A, 37.46, 20|5, 55, N/A, 37.23, 11|6, 53, N/A, 45.32, 24|
11:55:13 0, 60, N/A, 103.33, 10|1, 58, N/A, 124.66, 9|2, 51, N/A, 40.19, 12|3, 53, N/A, 35.73, 10|4, 53, N/A, 37.21, 12|5, 55, N/A, 36.98, 11|6, 54, N/A, 40.88, 31|
11:55:15 0, 60, N/A, 52.74, 20|1, 58, N/A, 68.50, 9|2, 51, N/A, 110.23, 23|3, 53, N/A, 78.96, 17|4, 53, N/A, 37.21, 12|5, 55, N/A, 36.74, 11|6, 54, N/A, 40.14, 24|
11:55:17 0, 60, N/A, 48.05, 10|1, 58, N/A, 57.17, 15|2, 51, N/A, 71.18, 12|3, 53, N/A, 109.59, 10|4, 53, N/A, 79.96, 12|5, 55, N/A, 36.98, 11|6, 54, N/A, 39.90, 23|
11:55:19 0, 60, N/A, 48.30, 11|1, 58, N/A, 58.15, 9|2, 52, N/A, 74.88, 22|3, 53, N/A, 106.83, 10|4, 53, N/A, 66.71, 12|5, 56, N/A, 36.98, 16|6, 54, N/A, 40.14, 24|
11:55:21 0, 60, N/A, 46.08, 10|1, 58, N/A, 52.49, 9|2, 52, N/A, 53.47, 12|3, 53, N/A, 69.65, 10|4, 53, N/A, 109.78, 14|5, 56, N/A, 36.98, 11|6, 54, N/A, 40.14, 24|
11:55:23 0, 60, N/A, 45.10, 10|1, 58, N/A, 50.05, 9|2, 52, N/A, 47.59, 12|3, 53, N/A, 53.44, 10|4, 54, N/A, 107.88, 12|5, 56, N/A, 74.83, 12|6, 54, N/A, 40.14, 34|
11:55:25 0, 60, N/A, 44.11, 10|1, 58, N/A, 48.57, 9|2, 52, N/A, 42.17, 13|3, 53, N/A, 40.16, 17|4, 54, N/A, 54.19, 12|5, 56, N/A, 97.42, 11|6, 54, N/A, 97.74, 24|
11:55:27 0, 60, N/A, 44.13, 10|1, 58, N/A, 48.33, 9|2, 52, N/A, 41.42, 12|3, 53, N/A, 37.95, 10|4, 54, N/A, 46.30, 12|5, 56, N/A, 68.43, 11|6, 55, N/A, 129.77, 25|
11:55:29 0, 60, N/A, 44.13, 14|1, 58, N/A, 48.08, 9|2, 52, N/A, 41.18, 13|3, 53, N/A, 37.21, 10|4, 54, N/A, 42.63, 12|5, 57, N/A, 55.17, 22|6, 55, N/A, 138.35, 28|
11:55:31 0, 60, N/A, 44.11, 10|1, 58, N/A, 48.33, 13|2, 52, N/A, 41.18, 12|3, 54, N/A, 37.21, 10|4, 55, N/A, 42.14, 18|5, 57, N/A, 50.49, 11|6, 55, N/A, 141.71, 24|
11:55:33 0, 60, N/A, 44.11, 10|1, 58, N/A, 48.33, 9|2, 52, N/A, 40.93, 12|3, 54, N/A, 36.47, 10|4, 54, N/A, 39.92, 12|5, 57, N/A, 45.10, 14|6, 56, N/A, 145.64, 35|
11:55:35 0, 60, N/A, 38.22, 11|1, 58, N/A, 41.42, 9|2, 52, N/A, 41.18, 12|3, 54, N/A, 36.96, 10|4, 55, N/A, 40.66, 18|5, 57, N/A, 47.07, 11|6, 56, N/A, 145.65, 24|
11:55:38 0, 60, N/A, 38.46, 18|1, 58, N/A, 42.41, 10|2, 53, N/A, 45.61, 20|3, 54, N/A, 47.28, 10|4, 54, N/A, 69.17, 12|5, 57, N/A, 119.62, 11|6, 56, N/A, 44.30, 24|
11:55:40 0, 60, N/A, 43.15, 11|1, 58, N/A, 54.00, 10|2, 53, N/A, 96.50, 12|3, 54, N/A, 88.50, 10|4, 54, N/A, 37.95, 12|5, 57, N/A, 37.23, 11|6, 56, N/A, 40.88, 32|
11:55:42 0, 60, N/A, 112.13, 11|1, 58, N/A, 51.04, 15|2, 53, N/A, 40.93, 12|3, 54, N/A, 35.98, 10|4, 55, N/A, 37.95, 12|5, 57, N/A, 37.73, 11|6, 56, N/A, 45.56, 24|
11:55:44 0, 60, N/A, 37.97, 11|1, 58, N/A, 41.67, 9|2, 53, N/A, 41.18, 12|3, 54, N/A, 36.47, 19|4, 55, N/A, 39.92, 12|5, 57, N/A, 43.86, 11|6, 56, N/A, 147.61, 24|
11:55:46 0, 60, N/A, 38.22, 11|1, 58, N/A, 42.65, 9|2, 53, N/A, 44.38, 12|3, 54, N/A, 44.33, 10|4, 55, N/A, 71.39, 12|5, 57, N/A, 115.26, 21|6, 57, N/A, 40.88, 27|
11:55:48 0, 60, N/A, 44.63, 11|1, 58, N/A, 58.15, 10|2, 53, N/A, 113.18, 12|3, 54, N/A, 75.47, 10|4, 55, N/A, 37.95, 12|5, 57, N/A, 37.48, 11|6, 57, N/A, 41.38, 24|
11:55:50 0, 60, N/A, 107.94, 11|1, 58, N/A, 41.42, 10|2, 53, N/A, 41.18, 12|3, 54, N/A, 36.22, 10|4, 55, N/A, 38.19, 17|5, 57, N/A, 37.97, 11|6, 57, N/A, 47.51, 24|
11:55:52 0, 60, N/A, 37.97, 17|1, 58, N/A, 41.42, 10|2, 53, N/A, 41.18, 20|3, 54, N/A, 36.71, 10|4, 55, N/A, 39.67, 12|5, 58, N/A, 43.12, 14|6, 57, N/A, 148.09, 24|
11:55:54 0, 60, N/A, 38.22, 11|1, 58, N/A, 42.16, 10|2, 54, N/A, 43.89, 12|3, 55, N/A, 41.64, 10|4, 56, N/A, 59.33, 12|5, 57, N/A, 115.02, 11|6, 57, N/A, 78.68, 31|
11:55:56 0, 61, N/A, 44.13, 44|1, 59, N/A, 157.83, 100|2, 53, N/A, 40.91, 0|3, 54, N/A, 35.97, 0|4, 55, N/A, 37.95, 0|5, 57, N/A, 36.99, 0|6, 56, N/A, 40.63, 0|
11:55:58 0, 60, N/A, 42.88, 0|1, 58, N/A, 47.59, 0|2, 54, N/A, 47.83, 0|3, 55, N/A, 41.37, 0|4, 57, N/A, 45.59, 92|5, 58, N/A, 145.23, 0|6, 56, N/A, 40.14, 0|
11:56:00 0, 62, N/A, 44.60, 0|1, 62, N/A, 163.62, 100|2, 56, N/A, 163.63, 100|3, 54, N/A, 36.22, 0|4, 55, N/A, 44.08, 0|5, 58, N/A, 42.87, 0|6, 57, N/A, 46.76, 0|
11:56:03 0, 61, N/A, 44.10, 0|1, 60, N/A, 49.28, 0|2, 57, N/A, 162.96, 100|3, 55, N/A, 41.62, 0|4, 57, N/A, 45.55, 0|5, 61, N/A, 144.15, 100|6, 59, N/A, 93.80, 100|
11:56:05 0, 61, N/A, 43.62, 0|1, 59, N/A, 48.33, 0|2, 55, N/A, 48.82, 0|3, 55, N/A, 41.62, 0|4, 57, N/A, 44.58, 0|5, 60, N/A, 44.11, 0|6, 59, N/A, 159.68, 100|
11:56:07 0, 62, N/A, 44.60, 0|1, 62, N/A, 61.56, 100|2, 57, N/A, 196.52, 100|3, 56, N/A, 166.11, 0|4, 56, N/A, 44.57, 0|5, 58, N/A, 43.37, 0|6, 57, N/A, 47.74, 0|
11:56:09 0, 64, N/A, 178.74, 100|1, 60, N/A, 49.77, 0|2, 58, N/A, 172.10, 100|3, 56, N/A, 41.83, 0|4, 58, N/A, 45.53, 0|5, 62, N/A, 172.65, 100|6, 59, N/A, 48.95, 100|
11:56:11 0, 61, N/A, 43.83, 0|1, 60, N/A, 48.54, 0|2, 56, N/A, 49.53, 0|3, 57, N/A, 42.82, 23|4, 59, N/A, 182.10, 100|5, 60, N/A, 44.33, 0|6, 59, N/A, 155.01, 100|
11:56:13 0, 64, N/A, 190.75, 100|1, 59, N/A, 182.15, 0|2, 55, N/A, 49.28, 0|3, 56, N/A, 41.86, 0|4, 57, N/A, 44.82, 0|5, 59, N/A, 43.37, 0|6, 58, N/A, 48.49, 0|
11:56:15 0, 64, N/A, 153.56, 100|1, 60, N/A, 49.28, 0|2, 57, N/A, 49.53, 0|3, 59, N/A, 180.24, 100|4, 59, N/A, 185.28, 100|5, 59, N/A, 43.09, 0|6, 58, N/A, 47.47, 0|
11:56:17 0, 62, N/A, 44.35, 0|1, 61, N/A, 50.51, 72|2, 58, N/A, 193.11, 89|3, 57, N/A, 43.09, 60|4, 60, N/A, 181.72, 78|5, 60, N/A, 43.86, 0|6, 58, N/A, 48.48, 0|
11:56:19 0, 61, N/A, 43.86, 0|1, 59, N/A, 48.57, 0|2, 56, N/A, 49.53, 0|3, 56, N/A, 42.11, 0|4, 58, N/A, 45.80, 0|5, 62, N/A, 171.05, 100|6, 58, N/A, 48.00, 0|
11:56:21 0, 63, N/A, 45.58, 0|1, 62, N/A, 152.82, 85|2, 58, N/A, 171.71, 100|3, 56, N/A, 42.11, 1|4, 57, N/A, 44.82, 0|5, 59, N/A, 43.61, 0|6, 58, N/A, 47.99, 0|
11:56:23 0, 62, N/A, 44.57, 0|1, 62, N/A, 54.20, 87|2, 57, N/A, 193.45, 0|3, 57, N/A, 42.58, 0|4, 61, N/A, 64.45, 100|5, 61, N/A, 141.54, 70|6, 59, N/A, 163.98, 35|
11:56:25 0, 62, N/A, 44.11, 0|1, 60, N/A, 49.06, 0|2, 58, N/A, 51.25, 21|3, 59, N/A, 142.92, 100|4, 59, N/A, 46.05, 0|5, 62, N/A, 145.15, 100|6, 58, N/A, 48.00, 0|
11:56:28 0, 62, N/A, 131.63, 0|1, 59, N/A, 41.91, 1|2, 56, N/A, 49.77, 1|3, 57, N/A, 42.35, 1|4, 58, N/A, 45.56, 0|5, 60, N/A, 44.11, 1|6, 61, N/A, 196.82, 96|
11:56:30 0, 62, N/A, 44.35, 0|1, 61, N/A, 49.77, 0|2, 60, N/A, 158.97, 100|3, 59, N/A, 165.38, 100|4, 57, N/A, 45.31, 0|5, 60, N/A, 43.86, 0|6, 58, N/A, 47.99, 0|
11:56:32 0, 65, N/A, 145.55, 100|1, 60, N/A, 49.31, 0|2, 59, N/A, 53.72, 100|3, 58, N/A, 143.64, 16|4, 59, N/A, 46.02, 0|5, 62, N/A, 45.80, 57|6, 60, N/A, 171.82, 46|
11:56:34 0, 62, N/A, 44.11, 0|1, 60, N/A, 48.81, 0|2, 57, N/A, 50.51, 0|3, 58, N/A, 43.56, 0|4, 61, N/A, 177.31, 100|5, 61, N/A, 44.57, 0|6, 61, N/A, 186.32, 100|
11:56:36 0, 64, N/A, 155.39, 100|1, 59, N/A, 48.33, 0|2, 56, N/A, 50.05, 0|3, 57, N/A, 42.85, 0|4, 58, N/A, 45.56, 0|5, 60, N/A, 44.11, 0|6, 59, N/A, 48.98, 0|
11:56:38 0, 64, N/A, 154.06, 100|1, 60, N/A, 48.57, 0|2, 58, N/A, 52.02, 33|3, 60, N/A, 146.34, 95|4, 60, N/A, 180.00, 100|5, 60, N/A, 43.59, 0|6, 58, N/A, 47.96, 0|
11:56:40 0, 63, N/A, 44.85, 0|1, 62, N/A, 163.86, 100|2, 58, N/A, 51.25, 0|3, 60, N/A, 153.37, 100|4, 59, N/A, 45.80, 0|5, 61, N/A, 44.60, 0|6, 60, N/A, 49.69, 34|
11:56:42 0, 62, N/A, 44.11, 0|1, 60, N/A, 48.79, 0|2, 57, N/A, 50.52, 0|3, 58, N/A, 43.10, 0|4, 61, N/A, 47.53, 54|5, 62, N/A, 140.81, 20|6, 59, N/A, 48.73, 0|
11:56:44 0, 65, N/A, 156.11, 100|1, 62, N/A, 152.17, 100|2, 57, N/A, 50.27, 0|3, 57, N/A, 42.85, 0|4, 59, N/A, 45.80, 0|5, 61, N/A, 44.11, 0|6, 59, N/A, 48.48, 0|
11:56:46 0, 65, N/A, 112.79, 100|1, 60, N/A, 98.64, 0|2, 58, N/A, 51.52, 0|3, 60, N/A, 50.45, 100|4, 61, N/A, 189.44, 98|5, 61, N/A, 160.35, 0|6, 59, N/A, 47.96, 0|
11:56:48 0, 63, N/A, 44.60, 0|1, 61, N/A, 50.51, 60|2, 60, N/A, 173.10, 100|3, 58, N/A, 44.08, 0|4, 61, N/A, 189.44, 100|5, 61, N/A, 44.35, 0|6, 59, N/A, 48.95, 0|
11:56:51 0, 62, N/A, 44.11, 0|1, 60, N/A, 48.82, 0|2, 58, N/A, 50.79, 0|3, 58, N/A, 43.10, 0|4, 60, N/A, 46.79, 0|5, 64, N/A, 194.13, 100|6, 59, N/A, 48.49, 0|
11:56:53 0, 64, N/A, 47.56, 100|1, 62, N/A, 171.71, 100|2, 58, N/A, 122.62, 32|3, 57, N/A, 37.45, 1|4, 59, N/A, 45.80, 0|5, 61, N/A, 44.11, 0|6, 59, N/A, 48.49, 0|
11:56:55 0, 62, N/A, 44.35, 0|1, 60, N/A, 49.06, 0|2, 58, N/A, 51.01, 0|3, 59, N/A, 44.05, 0|4, 62, N/A, 190.94, 100|5, 62, N/A, 179.04, 99|6, 58, N/A, 41.10, 0|
11:56:57 0, 64, N/A, 157.59, 100|1, 59, N/A, 48.79, 0|2, 57, N/A, 50.51, 0|3, 58, N/A, 43.10, 0|4, 59, N/A, 45.80, 0|5, 61, N/A, 44.60, 0|6, 60, N/A, 48.98, 0|
11:56:59 0, 62, N/A, 44.11, 0|1, 59, N/A, 48.82, 0|2, 58, N/A, 51.01, 0|3, 60, N/A, 71.33, 100|4, 59, N/A, 134.77, 1|5, 61, N/A, 44.11, 0|6, 59, N/A, 48.00, 0|
11:57:01 0, 61, N/A, 44.60, 13|1, 59, N/A, 48.79, 2|2, 58, N/A, 52.24, 15|3, 58, N/A, 46.05, 2|4, 60, N/A, 62.03, 2|5, 62, N/A, 117.16, 2|6, 60, N/A, 137.79, 37|
11:57:03 0, 62, N/A, 45.10, 11|1, 59, N/A, 49.56, 13|2, 58, N/A, 55.44, 12|3, 58, N/A, 51.96, 10|4, 60, N/A, 81.43, 15|5, 61, N/A, 154.32, 11|6, 60, N/A, 99.66, 23|
11:57:05 0, 62, N/A, 45.10, 11|1, 59, N/A, 50.30, 9|2, 58, N/A, 57.42, 12|3, 58, N/A, 56.85, 10|4, 59, N/A, 101.00, 12|5, 61, N/A, 138.62, 15|6, 60, N/A, 51.90, 24|
11:57:07 0, 62, N/A, 45.09, 11|1, 59, N/A, 50.02, 11|2, 58, N/A, 56.44, 12|3, 58, N/A, 54.39, 10|4, 60, N/A, 79.21, 23|5, 61, N/A, 155.56, 11|6, 60, N/A, 87.71, 23|
11:57:09 0, 61, N/A, 45.34, 11|1, 59, N/A, 50.05, 9|2, 58, N/A, 56.68, 12|3, 58, N/A, 54.39, 10|4, 59, N/A, 91.47, 12|5, 61, N/A, 148.36, 14|6, 60, N/A, 49.45, 27|
11:57:11 0, 61, N/A, 45.09, 11|1, 59, N/A, 49.78, 9|2, 58, N/A, 56.67, 12|3, 58, N/A, 55.13, 10|4, 59, N/A, 94.36, 21|5, 61, N/A, 152.93, 11|6, 60, N/A, 70.31, 23|
11:57:13 0, 61, N/A, 39.20, 12|1, 59, N/A, 50.05, 9|2, 58, N/A, 57.91, 12|3, 58, N/A, 58.08, 10|4, 60, N/A, 91.96, 12|5, 61, N/A, 147.62, 11|6, 60, N/A, 49.45, 33|
11:57:16 0, 61, N/A, 44.60, 12|1, 59, N/A, 59.84, 19|2, 58, N/A, 152.69, 12|3, 58, N/A, 90.95, 10|4, 59, N/A, 46.05, 12|5, 61, N/A, 44.60, 11|6, 61, N/A, 49.96, 23|
11:57:18 0, 60, N/A, 38.19, 12|1, 58, N/A, 41.92, 10|2, 57, N/A, 51.51, 12|3, 58, N/A, 43.34, 10|4, 59, N/A, 46.54, 18|5, 61, N/A, 45.83, 11|6, 61, N/A, 86.25, 23|
11:57:20 0, 60, N/A, 38.22, 12|1, 58, N/A, 42.43, 10|2, 58, N/A, 53.50, 12|3, 58, N/A, 47.28, 12|4, 59, N/A, 63.26, 12|5, 61, N/A, 100.38, 11|6, 60, N/A, 150.22, 23|
11:57:22 0, 60, N/A, 39.43, 17|1, 58, N/A, 44.13, 10|2, 58, N/A, 68.47, 14|3, 58, N/A, 81.67, 13|4, 59, N/A, 154.49, 12|5, 61, N/A, 44.36, 19|6, 61, N/A, 49.72, 23|
11:57:24 0, 60, N/A, 82.46, 12|1, 58, N/A, 108.49, 10|2, 57, N/A, 51.51, 12|3, 57, N/A, 43.10, 10|4, 59, N/A, 46.08, 12|5, 61, N/A, 44.36, 11|6, 61, N/A, 52.42, 31|
11:57:26 0, 60, N/A, 37.95, 12|1, 58, N/A, 41.42, 10|2, 57, N/A, 51.50, 12|3, 58, N/A, 43.34, 10|4, 59, N/A, 47.04, 12|5, 61, N/A, 48.05, 11|6, 61, N/A, 138.29, 23|
11:57:28 0, 60, N/A, 38.19, 12|1, 57, N/A, 41.67, 10|2, 58, N/A, 55.20, 12|3, 58, N/A, 49.96, 10|4, 59, N/A, 73.06, 18|5, 61, N/A, 129.43, 11|6, 61, N/A, 118.30, 23|
11:57:30 0, 60, N/A, 49.77, 12|1, 57, N/A, 73.84, 10|2, 58, N/A, 164.95, 18|3, 57, N/A, 43.10, 11|4, 59, N/A, 46.06, 12|5, 61, N/A, 44.36, 11|6, 61, N/A, 50.71, 23|
11:57:32 0, 60, N/A, 37.95, 15|1, 57, N/A, 41.42, 10|2, 58, N/A, 51.26, 13|3, 57, N/A, 43.10, 10|4, 59, N/A, 46.30, 12|5, 61, N/A, 45.34, 16|6, 62, N/A, 73.02, 23|
11:57:34 0, 59, N/A, 37.97, 12|1, 57, N/A, 41.92, 10|2, 58, N/A, 53.01, 12|3, 58, N/A, 46.30, 10|4, 59, N/A, 59.57, 12|5, 61, N/A, 90.30, 11|6, 61, N/A, 164.83, 32|
11:57:36 0, 60, N/A, 42.65, 12|1, 57, N/A, 54.71, 19|2, 58, N/A, 129.33, 12|3, 57, N/A, 115.67, 10|4, 59, N/A, 45.83, 12|5, 61, N/A, 44.38, 11|6, 61, N/A, 50.21, 23|
11:57:39 0, 59, N/A, 64.03, 12|1, 57, N/A, 41.18, 10|2, 57, N/A, 43.64, 12|3, 57, N/A, 43.10, 10|4, 59, N/A, 46.06, 16|5, 61, N/A, 45.34, 11|6, 62, N/A, 72.04, 23|
11:57:41 0, 59, N/A, 41.15, 12|1, 57, N/A, 50.76, 10|2, 57, N/A, 91.76, 13|3, 57, N/A, 98.23, 11|4, 58, N/A, 39.18, 14|5, 60, N/A, 38.69, 12|6, 61, N/A, 50.21, 23|
11:57:43 0, 59, N/A, 46.82, 13|1, 57, N/A, 67.73, 10|2, 56, N/A, 127.79, 15|3, 57, N/A, 37.21, 11|4, 58, N/A, 39.43, 13|5, 60, N/A, 38.46, 14|6, 61, N/A, 43.32, 25|
11:57:45 0, 59, N/A, 107.94, 12|1, 56, N/A, 78.56, 10|2, 56, N/A, 42.65, 13|3, 57, N/A, 36.96, 11|4, 58, N/A, 39.18, 13|5, 60, N/A, 38.71, 12|6, 61, N/A, 45.56, 25|
11:57:47 0, 59, N/A, 37.72, 12|1, 56, N/A, 40.68, 10|2, 56, N/A, 42.65, 13|3, 57, N/A, 37.21, 11|4, 58, N/A, 39.67, 13|5, 60, N/A, 39.45, 12|6, 61, N/A, 61.25, 25|
11:57:49 0, 59, N/A, 37.72, 12|1, 56, N/A, 40.68, 10|2, 56, N/A, 42.65, 13|3, 57, N/A, 37.21, 11|4, 58, N/A, 40.66, 13|5, 61, N/A, 43.87, 12|6, 61, N/A, 149.72, 28|
11:57:51 0, 59, N/A, 37.48, 12|1, 56, N/A, 40.68, 13|2, 56, N/A, 43.40, 13|3, 57, N/A, 38.93, 11|4, 58, N/A, 45.59, 16|5, 61, N/A, 64.53, 12|6, 60, N/A, 139.52, 25|
11:57:53 0, 60, N/A, 184.15, 95|1, 56, N/A, 40.19, 0|2, 56, N/A, 42.16, 1|3, 56, N/A, 36.71, 0|4, 57, N/A, 38.69, 1|5, 60, N/A, 38.22, 0|6, 60, N/A, 41.62, 0|
11:57:55 0, 59, N/A, 43.12, 0|1, 58, N/A, 48.05, 0|2, 60, N/A, 166.56, 100|3, 59, N/A, 167.34, 100|4, 57, N/A, 38.66, 0|5, 59, N/A, 38.19, 0|6, 59, N/A, 41.35, 0|
11:57:57 0, 63, N/A, 180.84, 100|1, 57, N/A, 47.80, 0|2, 60, N/A, 164.84, 100|3, 57, N/A, 42.82, 0|4, 58, N/A, 46.02, 0|5, 63, N/A, 184.79, 100|6, 60, N/A, 49.19, 12|
11:57:59 0, 59, N/A, 42.85, 0|1, 57, N/A, 47.31, 0|2, 58, N/A, 50.76, 0|3, 59, N/A, 44.30, 100|4, 60, N/A, 183.59, 31|5, 62, N/A, 45.31, 61|6, 61, N/A, 205.98, 37|
11:58:02 0, 61, N/A, 181.43, 100|1, 56, N/A, 40.43, 3|2, 57, N/A, 50.02, 2|3, 57, N/A, 42.82, 0|4, 58, N/A, 45.56, 1|5, 61, N/A, 44.11, 0|6, 63, N/A, 159.92, 100|
11:58:04 0, 60, N/A, 43.37, 0|1, 58, N/A, 48.29, 0|2, 61, N/A, 203.63, 100|3, 59, N/A, 159.99, 100|4, 58, N/A, 45.31, 0|5, 60, N/A, 43.86, 0|6, 60, N/A, 48.73, 0|
11:58:06 0, 63, N/A, 174.80, 100|1, 58, N/A, 48.04, 0|2, 60, N/A, 197.01, 100|3, 57, N/A, 43.06, 0|4, 59, N/A, 46.02, 0|5, 64, N/A, 188.86, 100|6, 61, N/A, 50.17, 32|
11:58:08 0, 60, N/A, 43.12, 0|1, 57, N/A, 47.31, 0|2, 58, N/A, 51.25, 0|3, 60, N/A, 74.48, 100|4, 59, N/A, 133.21, 0|5, 63, N/A, 46.30, 100|6, 61, N/A, 186.80, 0|
11:58:10 0, 61, N/A, 141.62, 69|1, 57, N/A, 47.06, 1|2, 57, N/A, 50.51, 3|3, 57, N/A, 42.82, 1|4, 59, N/A, 45.78, 1|5, 61, N/A, 44.57, 1|6, 64, N/A, 194.61, 100|
11:58:12 0, 60, N/A, 43.61, 0|1, 59, N/A, 48.54, 0|2, 61, N/A, 189.68, 100|3, 59, N/A, 154.67, 100|4, 58, N/A, 45.55, 0|5, 61, N/A, 44.35, 0|6, 60, N/A, 48.70, 0|
11:58:14 0, 63, N/A, 164.00, 100|1, 58, N/A, 48.29, 0|2, 61, N/A, 172.43, 100|3, 58, N/A, 43.06, 0|4, 60, N/A, 47.01, 0|5, 64, N/A, 169.06, 100|6, 62, N/A, 117.24, 99|
11:58:16 0, 60, N/A, 43.37, 0|1, 58, N/A, 47.83, 0|2, 59, N/A, 51.99, 0|3, 61, N/A, 177.44, 100|4, 60, N/A, 46.76, 0|5, 64, N/A, 191.55, 100|6, 60, N/A, 48.95, 0|
11:58:18 0, 60, N/A, 43.37, 0|1, 57, N/A, 47.09, 0|2, 58, N/A, 50.77, 0|3, 58, N/A, 43.10, 0|4, 59, N/A, 46.05, 0|5, 62, N/A, 44.85, 0|6, 63, N/A, 207.09, 100|
11:58:20 0, 61, N/A, 43.85, 0|1, 60, N/A, 50.02, 65|2, 61, N/A, 191.75, 100|3, 58, N/A, 141.68, 0|4, 59, N/A, 45.80, 0|5, 61, N/A, 44.11, 0|6, 60, N/A, 49.20, 0|
11:58:22 0, 62, N/A, 166.21, 31|1, 59, N/A, 49.52, 57|2, 60, N/A, 193.81, 100|3, 58, N/A, 43.56, 0|4, 62, N/A, 48.48, 92|5, 64, N/A, 170.93, 62|6, 62, N/A, 152.30, 38|
11:58:24 0, 60, N/A, 43.61, 0|1, 58, N/A, 48.05, 0|2, 60, N/A, 53.47, 60|3, 60, N/A, 175.33, 59|4, 61, N/A, 47.50, 0|5, 64, N/A, 182.48, 94|6, 60, N/A, 49.20, 0|
11:58:27 0, 60, N/A, 43.12, 0|1, 57, N/A, 47.59, 0|2, 58, N/A, 51.01, 0|3, 58, N/A, 43.10, 0|4, 60, N/A, 46.30, 0|5, 63, N/A, 45.34, 12|6, 62, N/A, 169.73, 84|
11:58:29 0, 62, N/A, 44.60, 0|1, 61, N/A, 150.70, 100|2, 60, N/A, 155.04, 100|3, 58, N/A, 37.43, 0|4, 59, N/A, 39.67, 2|5, 61, N/A, 44.60, 0|6, 61, N/A, 49.47, 0|
11:58:31 0, 62, N/A, 44.32, 0|1, 60, N/A, 188.28, 100|2, 59, N/A, 51.46, 0|3, 59, N/A, 44.29, 0|4, 63, N/A, 187.00, 100|5, 63, N/A, 187.00, 100|6, 60, N/A, 41.56, 0|
11:58:33 0, 61, N/A, 43.86, 0|1, 59, N/A, 49.03, 0|2, 62, N/A, 169.27, 100|3, 59, N/A, 43.83, 0|4, 63, N/A, 180.51, 100|5, 62, N/A, 44.85, 0|6, 61, N/A, 49.72, 0|
11:58:35 0, 60, N/A, 43.61, 0|1, 58, N/A, 47.83, 0|2, 59, N/A, 51.28, 0|3, 59, N/A, 43.59, 0|4, 61, N/A, 47.28, 0|5, 65, N/A, 167.23, 100|6, 61, N/A, 49.47, 0|
11:58:37 0, 64, N/A, 158.97, 100|1, 60, N/A, 166.07, 100|2, 58, N/A, 51.01, 0|3, 58, N/A, 43.34, 0|4, 60, N/A, 46.30, 0|5, 62, N/A, 44.85, 0|6, 61, N/A, 49.69, 0|
11:58:39 0, 63, N/A, 176.28, 100|1, 58, N/A, 48.31, 0|2, 60, N/A, 52.73, 0|3, 61, N/A, 176.44, 100|4, 63, N/A, 170.44, 100|5, 61, N/A, 44.57, 0|6, 60, N/A, 49.20, 0|
11:58:41 0, 62, N/A, 44.57, 0|1, 61, N/A, 170.96, 100|2, 60, N/A, 52.47, 0|3, 62, N/A, 172.14, 100|4, 60, N/A, 46.76, 0|5, 63, N/A, 45.31, 0|6, 64, N/A, 131.23, 100|
11:58:43 0, 61, N/A, 43.37, 0|1, 58, N/A, 48.08, 0|2, 59, N/A, 51.78, 0|3, 60, N/A, 44.08, 0|4, 64, N/A, 154.72, 100|5, 63, N/A, 45.34, 0|6, 62, N/A, 52.42, 100|
11:58:45 0, 63, N/A, 176.40, 100|1, 58, N/A, 47.83, 0|2, 59, N/A, 51.53, 0|3, 59, N/A, 43.34, 0|4, 60, N/A, 46.54, 0|5, 62, N/A, 44.85, 0|6, 63, N/A, 51.44, 20|
11:58:47 0, 61, N/A, 43.86, 0|1, 59, N/A, 49.03, 0|2, 63, N/A, 204.75, 100|3, 62, N/A, 178.90, 100|4, 60, N/A, 46.30, 0|5, 62, N/A, 44.60, 0|6, 61, N/A, 49.47, 0|
11:58:49 0, 64, N/A, 154.37, 100|1, 59, N/A, 49.03, 0|2, 62, N/A, 177.35, 100|3, 59, N/A, 43.80, 0|4, 62, N/A, 47.99, 0|5, 65, N/A, 173.13, 100|6, 63, N/A, 59.24, 94|
11:58:52 0, 61, N/A, 43.83, 0|1, 59, N/A, 48.29, 0|2, 61, N/A, 53.22, 0|3, 62, N/A, 174.00, 100|4, 61, N/A, 47.51, 0|5, 65, N/A, 177.32, 100|6, 61, N/A, 49.44, 0|
11:58:54 0, 60, N/A, 37.95, 0|1, 58, N/A, 41.42, 0|2, 59, N/A, 51.75, 0|3, 59, N/A, 43.59, 0|4, 61, N/A, 47.04, 0|5, 64, N/A, 45.59, 0|6, 63, N/A, 185.94, 100|
11:58:56 0, 62, N/A, 44.84, 0|1, 61, N/A, 181.33, 100|2, 62, N/A, 169.91, 100|3, 59, N/A, 43.58, 0|4, 60, N/A, 46.79, 0|5, 62, N/A, 44.85, 0|6, 61, N/A, 49.71, 0|
11:58:58 0, 62, N/A, 44.85, 0|1, 60, N/A, 160.27, 100|2, 60, N/A, 52.73, 0|3, 60, N/A, 44.79, 0|4, 64, N/A, 165.54, 100|5, 65, N/A, 184.65, 100|6, 61, N/A, 49.19, 0|
11:59:00 0, 62, N/A, 44.11, 0|1, 60, N/A, 49.77, 0|2, 62, N/A, 170.76, 100|3, 60, N/A, 44.57, 0|4, 63, N/A, 160.75, 89|5, 63, N/A, 45.09, 0|6, 62, N/A, 50.18, 0|
11:59:02 0, 61, N/A, 43.62, 0|1, 58, N/A, 48.08, 0|2, 60, N/A, 52.02, 0|3, 60, N/A, 43.83, 0|4, 63, N/A, 49.01, 63|5, 64, N/A, 171.56, 10|6, 62, N/A, 49.96, 0|
11:59:04 0, 61, N/A, 44.35, 0|1, 60, N/A, 50.51, 64|2, 61, N/A, 158.81, 0|3, 59, N/A, 43.59, 0|4, 61, N/A, 47.04, 0|5, 63, N/A, 45.10, 0|6, 62, N/A, 49.47, 0|
11:59:06 0, 60, N/A, 43.64, 3|1, 58, N/A, 47.83, 2|2, 59, N/A, 51.75, 0|3, 59, N/A, 43.37, 0|4, 61, N/A, 47.07, 2|5, 63, N/A, 45.10, 0|6, 62, N/A, 50.46, 87|
11:59:08 0, 61, N/A, 43.61, 0|1, 59, N/A, 48.29, 0|2, 62, N/A, 193.60, 100|3, 59, N/A, 43.58, 0|4, 60, N/A, 46.79, 0|5, 62, N/A, 44.85, 0|6, 61, N/A, 49.22, 0|
11:59:10 0, 60, N/A, 43.37, 0|1, 58, N/A, 47.83, 0|2, 59, N/A, 51.78, 0|3, 59, N/A, 43.83, 0|4, 61, N/A, 47.29, 0|5, 65, N/A, 166.64, 100|6, 60, N/A, 48.98, 0|
11:59:12 0, 61, N/A, 50.52, 11|1, 58, N/A, 65.30, 10|2, 60, N/A, 140.33, 13|3, 59, N/A, 122.96, 11|4, 61, N/A, 47.07, 15|5, 63, N/A, 45.10, 12|6, 62, N/A, 50.71, 24|
11:59:14 0, 61, N/A, 104.25, 11|1, 58, N/A, 136.39, 10|2, 59, N/A, 44.13, 14|3, 59, N/A, 37.70, 11|4, 60, N/A, 40.17, 14|5, 62, N/A, 39.20, 14|6, 62, N/A, 52.67, 24|
11:59:17 0, 61, N/A, 44.36, 11|1, 58, N/A, 48.33, 10|2, 59, N/A, 44.85, 14|3, 59, N/A, 40.39, 12|4, 61, N/A, 53.94, 14|5, 62, N/A, 99.34, 13|6, 62, N/A, 105.30, 24|
11:59:19 0, 60, N/A, 44.36, 10|1, 58, N/A, 47.83, 10|2, 59, N/A, 43.89, 13|3, 59, N/A, 37.70, 10|4, 60, N/A, 40.39, 14|5, 62, N/A, 40.41, 13|6, 62, N/A, 82.07, 26|
11:59:21 0, 61, N/A, 62.06, 11|1, 58, N/A, 96.49, 10|2, 59, N/A, 120.90, 14|3, 58, N/A, 37.70, 12|4, 60, N/A, 40.17, 14|5, 62, N/A, 38.96, 13|6, 61, N/A, 43.07, 26|
11:59:23 0, 60, N/A, 44.60, 11|1, 58, N/A, 49.06, 10|2, 59, N/A, 48.54, 14|3, 59, N/A, 51.72, 12|4, 60, N/A, 118.62, 12|5, 62, N/A, 78.97, 13|6, 61, N/A, 42.58, 26|
11:59:25 0, 60, N/A, 44.11, 11|1, 57, N/A, 47.83, 9|2, 58, N/A, 43.89, 14|3, 58, N/A, 37.92, 12|4, 60, N/A, 42.14, 14|5, 62, N/A, 47.56, 13|6, 61, N/A, 152.90, 25|
11:59:27 0, 60, N/A, 137.12, 11|1, 57, N/A, 103.07, 10|2, 58, N/A, 43.64, 14|3, 58, N/A, 37.70, 12|4, 59, N/A, 39.92, 14|5, 62, N/A, 39.20, 13|6, 61, N/A, 45.81, 26|
11:59:29 0, 60, N/A, 46.08, 11|1, 58, N/A, 52.73, 10|2, 58, N/A, 64.53, 14|3, 58, N/A, 91.45, 12|4, 59, N/A, 94.85, 14|5, 61, N/A, 38.96, 13|6, 61, N/A, 42.58, 26|
11:59:31 0, 60, N/A, 44.11, 10|1, 57, N/A, 47.81, 10|2, 58, N/A, 44.13, 13|3, 58, N/A, 38.66, 10|4, 60, N/A, 45.80, 14|5, 62, N/A, 64.77, 13|6, 61, N/A, 143.59, 26|
11:59:33 0, 60, N/A, 86.15, 11|1, 57, N/A, 47.59, 10|2, 58, N/A, 43.64, 14|3, 58, N/A, 37.45, 12|4, 59, N/A, 39.92, 14|5, 61, N/A, 39.20, 13|6, 61, N/A, 55.13, 26|
11:59:35 0, 60, N/A, 54.45, 11|1, 58, N/A, 76.83, 8|2, 57, N/A, 134.60, 14|3, 58, N/A, 56.85, 12|4, 59, N/A, 39.67, 14|5, 61, N/A, 38.96, 13|6, 61, N/A, 42.83, 25|
11:59:37 0, 60, N/A, 43.86, 11|1, 57, N/A, 48.08, 10|2, 58, N/A, 45.12, 14|3, 58, N/A, 42.36, 12|4, 59, N/A, 65.47, 14|5, 61, N/A, 128.21, 13|6, 61, N/A, 50.67, 25|
11:59:40 0, 60, N/A, 37.97, 13|1, 57, N/A, 47.34, 10|2, 57, N/A, 43.15, 14|3, 57, N/A, 37.70, 12|4, 59, N/A, 40.17, 14|5, 61, N/A, 40.91, 10|6, 61, N/A, 126.09, 26|
11:59:42 0, 59, N/A, 37.97, 12|1, 57, N/A, 40.68, 11|2, 57, N/A, 43.15, 14|3, 57, N/A, 37.21, 12|4, 59, N/A, 39.92, 11|5, 61, N/A, 39.94, 13|6, 61, N/A, 81.38, 26|
11:59:44 0, 59, N/A, 37.72, 13|1, 56, N/A, 40.93, 11|2, 57, N/A, 43.15, 14|3, 57, N/A, 37.46, 12|4, 59, N/A, 39.67, 14|5, 61, N/A, 39.20, 13|6, 61, N/A, 63.47, 26|
11:59:46 0, 59, N/A, 92.26, 13|1, 56, N/A, 40.68, 11|2, 57, N/A, 43.15, 14|3, 57, N/A, 37.45, 12|4, 58, N/A, 39.67, 14|5, 61, N/A, 38.96, 13|6, 61, N/A, 50.95, 26|
11:59:48 0, 59, N/A, 102.77, 13|1, 56, N/A, 40.68, 11|2, 57, N/A, 43.15, 14|3, 57, N/A, 37.21, 12|4, 58, N/A, 39.67, 14|5, 61, N/A, 38.96, 13|6, 61, N/A, 50.46, 26|
11:59:50 0, 59, N/A, 120.97, 13|1, 56, N/A, 75.32, 11|2, 57, N/A, 42.90, 14|3, 57, N/A, 37.21, 12|4, 58, N/A, 39.43, 14|5, 61, N/A, 38.71, 13|6, 61, N/A, 45.29, 26|
11:59:52 0, 59, N/A, 68.92, 13|1, 56, N/A, 117.52, 11|2, 57, N/A, 47.81, 14|3, 57, N/A, 37.21, 12|4, 58, N/A, 39.43, 14|5, 61, N/A, 38.71, 13|6, 61, N/A, 43.81, 23|
11:59:54 0, 59, N/A, 51.01, 11|1, 56, N/A, 82.46, 11|2, 56, N/A, 113.35, 11|3, 57, N/A, 36.96, 9|4, 58, N/A, 39.43, 14|5, 60, N/A, 38.71, 10|6, 61, N/A, 42.83, 26|
11:59:56 0, 59, N/A, 43.40, 12|1, 56, N/A, 56.43, 8|2, 57, N/A, 135.90, 14|3, 57, N/A, 62.27, 12|4, 58, N/A, 39.43, 13|5, 60, N/A, 38.71, 13|6, 60, N/A, 42.61, 26|
11:59:58 0, 59, N/A, 42.65, 13|1, 56, N/A, 56.68, 11|2, 56, N/A, 137.38, 14|3, 57, N/A, 59.31, 12|4, 58, N/A, 39.43, 14|5, 60, N/A, 38.71, 13|6, 60, N/A, 42.61, 26|
12:00:00 0, 59, N/A, 44.60, 13|1, 56, N/A, 62.56, 11|2, 57, N/A, 134.17, 14|3, 57, N/A, 37.21, 12|4, 58, N/A, 39.18, 10|5, 60, N/A, 38.46, 13|6, 60, N/A, 42.58, 26|
12:00:02 0, 59, N/A, 42.63, 13|1, 56, N/A, 53.47, 11|2, 56, N/A, 117.04, 14|3, 57, N/A, 80.68, 12|4, 58, N/A, 39.18, 14|5, 60, N/A, 38.44, 13|6, 60, N/A, 42.58, 26|
12:00:05 0, 58, N/A, 39.70, 13|1, 56, N/A, 47.81, 11|2, 57, N/A, 79.31, 14|3, 56, N/A, 112.29, 12|4, 58, N/A, 39.18, 14|5, 60, N/A, 38.46, 13|6, 60, N/A, 42.11, 26|
12:00:07 0, 58, N/A, 38.69, 13|1, 56, N/A, 42.90, 11|2, 57, N/A, 55.20, 14|3, 57, N/A, 71.83, 12|4, 58, N/A, 115.43, 14|5, 60, N/A, 38.44, 13|6, 60, N/A, 42.09, 23|
12:00:09 0, 58, N/A, 36.98, 11|1, 55, N/A, 39.95, 0|2, 56, N/A, 42.41, 13|3, 56, N/A, 36.72, 10|4, 57, N/A, 39.18, 13|5, 60, N/A, 38.22, 11|6, 60, N/A, 41.87, 15|
12:00:11 0, 60, N/A, 44.35, 12|1, 58, N/A, 156.26, 68|2, 58, N/A, 174.57, 49|3, 56, N/A, 36.71, 0|4, 57, N/A, 38.93, 2|5, 59, N/A, 37.97, 0|6, 59, N/A, 41.35, 0|
12:00:13 0, 61, N/A, 45.09, 100|1, 57, N/A, 175.99, 34|2, 57, N/A, 50.30, 0|3, 59, N/A, 44.57, 82|4, 61, N/A, 169.58, 100|5, 60, N/A, 124.93, 25|6, 59, N/A, 41.10, 0|
12:00:15 0, 60, N/A, 43.37, 0|1, 59, N/A, 181.65, 100|2, 57, N/A, 50.27, 0|3, 59, N/A, 46.05, 100|4, 59, N/A, 145.87, 0|5, 61, N/A, 44.60, 0|6, 61, N/A, 50.20, 82|
12:00:17 0, 58, N/A, 42.87, 0|1, 56, N/A, 46.60, 0|2, 57, N/A, 49.77, 0|3, 58, N/A, 43.10, 0|4, 62, N/A, 150.53, 100|5, 61, N/A, 44.36, 0|6, 61, N/A, 50.21, 49|
12:00:19 0, 61, N/A, 168.06, 100|1, 56, N/A, 46.60, 0|2, 56, N/A, 42.65, 0|3, 57, N/A, 42.85, 0|4, 58, N/A, 45.56, 0|5, 61, N/A, 44.11, 0|6, 62, N/A, 51.44, 100|
12:00:21 0, 59, N/A, 42.87, 0|1, 57, N/A, 47.80, 0|2, 61, N/A, 199.23, 100|3, 59, N/A, 144.62, 100|4, 58, N/A, 38.91, 0|5, 60, N/A, 38.19, 0|6, 60, N/A, 48.73, 0|
12:00:23 0, 61, N/A, 174.45, 85|1, 58, N/A, 48.29, 2|2, 60, N/A, 154.62, 100|3, 57, N/A, 43.06, 3|4, 61, N/A, 47.49, 34|5, 63, N/A, 162.60, 45|6, 61, N/A, 178.05, 96|
12:00:25 0, 59, N/A, 42.87, 0|1, 57, N/A, 47.31, 0|2, 60, N/A, 58.40, 100|3, 59, N/A, 166.99, 7|4, 61, N/A, 47.75, 100|5, 62, N/A, 142.19, 63|6, 60, N/A, 48.70, 0|
12:00:28 0, 59, N/A, 37.48, 0|1, 56, N/A, 39.94, 0|2, 57, N/A, 50.52, 0|3, 58, N/A, 42.85, 0|4, 60, N/A, 46.30, 0|5, 64, N/A, 162.32, 100|6, 60, N/A, 48.98, 0|
12:00:30 0, 63, N/A, 169.76, 100|1, 59, N/A, 159.29, 100|2, 57, N/A, 50.51, 0|3, 57, N/A, 42.85, 0|4, 59, N/A, 45.80, 0|5, 61, N/A, 44.11, 0|6, 61, N/A, 49.47, 0|
12:00:32 0, 62, N/A, 161.90, 100|1, 57, N/A, 47.09, 0|2, 59, N/A, 52.48, 0|3, 61, N/A, 156.55, 100|4, 62, N/A, 176.96, 100|5, 60, N/A, 44.08, 0|6, 60, N/A, 48.95, 0|
12:00:34 0, 61, N/A, 44.57, 24|1, 59, N/A, 159.04, 34|2, 60, N/A, 52.73, 0|3, 60, N/A, 151.64, 100|4, 60, N/A, 46.51, 0|5, 63, N/A, 45.56, 0|6, 63, N/A, 167.39, 100|
12:00:36 0, 59, N/A, 43.12, 0|1, 57, N/A, 46.84, 0|2, 59, N/A, 51.50, 0|3, 60, N/A, 44.79, 97|4, 61, N/A, 185.79, 51|5, 63, N/A, 45.80, 50|6, 62, N/A, 199.27, 29|
12:00:38 0, 59, N/A, 42.87, 0|1, 56, N/A, 46.35, 0|2, 58, N/A, 50.77, 0|3, 58, N/A, 43.10, 0|4, 60, N/A, 46.05, 0|5, 62, N/A, 44.85, 0|6, 64, N/A, 201.24, 76|
12:00:40 0, 61, N/A, 44.10, 0|1, 60, N/A, 186.55, 100|2, 61, N/A, 203.99, 100|3, 57, N/A, 43.09, 0|4, 59, N/A, 46.05, 0|5, 61, N/A, 44.11, 0|6, 61, N/A, 49.22, 0|
12:00:42 0, 61, N/A, 44.08, 0|1, 59, N/A, 176.36, 100|2, 59, N/A, 51.74, 0|3, 59, N/A, 44.30, 0|4, 63, N/A, 199.38, 100|5, 63, N/A, 175.84, 100|6, 60, N/A, 48.95, 0|
12:00:44 0, 60, N/A, 43.61, 0|1, 59, N/A, 49.25, 30|2, 61, N/A, 194.07, 43|3, 60, N/A, 44.54, 6|4, 62, N/A, 195.70, 100|5, 62, N/A, 44.82, 3|6, 62, N/A, 50.18, 3|
12:00:46 0, 60, N/A, 43.37, 0|1, 57, N/A, 47.31, 0|2, 59, N/A, 51.50, 0|3, 59, N/A, 43.58, 0|4, 63, N/A, 187.50, 100|5, 62, N/A, 45.09, 0|6, 62, N/A, 50.68, 0|
12:00:48 0, 62, N/A, 175.91, 100|1, 57, N/A, 47.31, 0|2, 58, N/A, 51.25, 0|3, 58, N/A, 43.09, 0|4, 60, N/A, 46.30, 0|5, 62, N/A, 44.85, 0|6, 63, N/A, 52.15, 100|
12:00:50 0, 60, N/A, 43.61, 0|1, 59, N/A, 48.79, 0|2, 62, N/A, 183.88, 100|3, 60, N/A, 150.50, 100|4, 59, N/A, 46.05, 0|5, 61, N/A, 44.33, 0|6, 61, N/A, 49.44, 0|
12:00:53 0, 61, N/A, 142.83, 0|1, 59, N/A, 49.28, 4|2, 61, N/A, 164.11, 69|3, 59, N/A, 43.78, 0|4, 63, N/A, 52.63, 100|5, 64, N/A, 169.93, 10|6, 62, N/A, 198.40, 69|
12:00:55 0, 60, N/A, 43.61, 0|1, 58, N/A, 48.29, 0|2, 63, N/A, 201.68, 100|3, 59, N/A, 43.83, 0|4, 64, N/A, 187.99, 100|5, 62, N/A, 44.85, 0|6, 61, N/A, 49.69, 0|
12:00:57 0, 60, N/A, 43.37, 0|1, 57, N/A, 47.59, 0|2, 59, N/A, 51.75, 0|3, 59, N/A, 43.59, 0|4, 62, N/A, 47.77, 0|5, 65, N/A, 147.19, 100|6, 61, N/A, 49.72, 0|
12:00:59 0, 64, N/A, 178.49, 100|1, 59, N/A, 189.49, 71|2, 59, N/A, 51.50, 0|3, 58, N/A, 43.34, 0|4, 60, N/A, 46.54, 0|5, 62, N/A, 44.85, 0|6, 62, N/A, 50.45, 0|
12:01:01 0, 60, N/A, 43.36, 0|1, 58, N/A, 48.05, 0|2, 64, N/A, 200.83, 100|3, 61, N/A, 46.51, 100|4, 60, N/A, 145.38, 0|5, 62, N/A, 44.82, 2|6, 61, N/A, 49.43, 0|
12:01:03 0, 63, N/A, 152.31, 100|1, 58, N/A, 48.54, 0|2, 63, N/A, 164.11, 100|3, 59, N/A, 43.56, 0|4, 62, N/A, 47.74, 0|5, 65, N/A, 163.17, 100|6, 64, N/A, 129.12, 100|
12:01:05 0, 61, N/A, 43.61, 0|1, 58, N/A, 48.05, 0|2, 62, N/A, 54.45, 27|3, 62, N/A, 178.17, 95|4, 62, N/A, 48.48, 42|5, 65, N/A, 184.81, 100|6, 61, N/A, 49.44, 0|
12:01:07 0, 60, N/A, 43.37, 0|1, 57, N/A, 47.59, 0|2, 59, N/A, 51.75, 0|3, 59, N/A, 43.59, 0|4, 62, N/A, 47.29, 0|5, 66, N/A, 122.80, 100|6, 61, N/A, 90.18, 0|
12:01:09 0, 64, N/A, 172.71, 100|1, 60, N/A, 152.42, 100|2, 59, N/A, 43.86, 0|3, 58, N/A, 37.68, 0|4, 60, N/A, 40.39, 0|5, 62, N/A, 44.85, 0|6, 62, N/A, 49.96, 0|
12:01:11 0, 63, N/A, 178.98, 100|1, 58, N/A, 48.32, 3|2, 62, N/A, 54.21, 88|3, 62, N/A, 176.95, 31|4, 62, N/A, 161.96, 100|5, 62, N/A, 39.18, 0|6, 61, N/A, 42.31, 3|
12:01:13 0, 64, N/A, 147.01, 100|1, 58, N/A, 48.29, 0|2, 64, N/A, 173.92, 100|3, 59, N/A, 43.56, 0|4, 62, N/A, 47.50, 0|5, 66, N/A, 154.70, 100|6, 62, N/A, 50.17, 6|
12:01:16 0, 61, N/A, 43.61, 0|1, 58, N/A, 48.08, 0|2, 61, N/A, 53.72, 0|3, 62, N/A, 156.30, 100|4, 62, N/A, 48.02, 0|5, 65, N/A, 149.33, 100|6, 61, N/A, 49.45, 0|
12:01:18 0, 60, N/A, 37.97, 0|1, 57, N/A, 41.18, 0|2, 60, N/A, 51.99, 0|3, 59, N/A, 43.59, 0|4, 62, N/A, 47.53, 0|5, 65, N/A, 46.82, 16|6, 63, N/A, 196.95, 62|
12:01:20 0, 65, N/A, 176.28, 100|1, 60, N/A, 159.78, 100|2, 59, N/A, 51.74, 0|3, 59, N/A, 43.58, 0|4, 61, N/A, 47.04, 0|5, 63, N/A, 45.09, 0|6, 62, N/A, 49.96, 0|
12:01:22 0, 63, N/A, 166.23, 100|1, 58, N/A, 48.08, 0|2, 62, N/A, 53.47, 0|3, 62, N/A, 167.97, 100|4, 63, N/A, 168.82, 100|5, 62, N/A, 44.82, 0|6, 61, N/A, 49.44, 0|
12:01:24 0, 64, N/A, 156.50, 100|1, 59, N/A, 48.54, 0|2, 64, N/A, 126.55, 100|3, 59, N/A, 92.07, 0|4, 62, N/A, 47.74, 0|5, 67, N/A, 160.50, 100|6, 62, N/A, 50.67, 15|
12:01:26 0, 61, N/A, 43.83, 0|1, 58, N/A, 48.05, 0|2, 62, N/A, 53.72, 0|3, 62, N/A, 165.77, 100|4, 62, N/A, 48.24, 0|5, 65, N/A, 199.61, 100|6, 61, N/A, 49.69, 0|
12:01:28 0, 60, N/A, 43.37, 0|1, 58, N/A, 47.31, 0|2, 60, N/A, 52.24, 0|3, 59, N/A, 43.83, 0|4, 62, N/A, 47.53, 0|5, 65, N/A, 46.55, 55|6, 63, N/A, 200.51, 20|
12:01:30 0, 65, N/A, 168.28, 100|1, 60, N/A, 160.52, 100|2, 59, N/A, 50.73, 0|3, 59, N/A, 43.58, 0|4, 61, N/A, 47.04, 0|5, 62, N/A, 45.09, 0|6, 62, N/A, 49.96, 0|
12:01:32 0, 63, N/A, 175.78, 100|1, 58, N/A, 48.04, 0|2, 62, N/A, 54.70, 54|3, 62, N/A, 176.44, 65|4, 63, N/A, 148.00, 100|5, 62, N/A, 44.82, 0|6, 61, N/A, 49.20, 0|
12:01:34 0, 64, N/A, 177.48, 100|1, 58, N/A, 48.04, 0|2, 63, N/A, 180.59, 100|3, 59, N/A, 43.80, 0|4, 62, N/A, 47.50, 0|5, 66, N/A, 160.73, 100|6, 62, N/A, 50.66, 0|
12:01:36 0, 60, N/A, 43.34, 0|1, 58, N/A, 47.80, 0|2, 61, N/A, 53.47, 0|3, 61, N/A, 180.11, 100|4, 62, N/A, 48.00, 0|5, 65, N/A, 157.32, 100|6, 60, N/A, 49.20, 0|
12:01:39 0, 59, N/A, 43.13, 0|1, 57, N/A, 47.09, 0|2, 59, N/A, 51.78, 0|3, 59, N/A, 43.34, 0|4, 61, N/A, 47.28, 0|5, 65, N/A, 46.82, 57|6, 61, N/A, 196.43, 22|
12:01:41 0, 64, N/A, 145.05, 100|1, 60, N/A, 177.84, 100|2, 58, N/A, 51.50, 0|3, 58, N/A, 43.34, 0|4, 60, N/A, 46.54, 0|5, 62, N/A, 44.85, 0|6, 61, N/A, 49.71, 0|
12:01:43 0, 61, N/A, 149.14, 33|1, 57, N/A, 47.80, 0|2, 62, N/A, 62.30, 100|3, 60, N/A, 175.30, 8|4, 62, N/A, 165.78, 51|5, 61, N/A, 44.57, 0|6, 60, N/A, 48.70, 3|
12:01:45 0, 63, N/A, 144.47, 100|1, 57, N/A, 48.26, 0|2, 62, N/A, 214.02, 100|3, 58, N/A, 43.56, 0|4, 61, N/A, 47.50, 0|5, 65, N/A, 145.61, 100|6, 63, N/A, 59.49, 100|
12:01:47 0, 59, N/A, 43.34, 0|1, 57, N/A, 47.56, 0|2, 61, N/A, 54.42, 44|3, 60, N/A, 163.70, 69|4, 62, N/A, 48.48, 70|5, 63, N/A, 150.70, 8|6, 60, N/A, 48.70, 0|
12:01:49 0, 59, N/A, 42.85, 0|1, 56, N/A, 46.82, 0|2, 59, N/A, 51.23, 0|3, 58, N/A, 43.31, 0|4, 61, N/A, 47.26, 0|5, 64, N/A, 178.93, 100|6, 60, N/A, 48.70, 0|
12:01:51 0, 62, N/A, 175.29, 100|1, 58, N/A, 189.75, 37|2, 58, N/A, 50.97, 0|3, 58, N/A, 43.07, 0|4, 60, N/A, 46.27, 0|5, 61, N/A, 44.57, 0|6, 61, N/A, 49.69, 0|
12:01:53 0, 59, N/A, 43.11, 0|1, 57, N/A, 47.56, 0|2, 62, N/A, 183.65, 100|3, 61, N/A, 159.97, 100|4, 59, N/A, 46.05, 0|5, 61, N/A, 44.35, 0|6, 59, N/A, 48.48, 0|
12:01:55 0, 61, N/A, 171.60, 61|1, 58, N/A, 48.29, 3|2, 61, N/A, 166.79, 100|3, 58, N/A, 43.31, 0|4, 62, N/A, 48.97, 95|5, 63, N/A, 183.32, 11|6, 61, N/A, 158.09, 100|
12:01:57 0, 59, N/A, 43.12, 0|1, 57, N/A, 47.80, 0|2, 62, N/A, 176.89, 100|3, 58, N/A, 43.34, 0|4, 63, N/A, 152.49, 100|5, 61, N/A, 44.35, 0|6, 59, N/A, 48.70, 0|
12:01:59 0, 58, N/A, 42.63, 0|1, 56, N/A, 46.60, 0|2, 58, N/A, 51.01, 0|3, 58, N/A, 43.34, 0|4, 62, N/A, 48.52, 78|5, 63, N/A, 157.17, 0|6, 60, N/A, 48.98, 0|
12:02:01 0, 62, N/A, 178.85, 100|1, 55, N/A, 46.60, 0|2, 57, N/A, 42.90, 0|3, 57, N/A, 37.19, 0|4, 59, N/A, 46.05, 0|5, 61, N/A, 44.36, 0|6, 62, N/A, 53.14, 100|
12:02:04 0, 59, N/A, 42.87, 0|1, 58, N/A, 48.54, 0|2, 62, N/A, 168.04, 100|3, 58, N/A, 132.20, 14|4, 58, N/A, 39.40, 0|5, 60, N/A, 38.44, 0|6, 59, N/A, 48.48, 0|
12:02:06 0, 60, N/A, 43.34, 0|1, 59, N/A, 156.59, 100|2, 58, N/A, 51.01, 0|3, 58, N/A, 43.81, 0|4, 64, N/A, 176.82, 100|5, 63, N/A, 173.88, 100|6, 58, N/A, 40.85, 0|
12:02:08 0, 60, N/A, 43.09, 0|1, 58, N/A, 49.00, 100|2, 61, N/A, 177.52, 68|3, 59, N/A, 44.29, 72|4, 62, N/A, 187.85, 75|5, 61, N/A, 44.57, 4|6, 60, N/A, 49.43, 0|
12:02:10 0, 59, N/A, 37.43, 0|1, 56, N/A, 46.81, 0|2, 59, N/A, 51.25, 0|3, 59, N/A, 43.53, 0|4, 63, N/A, 189.82, 100|5, 62, N/A, 44.79, 0|6, 62, N/A, 183.13, 100|
12:02:12 0, 58, N/A, 133.52, 0|1, 55, N/A, 39.92, 0|2, 58, N/A, 51.01, 3|3, 58, N/A, 43.07, 0|4, 60, N/A, 46.27, 0|5, 62, N/A, 44.82, 0|6, 63, N/A, 153.05, 100|
12:02:14 0, 60, N/A, 43.85, 0|1, 59, N/A, 184.51, 100|2, 61, N/A, 197.88, 100|3, 58, N/A, 43.09, 0|4, 59, N/A, 46.05, 4|5, 61, N/A, 44.11, 0|6, 60, N/A, 48.73, 0|
12:02:16 0, 63, N/A, 155.03, 100|1, 56, N/A, 47.06, 0|2, 60, N/A, 52.24, 0|3, 62, N/A, 144.05, 100|4, 63, N/A, 190.35, 100|5, 61, N/A, 44.33, 0|6, 59, N/A, 48.45, 0|
12:02:18 0, 61, N/A, 44.32, 25|1, 59, N/A, 154.87, 100|2, 60, N/A, 53.47, 0|3, 61, N/A, 148.05, 100|4, 60, N/A, 47.01, 0|5, 63, N/A, 45.80, 0|6, 62, N/A, 181.60, 100|
12:02:20 0, 59, N/A, 43.12, 0|1, 57, N/A, 47.09, 0|2, 60, N/A, 52.51, 0|3, 62, N/A, 179.15, 100|4, 61, N/A, 47.26, 0|5, 65, N/A, 185.82, 100|6, 59, N/A, 48.45, 0|
12:02:22 0, 59, N/A, 42.87, 0|1, 56, N/A, 46.85, 0|2, 59, N/A, 51.28, 0|3, 59, N/A, 43.10, 0|4, 61, N/A, 47.04, 0|5, 64, N/A, 45.83, 15|6, 62, N/A, 198.42, 64|
12:02:24 0, 63, N/A, 166.80, 100|1, 59, N/A, 184.47, 100|2, 58, N/A, 51.25, 0|3, 58, N/A, 43.09, 0|4, 60, N/A, 46.54, 0|5, 62, N/A, 44.35, 0|6, 61, N/A, 49.47, 0|
12:02:26 0, 59, N/A, 161.38, 0|1, 57, N/A, 47.77, 0|2, 64, N/A, 195.04, 100|3, 60, N/A, 45.03, 61|4, 61, N/A, 186.03, 0|5, 61, N/A, 44.33, 4|6, 60, N/A, 48.70, 4|
12:02:29 0, 63, N/A, 162.54, 100|1, 58, N/A, 48.26, 0|2, 63, N/A, 203.25, 100|3, 59, N/A, 43.53, 0|4, 63, N/A, 48.45, 0|5, 65, N/A, 186.40, 99|6, 62, N/A, 172.66, 100|
12:02:31 0, 60, N/A, 43.36, 0|1, 58, N/A, 47.77, 0|2, 63, N/A, 201.44, 100|3, 59, N/A, 43.56, 0|4, 64, N/A, 186.52, 100|5, 62, N/A, 44.82, 0|6, 60, N/A, 48.95, 0|
12:02:33 0, 59, N/A, 43.12, 0|1, 57, N/A, 47.09, 0|2, 60, N/A, 51.78, 0|3, 59, N/A, 43.83, 0|4, 63, N/A, 49.26, 58|5, 64, N/A, 148.66, 17|6, 61, N/A, 49.47, 0|
12:02:35 0, 62, N/A, 142.35, 100|1, 56, N/A, 46.84, 0|2, 59, N/A, 51.77, 0|3, 58, N/A, 43.56, 0|4, 61, N/A, 47.04, 0|5, 62, N/A, 45.07, 0|6, 65, N/A, 201.97, 100|
12:02:37 0, 60, N/A, 43.61, 0|1, 59, N/A, 49.74, 71|2, 63, N/A, 187.56, 100|3, 58, N/A, 134.65, 0|4, 60, N/A, 46.79, 0|5, 62, N/A, 44.35, 0|6, 60, N/A, 48.24, 0|
12:02:39 0, 61, N/A, 44.35, 0|1, 59, N/A, 152.66, 100|2, 60, N/A, 52.48, 0|3, 60, N/A, 44.79, 0|4, 65, N/A, 186.26, 100|5, 64, N/A, 184.55, 100|6, 60, N/A, 47.71, 0|
12:02:41 0, 61, N/A, 43.83, 0|1, 61, N/A, 162.96, 100|2, 61, N/A, 53.19, 0|3, 62, N/A, 148.20, 100|4, 61, N/A, 47.01, 0|5, 63, N/A, 45.55, 0|6, 64, N/A, 213.41, 100|
12:02:43 0, 60, N/A, 43.37, 0|1, 57, N/A, 47.34, 0|2, 61, N/A, 52.73, 0|3, 61, N/A, 45.04, 20|4, 64, N/A, 189.71, 22|5, 64, N/A, 46.30, 68|6, 62, N/A, 200.74, 100|
12:02:45 0, 60, N/A, 42.87, 0|1, 57, N/A, 47.06, 0|2, 60, N/A, 51.99, 0|3, 59, N/A, 43.59, 0|4, 62, N/A, 47.28, 0|5, 64, N/A, 45.59, 0|6, 63, N/A, 172.57, 100|
12:02:47 0, 64, N/A, 167.05, 100|1, 60, N/A, 159.54, 100|2, 59, N/A, 51.96, 0|3, 59, N/A, 43.34, 0|4, 61, N/A, 40.39, 0|5, 62, N/A, 44.85, 0|6, 61, N/A, 49.22, 0|
12:02:49 0, 62, N/A, 169.17, 47|1, 58, N/A, 48.04, 4|2, 63, N/A, 55.44, 100|3, 61, N/A, 161.10, 21|4, 63, N/A, 179.16, 100|5, 62, N/A, 38.93, 0|6, 60, N/A, 41.81, 2|
12:02:52 0, 61, N/A, 44.07, 10|1, 60, N/A, 151.17, 32|2, 64, N/A, 166.71, 100|3, 59, N/A, 44.05, 0|4, 63, N/A, 48.72, 0|5, 66, N/A, 150.43, 100|6, 63, N/A, 199.14, 100|
12:02:54 0, 60, N/A, 43.12, 0|1, 57, N/A, 47.34, 0|2, 61, N/A, 52.49, 0|3, 60, N/A, 44.08, 0|4, 66, N/A, 191.69, 100|5, 63, N/A, 45.10, 0|6, 61, N/A, 49.47, 0|
12:02:56 0, 60, N/A, 43.12, 3|1, 57, N/A, 47.09, 0|2, 60, N/A, 44.13, 2|3, 59, N/A, 43.59, 0|4, 62, N/A, 47.28, 0|5, 63, N/A, 45.10, 0|6, 65, N/A, 201.97, 100|
12:02:58 0, 60, N/A, 43.61, 0|1, 60, N/A, 190.99, 100|2, 59, N/A, 44.11, 0|3, 59, N/A, 43.83, 0|4, 61, N/A, 47.04, 0|5, 62, N/A, 44.85, 0|6, 61, N/A, 48.24, 0|
12:03:00 0, 59, N/A, 37.21, 0|1, 57, N/A, 46.60, 0|2, 60, N/A, 51.75, 0|3, 60, N/A, 44.82, 85|4, 63, N/A, 188.60, 54|5, 62, N/A, 44.85, 0|6, 60, N/A, 47.99, 0|
12:03:02 0, 59, N/A, 37.72, 0|1, 57, N/A, 46.60, 0|2, 59, N/A, 51.26, 0|3, 59, N/A, 43.34, 0|4, 61, N/A, 47.04, 0|5, 63, N/A, 45.59, 0|6, 63, N/A, 201.71, 100|
12:03:04 0, 59, N/A, 38.19, 14|1, 57, N/A, 49.53, 11|2, 61, N/A, 63.08, 15|3, 59, N/A, 72.80, 12|4, 62, N/A, 131.07, 15|5, 63, N/A, 45.10, 13|6, 62, N/A, 49.96, 17|
12:03:06 0, 59, N/A, 37.70, 14|1, 57, N/A, 47.34, 11|2, 60, N/A, 52.99, 15|3, 59, N/A, 44.08, 12|4, 62, N/A, 47.77, 15|5, 63, N/A, 46.57, 13|6, 63, N/A, 103.40, 25|
12:03:08 0, 59, N/A, 39.43, 14|1, 57, N/A, 53.96, 11|2, 60, N/A, 99.15, 15|3, 59, N/A, 149.30, 12|4, 61, N/A, 87.53, 15|5, 62, N/A, 45.10, 13|6, 62, N/A, 50.21, 18|
12:03:10 0, 59, N/A, 37.70, 14|1, 57, N/A, 47.09, 11|2, 60, N/A, 52.99, 15|3, 59, N/A, 43.83, 12|4, 62, N/A, 48.02, 15|5, 63, N/A, 48.05, 13|6, 62, N/A, 145.39, 18|
12:03:12 0, 59, N/A, 40.41, 14|1, 57, N/A, 58.64, 11|2, 60, N/A, 124.85, 15|3, 59, N/A, 126.88, 12|4, 61, N/A, 47.28, 15|5, 62, N/A, 44.85, 13|6, 62, N/A, 50.46, 18|
12:03:14 0, 59, N/A, 37.70, 14|1, 57, N/A, 47.09, 11|2, 60, N/A, 52.99, 15|3, 59, N/A, 44.08, 12|4, 61, N/A, 48.52, 15|5, 62, N/A, 49.99, 13|6, 62, N/A, 198.78, 18|
12:03:17 0, 59, N/A, 43.37, 14|1, 57, N/A, 72.15, 11|2, 60, N/A, 188.82, 15|3, 59, N/A, 54.64, 12|4, 61, N/A, 47.29, 15|5, 62, N/A, 44.85, 13|6, 62, N/A, 50.71, 18|
12:03:19 0, 59, N/A, 37.46, 14|1, 56, N/A, 47.34, 11|2, 60, N/A, 53.23, 15|3, 59, N/A, 45.07, 12|4, 62, N/A, 55.13, 15|5, 63, N/A, 77.49, 13|6, 62, N/A, 182.26, 27|
12:03:21 0, 59, N/A, 73.35, 14|1, 56, N/A, 149.57, 11|2, 59, N/A, 52.49, 15|3, 59, N/A, 43.59, 12|4, 61, N/A, 47.04, 15|5, 62, N/A, 44.85, 13|6, 62, N/A, 52.42, 24|
12:03:23 0, 58, N/A, 37.48, 14|1, 56, N/A, 47.34, 11|2, 60, N/A, 54.00, 15|3, 59, N/A, 47.53, 12|4, 62, N/A, 69.66, 15|5, 62, N/A, 140.99, 13|6, 62, N/A, 114.63, 27|
12:03:25 0, 59, N/A, 113.16, 14|1, 56, N/A, 100.19, 12|2, 59, N/A, 52.76, 15|3, 58, N/A, 43.62, 12|4, 61, N/A, 47.07, 15|5, 62, N/A, 45.12, 13|6, 62, N/A, 53.17, 27|
12:03:27 0, 58, N/A, 37.45, 14|1, 56, N/A, 47.58, 12|2, 60, N/A, 55.44, 15|3, 59, N/A, 52.67, 12|4, 61, N/A, 101.74, 15|5, 62, N/A, 155.38, 13|6, 62, N/A, 50.46, 27|
12:03:29 0, 58, N/A, 78.23, 14|1, 56, N/A, 47.09, 11|2, 59, N/A, 52.73, 15|3, 58, N/A, 43.59, 12|4, 61, N/A, 47.04, 15|5, 62, N/A, 45.34, 13|6, 63, N/A, 68.35, 27|
12:03:31 0, 58, N/A, 37.97, 14|1, 56, N/A, 49.53, 12|2, 60, N/A, 70.19, 15|3, 59, N/A, 95.82, 12|4, 60, N/A, 158.39, 15|5, 62, N/A, 44.85, 13|6, 62, N/A, 50.71, 27|
12:03:33 0, 58, N/A, 37.21, 14|1, 56, N/A, 47.09, 12|2, 59, N/A, 52.49, 15|3, 58, N/A, 43.59, 12|4, 60, N/A, 41.37, 16|5, 62, N/A, 48.79, 9|6, 63, N/A, 193.60, 27|
12:03:35 0, 58, N/A, 36.98, 14|1, 56, N/A, 46.85, 12|2, 59, N/A, 52.49, 15|3, 58, N/A, 37.70, 12|4, 60, N/A, 40.17, 14|5, 62, N/A, 39.45, 14|6, 62, N/A, 68.14, 29|
12:03:37 0, 58, N/A, 37.23, 14|1, 56, N/A, 46.85, 11|2, 59, N/A, 52.24, 15|3, 58, N/A, 37.70, 13|4, 60, N/A, 40.17, 16|5, 61, N/A, 40.44, 14|6, 62, N/A, 105.85, 28|
12:03:39 0, 58, N/A, 36.98, 14|1, 56, N/A, 46.82, 1|2, 59, N/A, 52.49, 15|3, 58, N/A, 37.68, 13|4, 60, N/A, 41.15, 7|5, 62, N/A, 45.59, 14|6, 62, N/A, 155.60, 29|
12:03:42 0, 58, N/A, 36.98, 8|1, 56, N/A, 46.85, 11|2, 59, N/A, 52.99, 11|3, 58, N/A, 39.15, 5|4, 60, N/A, 52.46, 16|5, 62, N/A, 92.50, 8|6, 61, N/A, 113.40, 29|
12:03:44 0, 58, N/A, 37.97, 14|1, 56, N/A, 42.90, 13|2, 59, N/A, 62.84, 17|3, 58, N/A, 110.32, 13|4, 60, N/A, 83.10, 16|5, 61, N/A, 38.69, 14|6, 61, N/A, 42.83, 13|
12:03:46 0, 57, N/A, 123.85, 14|1, 55, N/A, 43.89, 12|2, 58, N/A, 43.89, 16|3, 57, N/A, 37.46, 13|4, 59, N/A, 39.92, 10|5, 61, N/A, 38.71, 14|6, 62, N/A, 47.01, 26|
12:03:48 0, 57, N/A, 36.98, 14|1, 55, N/A, 40.19, 13|2, 58, N/A, 43.89, 16|3, 57, N/A, 37.95, 13|4, 60, N/A, 43.12, 4|5, 61, N/A, 55.66, 14|6, 61, N/A, 153.88, 29|
12:03:50 0, 57, N/A, 38.46, 4|1, 55, N/A, 44.87, 13|2, 58, N/A, 77.83, 4|3, 57, N/A, 117.63, 4|4, 59, N/A, 39.67, 16|5, 61, N/A, 38.71, 14|6, 61, N/A, 42.61, 29|
12:03:52 0, 57, N/A, 93.97, 14|1, 55, N/A, 39.94, 13|2, 58, N/A, 43.64, 17|3, 57, N/A, 37.45, 13|4, 59, N/A, 40.17, 16|5, 61, N/A, 39.20, 13|6, 61, N/A, 50.46, 28|
12:03:54 0, 57, N/A, 37.23, 14|1, 55, N/A, 39.94, 13|2, 58, N/A, 43.89, 17|3, 57, N/A, 38.69, 13|4, 59, N/A, 49.75, 16|5, 61, N/A, 90.29, 14|6, 61, N/A, 116.04, 17|
12:03:56 0, 57, N/A, 39.70, 14|1, 55, N/A, 50.27, 13|2, 58, N/A, 122.20, 17|3, 57, N/A, 78.22, 13|4, 59, N/A, 39.67, 16|5, 61, N/A, 38.46, 14|6, 61, N/A, 42.85, 25|
12:03:58 0, 57, N/A, 52.98, 14|1, 55, N/A, 40.19, 13|2, 57, N/A, 43.15, 16|3, 57, N/A, 37.43, 13|4, 59, N/A, 39.67, 10|5, 61, N/A, 38.96, 14|6, 62, N/A, 59.28, 29|
12:04:00 0, 57, N/A, 36.98, 0|1, 55, N/A, 40.19, 13|2, 57, N/A, 43.89, 1|3, 57, N/A, 39.15, 1|4, 59, N/A, 53.94, 16|5, 60, N/A, 112.79, 14|6, 61, N/A, 90.62, 29|
12:04:02 0, 57, N/A, 40.19, 10|1, 55, N/A, 53.23, 12|2, 57, N/A, 141.23, 17|3, 57, N/A, 66.66, 13|4, 59, N/A, 39.43, 16|5, 60, N/A, 38.46, 13|6, 61, N/A, 42.60, 23|
12:04:04 0, 57, N/A, 48.27, 14|1, 54, N/A, 40.19, 13|2, 57, N/A, 42.90, 17|3, 57, N/A, 37.21, 13|4, 59, N/A, 39.67, 16|5, 60, N/A, 39.21, 14|6, 61, N/A, 62.48, 13|
12:04:07 0, 56, N/A, 36.74, 2|1, 54, N/A, 39.94, 2|2, 57, N/A, 42.90, 2|3, 56, N/A, 36.71, 2|4, 58, N/A, 38.93, 2|5, 60, N/A, 38.47, 2|6, 60, N/A, 41.62, 2|
12:04:09 0, 59, N/A, 43.61, 0|1, 58, N/A, 170.86, 100|2, 59, N/A, 148.39, 100|3, 56, N/A, 36.69, 5|4, 58, N/A, 38.91, 5|5, 60, N/A, 37.95, 0|6, 59, N/A, 41.59, 0|
12:04:11 0, 60, N/A, 151.12, 100|1, 55, N/A, 46.60, 0|2, 59, N/A, 51.52, 0|3, 60, N/A, 150.75, 100|4, 62, N/A, 151.52, 100|5, 60, N/A, 38.19, 0|6, 59, N/A, 41.35, 0|
12:04:13 0, 61, N/A, 145.04, 100|1, 56, N/A, 46.81, 0|2, 62, N/A, 174.41, 100|3, 57, N/A, 42.82, 0|4, 60, N/A, 46.51, 0|5, 64, N/A, 171.66, 100|6, 61, N/A, 49.68, 4|
12:04:15 0, 58, N/A, 42.38, 0|1, 56, N/A, 46.84, 0|2, 60, N/A, 53.49, 88|3, 59, N/A, 174.11, 18|4, 61, N/A, 47.53, 5|5, 63, N/A, 182.24, 76|6, 60, N/A, 48.95, 0|
12:04:17 0, 57, N/A, 36.74, 0|1, 55, N/A, 46.35, 0|2, 58, N/A, 50.77, 0|3, 58, N/A, 42.85, 0|4, 61, N/A, 47.28, 0|5, 64, N/A, 175.23, 100|6, 60, N/A, 49.47, 0|
12:04:19 0, 61, N/A, 146.13, 100|1, 55, N/A, 46.35, 0|2, 57, N/A, 50.79, 0|3, 57, N/A, 42.85, 0|4, 59, N/A, 46.06, 0|5, 61, N/A, 44.11, 0|6, 63, N/A, 51.69, 100|
12:04:21 0, 58, N/A, 42.87, 0|1, 58, N/A, 48.29, 0|2, 63, N/A, 196.05, 100|3, 58, N/A, 160.23, 66|4, 59, N/A, 39.15, 0|5, 60, N/A, 38.44, 0|6, 60, N/A, 48.97, 0|
12:04:23 0, 59, N/A, 43.34, 0|1, 59, N/A, 156.00, 100|2, 59, N/A, 51.71, 0|3, 59, N/A, 44.05, 0|4, 63, N/A, 154.44, 100|5, 63, N/A, 140.80, 100|6, 60, N/A, 41.59, 0|
12:04:25 0, 59, N/A, 43.34, 0|1, 59, N/A, 191.71, 100|2, 59, N/A, 52.23, 0|3, 61, N/A, 156.28, 100|4, 60, N/A, 46.27, 0|5, 62, N/A, 45.07, 0|6, 64, N/A, 202.20, 100|
12:04:27 0, 58, N/A, 42.36, 0|1, 56, N/A, 46.84, 0|2, 59, N/A, 51.99, 0|3, 61, N/A, 47.74, 100|4, 61, N/A, 168.59, 1|5, 64, N/A, 46.30, 85|6, 62, N/A, 157.72, 0|
12:04:29 0, 58, N/A, 42.38, 0|1, 56, N/A, 46.60, 0|2, 58, N/A, 43.64, 0|3, 58, N/A, 43.10, 0|4, 61, N/A, 46.54, 0|5, 63, N/A, 45.59, 29|6, 63, N/A, 180.16, 100|
12:04:32 0, 62, N/A, 153.17, 100|1, 58, N/A, 188.28, 100|2, 58, N/A, 43.37, 0|3, 58, N/A, 43.09, 0|4, 60, N/A, 46.30, 0|5, 61, N/A, 44.11, 0|6, 62, N/A, 49.47, 0|
12:04:34 0, 59, N/A, 42.63, 0|1, 57, N/A, 47.31, 0|2, 63, N/A, 187.09, 100|3, 61, N/A, 144.87, 100|4, 59, N/A, 46.05, 0|5, 61, N/A, 44.11, 0|6, 61, N/A, 48.73, 0|
12:04:36 0, 60, N/A, 168.66, 0|1, 58, N/A, 49.00, 7|2, 61, N/A, 164.08, 76|3, 59, N/A, 43.53, 0|4, 65, N/A, 179.41, 100|5, 63, N/A, 45.78, 39|6, 62, N/A, 198.65, 55|
12:04:38 0, 59, N/A, 43.09, 0|1, 58, N/A, 48.26, 0|2, 62, N/A, 184.04, 100|3, 59, N/A, 44.05, 0|4, 63, N/A, 160.64, 100|5, 62, N/A, 44.82, 0|6, 62, N/A, 50.17, 0|
12:04:40 0, 58, N/A, 42.63, 0|1, 56, N/A, 46.84, 0|2, 60, N/A, 51.99, 0|3, 59, N/A, 43.81, 0|4, 65, N/A, 163.46, 100|5, 63, N/A, 45.09, 0|6, 65, N/A, 187.62, 100|
12:04:42 0, 58, N/A, 42.63, 0|1, 56, N/A, 46.85, 0|2, 59, N/A, 51.28, 0|3, 58, N/A, 43.10, 0|4, 61, N/A, 46.54, 0|5, 63, N/A, 44.85, 0|6, 64, N/A, 201.60, 100|
12:04:44 0, 61, N/A, 44.60, 66|1, 60, N/A, 192.60, 85|2, 61, N/A, 198.38, 100|3, 58, N/A, 43.09, 0|4, 60, N/A, 46.54, 5|5, 62, N/A, 44.35, 0|6, 62, N/A, 49.96, 0|
12:04:46 0, 62, N/A, 185.74, 100|1, 57, N/A, 47.31, 0|2, 62, N/A, 54.45, 54|3, 62, N/A, 178.40, 53|4, 63, N/A, 166.03, 100|5, 61, N/A, 44.32, 0|6, 61, N/A, 49.44, 0|
12:04:48 0, 62, N/A, 147.98, 100|1, 58, N/A, 48.04, 0|2, 63, N/A, 171.22, 100|3, 59, N/A, 43.56, 0|4, 62, N/A, 48.24, 0|5, 65, N/A, 159.26, 100|6, 64, N/A, 199.40, 100|
12:04:50 0, 59, N/A, 42.87, 0|1, 58, N/A, 47.80, 0|2, 64, N/A, 203.40, 100|3, 59, N/A, 43.83, 0|4, 65, N/A, 190.70, 100|5, 62, N/A, 44.85, 0|6, 62, N/A, 49.93, 0|
12:04:52 0, 59, N/A, 42.87, 0|1, 57, N/A, 47.09, 0|2, 60, N/A, 51.99, 0|3, 59, N/A, 43.59, 0|4, 66, N/A, 176.43, 100|5, 63, N/A, 44.85, 0|6, 62, N/A, 50.71, 0|
12:04:55 0, 61, N/A, 178.27, 100|1, 56, N/A, 47.09, 7|2, 59, N/A, 52.02, 11|3, 59, N/A, 43.34, 4|4, 61, N/A, 47.04, 0|5, 63, N/A, 45.09, 6|6, 66, N/A, 163.09, 100|
12:04:57 0, 60, N/A, 43.85, 0|1, 61, N/A, 194.07, 100|2, 63, N/A, 160.34, 100|3, 58, N/A, 43.34, 0|4, 61, N/A, 46.54, 0|5, 62, N/A, 44.85, 0|6, 62, N/A, 49.96, 0|
12:04:59 0, 63, N/A, 179.96, 100|1, 57, N/A, 47.58, 0|2, 61, N/A, 53.01, 0|3, 63, N/A, 178.16, 100|4, 64, N/A, 152.74, 100|5, 62, N/A, 44.57, 0|6, 61, N/A, 49.44, 0|
12:05:01 0, 63, N/A, 171.86, 100|1, 58, N/A, 48.04, 0|2, 64, N/A, 194.32, 100|3, 59, N/A, 43.56, 0|4, 62, N/A, 47.74, 0|5, 67, N/A, 163.35, 100|6, 63, N/A, 51.16, 0|
12:05:03 0, 60, N/A, 43.37, 0|1, 58, N/A, 47.58, 0|2, 63, N/A, 55.93, 100|3, 61, N/A, 175.07, 0|4, 64, N/A, 49.72, 41|5, 64, N/A, 160.26, 37|6, 62, N/A, 49.93, 0|
12:05:05 0, 59, N/A, 37.72, 0|1, 57, N/A, 47.34, 0|2, 60, N/A, 52.24, 0|3, 59, N/A, 43.83, 0|4, 64, N/A, 49.01, 11|5, 65, N/A, 186.40, 72|6, 62, N/A, 50.21, 0|
12:05:07 0, 62, N/A, 143.17, 100|1, 57, N/A, 47.34, 0|2, 60, N/A, 52.24, 0|3, 59, N/A, 37.67, 0|4, 62, N/A, 47.26, 0|5, 63, N/A, 45.07, 0|6, 66, N/A, 201.48, 100|
12:05:09 0, 61, N/A, 43.85, 0|1, 61, N/A, 177.73, 100|2, 64, N/A, 202.81, 100|3, 58, N/A, 37.67, 0|4, 61, N/A, 40.39, 0|5, 62, N/A, 38.93, 0|6, 62, N/A, 49.96, 0|
12:05:11 0, 63, N/A, 142.85, 100|1, 57, N/A, 59.60, 0|2, 61, N/A, 53.47, 0|3, 63, N/A, 158.01, 100|4, 65, N/A, 192.15, 100|5, 62, N/A, 38.93, 0|6, 61, N/A, 42.33, 0|
12:05:13 0, 62, N/A, 46.08, 80|1, 59, N/A, 179.07, 0|2, 63, N/A, 55.69, 9|3, 61, N/A, 174.34, 90|4, 63, N/A, 47.74, 0|5, 66, N/A, 48.02, 100|6, 63, N/A, 168.14, 0|
12:05:15 0, 60, N/A, 43.34, 0|1, 58, N/A, 48.05, 0|2, 63, N/A, 55.19, 15|3, 62, N/A, 179.13, 84|4, 64, N/A, 48.97, 0|5, 65, N/A, 186.77, 100|6, 62, N/A, 49.93, 0|
12:05:17 0, 59, N/A, 43.37, 0|1, 57, N/A, 40.93, 0|2, 61, N/A, 52.73, 0|3, 60, N/A, 44.08, 0|4, 64, N/A, 48.27, 0|5, 66, N/A, 179.04, 100|6, 62, N/A, 50.43, 0|
12:05:20 0, 62, N/A, 171.46, 100|1, 57, N/A, 40.93, 0|2, 60, N/A, 44.62, 0|3, 59, N/A, 43.81, 0|4, 62, N/A, 46.76, 0|5, 63, N/A, 45.31, 0|6, 67, N/A, 203.20, 100|
12:05:22 0, 61, N/A, 43.85, 0|1, 61, N/A, 189.89, 100|2, 64, N/A, 200.57, 100|3, 59, N/A, 43.58, 0|4, 61, N/A, 46.79, 0|5, 63, N/A, 44.85, 0|6, 62, N/A, 49.93, 0|
12:05:24 0, 64, N/A, 69.89, 100|1, 57, N/A, 141.70, 0|2, 61, N/A, 52.98, 0|3, 63, N/A, 151.15, 100|4, 66, N/A, 190.44, 100|5, 62, N/A, 44.57, 0|6, 61, N/A, 49.69, 0|
12:05:26 0, 62, N/A, 45.31, 53|1, 59, N/A, 186.32, 0|2, 63, N/A, 55.44, 100|3, 60, N/A, 169.67, 3|4, 62, N/A, 47.99, 0|5, 66, N/A, 48.27, 100|6, 63, N/A, 162.02, 0|
12:05:28 0, 60, N/A, 43.12, 0|1, 58, N/A, 47.83, 0|2, 63, N/A, 54.95, 2|3, 62, N/A, 178.17, 100|4, 63, N/A, 48.98, 28|5, 65, N/A, 185.05, 100|6, 61, N/A, 49.69, 0|
12:05:30 0, 59, N/A, 42.87, 0|1, 57, N/A, 47.06, 0|2, 60, N/A, 52.24, 0|3, 59, N/A, 43.59, 0|4, 63, N/A, 48.76, 0|5, 65, N/A, 183.95, 100|6, 62, N/A, 49.96, 0|
12:05:32 0, 62, N/A, 154.55, 100|1, 56, N/A, 46.82, 0|2, 59, N/A, 50.76, 0|3, 59, N/A, 43.31, 0|4, 61, N/A, 47.01, 0|5, 62, N/A, 45.07, 0|6, 65, N/A, 200.00, 100|
12:05:34 0, 60, N/A, 43.36, 0|1, 60, N/A, 158.70, 100|2, 63, N/A, 190.66, 100|3, 58, N/A, 43.34, 0|4, 61, N/A, 46.54, 0|5, 62, N/A, 44.35, 0|6, 61, N/A, 49.46, 0|
12:05:36 0, 63, N/A, 168.34, 100|1, 57, N/A, 47.06, 0|2, 61, N/A, 53.22, 0|3, 63, N/A, 157.92, 100|4, 64, N/A, 191.17, 100|5, 61, N/A, 44.33, 0|6, 60, N/A, 49.20, 0|
12:05:38 0, 63, N/A, 181.09, 100|1, 57, N/A, 47.55, 0|2, 63, N/A, 78.01, 100|3, 59, N/A, 136.29, 0|4, 62, N/A, 47.50, 0|5, 66, N/A, 148.32, 100|6, 61, N/A, 50.43, 0|
12:05:40 0, 59, N/A, 42.87, 0|1, 57, N/A, 47.34, 0|2, 63, N/A, 55.94, 67|3, 60, N/A, 156.05, 41|4, 63, N/A, 49.23, 87|5, 63, N/A, 145.88, 0|6, 60, N/A, 49.20, 0|
12:05:42 0, 58, N/A, 42.63, 0|1, 56, N/A, 46.57, 0|2, 59, N/A, 51.99, 0|3, 59, N/A, 43.34, 0|4, 63, N/A, 48.76, 4|5, 64, N/A, 164.18, 76|6, 61, N/A, 49.69, 0|
12:05:45 0, 61, N/A, 158.23, 100|1, 56, N/A, 46.57, 7|2, 59, N/A, 51.25, 0|3, 58, N/A, 43.07, 0|4, 60, N/A, 46.76, 0|5, 62, N/A, 44.82, 0|6, 64, N/A, 201.47, 100|
12:05:47 0, 60, N/A, 43.61, 0|1, 60, N/A, 193.30, 100|2, 62, N/A, 186.23, 100|3, 57, N/A, 43.09, 0|4, 60, N/A, 46.29, 0|5, 61, N/A, 44.35, 0|6, 60, N/A, 48.97, 0|
12:05:49 0, 61, N/A, 176.53, 100|1, 56, N/A, 46.81, 0|2, 60, N/A, 53.22, 0|3, 61, N/A, 153.27, 100|4, 63, N/A, 182.10, 100|5, 61, N/A, 44.32, 0|6, 60, N/A, 48.70, 0|
12:05:51 0, 62, N/A, 177.99, 100|1, 56, N/A, 47.31, 0|2, 63, N/A, 202.65, 100|3, 58, N/A, 43.31, 0|4, 61, N/A, 47.50, 0|5, 65, N/A, 174.84, 100|6, 62, N/A, 51.65, 100|
12:05:53 0, 58, N/A, 42.87, 0|1, 57, N/A, 47.31, 0|2, 63, N/A, 203.87, 100|3, 58, N/A, 43.34, 0|4, 64, N/A, 191.91, 100|5, 61, N/A, 44.35, 0|6, 60, N/A, 49.20, 0|
12:05:55 0, 58, N/A, 36.96, 0|1, 55, N/A, 46.60, 0|2, 59, N/A, 51.26, 0|3, 58, N/A, 43.34, 0|4, 65, N/A, 192.18, 100|5, 61, N/A, 44.60, 0|6, 61, N/A, 49.72, 0|
12:05:57 0, 58, N/A, 117.94, 35|1, 55, N/A, 46.35, 0|2, 58, N/A, 51.04, 0|3, 57, N/A, 37.43, 0|4, 60, N/A, 46.79, 0|5, 62, N/A, 44.60, 0|6, 63, N/A, 155.35, 72|
12:05:59 0, 60, N/A, 44.10, 17|1, 59, N/A, 192.36, 100|2, 60, N/A, 164.50, 100|3, 57, N/A, 36.94, 6|4, 59, N/A, 39.65, 0|5, 60, N/A, 38.44, 0|6, 60, N/A, 48.97, 0|
12:06:01 0, 60, N/A, 176.43, 67|1, 56, N/A, 46.81, 2|2, 61, N/A, 54.45, 100|3, 60, N/A, 164.78, 6|4, 61, N/A, 153.14, 100|5, 60, N/A, 38.17, 0|6, 59, N/A, 41.32, 0|
12:06:03 0, 61, N/A, 176.65, 100|1, 57, N/A, 47.52, 0|2, 62, N/A, 201.05, 100|3, 58, N/A, 43.04, 0|4, 62, N/A, 48.45, 76|5, 63, N/A, 153.76, 97|6, 61, N/A, 186.16, 100|
12:06:05 0, 58, N/A, 42.60, 0|1, 57, N/A, 47.52, 0|2, 62, N/A, 202.16, 100|3, 58, N/A, 43.56, 0|4, 63, N/A, 190.18, 100|5, 61, N/A, 44.08, 0|6, 60, N/A, 48.95, 0|
12:06:07 0, 57, N/A, 42.38, 0|1, 55, N/A, 46.32, 0|2, 59, N/A, 51.25, 0|3, 58, N/A, 43.31, 0|4, 63, N/A, 190.19, 100|5, 61, N/A, 44.82, 0|6, 62, N/A, 201.22, 100|
12:06:10 0, 57, N/A, 41.15, 0|1, 54, N/A, 39.70, 0|2, 57, N/A, 42.90, 0|3, 57, N/A, 42.85, 0|4, 60, N/A, 46.30, 0|5, 62, N/A, 44.85, 0|6, 62, N/A, 199.64, 100|
12:06:12 0, 62, N/A, 178.25, 100|1, 58, N/A, 163.94, 100|2, 57, N/A, 42.63, 0|3, 57, N/A, 42.85, 0|4, 59, N/A, 45.80, 0|5, 60, N/A, 44.11, 0|6, 60, N/A, 48.73, 0|
12:06:14 0, 57, N/A, 42.38, 0|1, 56, N/A, 46.82, 0|2, 62, N/A, 157.83, 100|3, 60, N/A, 174.35, 100|4, 59, N/A, 45.80, 0|5, 60, N/A, 43.86, 0|6, 58, N/A, 48.24, 0|
12:06:16 0, 58, N/A, 42.60, 0|1, 58, N/A, 152.15, 100|2, 58, N/A, 50.97, 0|3, 58, N/A, 43.31, 0|4, 64, N/A, 183.07, 100|5, 64, N/A, 185.54, 100|6, 58, N/A, 47.71, 0|
12:06:18 0, 58, N/A, 42.87, 0|1, 59, N/A, 151.76, 100|2, 58, N/A, 51.25, 0|3, 60, N/A, 174.59, 100|4, 59, N/A, 46.05, 0|5, 61, N/A, 44.35, 0|6, 62, N/A, 60.51, 100|
12:06:20 0, 57, N/A, 42.13, 0|1, 55, N/A, 46.11, 0|2, 59, N/A, 51.51, 0|3, 60, N/A, 170.57, 100|4, 60, N/A, 46.30, 0|5, 64, N/A, 76.01, 100|6, 58, N/A, 142.36, 7|
12:06:22 0, 57, N/A, 42.14, 0|1, 54, N/A, 45.86, 0|2, 57, N/A, 50.54, 0|3, 57, N/A, 42.60, 0|4, 60, N/A, 46.30, 0|5, 64, N/A, 108.85, 100|6, 58, N/A, 103.64, 0|
12:06:24 0, 60, N/A, 172.84, 100|1, 55, N/A, 182.89, 0|2, 57, N/A, 50.27, 0|3, 56, N/A, 42.60, 0|4, 59, N/A, 45.80, 0|5, 60, N/A, 43.86, 0|6, 60, N/A, 49.96, 56|
12:06:26 0, 58, N/A, 42.37, 0|1, 57, N/A, 47.80, 0|2, 61, N/A, 203.15, 100|3, 57, N/A, 150.66, 21|4, 58, N/A, 45.55, 0|5, 60, N/A, 43.61, 0|6, 58, N/A, 47.99, 0|
12:06:28 0, 59, N/A, 43.58, 0|1, 57, N/A, 188.77, 62|2, 58, N/A, 51.24, 0|3, 59, N/A, 44.54, 19|4, 63, N/A, 187.75, 100|5, 61, N/A, 175.33, 9|6, 58, N/A, 47.72, 0|
12:06:30 0, 59, N/A, 43.83, 44|1, 57, N/A, 190.47, 100|2, 59, N/A, 52.69, 2|3, 59, N/A, 177.42, 98|4, 60, N/A, 46.26, 0|5, 62, N/A, 45.78, 35|6, 60, N/A, 194.74, 56|
12:06:32 0, 57, N/A, 42.13, 0|1, 55, N/A, 46.35, 0|2, 60, N/A, 52.98, 67|3, 59, N/A, 175.58, 33|4, 61, N/A, 47.51, 0|5, 62, N/A, 182.73, 77|6, 58, N/A, 47.96, 0|
12:06:35 0, 57, N/A, 42.14, 0|1, 54, N/A, 45.61, 0|2, 57, N/A, 50.54, 0|3, 57, N/A, 42.60, 0|4, 61, N/A, 47.78, 63|5, 62, N/A, 180.15, 100|6, 58, N/A, 48.24, 0|
12:06:37 0, 59, N/A, 177.05, 100|1, 54, N/A, 45.61, 7|2, 57, N/A, 50.29, 7|3, 56, N/A, 42.60, 4|4, 59, N/A, 45.80, 0|5, 60, N/A, 43.86, 0|6, 62, N/A, 156.74, 100|
12:06:39 0, 59, N/A, 43.12, 0|1, 58, N/A, 183.27, 100|2, 60, N/A, 200.33, 100|3, 56, N/A, 42.60, 0|4, 59, N/A, 45.80, 6|5, 60, N/A, 43.61, 0|6, 59, N/A, 48.24, 0|
12:06:41 0, 60, N/A, 151.60, 100|1, 55, N/A, 46.32, 0|2, 60, N/A, 52.97, 27|3, 60, N/A, 178.16, 74|4, 61, N/A, 184.07, 100|5, 60, N/A, 43.58, 0|6, 58, N/A, 47.96, 0|
12:06:43 0, 61, N/A, 175.54, 100|1, 56, N/A, 47.06, 0|2, 62, N/A, 201.91, 100|3, 57, N/A, 43.06, 0|4, 62, N/A, 48.23, 31|5, 63, N/A, 183.82, 100|6, 61, N/A, 199.12, 100|
12:06:45 0, 58, N/A, 42.62, 0|1, 56, N/A, 47.06, 0|2, 62, N/A, 203.40, 100|3, 58, N/A, 43.34, 0|4, 63, N/A, 190.19, 100|5, 61, N/A, 44.11, 0|6, 59, N/A, 48.70, 0|
12:06:47 0, 57, N/A, 36.71, 0|1, 55, N/A, 46.35, 0|2, 59, N/A, 51.28, 0|3, 58, N/A, 43.34, 0|4, 63, N/A, 186.87, 100|5, 62, N/A, 44.60, 0|6, 61, N/A, 193.77, 100|
12:06:49 0, 57, N/A, 36.74, 0|1, 55, N/A, 46.11, 0|2, 58, N/A, 50.79, 0|3, 57, N/A, 42.85, 0|4, 60, N/A, 46.30, 0|5, 62, N/A, 44.85, 0|6, 61, N/A, 194.23, 100|
12:06:51 0, 62, N/A, 162.14, 100|1, 58, N/A, 189.75, 100|2, 58, N/A, 50.73, 0|3, 57, N/A, 37.18, 0|4, 59, N/A, 39.65, 0|5, 61, N/A, 44.11, 0|6, 60, N/A, 49.22, 0|
12:06:53 0, 58, N/A, 42.63, 0|1, 56, N/A, 47.31, 0|2, 63, N/A, 202.91, 100|3, 59, N/A, 158.01, 100|4, 59, N/A, 39.65, 0|5, 60, N/A, 38.44, 0|6, 59, N/A, 41.35, 0|
12:06:55 0, 59, N/A, 43.34, 0|1, 59, N/A, 190.96, 100|2, 59, N/A, 51.71, 0|3, 58, N/A, 43.80, 0|4, 64, N/A, 176.96, 100|5, 63, N/A, 178.53, 100|6, 58, N/A, 41.10, 0|
12:06:57 0, 60, N/A, 43.58, 0|1, 59, N/A, 161.98, 100|2, 60, N/A, 52.70, 0|3, 60, N/A, 150.66, 100|4, 61, N/A, 46.76, 0|5, 62, N/A, 45.07, 0|6, 62, N/A, 173.44, 100|
12:07:00 0, 58, N/A, 42.63, 0|1, 56, N/A, 46.85, 0|2, 61, N/A, 53.01, 0|3, 61, N/A, 142.43, 100|4, 62, N/A, 47.53, 0|5, 64, N/A, 160.75, 100|6, 59, N/A, 48.45, 0|
12:07:02 0, 58, N/A, 42.38, 0|1, 55, N/A, 39.97, 0|2, 59, N/A, 51.28, 0|3, 58, N/A, 43.10, 0|4, 62, N/A, 47.78, 0|5, 65, N/A, 161.85, 100|6, 60, N/A, 48.73, 0|
12:07:04 0, 61, N/A, 169.26, 100|1, 55, N/A, 39.94, 0|2, 58, N/A, 43.39, 0|3, 58, N/A, 43.09, 0|4, 61, N/A, 46.76, 0|5, 61, N/A, 44.57, 0|6, 64, N/A, 202.95, 100|
12:07:06 0, 60, N/A, 43.61, 0|1, 60, N/A, 190.15, 100|2, 62, N/A, 199.14, 100|3, 57, N/A, 43.09, 0|4, 60, N/A, 46.29, 0|5, 61, N/A, 44.11, 0|6, 60, N/A, 48.73, 0|
12:07:08 0, 62, N/A, 146.68, 100|1, 56, N/A, 46.60, 0|2, 61, N/A, 53.96, 20|3, 61, N/A, 178.40, 88|4, 63, N/A, 189.37, 100|5, 61, N/A, 43.83, 0|6, 59, N/A, 48.45, 0|
12:07:10 0, 62, N/A, 180.57, 100|1, 57, N/A, 47.77, 0|2, 63, N/A, 203.60, 100|3, 58, N/A, 43.28, 0|4, 63, N/A, 48.94, 42|5, 64, N/A, 183.57, 100|6, 62, N/A, 168.26, 100|
12:07:12 0, 59, N/A, 43.09, 0|1, 58, N/A, 48.02, 0|2, 63, N/A, 201.42, 100|3, 59, N/A, 44.05, 0|4, 64, N/A, 188.22, 100|5, 62, N/A, 44.57, 0|6, 61, N/A, 49.68, 0|
12:07:14 0, 59, N/A, 42.60, 0|1, 56, N/A, 46.82, 0|2, 60, N/A, 52.24, 0|3, 60, N/A, 44.30, 0|4, 64, N/A, 154.87, 100|5, 63, N/A, 45.31, 0|6, 63, N/A, 159.91, 100|
12:07:16 0, 58, N/A, 42.63, 0|1, 56, N/A, 46.60, 0|2, 59, N/A, 51.78, 0|3, 58, N/A, 43.10, 0|4, 62, N/A, 47.29, 0|5, 63, N/A, 45.59, 0|6, 63, N/A, 161.97, 100|
12:07:18 0, 63, N/A, 177.02, 100|1, 58, N/A, 155.61, 100|2, 59, N/A, 51.74, 0|3, 58, N/A, 43.09, 0|4, 61, N/A, 46.79, 0|5, 62, N/A, 44.35, 0|6, 62, N/A, 49.22, 0|
12:07:20 0, 59, N/A, 42.87, 0|1, 58, N/A, 48.05, 0|2, 64, N/A, 168.54, 100|3, 61, N/A, 175.09, 100|4, 60, N/A, 46.54, 0|5, 61, N/A, 44.35, 0|6, 60, N/A, 47.99, 0|
12:07:22 0, 61, N/A, 44.08, 0|1, 59, N/A, 202.86, 100|2, 60, N/A, 52.45, 0|3, 60, N/A, 44.79, 0|4, 66, N/A, 192.63, 98|5, 63, N/A, 183.83, 59|6, 60, N/A, 47.72, 0|
12:07:25 0, 61, N/A, 44.57, 34|1, 59, N/A, 191.96, 100|2, 62, N/A, 54.67, 2|3, 61, N/A, 177.91, 100|4, 62, N/A, 47.50, 0|5, 64, N/A, 46.54, 41|6, 63, N/A, 200.98, 59|
12:07:27 0, 59, N/A, 43.10, 0|1, 57, N/A, 47.31, 0|2, 63, N/A, 54.95, 19|3, 61, N/A, 176.69, 87|4, 64, N/A, 49.22, 43|5, 64, N/A, 175.35, 26|6, 61, N/A, 49.20, 0|
12:07:29 0, 59, N/A, 42.88, 0|1, 56, N/A, 46.85, 0|2, 60, N/A, 51.78, 0|3, 59, N/A, 43.59, 0|4, 65, N/A, 50.48, 66|5, 63, N/A, 159.13, 0|6, 61, N/A, 49.96, 0|
12:07:31 0, 60, N/A, 140.39, 46|1, 56, N/A, 46.84, 0|2, 60, N/A, 51.25, 6|3, 59, N/A, 43.34, 6|4, 62, N/A, 47.28, 0|5, 63, N/A, 45.07, 0|6, 64, N/A, 198.06, 100|
12:07:33 0, 62, N/A, 45.09, 77|1, 60, N/A, 194.07, 69|2, 62, N/A, 185.26, 81|3, 58, N/A, 43.34, 0|4, 61, N/A, 47.03, 0|5, 62, N/A, 44.60, 0|6, 61, N/A, 48.73, 0|
12:07:35 0, 60, N/A, 157.70, 8|1, 57, N/A, 47.77, 0|2, 66, N/A, 205.59, 100|3, 60, N/A, 45.28, 31|4, 63, N/A, 189.93, 31|5, 62, N/A, 44.32, 0|6, 61, N/A, 48.20, 0|
12:07:37 0, 60, N/A, 43.34, 0|1, 59, N/A, 49.52, 40|2, 63, N/A, 201.67, 37|3, 59, N/A, 44.05, 0|4, 66, N/A, 190.18, 100|5, 65, N/A, 49.47, 100|6, 61, N/A, 160.54, 7|
12:07:39 0, 60, N/A, 43.61, 0|1, 61, N/A, 112.35, 100|2, 61, N/A, 119.67, 0|3, 62, N/A, 50.94, 82|4, 62, N/A, 183.43, 0|5, 63, N/A, 45.83, 0|6, 64, N/A, 53.13, 100|
12:07:41 0, 59, N/A, 37.70, 0|1, 57, N/A, 47.34, 0|2, 62, N/A, 53.47, 0|3, 63, N/A, 145.60, 100|4, 63, N/A, 48.27, 0|5, 67, N/A, 163.69, 100|6, 61, N/A, 49.45, 0|
12:07:43 0, 59, N/A, 37.46, 0|1, 57, N/A, 47.09, 0|2, 61, N/A, 52.52, 0|3, 59, N/A, 43.83, 0|4, 63, N/A, 48.02, 0|5, 66, N/A, 187.62, 100|6, 61, N/A, 49.72, 0|
12:07:45 0, 63, N/A, 180.94, 100|1, 56, N/A, 47.09, 0|2, 60, N/A, 52.51, 0|3, 59, N/A, 37.67, 0|4, 62, N/A, 41.12, 0|5, 63, N/A, 44.82, 0|6, 66, N/A, 204.91, 100|
12:07:48 0, 60, N/A, 43.85, 0|1, 61, N/A, 159.43, 100|2, 64, N/A, 178.74, 100|3, 58, N/A, 37.67, 0|4, 61, N/A, 40.63, 0|5, 62, N/A, 39.18, 0|6, 62, N/A, 49.69, 0|
12:07:50 0, 63, N/A, 138.93, 100|1, 57, N/A, 47.58, 0|2, 62, N/A, 54.45, 0|3, 62, N/A, 154.09, 100|4, 65, N/A, 188.73, 100|5, 62, N/A, 38.66, 0|6, 61, N/A, 42.06, 0|
12:07:52 0, 63, N/A, 147.90, 100|1, 58, N/A, 48.04, 0|2, 64, N/A, 168.77, 100|3, 59, N/A, 43.80, 0|4, 64, N/A, 48.72, 0|5, 66, N/A, 188.11, 100|6, 63, N/A, 190.92, 100|
12:07:54 0, 60, N/A, 43.36, 0|1, 58, N/A, 48.26, 0|2, 64, N/A, 203.89, 100|3, 60, N/A, 44.30, 0|4, 65, N/A, 190.70, 100|5, 62, N/A, 44.85, 0|6, 61, N/A, 49.93, 0|
12:07:56 0, 59, N/A, 42.87, 0|1, 57, N/A, 47.09, 0|2, 61, N/A, 52.73, 0|3, 60, N/A, 44.30, 0|4, 65, N/A, 163.12, 100|5, 63, N/A, 45.56, 0|6, 63, N/A, 172.21, 100|
12:07:58 0, 58, N/A, 42.87, 0|1, 56, N/A, 40.19, 0|2, 60, N/A, 44.13, 0|3, 58, N/A, 43.34, 0|4, 62, N/A, 47.53, 0|5, 64, N/A, 45.83, 0|6, 63, N/A, 202.22, 100|
12:08:00 0, 62, N/A, 168.28, 100|1, 57, N/A, 180.54, 76|2, 59, N/A, 43.86, 0|3, 58, N/A, 43.09, 0|4, 61, N/A, 46.54, 0|5, 62, N/A, 44.60, 0|6, 62, N/A, 51.16, 0|
12:08:02 0, 59, N/A, 43.36, 0|1, 58, N/A, 48.76, 26|2, 63, N/A, 196.54, 100|3, 58, N/A, 178.75, 18|4, 60, N/A, 46.29, 0|5, 61, N/A, 44.35, 0|6, 60, N/A, 48.97, 0|
12:08:04 0, 62, N/A, 94.89, 100|1, 56, N/A, 100.61, 0|2, 60, N/A, 52.73, 0|3, 62, N/A, 143.15, 100|4, 65, N/A, 192.40, 100|5, 61, N/A, 44.08, 0|6, 59, N/A, 48.70, 0|
12:08:06 0, 63, N/A, 177.74, 100|1, 56, N/A, 47.06, 0|2, 64, N/A, 205.10, 100|3, 58, N/A, 43.31, 0|4, 62, N/A, 47.74, 0|5, 65, N/A, 187.99, 100|6, 61, N/A, 50.66, 99|
12:08:08 0, 59, N/A, 42.87, 0|1, 57, N/A, 47.31, 0|2, 63, N/A, 165.59, 100|3, 59, N/A, 43.58, 0|4, 65, N/A, 186.11, 100|5, 61, N/A, 44.33, 0|6, 60, N/A, 49.20, 0|
12:08:10 0, 58, N/A, 42.63, 0|1, 56, N/A, 46.60, 0|2, 60, N/A, 51.99, 0|3, 59, N/A, 43.56, 0|4, 65, N/A, 179.68, 100|5, 62, N/A, 44.82, 0|6, 63, N/A, 171.84, 100|
12:08:13 0, 58, N/A, 42.38, 0|1, 55, N/A, 46.35, 0|2, 59, N/A, 51.26, 0|3, 58, N/A, 43.10, 0|4, 61, N/A, 47.04, 0|5, 62, N/A, 44.85, 0|6, 62, N/A, 197.44, 100|
12:08:15 0, 62, N/A, 147.52, 100|1, 57, N/A, 166.07, 100|2, 58, N/A, 51.01, 0|3, 57, N/A, 43.09, 0|4, 60, N/A, 46.30, 0|5, 61, N/A, 44.11, 0|6, 61, N/A, 49.69, 0|
12:08:17 0, 58, N/A, 42.63, 0|1, 57, N/A, 47.80, 0|2, 63, N/A, 176.54, 100|3, 60, N/A, 172.63, 100|4, 60, N/A, 46.30, 0|5, 60, N/A, 43.86, 0|6, 59, N/A, 48.45, 0|
12:08:19 0, 60, N/A, 43.83, 5|1, 58, N/A, 193.19, 100|2, 59, N/A, 51.98, 0|3, 60, N/A, 44.79, 54|4, 65, N/A, 193.62, 95|5, 62, N/A, 178.53, 62|6, 59, N/A, 48.21, 0|
12:08:21 0, 61, N/A, 44.57, 75|1, 57, N/A, 188.76, 0|2, 61, N/A, 54.42, 35|3, 59, N/A, 173.02, 76|4, 61, N/A, 47.00, 0|5, 65, N/A, 61.49, 97|6, 60, N/A, 171.70, 3|
12:08:23 0, 58, N/A, 42.60, 0|1, 56, N/A, 47.03, 0|2, 64, N/A, 158.95, 100|3, 58, N/A, 43.31, 0|4, 65, N/A, 187.50, 100|5, 61, N/A, 44.08, 0|6, 59, N/A, 48.45, 0|
12:08:25 0, 57, N/A, 42.38, 0|1, 55, N/A, 46.11, 0|2, 59, N/A, 51.28, 0|3, 58, N/A, 43.34, 0|4, 64, N/A, 189.34, 100|5, 61, N/A, 44.36, 0|6, 60, N/A, 49.96, 0|
12:08:27 0, 57, N/A, 36.71, 0|1, 54, N/A, 45.86, 0|2, 58, N/A, 50.79, 0|3, 57, N/A, 42.60, 0|4, 60, N/A, 46.30, 0|5, 61, N/A, 44.36, 0|6, 63, N/A, 139.35, 100|
12:08:29 0, 62, N/A, 178.25, 100|1, 58, N/A, 190.24, 100|2, 57, N/A, 50.72, 0|3, 57, N/A, 42.60, 0|4, 60, N/A, 46.05, 0|5, 60, N/A, 43.86, 0|6, 60, N/A, 48.95, 0|
12:08:31 0, 58, N/A, 42.38, 0|1, 56, N/A, 47.06, 0|2, 63, N/A, 203.65, 100|3, 59, N/A, 168.22, 100|4, 59, N/A, 39.65, 0|5, 60, N/A, 43.61, 0|6, 59, N/A, 48.24, 0|
12:08:33 0, 59, N/A, 43.34, 0|1, 57, N/A, 161.88, 100|2, 59, N/A, 51.25, 0|3, 58, N/A, 43.80, 0|4, 64, N/A, 148.55, 100|5, 62, N/A, 184.81, 100|6, 58, N/A, 47.96, 0|
12:08:35 0, 60, N/A, 43.80, 39|1, 58, N/A, 191.35, 99|2, 60, N/A, 52.94, 0|3, 60, N/A, 177.41, 100|4, 60, N/A, 46.73, 0|5, 63, N/A, 46.02, 51|6, 60, N/A, 196.21, 46|
12:08:38 0, 57, N/A, 42.38, 0|1, 55, N/A, 46.57, 0|2, 62, N/A, 62.31, 89|3, 58, N/A, 183.29, 15|4, 63, N/A, 48.97, 91|5, 61, N/A, 164.42, 0|6, 59, N/A, 48.21, 0|
12:08:40 0, 57, N/A, 41.40, 0|1, 55, N/A, 46.11, 0|2, 58, N/A, 51.01, 0|3, 58, N/A, 43.10, 0|4, 64, N/A, 192.43, 100|5, 61, N/A, 44.36, 0|6, 60, N/A, 49.47, 0|
12:08:42 0, 57, N/A, 41.18, 0|1, 54, N/A, 39.20, 0|2, 58, N/A, 50.79, 0|3, 57, N/A, 42.85, 0|4, 60, N/A, 46.33, 0|5, 61, N/A, 44.38, 0|6, 62, N/A, 51.94, 100|
12:08:44 0, 62, N/A, 179.23, 100|1, 58, N/A, 193.19, 100|2, 57, N/A, 43.12, 0|3, 57, N/A, 42.85, 0|4, 60, N/A, 46.30, 0|5, 60, N/A, 44.11, 0|6, 60, N/A, 48.97, 0|
12:08:46 0, 58, N/A, 42.62, 0|1, 56, N/A, 47.06, 0|2, 63, N/A, 204.87, 100|3, 60, N/A, 173.20, 100|4, 59, N/A, 46.05, 0|5, 60, N/A, 43.86, 0|6, 59, N/A, 48.24, 0|
12:08:48 0, 59, N/A, 43.34, 0|1, 58, N/A, 160.76, 100|2, 59, N/A, 51.74, 0|3, 59, N/A, 44.29, 0|4, 65, N/A, 162.37, 100|5, 63, N/A, 186.03, 100|6, 58, N/A, 48.20, 0|
12:08:50 0, 60, N/A, 44.08, 0|1, 58, N/A, 192.32, 71|2, 61, N/A, 53.93, 0|3, 60, N/A, 178.65, 64|4, 61, N/A, 47.00, 0|5, 63, N/A, 46.29, 100|6, 61, N/A, 195.32, 4|
12:08:52 0, 58, N/A, 42.63, 0|1, 56, N/A, 46.82, 0|2, 63, N/A, 81.96, 100|3, 58, N/A, 135.06, 0|4, 64, N/A, 52.91, 100|5, 61, N/A, 169.08, 0|6, 59, N/A, 48.70, 0|
12:08:54 0, 58, N/A, 42.38, 0|1, 55, N/A, 46.60, 0|2, 59, N/A, 51.78, 0|3, 58, N/A, 43.34, 0|4, 65, N/A, 191.54, 100|5, 61, N/A, 44.36, 0|6, 61, N/A, 49.96, 39|
12:08:56 0, 58, N/A, 42.38, 0|1, 55, N/A, 46.11, 0|2, 59, N/A, 51.26, 0|3, 58, N/A, 43.10, 0|4, 61, N/A, 47.04, 0|5, 62, N/A, 44.60, 0|6, 63, N/A, 156.25, 100|
12:08:58 0, 63, N/A, 179.23, 100|1, 59, N/A, 192.70, 100|2, 58, N/A, 51.23, 0|3, 57, N/A, 43.09, 0|4, 60, N/A, 46.54, 0|5, 61, N/A, 44.11, 0|6, 61, N/A, 49.71, 0|
12:09:01 0, 59, N/A, 42.87, 0|1, 57, N/A, 47.31, 0|2, 63, N/A, 184.13, 100|3, 60, N/A, 152.96, 100|4, 60, N/A, 46.30, 0|5, 61, N/A, 44.11, 0|6, 60, N/A, 48.70, 0|
12:09:03 0, 60, N/A, 43.83, 0|1, 58, N/A, 182.63, 100|2, 60, N/A, 52.45, 0|3, 60, N/A, 44.54, 41|4, 66, N/A, 190.91, 100|5, 63, N/A, 185.79, 72|6, 59, N/A, 48.45, 0|
12:09:05 0, 61, N/A, 44.82, 90|1, 58, N/A, 188.53, 46|2, 62, N/A, 55.16, 56|3, 60, N/A, 174.73, 47|4, 62, N/A, 47.50, 0|5, 65, N/A, 73.30, 100|6, 61, N/A, 149.61, 0|
12:09:07 0, 59, N/A, 42.87, 0|1, 57, N/A, 47.31, 0|2, 65, N/A, 206.83, 100|3, 58, N/A, 43.58, 0|4, 66, N/A, 193.87, 100|5, 61, N/A, 44.35, 0|6, 60, N/A, 48.97, 0|
12:09:09 0, 58, N/A, 42.63, 0|1, 56, N/A, 46.60, 0|2, 60, N/A, 51.04, 0|3, 59, N/A, 43.83, 0|4, 66, N/A, 178.16, 100|5, 62, N/A, 44.60, 0|6, 62, N/A, 51.44, 69|
12:09:11 0, 58, N/A, 42.38, 0|1, 56, N/A, 46.60, 0|2, 59, N/A, 50.76, 0|3, 58, N/A, 43.10, 0|4, 62, N/A, 47.28, 0|5, 63, N/A, 45.10, 0|6, 64, N/A, 200.99, 100|
12:09:13 0, 63, N/A, 155.52, 100|1, 58, N/A, 177.24, 100|2, 59, N/A, 50.48, 0|3, 58, N/A, 43.09, 0|4, 61, N/A, 47.01, 0|5, 62, N/A, 44.60, 0|6, 62, N/A, 50.18, 0|
12:09:15 0, 59, N/A, 43.12, 0|1, 58, N/A, 48.26, 0|2, 65, N/A, 181.69, 100|3, 60, N/A, 179.62, 79|4, 61, N/A, 46.79, 0|5, 61, N/A, 44.08, 0|6, 60, N/A, 48.95, 0|
12:09:17 0, 61, N/A, 44.82, 65|1, 58, N/A, 189.26, 78|2, 60, N/A, 51.74, 0|3, 62, N/A, 148.21, 100|4, 65, N/A, 149.79, 100|5, 61, N/A, 44.11, 0|6, 60, N/A, 48.70, 0|
12:09:19 0, 63, N/A, 162.16, 100|1, 57, N/A, 47.31, 0|2, 64, N/A, 207.32, 100|3, 58, N/A, 43.31, 0|4, 62, N/A, 47.26, 0|5, 66, N/A, 186.77, 100|6, 62, N/A, 50.66, 62|
12:09:21 0, 59, N/A, 42.87, 0|1, 57, N/A, 47.56, 0|2, 64, N/A, 204.75, 100|3, 59, N/A, 43.58, 0|4, 65, N/A, 163.20, 100|5, 61, N/A, 44.60, 0|6, 60, N/A, 48.97, 0|
12:09:23 0, 58, N/A, 36.96, 0|1, 56, N/A, 46.60, 0|2, 60, N/A, 52.27, 0|3, 59, N/A, 43.56, 0|4, 65, N/A, 191.42, 100|5, 62, N/A, 44.82, 0|6, 63, N/A, 200.49, 100|
12:09:26 0, 57, N/A, 36.96, 0|1, 55, N/A, 46.32, 0|2, 59, N/A, 51.26, 0|3, 58, N/A, 37.92, 0|4, 61, N/A, 47.04, 0|5, 63, N/A, 45.56, 0|6, 63, N/A, 200.26, 100|
12:09:28 0, 61, N/A, 157.01, 100|1, 57, N/A, 189.51, 52|2, 58, N/A, 43.61, 0|3, 57, N/A, 37.43, 0|4, 60, N/A, 40.14, 0|5, 61, N/A, 44.35, 0|6, 62, N/A, 51.19, 22|
12:09:30 0, 59, N/A, 42.87, 0|1, 58, N/A, 49.50, 100|2, 63, N/A, 204.62, 100|3, 57, N/A, 36.96, 0|4, 60, N/A, 39.92, 0|5, 60, N/A, 38.46, 0|6, 60, N/A, 48.73, 0|
12:09:32 0, 62, N/A, 179.47, 100|1, 56, N/A, 46.82, 0|2, 60, N/A, 52.73, 0|3, 61, N/A, 141.60, 100|4, 64, N/A, 178.83, 100|5, 60, N/A, 38.17, 0|6, 59, N/A, 41.32, 0|
12:09:34 0, 62, N/A, 155.75, 100|1, 56, N/A, 47.30, 0|2, 63, N/A, 181.42, 100|3, 58, N/A, 43.04, 0|4, 63, N/A, 48.45, 0|5, 64, N/A, 185.67, 82|6, 61, N/A, 163.61, 100|
12:09:36 0, 58, N/A, 42.62, 0|1, 57, N/A, 47.77, 0|2, 62, N/A, 202.16, 100|3, 59, N/A, 43.80, 0|4, 63, N/A, 200.08, 100|5, 61, N/A, 44.57, 0|6, 60, N/A, 49.44, 0|
12:09:38 0, 57, N/A, 42.35, 0|1, 55, N/A, 46.57, 0|2, 59, N/A, 51.99, 0|3, 60, N/A, 44.79, 100|4, 62, N/A, 185.30, 27|5, 63, N/A, 45.80, 83|6, 61, N/A, 199.51, 28|
12:09:40 0, 57, N/A, 42.13, 0|1, 54, N/A, 39.70, 0|2, 58, N/A, 51.01, 0|3, 57, N/A, 42.85, 0|4, 61, N/A, 47.04, 0|5, 65, N/A, 187.38, 100|6, 59, N/A, 48.24, 0|
12:09:42 0, 60, N/A, 170.48, 100|1, 54, N/A, 39.69, 0|2, 58, N/A, 50.76, 0|3, 57, N/A, 42.60, 0|4, 60, N/A, 46.54, 0|5, 61, N/A, 44.11, 0|6, 64, N/A, 183.24, 100|
12:09:44 0, 59, N/A, 43.12, 0|1, 58, N/A, 182.05, 100|2, 61, N/A, 202.43, 100|3, 56, N/A, 42.35, 0|4, 59, N/A, 46.05, 0|5, 60, N/A, 43.86, 0|6, 59, N/A, 48.45, 0|
12:09:46 0, 59, N/A, 176.04, 100|1, 55, N/A, 46.57, 7|2, 62, N/A, 64.27, 100|3, 59, N/A, 161.58, 9|4, 62, N/A, 188.46, 100|5, 60, N/A, 43.58, 2|6, 58, N/A, 47.96, 6|
12:09:48 0, 58, N/A, 42.60, 0|1, 57, N/A, 48.29, 8|2, 61, N/A, 201.18, 64|3, 57, N/A, 43.06, 0|4, 64, N/A, 186.26, 100|5, 63, N/A, 49.74, 100|6, 58, N/A, 176.36, 9|
12:09:51 0, 58, N/A, 42.85, 0|1, 59, N/A, 150.18, 100|2, 59, N/A, 51.74, 0|3, 61, N/A, 179.37, 100|4, 60, N/A, 46.51, 0|5, 61, N/A, 44.57, 0|6, 62, N/A, 201.84, 100|
12:09:53 0, 57, N/A, 42.13, 0|1, 55, N/A, 46.32, 0|2, 59, N/A, 52.48, 0|3, 60, N/A, 144.87, 100|4, 61, N/A, 47.26, 0|5, 63, N/A, 161.48, 100|6, 58, N/A, 47.96, 0|
12:09:55 0, 57, N/A, 42.14, 0|1, 54, N/A, 45.86, 0|2, 58, N/A, 50.79, 0|3, 57, N/A, 42.85, 0|4, 62, N/A, 48.27, 0|5, 63, N/A, 184.47, 64|6, 59, N/A, 48.49, 0|
12:09:57 0, 57, N/A, 154.64, 0|1, 54, N/A, 45.86, 7|2, 57, N/A, 50.51, 2|3, 57, N/A, 42.58, 0|4, 60, N/A, 46.27, 0|5, 60, N/A, 44.08, 0|6, 62, N/A, 186.40, 100|
12:09:59 0, 62, N/A, 146.04, 100|1, 58, N/A, 83.43, 100|2, 57, N/A, 151.19, 0|3, 56, N/A, 42.35, 0|4, 59, N/A, 45.80, 0|5, 60, N/A, 43.61, 0|6, 59, N/A, 48.48, 0|
12:10:01 0, 57, N/A, 42.13, 0|1, 55, N/A, 46.54, 0|2, 63, N/A, 203.40, 100|3, 60, N/A, 178.26, 100|4, 59, N/A, 45.78, 0|5, 59, N/A, 43.61, 0|6, 58, N/A, 47.96, 0|
12:10:03 0, 58, N/A, 42.85, 0|1, 57, N/A, 168.26, 100|2, 58, N/A, 51.00, 0|3, 58, N/A, 43.56, 0|4, 64, N/A, 196.43, 100|5, 62, N/A, 184.56, 100|6, 58, N/A, 47.71, 0|
12:10:05 0, 59, N/A, 43.85, 37|1, 57, N/A, 190.00, 100|2, 60, N/A, 53.47, 0|3, 59, N/A, 177.42, 100|4, 60, N/A, 46.51, 0|5, 63, N/A, 46.29, 72|6, 60, N/A, 204.51, 32|
12:10:07 0, 57, N/A, 42.13, 0|1, 55, N/A, 46.32, 0|2, 63, N/A, 203.15, 100|3, 57, N/A, 43.09, 0|4, 65, N/A, 192.40, 100|5, 60, N/A, 43.86, 0|6, 59, N/A, 48.24, 0|
12:10:09 0, 57, N/A, 36.74, 0|1, 55, N/A, 45.89, 0|2, 58, N/A, 51.04, 0|3, 58, N/A, 43.10, 0|4, 64, N/A, 182.39, 100|5, 61, N/A, 44.36, 0|6, 61, N/A, 60.27, 100|
12:10:11 0, 57, N/A, 36.49, 0|1, 54, N/A, 45.86, 0|2, 58, N/A, 50.79, 0|3, 57, N/A, 36.96, 0|4, 60, N/A, 46.30, 0|5, 62, N/A, 44.60, 0|6, 62, N/A, 176.24, 100|
12:10:14 0, 62, N/A, 179.23, 100|1, 57, N/A, 187.30, 100|2, 57, N/A, 43.12, 0|3, 56, N/A, 36.94, 0|4, 59, N/A, 39.89, 0|5, 60, N/A, 43.86, 0|6, 61, N/A, 49.96, 0|
12:10:16 0, 58, N/A, 42.63, 0|1, 58, N/A, 48.29, 24|2, 62, N/A, 165.84, 100|3, 56, N/A, 36.71, 0|4, 59, N/A, 39.67, 0|5, 60, N/A, 38.22, 0|6, 59, N/A, 48.49, 0|
12:10:18 0, 62, N/A, 180.21, 100|1, 55, N/A, 46.57, 0|2, 60, N/A, 52.48, 0|3, 61, N/A, 175.22, 100|4, 63, N/A, 165.05, 100|5, 60, N/A, 38.17, 0|6, 58, N/A, 41.08, 0|
12:10:20 0, 62, N/A, 164.83, 100|1, 56, N/A, 47.31, 0|2, 63, N/A, 195.39, 100|3, 58, N/A, 43.06, 0|4, 62, N/A, 48.48, 0|5, 64, N/A, 185.04, 91|6, 61, N/A, 205.72, 100|
12:10:22 0, 59, N/A, 42.87, 0|1, 58, N/A, 48.05, 0|2, 62, N/A, 198.38, 100|3, 59, N/A, 44.08, 0|4, 64, N/A, 193.60, 100|5, 61, N/A, 44.35, 0|6, 61, N/A, 49.69, 0|
12:10:24 0, 58, N/A, 42.38, 0|1, 56, N/A, 46.60, 0|2, 60, N/A, 52.24, 0|3, 61, N/A, 147.57, 100|4, 61, N/A, 47.04, 0|5, 64, N/A, 48.03, 100|6, 60, N/A, 150.86, 0|
12:10:26 0, 58, N/A, 42.14, 0|1, 55, N/A, 39.94, 0|2, 59, N/A, 51.53, 0|3, 58, N/A, 43.10, 0|4, 62, N/A, 47.54, 0|5, 64, N/A, 169.92, 100|6, 60, N/A, 48.49, 0|
12:10:28 0, 61, N/A, 165.85, 100|1, 55, N/A, 39.94, 0|2, 59, N/A, 51.25, 5|3, 57, N/A, 43.09, 0|4, 61, N/A, 46.79, 0|5, 61, N/A, 44.35, 0|6, 64, N/A, 198.55, 100|
12:10:30 0, 60, N/A, 43.61, 0|1, 60, N/A, 193.46, 90|2, 61, N/A, 198.35, 100|3, 57, N/A, 42.84, 9|4, 60, N/A, 46.54, 0|5, 61, N/A, 44.11, 0|6, 60, N/A, 49.22, 0|
12:10:32 0, 58, N/A, 42.38, 0|1, 56, N/A, 47.06, 0|2, 64, N/A, 202.66, 100|3, 61, N/A, 122.88, 100|4, 60, N/A, 78.92, 0|5, 61, N/A, 44.11, 0|6, 60, N/A, 48.73, 0|
12:10:34 0, 59, N/A, 43.09, 0|1, 60, N/A, 163.94, 100|2, 60, N/A, 52.23, 0|3, 59, N/A, 43.80, 0|4, 66, N/A, 192.64, 100|5, 64, N/A, 177.21, 100|6, 59, N/A, 48.45, 0|
12:10:36 0, 60, N/A, 43.85, 0|1, 59, N/A, 163.44, 100|2, 61, N/A, 53.72, 0|3, 61, N/A, 152.13, 100|4, 62, N/A, 47.26, 0|5, 63, N/A, 45.80, 0|6, 63, N/A, 202.93, 100|
12:10:39 0, 59, N/A, 42.63, 0|1, 57, N/A, 46.84, 0|2, 64, N/A, 56.67, 78|3, 59, N/A, 135.40, 16|4, 65, N/A, 50.48, 100|5, 63, N/A, 169.24, 44|6, 60, N/A, 48.70, 0|
12:10:41 0, 58, N/A, 42.63, 0|1, 56, N/A, 46.60, 0|2, 60, N/A, 51.75, 0|3, 59, N/A, 43.59, 0|4, 66, N/A, 157.90, 100|5, 62, N/A, 44.85, 0|6, 62, N/A, 50.92, 55|
12:10:43 0, 58, N/A, 41.64, 0|1, 55, N/A, 46.35, 0|2, 59, N/A, 50.77, 0|3, 58, N/A, 43.10, 0|4, 62, N/A, 46.54, 0|5, 62, N/A, 44.85, 0|6, 63, N/A, 201.48, 100|
12:10:45 0, 63, N/A, 181.92, 100|1, 58, N/A, 152.42, 100|2, 58, N/A, 50.24, 0|3, 57, N/A, 43.09, 0|4, 61, N/A, 46.29, 0|5, 61, N/A, 44.35, 0|6, 62, N/A, 50.42, 0|
12:10:47 0, 59, N/A, 42.87, 0|1, 58, N/A, 48.51, 23|2, 63, N/A, 176.05, 100|3, 57, N/A, 106.31, 0|4, 60, N/A, 46.05, 0|5, 60, N/A, 44.11, 0|6, 60, N/A, 48.70, 0|
12:10:49 0, 63, N/A, 180.94, 100|1, 56, N/A, 46.84, 0|2, 61, N/A, 52.98, 0|3, 61, N/A, 177.18, 100|4, 64, N/A, 146.59, 100|5, 60, N/A, 43.83, 0|6, 59, N/A, 48.45, 0|
12:10:51 0, 62, N/A, 151.09, 100|1, 56, N/A, 47.30, 0|2, 64, N/A, 201.18, 100|3, 58, N/A, 43.04, 0|4, 63, N/A, 48.70, 0|5, 64, N/A, 185.77, 81|6, 62, N/A, 161.91, 100|
12:10:53 0, 59, N/A, 42.60, 0|1, 58, N/A, 48.02, 0|2, 62, N/A, 159.94, 100|3, 59, N/A, 44.30, 0|4, 64, N/A, 194.24, 100|5, 61, N/A, 44.33, 0|6, 61, N/A, 49.93, 0|
12:10:55 0, 58, N/A, 36.96, 0|1, 55, N/A, 46.57, 0|2, 60, N/A, 52.24, 0|3, 61, N/A, 174.73, 100|4, 61, N/A, 47.26, 0|5, 65, N/A, 159.52, 100|6, 59, N/A, 48.45, 0|
12:10:57 0, 57, N/A, 36.74, 0|1, 55, N/A, 46.11, 0|2, 59, N/A, 51.26, 0|3, 58, N/A, 43.10, 0|4, 62, N/A, 47.53, 0|5, 64, N/A, 161.10, 100|6, 59, N/A, 48.49, 0|
12:10:59 0, 60, N/A, 174.57, 100|1, 54, N/A, 46.10, 13|2, 58, N/A, 51.01, 13|3, 57, N/A, 37.18, 8|4, 60, N/A, 39.89, 0|5, 61, N/A, 44.08, 9|6, 64, N/A, 204.89, 100|
12:11:02 0, 60, N/A, 44.60, 84|1, 59, N/A, 191.13, 68|2, 60, N/A, 182.43, 86|3, 56, N/A, 36.94, 0|4, 59, N/A, 39.65, 0|5, 60, N/A, 38.44, 0|6, 60, N/A, 48.97, 0|
12:11:04 0, 58, N/A, 42.38, 0|1, 56, N/A, 46.57, 0|2, 63, N/A, 161.42, 100|3, 60, N/A, 178.27, 100|4, 59, N/A, 39.65, 0|5, 59, N/A, 38.19, 0|6, 59, N/A, 41.35, 0|
12:11:06 0, 59, N/A, 42.87, 0|1, 58, N/A, 150.69, 100|2, 59, N/A, 51.50, 0|3, 58, N/A, 43.81, 0|4, 64, N/A, 159.26, 100|5, 62, N/A, 179.51, 100|6, 58, N/A, 41.10, 0|
12:11:08 0, 60, N/A, 44.57, 49|1, 56, N/A, 184.47, 2|2, 61, N/A, 54.45, 90|3, 58, N/A, 172.12, 3|4, 61, N/A, 46.76, 0|5, 64, N/A, 181.70, 100|6, 59, N/A, 48.95, 0|
12:11:10 0, 57, N/A, 42.37, 0|1, 56, N/A, 46.54, 0|2, 63, N/A, 203.15, 100|3, 57, N/A, 43.09, 0|4, 64, N/A, 190.18, 100|5, 60, N/A, 43.61, 0|6, 59, N/A, 48.45, 0|
12:11:12 0, 57, N/A, 42.11, 0|1, 54, N/A, 39.69, 0|2, 59, N/A, 51.01, 0|3, 58, N/A, 43.31, 0|4, 64, N/A, 190.44, 100|5, 61, N/A, 44.33, 0|6, 62, N/A, 200.49, 100|
12:11:14 0, 57, N/A, 41.89, 0|1, 54, N/A, 39.45, 0|2, 58, N/A, 50.76, 0|3, 57, N/A, 42.60, 0|4, 60, N/A, 46.54, 0|5, 62, N/A, 45.34, 0|6, 61, N/A, 198.55, 100|
12:11:16 0, 61, N/A, 150.05, 100|1, 54, N/A, 39.45, 0|2, 57, N/A, 50.54, 0|3, 56, N/A, 42.60, 0|4, 59, N/A, 46.05, 0|5, 60, N/A, 43.86, 0|6, 63, N/A, 182.36, 99|
12:11:18 0, 57, N/A, 42.38, 0|1, 55, N/A, 46.32, 0|2, 61, N/A, 195.05, 100|3, 56, N/A, 42.60, 0|4, 59, N/A, 45.80, 0|5, 59, N/A, 43.37, 0|6, 59, N/A, 48.49, 0|
12:11:20 0, 56, N/A, 42.38, 0|1, 54, N/A, 45.61, 0|2, 58, N/A, 51.01, 0|3, 57, N/A, 43.34, 0|4, 62, N/A, 147.37, 100|5, 59, N/A, 43.37, 0|6, 58, N/A, 48.00, 0|
12:11:22 0, 56, N/A, 42.14, 0|1, 53, N/A, 45.37, 0|2, 57, N/A, 50.52, 0|3, 56, N/A, 42.36, 0|4, 60, N/A, 46.06, 0|5, 63, N/A, 153.01, 100|6, 58, N/A, 47.75, 0|
12:11:24 0, 58, N/A, 179.59, 73|1, 53, N/A, 45.36, 0|2, 56, N/A, 50.52, 8|3, 56, N/A, 42.36, 8|4, 59, N/A, 45.80, 0|5, 59, N/A, 43.62, 11|6, 59, N/A, 48.49, 11|
12:11:27 0, 56, N/A, 42.38, 0|1, 56, N/A, 48.05, 100|2, 58, N/A, 200.70, 47|3, 55, N/A, 42.11, 0|4, 58, N/A, 45.56, 0|5, 59, N/A, 43.37, 0|6, 58, N/A, 47.75, 0|
12:11:29 0, 56, N/A, 42.13, 0|1, 53, N/A, 45.34, 0|2, 57, N/A, 51.25, 0|3, 59, N/A, 177.54, 100|4, 58, N/A, 45.31, 0|5, 58, N/A, 43.37, 0|6, 57, N/A, 47.26, 0|
12:11:31 0, 56, N/A, 41.89, 0|1, 53, N/A, 45.12, 0|2, 56, N/A, 50.54, 0|3, 56, N/A, 42.11, 0|4, 60, N/A, 47.04, 0|5, 61, N/A, 183.95, 100|6, 57, N/A, 47.26, 0|
12:11:33 0, 56, N/A, 41.89, 3|1, 53, N/A, 45.12, 2|2, 56, N/A, 50.02, 2|3, 56, N/A, 41.86, 2|4, 58, N/A, 45.56, 0|5, 59, N/A, 43.37, 2|6, 62, N/A, 202.58, 100|
12:11:35 0, 56, N/A, 43.37, 16|1, 54, N/A, 50.02, 14|2, 58, N/A, 97.18, 19|3, 56, N/A, 153.21, 7|4, 59, N/A, 45.80, 19|5, 59, N/A, 43.86, 16|6, 59, N/A, 48.73, 13|
12:11:37 0, 56, N/A, 42.38, 16|1, 54, N/A, 45.61, 14|2, 57, N/A, 51.28, 19|3, 56, N/A, 42.85, 15|4, 59, N/A, 47.54, 19|5, 60, N/A, 52.96, 0|6, 60, N/A, 198.66, 13|
12:11:39 0, 57, N/A, 62.55, 13|1, 54, N/A, 169.76, 14|2, 57, N/A, 79.76, 19|3, 56, N/A, 42.60, 15|4, 59, N/A, 46.05, 19|5, 60, N/A, 43.89, 0|6, 60, N/A, 49.47, 7|
12:11:41 0, 56, N/A, 36.72, 6|1, 54, N/A, 46.32, 14|2, 58, N/A, 55.20, 4|3, 57, N/A, 58.33, 0|4, 60, N/A, 185.51, 19|5, 60, N/A, 57.84, 16|6, 60, N/A, 48.73, 32|
12:11:43 0, 56, N/A, 36.71, 17|1, 54, N/A, 46.11, 14|2, 58, N/A, 51.51, 0|3, 57, N/A, 42.85, 3|4, 60, N/A, 46.79, 19|5, 61, N/A, 46.82, 16|6, 61, N/A, 196.22, 32|
12:11:45 0, 56, N/A, 130.17, 17|1, 54, N/A, 46.80, 0|2, 58, N/A, 51.50, 19|3, 57, N/A, 36.96, 16|4, 59, N/A, 39.92, 4|5, 60, N/A, 44.11, 16|6, 61, N/A, 53.41, 32|
12:11:47 0, 57, N/A, 65.75, 17|1, 55, N/A, 103.81, 14|2, 57, N/A, 43.12, 21|3, 57, N/A, 36.96, 16|4, 59, N/A, 39.67, 21|5, 60, N/A, 44.11, 0|6, 61, N/A, 50.46, 0|
12:11:49 0, 56, N/A, 126.80, 14|1, 54, N/A, 46.11, 0|2, 57, N/A, 43.40, 21|3, 56, N/A, 36.96, 16|4, 59, N/A, 39.67, 13|5, 60, N/A, 38.46, 17|6, 61, N/A, 46.02, 34|
12:11:52 0, 56, N/A, 36.74, 17|1, 55, N/A, 46.35, 14|2, 57, N/A, 43.40, 19|3, 57, N/A, 36.96, 0|4, 59, N/A, 40.17, 21|5, 60, N/A, 42.14, 14|6, 61, N/A, 156.58, 34|
12:11:54 0, 56, N/A, 36.74, 17|1, 55, N/A, 46.35, 14|2, 57, N/A, 44.13, 21|3, 57, N/A, 41.12, 8|4, 60, N/A, 90.72, 21|5, 60, N/A, 111.31, 0|6, 60, N/A, 42.33, 16|
12:11:56 0, 57, N/A, 37.97, 16|1, 55, N/A, 52.24, 0|2, 58, N/A, 104.55, 21|3, 56, N/A, 97.54, 16|4, 59, N/A, 39.67, 2|5, 60, N/A, 38.19, 17|6, 60, N/A, 42.58, 34|
12:11:58 0, 56, N/A, 114.09, 0|1, 55, N/A, 103.81, 14|2, 57, N/A, 43.12, 1|3, 56, N/A, 36.96, 16|4, 59, N/A, 39.67, 21|5, 60, N/A, 38.46, 17|6, 60, N/A, 43.81, 34|
12:12:00 0, 56, N/A, 36.49, 17|1, 54, N/A, 39.70, 16|2, 57, N/A, 43.15, 21|3, 56, N/A, 36.94, 4|4, 59, N/A, 39.92, 21|5, 60, N/A, 40.91, 0|6, 60, N/A, 158.79, 14|
12:12:02 0, 56, N/A, 36.74, 17|1, 54, N/A, 39.94, 0|2, 57, N/A, 44.87, 21|3, 57, N/A, 45.56, 15|4, 59, N/A, 146.95, 14|5, 60, N/A, 56.37, 0|6, 60, N/A, 41.84, 31|
12:12:04 0, 57, N/A, 46.82, 17|1, 54, N/A, 98.96, 0|2, 57, N/A, 104.25, 21|3, 56, N/A, 36.71, 16|4, 59, N/A, 39.67, 8|5, 60, N/A, 38.47, 17|6, 60, N/A, 42.36, 34|
12:12:06 0, 56, N/A, 36.49, 14|1, 54, N/A, 39.70, 15|2, 57, N/A, 42.65, 20|3, 56, N/A, 36.71, 16|4, 59, N/A, 39.67, 20|5, 60, N/A, 38.96, 17|6, 60, N/A, 103.64, 34|
12:12:08 0, 56, N/A, 36.49, 14|1, 54, N/A, 39.45, 16|2, 57, N/A, 43.64, 9|3, 56, N/A, 39.40, 0|4, 59, N/A, 72.08, 21|5, 59, N/A, 125.51, 14|6, 59, N/A, 41.84, 34|
12:12:10 0, 56, N/A, 39.20, 17|1, 54, N/A, 54.21, 15|2, 57, N/A, 147.62, 21|3, 56, N/A, 39.65, 0|4, 58, N/A, 39.18, 21|5, 59, N/A, 38.22, 12|6, 60, N/A, 41.87, 8|
12:12:12 0, 56, N/A, 36.49, 17|1, 54, N/A, 39.70, 12|2, 56, N/A, 42.65, 21|3, 56, N/A, 36.71, 16|4, 58, N/A, 39.43, 0|5, 59, N/A, 38.46, 16|6, 61, N/A, 57.31, 13|
12:12:15 0, 56, N/A, 36.49, 17|1, 54, N/A, 39.45, 10|2, 56, N/A, 42.90, 0|3, 56, N/A, 37.70, 16|4, 59, N/A, 51.23, 0|5, 59, N/A, 128.21, 17|6, 59, N/A, 83.54, 34|
12:12:17 0, 56, N/A, 37.97, 0|1, 54, N/A, 47.83, 16|2, 56, N/A, 150.81, 0|3, 56, N/A, 60.06, 15|4, 58, N/A, 39.43, 21|5, 59, N/A, 37.97, 17|6, 60, N/A, 41.87, 34|
12:12:19 0, 56, N/A, 103.75, 0|1, 53, N/A, 39.45, 16|2, 56, N/A, 42.65, 21|3, 56, N/A, 36.47, 8|4, 58, N/A, 39.43, 21|5, 59, N/A, 38.22, 0|6, 60, N/A, 46.76, 15|
12:12:21 0, 56, N/A, 36.49, 17|1, 53, N/A, 39.45, 16|2, 56, N/A, 42.65, 21|3, 56, N/A, 37.21, 16|4, 58, N/A, 42.61, 12|5, 59, N/A, 63.54, 0|6, 59, N/A, 139.51, 6|
12:12:23 0, 56, N/A, 36.74, 17|1, 53, N/A, 41.18, 0|2, 57, N/A, 64.53, 21|3, 56, N/A, 128.35, 16|4, 58, N/A, 43.59, 4|5, 59, N/A, 37.97, 17|6, 59, N/A, 41.62, 34|
12:12:25 0, 56, N/A, 131.65, 11|1, 53, N/A, 56.89, 0|2, 56, N/A, 42.41, 16|3, 55, N/A, 36.47, 16|4, 58, N/A, 39.18, 21|5, 59, N/A, 37.97, 17|6, 60, N/A, 44.55, 34|
12:12:27 0, 56, N/A, 36.49, 14|1, 53, N/A, 39.45, 16|2, 56, N/A, 42.41, 12|3, 55, N/A, 36.71, 0|4, 58, N/A, 41.15, 21|5, 59, N/A, 53.44, 10|6, 60, N/A, 154.13, 32|
12:12:29 0, 56, N/A, 36.74, 17|1, 53, N/A, 40.68, 15|2, 56, N/A, 60.13, 18|3, 55, N/A, 131.56, 0|4, 58, N/A, 70.61, 21|5, 59, N/A, 37.97, 5|6, 59, N/A, 41.60, 26|
12:12:31 0, 56, N/A, 86.39, 17|1, 53, N/A, 104.01, 9|2, 56, N/A, 42.41, 21|3, 55, N/A, 36.47, 16|4, 57, N/A, 39.18, 21|5, 59, N/A, 37.97, 17|6, 59, N/A, 42.85, 16|
12:12:33 0, 56, N/A, 36.49, 17|1, 53, N/A, 39.20, 10|2, 55, N/A, 42.41, 21|3, 55, N/A, 36.47, 16|4, 58, N/A, 39.67, 0|5, 59, N/A, 41.65, 17|6, 60, N/A, 159.04, 19|
12:12:35 0, 56, N/A, 36.49, 0|1, 53, N/A, 39.45, 16|2, 56, N/A, 46.11, 0|3, 56, N/A, 55.62, 13|4, 58, N/A, 138.12, 0|5, 59, N/A, 37.97, 17|6, 59, N/A, 41.62, 34|
12:12:37 0, 56, N/A, 53.72, 0|1, 53, N/A, 133.01, 16|2, 55, N/A, 64.53, 0|3, 55, N/A, 36.47, 7|4, 57, N/A, 38.93, 21|5, 59, N/A, 37.97, 17|6, 59, N/A, 42.11, 34|
12:12:40 0, 55, N/A, 36.49, 17|1, 53, N/A, 38.96, 16|2, 55, N/A, 42.41, 21|3, 55, N/A, 36.47, 15|4, 58, N/A, 39.43, 21|5, 59, N/A, 39.92, 0|6, 60, N/A, 153.90, 9|
12:12:42 0, 55, N/A, 36.24, 17|1, 53, N/A, 38.96, 0|2, 56, N/A, 45.10, 21|3, 56, N/A, 52.21, 16|4, 57, N/A, 137.15, 8|5, 58, N/A, 37.97, 0|6, 59, N/A, 41.35, 29|
12:12:44 0, 56, N/A, 51.99, 17|1, 53, N/A, 130.06, 0|2, 55, N/A, 72.66, 21|3, 55, N/A, 36.47, 16|4, 57, N/A, 38.69, 19|5, 58, N/A, 37.73, 17|6, 59, N/A, 42.11, 34|
12:12:46 0, 55, N/A, 36.24, 12|1, 53, N/A, 39.20, 16|2, 55, N/A, 42.16, 5|3, 55, N/A, 36.47, 16|4, 57, N/A, 39.18, 21|5, 59, N/A, 39.70, 17|6, 59, N/A, 156.09, 34|
12:12:48 0, 55, N/A, 36.49, 13|1, 53, N/A, 39.20, 16|2, 55, N/A, 43.64, 12|3, 55, N/A, 41.40, 0|4, 58, N/A, 100.07, 21|5, 58, N/A, 102.47, 10|6, 59, N/A, 41.38, 32|
12:12:50 0, 55, N/A, 40.68, 17|1, 53, N/A, 64.77, 15|2, 55, N/A, 135.89, 21|3, 55, N/A, 36.47, 16|4, 57, N/A, 38.69, 21|5, 58, N/A, 37.97, 15|6, 59, N/A, 41.62, 10|
12:12:52 0, 55, N/A, 36.24, 17|1, 53, N/A, 38.96, 15|2, 55, N/A, 41.92, 21|3, 55, N/A, 36.47, 16|4, 57, N/A, 38.69, 0|5, 58, N/A, 38.71, 17|6, 60, N/A, 96.51, 16|
12:12:54 0, 55, N/A, 36.00, 0|1, 52, N/A, 38.71, 0|2, 54, N/A, 41.42, 0|3, 54, N/A, 36.22, 0|4, 56, N/A, 38.44, 0|5, 58, N/A, 37.48, 0|6, 58, N/A, 40.64, 0|
12:12:56 0, 54, N/A, 36.00, 0|1, 52, N/A, 38.71, 0|2, 54, N/A, 41.42, 0|3, 54, N/A, 35.98, 0|4, 56, N/A, 38.19, 0|5, 58, N/A, 37.23, 0|6, 58, N/A, 40.39, 0|
12:12:58 0, 54, N/A, 36.49, 11|1, 52, N/A, 38.46, 0|2, 54, N/A, 41.18, 0|3, 54, N/A, 35.98, 0|4, 56, N/A, 38.19, 0|5, 57, N/A, 37.23, 39|6, 58, N/A, 40.39, 20|
12:13:00 0, 55, N/A, 36.24, 11|1, 52, N/A, 38.71, 0|2, 54, N/A, 47.59, 11|3, 54, N/A, 36.22, 10|4, 57, N/A, 44.60, 11|5, 58, N/A, 37.48, 11|6, 58, N/A, 45.32, 14|
12:13:02 0, 55, N/A, 41.42, 0|1, 52, N/A, 44.63, 0|2, 55, N/A, 49.04, 0|3, 56, N/A, 150.52, 100|4, 56, N/A, 38.19, 0|5, 57, N/A, 37.23, 0|6, 57, N/A, 40.39, 0|
12:13:05 0, 55, N/A, 38.93, 13|1, 52, N/A, 45.37, 10|2, 55, N/A, 81.72, 14|3, 54, N/A, 114.43, 11|4, 57, N/A, 109.30, 16|5, 58, N/A, 43.37, 13|6, 58, N/A, 48.49, 23|
12:13:07 0, 55, N/A, 36.24, 11|1, 52, N/A, 38.96, 16|2, 55, N/A, 50.03, 11|3, 54, N/A, 36.47, 10|4, 57, N/A, 46.05, 11|5, 59, N/A, 40.91, 12|6, 59, N/A, 138.04, 22|
12:13:09 0, 58, N/A, 155.87, 100|1, 54, N/A, 155.12, 100|2, 54, N/A, 49.28, 0|3, 54, N/A, 36.20, 0|4, 56, N/A, 44.57, 0|5, 57, N/A, 37.45, 0|6, 58, N/A, 47.74, 0|
12:13:11 0, 56, N/A, 42.11, 0|1, 54, N/A, 46.81, 76|2, 57, N/A, 211.49, 14|3, 56, N/A, 42.08, 0|4, 60, N/A, 178.29, 100|5, 60, N/A, 180.14, 100|6, 57, N/A, 47.47, 0|
12:13:13 0, 57, N/A, 159.06, 72|1, 53, N/A, 45.12, 2|2, 55, N/A, 49.53, 0|3, 55, N/A, 41.62, 0|4, 57, N/A, 45.07, 2|5, 59, N/A, 43.62, 0|6, 59, N/A, 48.98, 0|
12:13:15 0, 55, N/A, 41.64, 0|1, 53, N/A, 45.37, 0|2, 56, N/A, 50.27, 0|3, 56, N/A, 43.10, 100|4, 58, N/A, 172.42, 47|5, 58, N/A, 43.12, 0|6, 58, N/A, 47.75, 0|
12:13:17 0, 56, N/A, 129.20, 10|1, 53, N/A, 45.12, 9|2, 55, N/A, 50.03, 11|3, 55, N/A, 42.11, 9|4, 57, N/A, 45.31, 21|5, 59, N/A, 44.11, 10|6, 59, N/A, 59.78, 24|
12:13:19 0, 56, N/A, 42.41, 10|1, 53, N/A, 45.37, 9|2, 55, N/A, 50.30, 22|3, 55, N/A, 42.63, 9|4, 57, N/A, 46.55, 11|5, 59, N/A, 47.31, 10|6, 59, N/A, 137.38, 22|
12:13:21 0, 58, N/A, 43.61, 19|1, 56, N/A, 155.36, 66|2, 57, N/A, 175.33, 47|3, 55, N/A, 41.86, 0|4, 57, N/A, 44.82, 0|5, 58, N/A, 43.12, 0|6, 58, N/A, 47.74, 0|
12:13:23 0, 57, N/A, 173.56, 0|1, 55, N/A, 48.29, 87|2, 57, N/A, 165.56, 0|3, 56, N/A, 42.57, 0|4, 59, N/A, 47.25, 100|5, 61, N/A, 183.80, 58|6, 59, N/A, 151.48, 62|
12:13:25 0, 56, N/A, 42.13, 0|1, 54, N/A, 45.61, 0|2, 57, N/A, 50.79, 0|3, 58, N/A, 175.32, 100|4, 58, N/A, 45.80, 0|5, 61, N/A, 174.12, 100|6, 58, N/A, 47.97, 0|
12:13:27 0, 58, N/A, 149.98, 100|1, 53, N/A, 45.37, 0|2, 55, N/A, 49.78, 0|3, 55, N/A, 42.11, 0|4, 57, N/A, 45.32, 0|5, 59, N/A, 43.37, 0|6, 60, N/A, 49.22, 4|
12:13:30 0, 58, N/A, 159.28, 95|1, 54, N/A, 46.10, 0|2, 58, N/A, 52.24, 93|3, 58, N/A, 168.95, 94|4, 59, N/A, 141.70, 100|5, 59, N/A, 43.10, 0|6, 58, N/A, 47.96, 0|
12:13:32 0, 58, N/A, 43.12, 0|1, 57, N/A, 187.81, 100|2, 57, N/A, 50.98, 0|3, 58, N/A, 53.90, 100|4, 59, N/A, 173.72, 0|5, 60, N/A, 44.11, 0|6, 60, N/A, 49.19, 5|
12:13:34 0, 57, N/A, 42.38, 0|1, 54, N/A, 45.61, 0|2, 56, N/A, 50.27, 0|3, 56, N/A, 42.36, 0|4, 59, N/A, 46.06, 0|5, 62, N/A, 145.72, 100|6, 59, N/A, 48.49, 0|
12:13:36 0, 59, N/A, 43.86, 56|1, 57, N/A, 144.81, 93|2, 58, N/A, 171.61, 100|3, 56, N/A, 42.35, 0|4, 58, N/A, 45.31, 0|5, 59, N/A, 43.37, 0|6, 59, N/A, 48.24, 0|
12:13:38 0, 58, N/A, 43.11, 0|1, 57, N/A, 108.91, 100|2, 57, N/A, 113.28, 0|3, 57, N/A, 42.82, 0|4, 61, N/A, 157.55, 100|5, 61, N/A, 45.80, 100|6, 59, N/A, 158.44, 0|
12:13:40 0, 57, N/A, 42.63, 0|1, 55, N/A, 46.35, 0|2, 58, N/A, 51.53, 0|3, 58, N/A, 141.69, 100|4, 59, N/A, 46.54, 0|5, 62, N/A, 152.01, 100|6, 59, N/A, 47.97, 0|
12:13:42 0, 59, N/A, 168.55, 93|1, 54, N/A, 45.86, 1|2, 56, N/A, 50.02, 0|3, 56, N/A, 42.60, 0|4, 59, N/A, 45.80, 0|5, 60, N/A, 43.83, 0|6, 62, N/A, 203.67, 81|
12:13:44 0, 58, N/A, 42.87, 0|1, 56, N/A, 46.82, 0|2, 60, N/A, 183.40, 100|3, 59, N/A, 153.12, 100|4, 58, N/A, 45.55, 0|5, 60, N/A, 43.61, 0|6, 59, N/A, 48.24, 0|
12:13:46 0, 57, N/A, 42.87, 0|1, 55, N/A, 46.08, 0|2, 57, N/A, 50.76, 0|3, 57, N/A, 43.07, 0|4, 62, N/A, 192.29, 100|5, 61, N/A, 44.82, 26|6, 61, N/A, 190.19, 95|
12:13:48 0, 58, N/A, 43.37, 0|1, 57, N/A, 188.30, 100|2, 56, N/A, 42.63, 0|3, 56, N/A, 42.60, 0|4, 59, N/A, 45.56, 0|5, 60, N/A, 43.37, 0|6, 59, N/A, 48.49, 0|
12:13:50 0, 57, N/A, 42.63, 0|1, 54, N/A, 46.11, 0|2, 57, N/A, 49.53, 0|3, 57, N/A, 42.85, 0|4, 60, N/A, 46.79, 0|5, 62, N/A, 178.79, 41|6, 58, N/A, 41.10, 0|
12:13:53 0, 57, N/A, 104.98, 11|1, 54, N/A, 39.70, 10|2, 57, N/A, 51.04, 11|3, 56, N/A, 36.96, 10|4, 59, N/A, 46.05, 11|5, 60, N/A, 44.85, 11|6, 60, N/A, 58.58, 26|
12:13:55 0, 57, N/A, 36.96, 11|1, 54, N/A, 39.70, 10|2, 57, N/A, 50.77, 19|3, 56, N/A, 37.19, 10|4, 59, N/A, 46.30, 11|5, 60, N/A, 39.45, 12|6, 60, N/A, 83.84, 23|
12:13:57 0, 57, N/A, 43.37, 100|1, 54, N/A, 117.28, 0|2, 56, N/A, 50.52, 0|3, 56, N/A, 36.71, 0|4, 58, N/A, 45.59, 0|5, 60, N/A, 38.22, 0|6, 59, N/A, 48.49, 0|
12:13:59 0, 57, N/A, 76.55, 20|1, 54, N/A, 120.29, 9|2, 57, N/A, 111.08, 11|3, 56, N/A, 41.37, 15|4, 59, N/A, 45.80, 11|5, 60, N/A, 44.11, 15|6, 60, N/A, 50.95, 26|
12:14:01 0, 58, N/A, 64.27, 10|1, 55, N/A, 96.00, 17|2, 57, N/A, 150.31, 14|3, 56, N/A, 41.62, 9|4, 59, N/A, 45.80, 13|5, 60, N/A, 43.86, 10|6, 60, N/A, 50.95, 22|
12:14:03 0, 58, N/A, 62.80, 13|1, 54, N/A, 90.83, 9|2, 57, N/A, 151.07, 11|3, 56, N/A, 41.64, 19|4, 59, N/A, 45.83, 11|5, 60, N/A, 44.11, 21|6, 60, N/A, 50.46, 35|
12:14:05 0, 57, N/A, 61.81, 10|1, 55, N/A, 86.89, 9|2, 57, N/A, 163.49, 11|3, 56, N/A, 52.67, 9|4, 59, N/A, 45.83, 11|5, 60, N/A, 44.11, 10|6, 60, N/A, 50.71, 22|
12:14:07 0, 57, N/A, 74.62, 10|1, 54, N/A, 109.96, 9|2, 57, N/A, 130.91, 11|3, 56, N/A, 41.40, 12|4, 58, N/A, 45.83, 11|5, 60, N/A, 44.11, 18|6, 60, N/A, 50.71, 36|
12:14:09 0, 58, N/A, 60.58, 15|1, 55, N/A, 85.16, 9|2, 57, N/A, 159.81, 17|3, 56, N/A, 41.37, 9|4, 58, N/A, 45.80, 11|5, 60, N/A, 44.11, 10|6, 60, N/A, 50.71, 22|
12:14:11 0, 57, N/A, 76.09, 10|1, 54, N/A, 118.27, 9|2, 57, N/A, 116.79, 11|3, 56, N/A, 41.37, 9|4, 58, N/A, 45.80, 11|5, 60, N/A, 43.86, 10|6, 60, N/A, 51.20, 34|
12:14:13 0, 58, N/A, 64.52, 19|1, 54, N/A, 94.03, 9|2, 57, N/A, 147.11, 21|3, 56, N/A, 41.12, 9|4, 58, N/A, 45.80, 11|5, 60, N/A, 44.11, 10|6, 61, N/A, 51.20, 22|
12:14:15 0, 58, N/A, 85.90, 10|1, 54, N/A, 143.02, 9|2, 57, N/A, 86.89, 11|3, 56, N/A, 41.37, 9|4, 58, N/A, 45.83, 11|5, 60, N/A, 44.11, 10|6, 61, N/A, 52.67, 31|
12:14:18 0, 57, N/A, 102.59, 20|1, 54, N/A, 133.68, 9|2, 57, N/A, 92.56, 22|3, 56, N/A, 41.37, 9|4, 58, N/A, 45.83, 11|5, 60, N/A, 44.11, 10|6, 61, N/A, 52.42, 22|
12:14:20 0, 57, N/A, 120.89, 10|1, 54, N/A, 104.80, 9|2, 57, N/A, 51.01, 11|3, 56, N/A, 41.12, 9|4, 58, N/A, 45.80, 11|5, 60, N/A, 44.36, 10|6, 61, N/A, 53.41, 31|
12:14:22 0, 58, N/A, 107.20, 19|1, 54, N/A, 123.42, 9|2, 57, N/A, 50.76, 22|3, 56, N/A, 41.37, 9|4, 58, N/A, 45.80, 11|5, 60, N/A, 44.36, 10|6, 61, N/A, 54.39, 22|
12:14:24 0, 57, N/A, 146.13, 10|1, 54, N/A, 99.88, 10|2, 57, N/A, 50.77, 11|3, 56, N/A, 41.40, 9|4, 58, N/A, 45.83, 11|5, 60, N/A, 44.38, 10|6, 61, N/A, 53.90, 28|
12:14:26 0, 58, N/A, 95.95, 20|1, 54, N/A, 132.45, 9|2, 57, N/A, 60.10, 22|3, 56, N/A, 41.37, 9|4, 58, N/A, 45.80, 11|5, 60, N/A, 44.11, 10|6, 61, N/A, 52.42, 22|
12:14:28 0, 57, N/A, 146.62, 10|1, 54, N/A, 80.98, 9|2, 57, N/A, 50.77, 11|3, 56, N/A, 41.37, 9|4, 58, N/A, 45.81, 12|5, 60, N/A, 44.36, 10|6, 61, N/A, 57.35, 27|
12:14:30 0, 57, N/A, 105.73, 10|1, 54, N/A, 45.86, 9|2, 57, N/A, 50.77, 19|3, 56, N/A, 41.62, 9|4, 58, N/A, 45.81, 11|5, 60, N/A, 44.85, 10|6, 62, N/A, 65.44, 22|
12:14:32 0, 57, N/A, 42.86, 10|1, 54, N/A, 46.10, 9|2, 57, N/A, 50.77, 11|3, 56, N/A, 41.37, 9|4, 58, N/A, 46.05, 11|5, 60, N/A, 45.59, 10|6, 62, N/A, 81.09, 31|
12:14:34 0, 57, N/A, 42.63, 10|1, 54, N/A, 45.86, 9|2, 57, N/A, 50.79, 22|3, 56, N/A, 41.62, 9|4, 58, N/A, 46.30, 11|5, 60, N/A, 46.08, 10|6, 62, N/A, 86.75, 22|
12:14:36 0, 57, N/A, 43.12, 10|1, 54, N/A, 46.35, 9|2, 56, N/A, 43.89, 12|3, 56, N/A, 44.08, 13|4, 58, N/A, 47.77, 12|5, 60, N/A, 78.97, 19|6, 61, N/A, 178.60, 24|
12:14:38 0, 57, N/A, 45.83, 21|1, 54, N/A, 39.70, 10|2, 56, N/A, 42.41, 12|3, 56, N/A, 36.94, 11|4, 58, N/A, 39.43, 12|5, 60, N/A, 45.10, 10|6, 62, N/A, 67.40, 22|
12:14:40 0, 56, N/A, 58.87, 11|1, 54, N/A, 39.70, 12|2, 56, N/A, 42.41, 12|3, 56, N/A, 36.71, 10|4, 57, N/A, 39.43, 17|5, 60, N/A, 45.10, 10|6, 62, N/A, 61.00, 24|
12:14:43 0, 56, N/A, 36.74, 11|1, 53, N/A, 39.45, 10|2, 56, N/A, 42.41, 13|3, 56, N/A, 36.96, 10|4, 57, N/A, 39.43, 12|5, 60, N/A, 39.70, 11|6, 61, N/A, 64.45, 24|
12:14:45 0, 56, N/A, 36.74, 11|1, 53, N/A, 39.45, 10|2, 56, N/A, 42.41, 12|3, 56, N/A, 37.43, 10|4, 57, N/A, 41.15, 12|5, 60, N/A, 46.33, 14|6, 61, N/A, 148.68, 33|
12:14:47 0, 56, N/A, 36.98, 11|1, 53, N/A, 40.19, 12|2, 56, N/A, 46.11, 12|3, 56, N/A, 44.33, 10|4, 58, N/A, 69.66, 16|5, 60, N/A, 117.90, 11|6, 61, N/A, 48.71, 24|
12:14:49 0, 57, N/A, 41.67, 11|1, 54, N/A, 50.52, 10|2, 56, N/A, 92.56, 21|3, 55, N/A, 94.40, 10|4, 57, N/A, 38.69, 12|5, 59, N/A, 38.22, 11|6, 61, N/A, 43.10, 24|
12:14:51 0, 56, N/A, 114.83, 11|1, 53, N/A, 75.82, 10|2, 55, N/A, 42.41, 12|3, 55, N/A, 36.72, 18|4, 57, N/A, 38.69, 12|5, 59, N/A, 38.22, 17|6, 61, N/A, 46.76, 26|
12:14:53 0, 56, N/A, 36.49, 11|1, 53, N/A, 39.20, 10|2, 55, N/A, 42.16, 12|3, 55, N/A, 36.96, 10|4, 57, N/A, 39.67, 21|5, 59, N/A, 41.42, 11|6, 61, N/A, 126.09, 33|
12:14:55 0, 56, N/A, 36.98, 11|1, 53, N/A, 39.70, 10|2, 55, N/A, 43.89, 18|3, 55, N/A, 40.88, 10|4, 57, N/A, 56.64, 12|5, 59, N/A, 102.53, 11|6, 60, N/A, 97.99, 24|
12:14:57 0, 56, N/A, 39.70, 15|1, 53, N/A, 46.60, 10|2, 55, N/A, 74.14, 12|3, 55, N/A, 109.71, 19|4, 57, N/A, 56.62, 12|5, 59, N/A, 38.22, 11|6, 60, N/A, 42.83, 24|
12:14:59 0, 56, N/A, 72.66, 11|1, 53, N/A, 110.39, 10|2, 55, N/A, 58.65, 12|3, 55, N/A, 36.47, 10|4, 57, N/A, 38.69, 12|5, 59, N/A, 38.22, 11|6, 60, N/A, 44.55, 32|
12:15:01 0, 56, N/A, 36.49, 11|1, 53, N/A, 39.20, 14|2, 55, N/A, 42.16, 12|3, 55, N/A, 36.71, 10|4, 57, N/A, 39.43, 12|5, 59, N/A, 39.67, 11|6, 61, N/A, 71.30, 24|
12:15:03 0, 56, N/A, 36.74, 11|1, 53, N/A, 39.45, 10|2, 55, N/A, 43.15, 14|3, 55, N/A, 39.42, 10|4, 57, N/A, 50.74, 12|5, 59, N/A, 79.76, 11|6, 60, N/A, 120.28, 24|
12:15:05 0, 56, N/A, 38.22, 11|1, 53, N/A, 43.64, 10|2, 55, N/A, 62.10, 12|3, 55, N/A, 82.12, 18|4, 57, N/A, 93.93, 12|5, 59, N/A, 38.22, 21|6, 60, N/A, 42.85, 30|
12:15:08 0, 56, N/A, 82.21, 11|1, 53, N/A, 99.38, 10|2, 55, N/A, 41.89, 12|3, 55, N/A, 36.47, 10|4, 56, N/A, 38.69, 18|5, 59, N/A, 38.22, 11|6, 60, N/A, 45.54, 24|
12:15:10 0, 56, N/A, 36.49, 11|1, 53, N/A, 39.20, 10|2, 55, N/A, 42.16, 12|3, 55, N/A, 36.71, 10|4, 57, N/A, 39.43, 12|5, 59, N/A, 41.15, 11|6, 60, N/A, 120.94, 24|
12:15:12 0, 56, N/A, 36.74, 19|1, 53, N/A, 39.70, 10|2, 55, N/A, 43.40, 12|3, 55, N/A, 39.65, 11|4, 57, N/A, 51.72, 12|5, 59, N/A, 85.37, 11|6, 60, N/A, 120.77, 24|
12:15:14 0, 56, N/A, 38.22, 11|1, 53, N/A, 43.15, 10|2, 55, N/A, 59.63, 12|3, 55, N/A, 77.73, 10|4, 56, N/A, 104.92, 17|5, 59, N/A, 37.97, 12|6, 60, N/A, 42.60, 32|
12:15:16 0, 56, N/A, 74.88, 11|1, 53, N/A, 101.36, 19|2, 54, N/A, 60.87, 12|3, 55, N/A, 36.47, 10|4, 56, N/A, 38.44, 12|5, 59, N/A, 37.97, 11|6, 60, N/A, 44.58, 24|
12:15:18 0, 56, N/A, 36.49, 12|1, 53, N/A, 38.96, 10|2, 54, N/A, 41.67, 12|3, 55, N/A, 36.47, 10|4, 56, N/A, 38.93, 12|5, 59, N/A, 39.18, 11|6, 61, N/A, 74.99, 24|
12:15:20 0, 56, N/A, 41.42, 34|1, 53, N/A, 43.12, 18|2, 54, N/A, 115.25, 0|3, 54, N/A, 36.22, 0|4, 56, N/A, 38.19, 0|5, 58, N/A, 37.73, 0|6, 59, N/A, 41.86, 0|
12:15:22 0, 56, N/A, 74.58, 16|1, 53, N/A, 119.31, 9|2, 54, N/A, 109.66, 11|3, 55, N/A, 40.90, 19|4, 56, N/A, 44.85, 11|5, 59, N/A, 43.62, 20|6, 60, N/A, 49.72, 32|
12:15:24 0, 56, N/A, 36.74, 11|1, 53, N/A, 39.45, 9|2, 54, N/A, 42.90, 12|3, 55, N/A, 39.40, 10|4, 57, N/A, 49.74, 12|5, 59, N/A, 84.88, 17|6, 61, N/A, 166.06, 27|
12:15:26 0, 55, N/A, 36.49, 11|1, 53, N/A, 39.20, 10|2, 54, N/A, 42.16, 17|3, 55, N/A, 36.96, 10|4, 56, N/A, 41.40, 12|5, 59, N/A, 48.79, 11|6, 60, N/A, 147.35, 24|
12:15:28 0, 55, N/A, 36.74, 11|1, 53, N/A, 39.94, 10|2, 54, N/A, 45.61, 12|3, 55, N/A, 45.80, 10|4, 56, N/A, 72.86, 12|5, 58, N/A, 115.26, 16|6, 60, N/A, 42.60, 28|
12:15:30 0, 56, N/A, 39.70, 11|1, 53, N/A, 47.34, 17|2, 54, N/A, 77.58, 12|3, 55, N/A, 108.60, 10|4, 56, N/A, 53.20, 20|5, 58, N/A, 37.73, 11|6, 60, N/A, 42.61, 24|
12:15:33 0, 56, N/A, 113.35, 11|1, 52, N/A, 65.02, 9|2, 54, N/A, 41.67, 21|3, 55, N/A, 36.22, 10|4, 56, N/A, 38.44, 12|5, 59, N/A, 37.97, 11|6, 60, N/A, 44.57, 24|
12:15:35 0, 55, N/A, 36.49, 11|1, 52, N/A, 38.96, 10|2, 54, N/A, 41.42, 12|3, 55, N/A, 36.47, 17|4, 56, N/A, 39.18, 12|5, 59, N/A, 39.92, 16|6, 60, N/A, 85.76, 28|
12:15:37 0, 55, N/A, 36.49, 11|1, 52, N/A, 38.96, 11|2, 54, N/A, 42.16, 12|3, 55, N/A, 37.70, 10|4, 56, N/A, 43.12, 18|5, 59, N/A, 55.66, 11|6, 60, N/A, 143.01, 26|
12:15:39 0, 55, N/A, 36.98, 11|1, 52, N/A, 40.44, 10|2, 54, N/A, 47.32, 15|3, 55, N/A, 50.24, 10|4, 56, N/A, 92.20, 12|5, 58, N/A, 91.76, 11|6, 60, N/A, 41.87, 24|
12:15:41 0, 55, N/A, 40.93, 11|1, 52, N/A, 49.28, 9|2, 54, N/A, 86.65, 12|3, 54, N/A, 98.77, 16|4, 56, N/A, 38.19, 12|5, 58, N/A, 37.73, 15|6, 60, N/A, 42.36, 31|
12:15:43 0, 55, N/A, 114.09, 11|1, 52, N/A, 66.04, 10|2, 54, N/A, 41.42, 12|3, 54, N/A, 36.22, 10|4, 56, N/A, 38.44, 18|5, 58, N/A, 38.22, 11|6, 60, N/A, 46.02, 24|
12:15:45 0, 55, N/A, 36.24, 11|1, 52, N/A, 38.96, 10|2, 54, N/A, 41.42, 21|3, 54, N/A, 36.47, 10|4, 56, N/A, 39.18, 12|5, 58, N/A, 41.18, 11|6, 60, N/A, 120.77, 24|
12:15:47 0, 55, N/A, 36.49, 11|1, 52, N/A, 38.96, 10|2, 54, N/A, 42.16, 12|3, 54, N/A, 38.17, 14|4, 56, N/A, 45.81, 12|5, 58, N/A, 62.31, 21|6, 60, N/A, 141.46, 33|
12:15:49 0, 55, N/A, 37.23, 11|1, 52, N/A, 41.18, 10|2, 54, N/A, 51.01, 12|3, 54, N/A, 60.05, 10|4, 55, N/A, 120.34, 18|5, 58, N/A, 53.94, 11|6, 60, N/A, 41.84, 24|
12:15:51 0, 55, N/A, 60.10, 11|1, 52, N/A, 99.39, 10|2, 53, N/A, 83.20, 13|3, 54, N/A, 36.22, 10|4, 56, N/A, 38.19, 12|5, 58, N/A, 37.72, 11|6, 60, N/A, 43.10, 24|
12:15:53 0, 55, N/A, 36.49, 20|1, 52, N/A, 38.73, 10|2, 53, N/A, 41.42, 12|3, 54, N/A, 36.22, 11|4, 56, N/A, 38.44, 12|5, 58, N/A, 38.22, 11|6, 60, N/A, 51.20, 24|
12:15:56 0, 55, N/A, 36.24, 11|1, 52, N/A, 38.71, 10|2, 54, N/A, 41.42, 12|3, 54, N/A, 36.71, 10|4, 56, N/A, 39.92, 12|5, 58, N/A, 43.86, 11|6, 60, N/A, 145.08, 32|
12:15:58 0, 55, N/A, 36.74, 11|1, 52, N/A, 40.19, 19|2, 54, N/A, 44.60, 12|3, 54, N/A, 42.85, 10|4, 56, N/A, 65.72, 16|5, 58, N/A, 122.07, 11|6, 60, N/A, 63.71, 24|
12:16:00 0, 55, N/A, 41.67, 11|1, 52, N/A, 52.73, 9|2, 54, N/A, 101.11, 21|3, 54, N/A, 84.08, 10|4, 55, N/A, 38.19, 12|5, 58, N/A, 37.73, 11|6, 60, N/A, 42.36, 24|
12:16:02 0, 55, N/A, 104.55, 11|1, 52, N/A, 79.01, 10|2, 53, N/A, 46.08, 12|3, 54, N/A, 36.22, 14|4, 55, N/A, 38.19, 12|5, 58, N/A, 37.73, 19|6, 60, N/A, 43.83, 32|
12:16:04 0, 55, N/A, 88.61, 11|1, 52, N/A, 38.71, 12|2, 53, N/A, 41.18, 12|3, 54, N/A, 36.22, 10|4, 55, N/A, 38.19, 13|5, 58, N/A, 37.97, 11|6, 60, N/A, 49.96, 24|
12:16:06 0, 55, N/A, 36.24, 11|1, 52, N/A, 38.71, 10|2, 53, N/A, 41.42, 18|3, 54, N/A, 36.71, 10|4, 56, N/A, 39.43, 12|5, 58, N/A, 42.38, 11|6, 60, N/A, 146.77, 24|
12:16:08 0, 55, N/A, 36.24, 11|1, 52, N/A, 38.96, 10|2, 53, N/A, 42.90, 12|3, 54, N/A, 40.41, 13|4, 56, N/A, 53.69, 12|5, 58, N/A, 90.29, 21|6, 59, N/A, 108.25, 24|
12:16:10 0, 55, N/A, 41.18, 11|1, 52, N/A, 48.57, 10|2, 54, N/A, 84.43, 12|3, 54, N/A, 102.21, 10|4, 55, N/A, 38.19, 12|5, 58, N/A, 37.72, 11|6, 60, N/A, 42.11, 32|
12:16:12 0, 55, N/A, 113.84, 11|1, 52, N/A, 59.63, 17|2, 53, N/A, 41.18, 12|3, 54, N/A, 36.22, 10|4, 55, N/A, 38.19, 12|5, 58, N/A, 37.97, 11|6, 60, N/A, 47.26, 24|
12:16:14 0, 55, N/A, 36.24, 13|1, 52, N/A, 38.71, 10|2, 53, N/A, 41.18, 12|3, 54, N/A, 36.47, 10|4, 55, N/A, 39.18, 12|5, 58, N/A, 40.66, 11|6, 60, N/A, 97.06, 24|
12:16:16 0, 55, N/A, 36.24, 11|1, 52, N/A, 38.96, 10|2, 53, N/A, 42.41, 12|3, 54, N/A, 39.15, 10|4, 56, N/A, 49.50, 12|5, 58, N/A, 76.80, 21|6, 60, N/A, 118.24, 33|
12:16:18 0, 55, N/A, 37.72, 11|1, 52, N/A, 42.16, 18|2, 53, N/A, 56.18, 12|3, 54, N/A, 71.83, 10|4, 55, N/A, 109.35, 16|5, 58, N/A, 37.72, 11|6, 60, N/A, 41.87, 24|
12:16:21 0, 55, N/A, 51.01, 11|1, 52, N/A, 76.80, 9|2, 53, N/A, 118.21, 21|3, 54, N/A, 36.22, 10|4, 55, N/A, 38.19, 12|5, 58, N/A, 37.48, 11|6, 59, N/A, 42.61, 24|
12:16:23 0, 55, N/A, 62.31, 12|1, 51, N/A, 38.71, 10|2, 53, N/A, 41.18, 12|3, 54, N/A, 36.22, 18|4, 55, N/A, 38.19, 12|5, 58, N/A, 38.22, 17|6, 60, N/A, 58.79, 29|
12:16:25 0, 55, N/A, 36.24, 11|1, 52, N/A, 38.71, 10|2, 53, N/A, 41.67, 12|3, 54, N/A, 36.96, 10|4, 55, N/A, 39.92, 16|5, 58, N/A, 43.62, 11|6, 60, N/A, 146.30, 28|
12:16:27 0, 55, N/A, 36.49, 11|1, 51, N/A, 39.45, 10|2, 53, N/A, 44.13, 18|3, 54, N/A, 44.08, 10|4, 55, N/A, 68.68, 12|5, 58, N/A, 117.23, 11|6, 59, N/A, 42.09, 24|
12:16:29 0, 55, N/A, 42.63, 11|1, 52, N/A, 55.44, 10|2, 53, N/A, 115.32, 12|3, 54, N/A, 72.36, 13|4, 55, N/A, 38.19, 12|5, 58, N/A, 37.48, 11|6, 59, N/A, 42.11, 24|
12:16:31 0, 54, N/A, 105.48, 11|1, 51, N/A, 38.71, 10|2, 53, N/A, 41.18, 12|3, 54, N/A, 36.22, 10|4, 55, N/A, 38.19, 12|5, 58, N/A, 37.97, 11|6, 60, N/A, 46.55, 30|
12:16:33 0, 55, N/A, 35.98, 11|1, 51, N/A, 38.46, 16|2, 53, N/A, 41.18, 12|3, 54, N/A, 36.22, 10|4, 55, N/A, 38.69, 12|5, 58, N/A, 40.91, 11|6, 60, N/A, 120.77, 24|
12:16:35 0, 55, N/A, 36.24, 11|1, 52, N/A, 39.45, 10|2, 53, N/A, 43.64, 12|3, 54, N/A, 40.88, 10|4, 55, N/A, 57.14, 12|5, 58, N/A, 104.99, 11|6, 59, N/A, 90.37, 24|
12:16:37 0, 55, N/A, 38.96, 11|1, 52, N/A, 45.61, 10|2, 53, N/A, 64.07, 12|3, 54, N/A, 100.44, 16|4, 55, N/A, 73.07, 12|5, 58, N/A, 37.48, 20|6, 59, N/A, 41.87, 31|
12:16:39 0, 55, N/A, 79.02, 11|1, 51, N/A, 108.74, 13|2, 53, N/A, 50.76, 12|3, 54, N/A, 36.22, 10|4, 55, N/A, 38.19, 21|5, 58, N/A, 37.73, 11|6, 59, N/A, 44.08, 24|
12:16:41 0, 55, N/A, 36.24, 11|1, 51, N/A, 38.46, 10|2, 53, N/A, 41.18, 17|3, 54, N/A, 36.22, 10|4, 55, N/A, 38.69, 12|5, 58, N/A, 39.70, 11|6, 60, N/A, 97.26, 24|
12:16:44 0, 54, N/A, 36.24, 17|1, 52, N/A, 38.71, 10|2, 53, N/A, 42.16, 12|3, 54, N/A, 38.66, 17|4, 55, N/A, 48.76, 12|5, 58, N/A, 76.56, 13|6, 59, N/A, 119.78, 25|
12:16:46 0, 55, N/A, 41.40, 3|1, 52, N/A, 43.89, 13|2, 53, N/A, 46.60, 16|3, 54, N/A, 40.39, 2|4, 55, N/A, 43.35, 2|5, 58, N/A, 44.11, 2|6, 60, N/A, 66.91, 2|
12:16:48 0, 55, N/A, 35.99, 13|1, 52, N/A, 38.71, 10|2, 53, N/A, 41.18, 12|3, 54, N/A, 36.20, 16|4, 55, N/A, 45.32, 11|5, 58, N/A, 46.08, 21|6, 60, N/A, 107.33, 35|
12:16:50 0, 55, N/A, 36.00, 11|1, 51, N/A, 38.71, 9|2, 53, N/A, 40.93, 23|3, 54, N/A, 36.22, 10|4, 55, N/A, 38.44, 12|5, 58, N/A, 38.96, 11|6, 60, N/A, 83.06, 22|
12:16:52 0, 55, N/A, 36.00, 11|1, 51, N/A, 38.71, 9|2, 53, N/A, 41.18, 12|3, 54, N/A, 36.47, 10|4, 55, N/A, 39.67, 12|5, 58, N/A, 44.36, 19|6, 60, N/A, 146.53, 33|
12:16:54 0, 55, N/A, 36.24, 11|1, 51, N/A, 38.98, 19|2, 53, N/A, 42.90, 12|3, 54, N/A, 39.67, 10|4, 55, N/A, 50.98, 18|5, 57, N/A, 86.11, 11|6, 59, N/A, 113.16, 24|
12:16:56 0, 55, N/A, 37.72, 11|1, 51, N/A, 41.92, 9|2, 53, N/A, 54.71, 18|3, 54, N/A, 69.90, 10|4, 55, N/A, 111.50, 12|5, 57, N/A, 37.48, 11|6, 59, N/A, 42.11, 24|
12:16:58 0, 55, N/A, 59.39, 14|1, 51, N/A, 98.96, 10|2, 52, N/A, 87.14, 12|3, 54, N/A, 36.22, 15|4, 55, N/A, 37.95, 12|5, 57, N/A, 37.48, 16|6, 59, N/A, 43.84, 28|
12:17:00 0, 54, N/A, 36.00, 11|1, 51, N/A, 38.46, 10|2, 52, N/A, 40.93, 12|3, 54, N/A, 36.22, 10|4, 55, N/A, 38.19, 20|5, 57, N/A, 38.71, 11|6, 60, N/A, 68.63, 30|
12:17:02 0, 54, N/A, 36.24, 11|1, 51, N/A, 38.71, 10|2, 53, N/A, 41.18, 21|3, 54, N/A, 36.71, 10|4, 55, N/A, 40.91, 12|5, 58, N/A, 48.79, 11|6, 59, N/A, 147.76, 24|
12:17:04 0, 54, N/A, 36.24, 11|1, 51, N/A, 39.45, 9|2, 53, N/A, 43.15, 12|3, 54, N/A, 41.37, 13|4, 55, N/A, 58.13, 12|5, 57, N/A, 110.59, 20|6, 59, N/A, 82.56, 24|
12:17:06 0, 55, N/A, 38.22, 11|1, 51, N/A, 44.13, 18|2, 53, N/A, 61.11, 12|3, 53, N/A, 86.04, 10|4, 55, N/A, 93.67, 21|5, 57, N/A, 37.48, 11|6, 59, N/A, 42.09, 28|
12:17:09 0, 55, N/A, 58.89, 11|1, 52, N/A, 84.68, 9|2, 53, N/A, 99.63, 20|3, 53, N/A, 35.97, 10|4, 55, N/A, 37.95, 12|5, 57, N/A, 37.72, 11|6, 59, N/A, 43.35, 24|
12:17:11 0, 54, N/A, 35.98, 16|1, 51, N/A, 38.46, 9|2, 52, N/A, 40.93, 12|3, 54, N/A, 35.97, 17|4, 55, N/A, 38.19, 12|5, 57, N/A, 38.22, 14|6, 60, N/A, 59.03, 27|
12:17:13 0, 54, N/A, 36.00, 11|1, 51, N/A, 38.73, 10|2, 53, N/A, 41.42, 12|3, 54, N/A, 37.21, 10|4, 55, N/A, 42.14, 20|5, 58, N/A, 53.47, 11|6, 59, N/A, 143.68, 32|
12:17:15 0, 54, N/A, 36.74, 11|1, 51, N/A, 39.94, 10|2, 53, N/A, 47.07, 18|3, 54, N/A, 47.04, 10|4, 55, N/A, 81.43, 12|5, 57, N/A, 42.38, 11|6, 59, N/A, 41.62, 24|
12:17:17 0, 55, N/A, 45.59, 20|1, 52, N/A, 61.85, 10|2, 52, N/A, 126.80, 12|3, 53, N/A, 47.04, 10|4, 54, N/A, 37.95, 12|5, 57, N/A, 37.48, 11|6, 59, N/A, 42.36, 24|
12:17:19 0, 54, N/A, 84.88, 11|1, 51, N/A, 38.46, 10|2, 52, N/A, 40.93, 12|3, 53, N/A, 36.22, 10|4, 55, N/A, 38.19, 12|5, 57, N/A, 37.97, 13|6, 59, N/A, 50.46, 32|
12:17:21 0, 54, N/A, 36.00, 11|1, 51, N/A, 38.46, 15|2, 52, N/A, 40.93, 12|3, 54, N/A, 36.47, 10|4, 55, N/A, 39.43, 12|5, 58, N/A, 43.12, 11|6, 60, N/A, 145.32, 24|
12:17:23 0, 54, N/A, 36.49, 11|1, 51, N/A, 39.70, 10|2, 53, N/A, 45.86, 12|3, 54, N/A, 48.03, 10|4, 55, N/A, 86.11, 12|5, 57, N/A, 101.79, 11|6, 59, N/A, 41.62, 24|
12:17:25 0, 54, N/A, 40.19, 11|1, 51, N/A, 50.05, 10|2, 53, N/A, 92.06, 12|3, 54, N/A, 94.89, 16|4, 54, N/A, 37.95, 12|5, 57, N/A, 37.48, 14|6, 59, N/A, 41.87, 27|
12:17:27 0, 54, N/A, 114.09, 11|1, 51, N/A, 51.50, 10|2, 52, N/A, 40.93, 12|3, 53, N/A, 35.98, 10|4, 54, N/A, 37.95, 18|5, 57, N/A, 37.72, 11|6, 60, N/A, 47.75, 24|
12:17:29 0, 54, N/A, 36.00, 11|1, 51, N/A, 38.46, 10|2, 52, N/A, 40.93, 17|3, 53, N/A, 36.22, 10|4, 55, N/A, 38.93, 12|5, 57, N/A, 41.65, 11|6, 60, N/A, 144.91, 24|
12:17:31 0, 54, N/A, 36.24, 19|1, 51, N/A, 38.96, 10|2, 52, N/A, 43.15, 12|3, 54, N/A, 41.62, 17|4, 55, N/A, 59.82, 12|5, 57, N/A, 111.33, 12|6, 59, N/A, 86.99, 24|
12:17:34 0, 54, N/A, 39.94, 11|1, 51, N/A, 46.35, 10|2, 52, N/A, 77.09, 12|3, 53, N/A, 107.12, 10|4, 54, N/A, 70.61, 13|5, 57, N/A, 37.23, 11|6, 59, N/A, 41.87, 32|
12:17:36 0, 55, N/A, 80.74, 11|1, 51, N/A, 38.46, 17|2, 52, N/A, 40.93, 12|3, 53, N/A, 35.98, 10|4, 55, N/A, 37.95, 12|5, 57, N/A, 37.73, 11|6, 59, N/A, 47.75, 24|
12:17:38 0, 54, N/A, 36.00, 11|1, 51, N/A, 38.46, 10|2, 52, N/A, 40.93, 12|3, 54, N/A, 36.22, 10|4, 55, N/A, 39.18, 12|5, 57, N/A, 42.38, 11|6, 59, N/A, 153.38, 24|
12:17:40 0, 54, N/A, 36.00, 11|1, 51, N/A, 38.96, 10|2, 52, N/A, 42.65, 12|3, 54, N/A, 40.41, 10|4, 54, N/A, 55.66, 12|5, 57, N/A, 98.36, 15|6, 59, N/A, 96.77, 27|
12:17:42 0, 54, N/A, 38.22, 11|1, 51, N/A, 43.64, 16|2, 53, N/A, 59.39, 12|3, 54, N/A, 80.43, 10|4, 54, N/A, 98.06, 21|5, 57, N/A, 37.23, 11|6, 59, N/A, 41.62, 24|
12:17:44 0, 55, N/A, 57.66, 11|1, 51, N/A, 91.82, 10|2, 52, N/A, 91.04, 19|3, 53, N/A, 35.98, 10|4, 54, N/A, 37.95, 12|5, 57, N/A, 37.48, 11|6, 59, N/A, 42.85, 24|
12:17:46 0, 54, N/A, 36.00, 21|1, 51, N/A, 38.46, 10|2, 52, N/A, 40.68, 12|3, 53, N/A, 35.97, 17|4, 54, N/A, 37.95, 12|5, 57, N/A, 38.22, 11|6, 60, N/A, 60.51, 24|
12:17:48 0, 54, N/A, 36.00, 11|1, 51, N/A, 38.71, 10|2, 52, N/A, 41.67, 12|3, 53, N/A, 38.19, 10|4, 55, N/A, 46.30, 12|5, 57, N/A, 69.21, 20|6, 59, N/A, 133.37, 33|
12:17:50 0, 54, N/A, 37.72, 11|1, 51, N/A, 42.41, 11|2, 52, N/A, 55.69, 12|3, 53, N/A, 64.48, 10|4, 54, N/A, 116.66, 12|5, 57, N/A, 37.48, 11|6, 59, N/A, 41.62, 24|
12:17:52 0, 55, N/A, 60.10, 11|1, 51, N/A, 100.93, 10|2, 52, N/A, 80.54, 12|3, 53, N/A, 35.98, 10|4, 54, N/A, 37.95, 12|5, 57, N/A, 37.48, 11|6, 59, N/A, 43.10, 24|
12:17:54 0, 54, N/A, 51.26, 12|1, 51, N/A, 38.46, 10|2, 52, N/A, 40.69, 12|3, 53, N/A, 35.98, 14|4, 55, N/A, 37.95, 12|5, 57, N/A, 38.22, 21|6, 59, N/A, 54.15, 32|
12:17:57 0, 54, N/A, 36.00, 11|1, 51, N/A, 38.46, 12|2, 52, N/A, 40.93, 12|3, 53, N/A, 36.71, 10|4, 54, N/A, 40.91, 15|5, 57, N/A, 49.04, 11|6, 59, N/A, 147.04, 28|
12:17:59 0, 54, N/A, 36.98, 11|1, 51, N/A, 40.44, 10|2, 52, N/A, 49.28, 21|3, 53, N/A, 57.10, 10|4, 54, N/A, 122.97, 12|5, 57, N/A, 59.35, 11|6, 59, N/A, 41.62, 24|
12:18:01 0, 54, N/A, 65.02, 14|1, 51, N/A, 110.23, 10|2, 52, N/A, 68.22, 12|3, 53, N/A, 35.97, 10|4, 54, N/A, 37.95, 12|5, 57, N/A, 37.48, 11|6, 59, N/A, 42.85, 24|
12:18:03 0, 54, N/A, 36.00, 11|1, 51, N/A, 38.46, 10|2, 52, N/A, 40.68, 12|3, 53, N/A, 35.98, 10|4, 54, N/A, 38.19, 12|5, 57, N/A, 38.46, 18|6, 60, N/A, 70.11, 33|
12:18:05 0, 54, N/A, 40.19, 0|1, 51, N/A, 43.40, 0|2, 52, N/A, 45.34, 0|3, 53, N/A, 39.43, 0|4, 54, N/A, 42.63, 0|5, 57, N/A, 41.67, 0|6, 58, N/A, 45.81, 0|
