12:18:07 0, 53, N/A, 31.07, 0|1, 50, N/A, 31.58, 0|2, 51, N/A, 33.04, 0|3, 53, N/A, 29.59, 0|4, 54, N/A, 32.55, 0|5, 56, N/A, 30.10, 0|6, 57, N/A, 33.02, 0|
12:18:09 0, 53, N/A, 35.75, 0|1, 50, N/A, 37.73, 0|2, 51, N/A, 32.81, 0|3, 52, N/A, 29.59, 0|4, 53, N/A, 30.57, 0|5, 56, N/A, 29.84, 0|6, 57, N/A, 32.77, 0|
12:18:11 0, 54, N/A, 40.93, 89|1, 50, N/A, 37.48, 0|2, 51, N/A, 32.79, 0|3, 52, N/A, 29.57, 0|4, 53, N/A, 30.57, 0|5, 56, N/A, 29.85, 0|6, 57, N/A, 32.75, 0|
12:18:13 0, 53, N/A, 40.19, 0|1, 50, N/A, 43.89, 86|2, 51, N/A, 32.79, 0|3, 52, N/A, 29.59, 0|4, 53, N/A, 30.58, 0|5, 56, N/A, 29.85, 0|6, 57, N/A, 32.77, 0|
12:18:15 0, 54, N/A, 40.19, 0|1, 50, N/A, 43.40, 3|2, 50, N/A, 32.79, 0|3, 52, N/A, 29.57, 0|4, 53, N/A, 30.57, 0|5, 56, N/A, 29.85, 0|6, 56, N/A, 32.77, 0|
12:18:17 0, 54, N/A, 41.42, 0|1, 51, N/A, 44.13, 0|2, 50, N/A, 32.79, 0|3, 52, N/A, 29.59, 0|4, 53, N/A, 30.57, 0|5, 56, N/A, 29.85, 0|6, 56, N/A, 32.28, 0|
12:18:20 0, 56, N/A, 162.77, 44|1, 55, N/A, 63.08, 66|2, 50, N/A, 32.79, 0|3, 52, N/A, 29.57, 0|4, 53, N/A, 30.56, 0|5, 55, N/A, 29.84, 0|6, 56, N/A, 32.51, 0|
12:18:22 0, 57, N/A, 182.07, 33|1, 55, N/A, 50.30, 51|2, 50, N/A, 32.56, 0|3, 52, N/A, 29.57, 0|4, 53, N/A, 30.57, 0|5, 55, N/A, 29.84, 0|6, 56, N/A, 32.53, 0|
12:18:24 0, 58, N/A, 69.94, 45|1, 56, N/A, 176.40, 48|2, 50, N/A, 32.55, 0|3, 52, N/A, 29.57, 0|4, 53, N/A, 30.57, 0|5, 55, N/A, 29.84, 0|6, 56, N/A, 32.28, 0|
12:18:26 0, 58, N/A, 49.04, 51|1, 57, N/A, 193.23, 66|2, 50, N/A, 32.79, 0|3, 52, N/A, 29.57, 0|4, 53, N/A, 30.57, 0|5, 55, N/A, 29.85, 0|6, 56, N/A, 32.28, 0|
12:18:28 0, 58, N/A, 44.11, 33|1, 58, N/A, 190.66, 66|2, 50, N/A, 32.55, 0|3, 52, N/A, 29.57, 0|4, 53, N/A, 30.57, 0|5, 55, N/A, 29.59, 0|6, 56, N/A, 32.26, 0|
12:18:30 0, 58, N/A, 147.85, 33|1, 59, N/A, 78.03, 48|2, 50, N/A, 32.55, 0|3, 52, N/A, 29.57, 0|4, 53, N/A, 30.56, 0|5, 55, N/A, 29.83, 0|6, 56, N/A, 32.26, 0|
12:18:32 0, 59, N/A, 181.22, 51|1, 58, N/A, 52.49, 66|2, 50, N/A, 32.56, 0|3, 52, N/A, 29.57, 0|4, 53, N/A, 30.57, 0|5, 55, N/A, 29.59, 0|6, 56, N/A, 32.53, 0|
12:18:34 0, 60, N/A, 107.51, 37|1, 59, N/A, 146.62, 60|2, 50, N/A, 32.55, 0|3, 52, N/A, 29.34, 0|4, 53, N/A, 30.57, 0|5, 55, N/A, 29.83, 0|6, 56, N/A, 32.51, 0|
12:18:36 0, 60, N/A, 52.99, 34|1, 60, N/A, 194.78, 48|2, 50, N/A, 32.55, 0|3, 52, N/A, 29.57, 0|4, 53, N/A, 30.57, 0|5, 55, N/A, 29.59, 0|6, 56, N/A, 32.28, 0|
12:18:38 0, 60, N/A, 44.87, 51|1, 61, N/A, 195.41, 66|2, 50, N/A, 32.55, 0|3, 52, N/A, 29.34, 0|4, 52, N/A, 30.57, 0|5, 55, N/A, 29.61, 0|6, 56, N/A, 32.26, 0|
12:18:40 0, 60, N/A, 138.77, 33|1, 61, N/A, 90.83, 66|2, 50, N/A, 32.55, 0|3, 52, N/A, 29.32, 0|4, 52, N/A, 30.56, 0|5, 55, N/A, 29.84, 0|6, 55, N/A, 32.26, 0|
12:18:43 0, 61, N/A, 181.06, 33|1, 61, N/A, 56.43, 48|2, 50, N/A, 32.55, 0|3, 52, N/A, 29.57, 0|4, 53, N/A, 30.31, 0|5, 55, N/A, 29.83, 0|6, 55, N/A, 32.26, 0|
12:18:45 0, 62, N/A, 178.94, 51|1, 61, N/A, 88.60, 59|2, 50, N/A, 32.55, 0|3, 52, N/A, 29.57, 0|4, 52, N/A, 30.33, 0|5, 55, N/A, 29.84, 0|6, 55, N/A, 32.51, 0|
12:18:47 0, 62, N/A, 78.82, 34|1, 62, N/A, 174.04, 66|2, 50, N/A, 32.55, 0|3, 51, N/A, 29.34, 0|4, 52, N/A, 30.33, 0|5, 55, N/A, 29.85, 0|6, 55, N/A, 32.53, 0|
12:18:49 0, 62, N/A, 50.51, 39|1, 63, N/A, 198.01, 48|2, 50, N/A, 32.55, 0|3, 52, N/A, 29.32, 0|4, 52, N/A, 30.31, 0|5, 55, N/A, 29.59, 0|6, 55, N/A, 32.26, 0|
12:18:51 0, 62, N/A, 47.32, 51|1, 64, N/A, 209.28, 66|2, 50, N/A, 32.55, 0|3, 52, N/A, 29.32, 0|4, 52, N/A, 30.33, 0|5, 55, N/A, 29.61, 0|6, 55, N/A, 32.28, 0|
12:18:53 0, 62, N/A, 45.86, 33|1, 64, N/A, 197.65, 66|2, 50, N/A, 32.57, 0|3, 51, N/A, 29.34, 0|4, 52, N/A, 30.33, 0|5, 55, N/A, 29.61, 0|6, 55, N/A, 32.26, 0|
12:18:55 0, 62, N/A, 103.02, 35|1, 65, N/A, 114.33, 55|2, 50, N/A, 32.55, 0|3, 51, N/A, 29.57, 0|4, 52, N/A, 30.33, 0|5, 55, N/A, 29.59, 0|6, 54, N/A, 32.01, 0|
12:18:57 0, 62, N/A, 173.46, 43|1, 64, N/A, 63.33, 66|2, 49, N/A, 32.55, 0|3, 51, N/A, 29.32, 0|4, 52, N/A, 30.31, 0|5, 55, N/A, 29.59, 0|6, 54, N/A, 32.01, 0|
12:18:59 0, 63, N/A, 188.18, 33|1, 64, N/A, 55.94, 48|2, 50, N/A, 32.30, 0|3, 51, N/A, 29.32, 0|4, 52, N/A, 30.31, 0|5, 54, N/A, 29.36, 0|6, 54, N/A, 32.01, 0|
12:19:01 0, 64, N/A, 104.56, 50|1, 65, N/A, 155.88, 52|2, 49, N/A, 32.30, 0|3, 51, N/A, 29.34, 0|4, 52, N/A, 30.33, 0|5, 54, N/A, 29.61, 0|6, 54, N/A, 32.03, 0|
12:19:03 0, 64, N/A, 61.56, 51|1, 65, N/A, 192.43, 66|2, 49, N/A, 32.30, 0|3, 51, N/A, 29.32, 0|4, 52, N/A, 30.33, 0|5, 54, N/A, 29.36, 0|6, 54, N/A, 32.01, 0|
12:19:05 0, 62, N/A, 44.87, 0|1, 63, N/A, 51.76, 0|2, 49, N/A, 32.32, 0|3, 51, N/A, 29.34, 0|4, 51, N/A, 30.33, 0|5, 54, N/A, 29.36, 0|6, 54, N/A, 31.79, 0|
12:19:08 0, 66, N/A, 169.38, 100|1, 62, N/A, 50.27, 0|2, 49, N/A, 32.32, 0|3, 51, N/A, 29.32, 0|4, 51, N/A, 30.33, 0|5, 54, N/A, 29.36, 0|6, 53, N/A, 31.79, 0|
12:19:10 0, 66, N/A, 198.38, 100|1, 64, N/A, 52.49, 0|2, 49, N/A, 32.32, 0|3, 51, N/A, 29.32, 0|4, 51, N/A, 30.08, 0|5, 54, N/A, 29.36, 0|6, 53, N/A, 31.79, 0|
12:19:12 0, 66, N/A, 162.16, 100|1, 66, N/A, 169.75, 100|2, 49, N/A, 32.30, 0|3, 51, N/A, 29.32, 0|4, 51, N/A, 29.81, 0|5, 54, N/A, 29.09, 0|6, 53, N/A, 31.76, 0|
12:19:14 0, 65, N/A, 180.21, 100|1, 66, N/A, 199.56, 100|2, 49, N/A, 32.30, 0|3, 50, N/A, 29.32, 0|4, 51, N/A, 30.06, 0|5, 54, N/A, 29.09, 0|6, 53, N/A, 31.76, 0|
12:19:16 0, 64, N/A, 46.08, 0|1, 66, N/A, 208.55, 100|2, 48, N/A, 32.05, 0|3, 50, N/A, 29.08, 0|4, 51, N/A, 30.08, 0|5, 54, N/A, 29.09, 0|6, 53, N/A, 31.52, 0|
12:19:18 0, 66, N/A, 155.39, 100|1, 64, N/A, 52.24, 0|2, 48, N/A, 32.05, 0|3, 50, N/A, 29.08, 0|4, 51, N/A, 30.06, 0|5, 53, N/A, 29.10, 0|6, 52, N/A, 31.54, 0|
12:19:20 0, 65, N/A, 168.06, 85|1, 66, N/A, 162.39, 100|2, 48, N/A, 32.05, 0|3, 50, N/A, 29.08, 0|4, 51, N/A, 30.06, 0|5, 53, N/A, 29.34, 0|6, 52, N/A, 31.52, 0|
12:19:22 0, 64, N/A, 46.32, 0|1, 65, N/A, 154.39, 100|2, 48, N/A, 32.05, 0|3, 50, N/A, 29.08, 0|4, 50, N/A, 29.57, 0|5, 53, N/A, 29.34, 0|6, 52, N/A, 31.27, 0|
12:19:24 0, 67, N/A, 165.94, 100|1, 64, N/A, 51.78, 0|2, 48, N/A, 31.83, 0|3, 50, N/A, 29.08, 0|4, 50, N/A, 29.83, 0|5, 53, N/A, 29.36, 0|6, 51, N/A, 31.27, 0|
12:19:26 0, 67, N/A, 183.65, 100|1, 65, N/A, 54.46, 61|2, 47, N/A, 31.81, 0|3, 49, N/A, 29.08, 0|4, 50, N/A, 29.57, 0|5, 53, N/A, 29.34, 0|6, 51, N/A, 31.27, 0|
12:19:28 0, 63, N/A, 45.34, 0|1, 66, N/A, 168.63, 100|2, 47, N/A, 31.81, 0|3, 49, N/A, 29.09, 0|4, 50, N/A, 29.59, 0|5, 53, N/A, 29.34, 0|6, 51, N/A, 31.03, 0|
12:19:31 0, 67, N/A, 162.49, 100|1, 63, N/A, 51.01, 0|2, 47, N/A, 31.56, 0|3, 49, N/A, 29.08, 0|4, 50, N/A, 29.57, 0|5, 52, N/A, 29.10, 0|6, 51, N/A, 31.03, 0|
12:19:33 0, 66, N/A, 183.40, 100|1, 66, N/A, 199.94, 100|2, 47, N/A, 31.56, 0|3, 49, N/A, 28.83, 0|4, 50, N/A, 29.57, 0|5, 52, N/A, 28.85, 0|6, 50, N/A, 31.27, 0|
12:19:35 0, 66, N/A, 160.93, 100|1, 66, N/A, 188.05, 100|2, 47, N/A, 31.56, 0|3, 49, N/A, 28.83, 0|4, 49, N/A, 29.32, 0|5, 52, N/A, 28.85, 0|6, 50, N/A, 31.27, 0|
12:19:37 0, 65, N/A, 46.33, 0|1, 65, N/A, 156.60, 100|2, 47, N/A, 31.56, 0|3, 49, N/A, 28.83, 0|4, 49, N/A, 29.59, 0|5, 52, N/A, 28.85, 0|6, 50, N/A, 31.03, 0|
12:19:39 0, 67, N/A, 147.61, 100|1, 63, N/A, 51.75, 0|2, 46, N/A, 31.58, 0|3, 49, N/A, 28.83, 0|4, 49, N/A, 29.32, 0|5, 52, N/A, 28.85, 0|6, 50, N/A, 30.78, 0|
12:19:41 0, 63, N/A, 45.09, 0|1, 66, N/A, 194.92, 100|2, 46, N/A, 31.31, 0|3, 49, N/A, 28.58, 0|4, 49, N/A, 29.34, 0|5, 52, N/A, 28.85, 0|6, 50, N/A, 30.78, 0|
12:19:43 0, 66, N/A, 47.81, 100|1, 63, N/A, 190.26, 36|2, 46, N/A, 31.56, 0|3, 49, N/A, 28.84, 0|4, 49, N/A, 29.34, 0|5, 51, N/A, 28.87, 0|6, 49, N/A, 30.80, 0|
12:19:45 0, 67, N/A, 152.27, 100|1, 64, N/A, 52.49, 0|2, 46, N/A, 31.33, 0|3, 48, N/A, 28.83, 0|4, 49, N/A, 29.34, 0|5, 51, N/A, 28.87, 0|6, 49, N/A, 31.03, 0|
12:19:47 0, 67, N/A, 196.28, 100|1, 66, N/A, 197.12, 100|2, 46, N/A, 31.31, 0|3, 48, N/A, 28.83, 0|4, 49, N/A, 29.32, 0|5, 51, N/A, 28.60, 0|6, 49, N/A, 30.78, 0|
12:19:49 0, 66, N/A, 163.87, 85|1, 66, N/A, 183.40, 100|2, 46, N/A, 31.07, 0|3, 48, N/A, 28.58, 0|4, 49, N/A, 29.32, 0|5, 51, N/A, 28.85, 0|6, 49, N/A, 30.54, 0|
12:19:51 0, 65, N/A, 47.06, 20|1, 64, N/A, 158.08, 100|2, 46, N/A, 31.07, 0|3, 48, N/A, 28.34, 0|4, 48, N/A, 29.34, 0|5, 51, N/A, 28.60, 0|6, 49, N/A, 30.54, 0|
12:19:54 0, 65, N/A, 158.34, 100|1, 65, N/A, 53.97, 100|2, 45, N/A, 31.08, 0|3, 48, N/A, 28.58, 0|4, 48, N/A, 29.32, 0|5, 51, N/A, 28.60, 0|6, 48, N/A, 30.54, 0|
12:19:56 0, 65, N/A, 46.57, 0|1, 64, N/A, 179.72, 100|2, 45, N/A, 31.07, 0|3, 48, N/A, 28.34, 0|4, 48, N/A, 29.08, 0|5, 51, N/A, 28.60, 0|6, 48, N/A, 30.54, 0|
12:19:58 0, 68, N/A, 146.87, 100|1, 63, N/A, 51.50, 0|2, 45, N/A, 31.08, 0|3, 48, N/A, 28.58, 0|4, 48, N/A, 29.08, 0|5, 50, N/A, 28.60, 0|6, 48, N/A, 30.54, 0|
12:20:00 0, 67, N/A, 152.43, 100|1, 66, N/A, 167.79, 100|2, 45, N/A, 31.07, 0|3, 48, N/A, 28.34, 0|4, 48, N/A, 29.08, 0|5, 51, N/A, 28.60, 0|6, 48, N/A, 30.54, 0|
12:20:02 0, 66, N/A, 164.85, 100|1, 65, N/A, 189.77, 100|2, 45, N/A, 31.07, 0|3, 48, N/A, 28.34, 0|4, 48, N/A, 29.08, 0|5, 50, N/A, 28.60, 0|6, 48, N/A, 30.54, 0|
12:20:04 0, 65, N/A, 46.82, 0|1, 65, N/A, 205.12, 100|2, 45, N/A, 31.07, 0|3, 47, N/A, 28.34, 0|4, 48, N/A, 29.08, 0|5, 50, N/A, 28.62, 0|6, 48, N/A, 30.54, 0|
12:20:06 0, 66, N/A, 172.96, 100|1, 65, N/A, 53.23, 43|2, 45, N/A, 31.31, 0|3, 47, N/A, 28.34, 0|4, 48, N/A, 29.08, 0|5, 50, N/A, 28.60, 0|6, 48, N/A, 30.29, 0|
12:20:08 0, 65, N/A, 46.57, 0|1, 64, N/A, 207.30, 100|2, 45, N/A, 31.07, 0|3, 47, N/A, 28.58, 0|4, 48, N/A, 29.08, 0|5, 50, N/A, 28.60, 0|6, 48, N/A, 30.29, 0|
12:20:10 0, 68, N/A, 149.08, 100|1, 63, N/A, 51.50, 0|2, 44, N/A, 31.08, 0|3, 47, N/A, 28.58, 0|4, 47, N/A, 29.08, 0|5, 50, N/A, 28.35, 0|6, 47, N/A, 30.29, 0|
12:20:12 0, 67, N/A, 179.96, 100|1, 66, N/A, 184.22, 100|2, 44, N/A, 31.06, 0|3, 47, N/A, 28.34, 0|4, 48, N/A, 29.08, 0|5, 50, N/A, 28.60, 0|6, 47, N/A, 30.29, 0|
12:20:14 0, 67, N/A, 150.47, 100|1, 65, N/A, 164.69, 100|2, 44, N/A, 31.07, 0|3, 47, N/A, 28.34, 0|4, 47, N/A, 29.08, 0|5, 50, N/A, 28.60, 0|6, 47, N/A, 30.29, 0|
12:20:17 0, 65, N/A, 47.07, 0|1, 65, N/A, 177.12, 100|2, 44, N/A, 31.31, 0|3, 47, N/A, 28.09, 0|4, 47, N/A, 29.09, 0|5, 50, N/A, 28.37, 0|6, 47, N/A, 30.31, 0|
12:20:19 0, 66, N/A, 160.79, 100|1, 65, N/A, 53.97, 100|2, 44, N/A, 31.08, 0|3, 47, N/A, 28.34, 0|4, 47, N/A, 29.08, 0|5, 50, N/A, 28.37, 0|6, 47, N/A, 30.29, 0|
12:20:21 0, 65, N/A, 46.82, 0|1, 64, N/A, 173.20, 100|2, 44, N/A, 31.07, 0|3, 47, N/A, 28.09, 0|4, 47, N/A, 29.09, 0|5, 49, N/A, 28.35, 0|6, 47, N/A, 30.29, 0|
12:20:23 0, 68, N/A, 174.45, 100|1, 63, N/A, 51.75, 0|2, 44, N/A, 31.08, 0|3, 47, N/A, 28.09, 0|4, 47, N/A, 29.09, 0|5, 49, N/A, 28.35, 0|6, 47, N/A, 30.04, 0|
12:20:25 0, 67, N/A, 160.19, 100|1, 66, N/A, 194.17, 100|2, 44, N/A, 31.05, 0|3, 47, N/A, 28.09, 0|4, 47, N/A, 29.08, 0|5, 49, N/A, 28.35, 0|6, 47, N/A, 30.29, 0|
12:20:27 0, 66, N/A, 149.24, 26|1, 65, N/A, 156.35, 100|2, 44, N/A, 30.80, 0|3, 46, N/A, 28.34, 0|4, 47, N/A, 29.08, 0|5, 49, N/A, 28.35, 0|6, 47, N/A, 30.04, 0|
12:20:29 0, 67, N/A, 48.79, 100|1, 64, N/A, 186.84, 21|2, 44, N/A, 30.82, 0|3, 46, N/A, 28.35, 0|4, 47, N/A, 29.09, 0|5, 49, N/A, 28.37, 0|6, 46, N/A, 30.06, 0|
12:20:31 0, 65, N/A, 146.04, 0|1, 66, N/A, 195.91, 88|2, 44, N/A, 30.82, 0|3, 47, N/A, 28.09, 0|4, 47, N/A, 29.08, 0|5, 49, N/A, 28.35, 0|6, 46, N/A, 30.04, 0|
12:20:33 0, 68, N/A, 72.41, 100|1, 62, N/A, 148.59, 0|2, 44, N/A, 30.82, 0|3, 46, N/A, 28.11, 0|4, 47, N/A, 29.09, 0|5, 49, N/A, 28.37, 0|6, 46, N/A, 30.06, 0|
12:20:35 0, 68, N/A, 185.62, 100|1, 65, N/A, 54.21, 100|2, 44, N/A, 30.84, 0|3, 46, N/A, 28.09, 0|4, 47, N/A, 29.08, 0|5, 49, N/A, 28.35, 0|6, 46, N/A, 30.06, 0|
12:20:37 0, 64, N/A, 45.58, 0|1, 66, N/A, 182.67, 100|2, 44, N/A, 30.82, 0|3, 46, N/A, 28.09, 0|4, 47, N/A, 29.09, 0|5, 49, N/A, 28.35, 0|6, 46, N/A, 30.04, 0|
12:20:40 0, 67, N/A, 176.79, 100|1, 62, N/A, 50.76, 0|2, 44, N/A, 30.82, 0|3, 46, N/A, 28.09, 0|4, 46, N/A, 29.08, 0|5, 49, N/A, 28.37, 0|6, 46, N/A, 30.06, 0|
12:20:42 0, 64, N/A, 45.83, 0|1, 65, N/A, 171.96, 100|2, 43, N/A, 30.82, 0|3, 46, N/A, 28.09, 0|4, 46, N/A, 29.09, 0|5, 49, N/A, 28.35, 0|6, 46, N/A, 30.04, 0|
12:20:44 0, 66, N/A, 84.67, 43|1, 64, N/A, 174.91, 63|2, 43, N/A, 30.82, 0|3, 46, N/A, 28.09, 0|4, 46, N/A, 29.09, 0|5, 49, N/A, 28.35, 0|6, 46, N/A, 30.04, 0|
12:20:46 0, 65, N/A, 52.24, 36|1, 65, N/A, 201.93, 54|2, 43, N/A, 30.82, 0|3, 46, N/A, 28.09, 0|4, 46, N/A, 29.09, 0|5, 49, N/A, 28.35, 0|6, 46, N/A, 29.80, 0|
12:20:48 0, 65, N/A, 47.56, 46|1, 65, N/A, 208.30, 58|2, 43, N/A, 30.82, 0|3, 46, N/A, 28.09, 0|4, 46, N/A, 29.09, 0|5, 49, N/A, 28.37, 0|6, 46, N/A, 30.04, 0|
12:20:50 0, 65, N/A, 149.26, 41|1, 65, N/A, 87.39, 63|2, 43, N/A, 30.82, 0|3, 46, N/A, 28.09, 0|4, 46, N/A, 29.09, 0|5, 49, N/A, 28.35, 0|6, 45, N/A, 29.80, 0|
12:20:52 0, 65, N/A, 185.88, 36|1, 65, N/A, 57.17, 53|2, 43, N/A, 30.82, 0|3, 46, N/A, 28.09, 0|4, 46, N/A, 29.08, 0|5, 48, N/A, 28.35, 0|6, 46, N/A, 29.80, 0|
12:20:54 0, 66, N/A, 104.31, 41|1, 65, N/A, 160.03, 51|2, 43, N/A, 30.82, 0|3, 46, N/A, 28.09, 0|4, 46, N/A, 29.09, 0|5, 49, N/A, 28.11, 0|6, 45, N/A, 29.80, 0|
12:20:56 0, 65, N/A, 52.73, 48|1, 65, N/A, 202.27, 63|2, 43, N/A, 30.82, 0|3, 46, N/A, 28.09, 0|4, 46, N/A, 28.83, 0|5, 48, N/A, 28.35, 0|6, 45, N/A, 29.80, 0|
12:20:58 0, 64, N/A, 47.80, 36|1, 65, N/A, 216.88, 62|2, 43, N/A, 30.82, 0|3, 46, N/A, 28.09, 0|4, 46, N/A, 29.09, 0|5, 48, N/A, 28.35, 0|6, 45, N/A, 29.81, 0|
12:21:00 0, 64, N/A, 46.57, 36|1, 66, N/A, 174.78, 52|2, 43, N/A, 30.57, 0|3, 46, N/A, 28.09, 0|4, 46, N/A, 29.09, 0|5, 48, N/A, 28.11, 0|6, 45, N/A, 29.80, 0|
12:21:03 0, 64, N/A, 154.31, 48|1, 65, N/A, 82.21, 63|2, 43, N/A, 30.57, 0|3, 46, N/A, 28.09, 0|4, 46, N/A, 29.08, 0|5, 48, N/A, 28.35, 0|6, 45, N/A, 29.80, 0|
12:21:05 0, 65, N/A, 189.05, 36|1, 65, N/A, 55.44, 58|2, 43, N/A, 30.84, 0|3, 46, N/A, 28.11, 0|4, 46, N/A, 29.09, 0|5, 48, N/A, 28.13, 0|6, 45, N/A, 29.82, 0|
12:21:07 0, 65, N/A, 78.27, 40|1, 65, N/A, 182.04, 51|2, 43, N/A, 30.57, 0|3, 46, N/A, 28.11, 0|4, 46, N/A, 29.09, 0|5, 48, N/A, 28.13, 0|6, 45, N/A, 29.57, 0|
12:21:09 0, 65, N/A, 54.21, 48|1, 65, N/A, 200.07, 63|2, 43, N/A, 30.82, 0|3, 45, N/A, 27.84, 0|4, 46, N/A, 28.85, 0|5, 48, N/A, 28.12, 0|6, 45, N/A, 29.81, 0|
12:21:11 0, 64, N/A, 48.54, 36|1, 66, N/A, 208.65, 63|2, 43, N/A, 30.57, 0|3, 46, N/A, 28.09, 0|4, 46, N/A, 28.85, 0|5, 48, N/A, 28.11, 0|6, 45, N/A, 29.81, 0|
12:21:13 0, 64, N/A, 46.57, 39|1, 66, N/A, 172.08, 52|2, 43, N/A, 30.57, 0|3, 46, N/A, 27.84, 0|4, 46, N/A, 28.85, 0|5, 48, N/A, 28.13, 0|6, 45, N/A, 29.55, 0|
12:21:15 0, 64, N/A, 165.11, 47|1, 66, N/A, 74.62, 63|2, 43, N/A, 30.57, 0|3, 45, N/A, 28.09, 0|4, 46, N/A, 28.83, 0|5, 48, N/A, 28.11, 0|6, 45, N/A, 29.80, 0|
12:21:17 0, 65, N/A, 191.86, 36|1, 66, N/A, 56.18, 54|2, 43, N/A, 30.59, 0|3, 45, N/A, 28.09, 0|4, 46, N/A, 28.83, 0|5, 48, N/A, 28.11, 0|6, 45, N/A, 29.55, 0|
12:21:19 0, 65, N/A, 87.38, 40|1, 65, N/A, 171.84, 52|2, 43, N/A, 30.59, 0|3, 45, N/A, 27.86, 0|4, 46, N/A, 28.85, 0|5, 48, N/A, 28.13, 0|6, 45, N/A, 29.82, 0|
12:21:21 0, 64, N/A, 53.48, 48|1, 66, N/A, 201.78, 63|2, 43, N/A, 30.57, 0|3, 46, N/A, 27.84, 0|4, 46, N/A, 28.85, 0|5, 48, N/A, 28.12, 0|6, 45, N/A, 29.57, 0|
12:21:23 0, 64, N/A, 48.54, 36|1, 66, N/A, 205.73, 54|2, 43, N/A, 30.57, 0|3, 45, N/A, 27.84, 0|4, 45, N/A, 28.85, 0|5, 48, N/A, 28.11, 0|6, 45, N/A, 29.57, 0|
12:21:25 0, 64, N/A, 46.82, 43|1, 66, N/A, 210.02, 62|2, 43, N/A, 30.57, 0|3, 45, N/A, 28.09, 0|4, 46, N/A, 28.85, 0|5, 48, N/A, 28.11, 0|6, 44, N/A, 29.55, 0|
12:21:28 0, 63, N/A, 78.27, 38|1, 66, N/A, 143.18, 63|2, 43, N/A, 30.57, 0|3, 45, N/A, 28.09, 0|4, 45, N/A, 28.83, 0|5, 48, N/A, 28.11, 0|6, 44, N/A, 29.80, 0|
12:21:30 0, 64, N/A, 166.85, 36|1, 66, N/A, 73.39, 52|2, 43, N/A, 30.57, 0|3, 45, N/A, 27.84, 0|4, 45, N/A, 28.85, 0|5, 48, N/A, 28.11, 0|6, 44, N/A, 29.55, 0|
12:21:32 0, 63, N/A, 182.04, 48|1, 66, N/A, 60.13, 60|2, 42, N/A, 30.57, 0|3, 45, N/A, 27.84, 0|4, 45, N/A, 28.85, 0|5, 48, N/A, 28.11, 0|6, 44, N/A, 29.80, 0|
12:21:34 0, 65, N/A, 185.62, 100|1, 62, N/A, 50.79, 0|2, 42, N/A, 30.59, 0|3, 45, N/A, 27.84, 0|4, 45, N/A, 28.85, 0|5, 48, N/A, 28.11, 0|6, 44, N/A, 29.57, 0|
12:21:36 0, 65, N/A, 175.39, 100|1, 65, N/A, 174.57, 100|2, 42, N/A, 30.57, 0|3, 45, N/A, 27.84, 0|4, 45, N/A, 28.83, 0|5, 48, N/A, 28.11, 0|6, 44, N/A, 29.55, 0|
12:21:38 0, 63, N/A, 45.83, 0|1, 65, N/A, 171.25, 100|2, 42, N/A, 30.57, 0|3, 45, N/A, 27.84, 0|4, 45, N/A, 28.83, 0|5, 48, N/A, 28.11, 0|6, 44, N/A, 29.57, 0|
12:21:40 0, 66, N/A, 179.34, 100|1, 64, N/A, 51.99, 0|2, 42, N/A, 30.59, 0|3, 45, N/A, 27.84, 0|4, 45, N/A, 28.83, 0|5, 48, N/A, 28.11, 0|6, 44, N/A, 29.55, 0|
12:21:42 0, 66, N/A, 148.74, 100|1, 66, N/A, 177.51, 100|2, 42, N/A, 30.57, 0|3, 45, N/A, 27.84, 0|4, 45, N/A, 28.83, 0|5, 48, N/A, 28.11, 0|6, 44, N/A, 29.30, 0|
12:21:44 0, 63, N/A, 45.34, 0|1, 66, N/A, 190.26, 100|2, 42, N/A, 30.57, 0|3, 45, N/A, 27.84, 0|4, 45, N/A, 28.85, 0|5, 47, N/A, 28.11, 0|6, 44, N/A, 29.30, 0|
12:21:46 0, 65, N/A, 175.91, 100|1, 64, N/A, 52.49, 0|2, 42, N/A, 30.59, 0|3, 45, N/A, 27.84, 0|4, 45, N/A, 28.85, 0|5, 47, N/A, 28.13, 0|6, 44, N/A, 29.57, 0|
12:21:48 0, 63, N/A, 45.58, 0|1, 65, N/A, 200.70, 100|2, 42, N/A, 30.57, 0|3, 45, N/A, 27.84, 0|4, 45, N/A, 28.85, 0|5, 47, N/A, 28.11, 0|6, 44, N/A, 29.30, 0|
12:21:51 0, 67, N/A, 150.81, 100|1, 63, N/A, 51.53, 0|2, 42, N/A, 30.59, 0|3, 45, N/A, 27.86, 0|4, 45, N/A, 28.85, 0|5, 47, N/A, 28.13, 0|6, 44, N/A, 29.32, 0|
12:21:53 0, 66, N/A, 182.41, 100|1, 66, N/A, 160.76, 100|2, 42, N/A, 30.57, 0|3, 45, N/A, 27.84, 0|4, 45, N/A, 28.83, 0|5, 47, N/A, 28.11, 0|6, 44, N/A, 29.55, 0|
12:21:55 0, 65, N/A, 172.62, 25|1, 66, N/A, 188.94, 100|2, 42, N/A, 30.57, 0|3, 45, N/A, 28.09, 0|4, 45, N/A, 28.83, 0|5, 47, N/A, 28.11, 0|6, 44, N/A, 29.30, 0|
12:21:57 0, 67, N/A, 172.71, 100|1, 63, N/A, 51.26, 0|2, 42, N/A, 30.57, 0|3, 45, N/A, 28.09, 0|4, 45, N/A, 28.85, 0|5, 47, N/A, 28.12, 0|6, 44, N/A, 29.31, 0|
12:21:59 0, 63, N/A, 45.09, 0|1, 67, N/A, 196.90, 100|2, 42, N/A, 30.57, 0|3, 45, N/A, 28.09, 0|4, 45, N/A, 28.85, 0|5, 47, N/A, 28.11, 0|6, 44, N/A, 29.30, 0|
12:22:01 0, 67, N/A, 177.40, 100|1, 62, N/A, 50.79, 0|2, 42, N/A, 30.59, 0|3, 45, N/A, 28.34, 0|4, 45, N/A, 28.85, 0|5, 47, N/A, 28.13, 0|6, 44, N/A, 29.32, 0|
12:22:03 0, 67, N/A, 171.71, 100|1, 66, N/A, 197.14, 100|2, 42, N/A, 30.57, 0|3, 45, N/A, 28.34, 0|4, 45, N/A, 28.83, 0|5, 47, N/A, 28.11, 0|6, 44, N/A, 29.30, 0|
12:22:05 0, 64, N/A, 120.67, 0|1, 65, N/A, 156.10, 100|2, 42, N/A, 30.57, 0|3, 45, N/A, 28.34, 0|4, 45, N/A, 28.83, 0|5, 47, N/A, 28.11, 0|6, 44, N/A, 29.55, 0|
12:22:07 0, 67, N/A, 170.76, 100|1, 63, N/A, 51.26, 0|2, 42, N/A, 30.59, 0|3, 45, N/A, 28.34, 0|4, 45, N/A, 28.83, 0|5, 47, N/A, 27.86, 0|6, 44, N/A, 29.31, 0|
12:22:09 0, 67, N/A, 161.42, 100|1, 66, N/A, 167.29, 100|2, 42, N/A, 30.32, 0|3, 45, N/A, 28.09, 0|4, 45, N/A, 28.83, 0|5, 47, N/A, 28.11, 0|6, 44, N/A, 29.55, 0|
12:22:11 0, 64, N/A, 45.83, 0|1, 66, N/A, 186.58, 100|2, 42, N/A, 30.33, 0|3, 45, N/A, 28.09, 0|4, 45, N/A, 28.84, 0|5, 47, N/A, 28.11, 0|6, 44, N/A, 29.30, 0|
12:22:14 0, 66, N/A, 175.17, 100|1, 64, N/A, 52.24, 0|2, 42, N/A, 30.57, 0|3, 45, N/A, 28.09, 0|4, 45, N/A, 28.83, 0|5, 47, N/A, 28.11, 0|6, 44, N/A, 29.30, 0|
12:22:16 0, 64, N/A, 46.08, 0|1, 65, N/A, 155.87, 100|2, 42, N/A, 30.33, 0|3, 45, N/A, 28.11, 0|4, 45, N/A, 28.85, 0|5, 47, N/A, 27.88, 0|6, 44, N/A, 29.32, 0|
12:22:18 0, 67, N/A, 176.89, 100|1, 64, N/A, 51.78, 0|2, 42, N/A, 30.59, 0|3, 45, N/A, 28.09, 0|4, 45, N/A, 28.85, 0|5, 47, N/A, 27.86, 0|6, 44, N/A, 29.32, 0|
12:22:20 0, 67, N/A, 153.41, 100|1, 66, N/A, 159.54, 100|2, 42, N/A, 30.33, 0|3, 45, N/A, 28.09, 0|4, 45, N/A, 28.83, 0|5, 47, N/A, 28.11, 0|6, 44, N/A, 29.30, 0|
12:22:22 0, 65, N/A, 46.33, 0|1, 65, N/A, 166.83, 100|2, 42, N/A, 30.33, 0|3, 45, N/A, 28.09, 0|4, 45, N/A, 28.85, 0|5, 47, N/A, 28.12, 0|6, 44, N/A, 29.30, 0|
12:22:24 0, 68, N/A, 183.76, 100|1, 64, N/A, 51.99, 0|2, 42, N/A, 30.33, 0|3, 45, N/A, 27.84, 0|4, 45, N/A, 28.83, 0|5, 47, N/A, 27.86, 0|6, 44, N/A, 29.31, 0|
12:22:26 0, 64, N/A, 45.34, 0|1, 66, N/A, 162.00, 100|2, 42, N/A, 30.33, 0|3, 45, N/A, 27.84, 0|4, 45, N/A, 28.85, 0|5, 47, N/A, 27.86, 0|6, 44, N/A, 29.30, 0|
12:22:28 0, 67, N/A, 154.41, 100|1, 63, N/A, 51.04, 0|2, 42, N/A, 30.34, 0|3, 45, N/A, 28.09, 0|4, 45, N/A, 28.85, 0|5, 47, N/A, 27.86, 0|6, 43, N/A, 29.31, 0|
12:22:30 0, 66, N/A, 157.83, 100|1, 66, N/A, 179.82, 100|2, 42, N/A, 30.32, 0|3, 45, N/A, 28.09, 0|4, 45, N/A, 28.83, 0|5, 47, N/A, 27.86, 0|6, 44, N/A, 29.55, 0|
12:22:32 0, 66, N/A, 47.56, 1|1, 64, N/A, 173.47, 60|2, 42, N/A, 30.33, 0|3, 45, N/A, 28.11, 0|4, 45, N/A, 28.85, 0|5, 47, N/A, 28.12, 0|6, 43, N/A, 29.32, 0|
12:22:34 0, 68, N/A, 160.05, 100|1, 65, N/A, 54.71, 100|2, 42, N/A, 30.34, 0|3, 45, N/A, 28.09, 0|4, 45, N/A, 28.83, 0|5, 47, N/A, 27.86, 0|6, 43, N/A, 29.55, 0|
12:22:36 0, 67, N/A, 150.96, 100|1, 66, N/A, 162.63, 100|2, 42, N/A, 30.33, 0|3, 45, N/A, 27.84, 0|4, 45, N/A, 28.58, 0|5, 47, N/A, 27.86, 0|6, 43, N/A, 29.55, 0|
12:22:39 0, 67, N/A, 48.05, 87|1, 64, N/A, 172.72, 0|2, 42, N/A, 30.33, 0|3, 45, N/A, 28.09, 0|4, 45, N/A, 28.85, 0|5, 47, N/A, 27.88, 0|6, 43, N/A, 29.32, 0|
12:22:41 0, 64, N/A, 45.59, 0|1, 67, N/A, 89.85, 100|2, 42, N/A, 30.33, 0|3, 44, N/A, 28.11, 0|4, 45, N/A, 28.60, 0|5, 47, N/A, 27.88, 0|6, 44, N/A, 29.57, 0|
12:22:43 0, 68, N/A, 188.07, 100|1, 62, N/A, 50.76, 0|2, 42, N/A, 30.34, 0|3, 45, N/A, 27.84, 0|4, 45, N/A, 28.83, 0|5, 47, N/A, 27.86, 0|6, 43, N/A, 29.31, 0|
12:22:45 0, 68, N/A, 146.12, 100|1, 66, N/A, 163.71, 100|2, 42, N/A, 30.33, 0|3, 44, N/A, 28.09, 0|4, 45, N/A, 28.83, 0|5, 47, N/A, 28.11, 0|6, 43, N/A, 29.30, 0|
12:22:47 0, 65, N/A, 46.57, 0|1, 65, N/A, 194.43, 100|2, 42, N/A, 30.33, 0|3, 44, N/A, 28.09, 0|4, 45, N/A, 28.60, 0|5, 47, N/A, 27.86, 0|6, 43, N/A, 29.32, 0|
12:22:49 0, 68, N/A, 151.78, 100|1, 64, N/A, 52.27, 0|2, 42, N/A, 30.35, 0|3, 44, N/A, 28.11, 0|4, 45, N/A, 28.85, 0|5, 47, N/A, 27.86, 0|6, 43, N/A, 29.32, 0|
12:22:51 0, 67, N/A, 153.41, 100|1, 66, N/A, 175.63, 100|2, 42, N/A, 30.32, 0|3, 44, N/A, 28.09, 0|4, 45, N/A, 28.58, 0|5, 46, N/A, 27.86, 0|6, 43, N/A, 29.30, 0|
12:22:53 0, 66, N/A, 47.06, 0|1, 65, N/A, 176.88, 100|2, 42, N/A, 30.33, 0|3, 44, N/A, 27.84, 0|4, 45, N/A, 28.85, 0|5, 47, N/A, 27.88, 0|6, 43, N/A, 29.30, 0|
12:22:55 0, 65, N/A, 158.22, 27|1, 67, N/A, 197.84, 78|2, 42, N/A, 30.31, 0|3, 44, N/A, 27.84, 0|4, 44, N/A, 28.83, 0|5, 47, N/A, 27.86, 0|6, 43, N/A, 29.30, 0|
12:22:57 0, 68, N/A, 172.72, 100|1, 62, N/A, 50.76, 0|2, 42, N/A, 30.33, 0|3, 44, N/A, 28.09, 0|4, 45, N/A, 28.58, 0|5, 47, N/A, 27.86, 0|6, 43, N/A, 29.31, 0|
12:22:59 0, 68, N/A, 167.23, 100|1, 67, N/A, 184.73, 100|2, 42, N/A, 30.33, 0|3, 44, N/A, 27.84, 0|4, 45, N/A, 28.83, 0|5, 47, N/A, 27.86, 0|6, 43, N/A, 29.30, 0|
12:23:02 0, 65, N/A, 46.32, 0|1, 66, N/A, 196.90, 100|2, 42, N/A, 30.33, 0|3, 44, N/A, 27.84, 0|4, 44, N/A, 28.58, 0|5, 47, N/A, 27.86, 0|6, 43, N/A, 29.32, 0|
12:23:04 0, 68, N/A, 184.40, 100|1, 64, N/A, 52.02, 0|2, 42, N/A, 30.34, 0|3, 44, N/A, 27.84, 0|4, 45, N/A, 28.83, 0|5, 47, N/A, 27.86, 0|6, 43, N/A, 29.31, 0|
12:23:06 0, 68, N/A, 181.92, 100|1, 66, N/A, 202.14, 100|2, 42, N/A, 30.31, 0|3, 44, N/A, 27.84, 0|4, 45, N/A, 28.58, 0|5, 47, N/A, 27.86, 0|6, 43, N/A, 29.30, 0|
12:23:08 0, 66, N/A, 47.06, 0|1, 65, N/A, 186.11, 100|2, 42, N/A, 30.31, 0|3, 44, N/A, 27.84, 0|4, 45, N/A, 28.83, 0|5, 47, N/A, 27.86, 0|6, 43, N/A, 29.30, 0|
12:23:10 0, 65, N/A, 184.13, 0|1, 67, N/A, 162.88, 100|2, 42, N/A, 30.32, 0|3, 44, N/A, 27.84, 0|4, 45, N/A, 28.83, 0|5, 47, N/A, 27.86, 0|6, 43, N/A, 29.30, 0|
12:23:12 0, 68, N/A, 157.84, 100|1, 62, N/A, 50.52, 0|2, 42, N/A, 30.33, 0|3, 44, N/A, 27.84, 0|4, 45, N/A, 28.58, 0|5, 47, N/A, 27.86, 0|6, 43, N/A, 29.31, 0|
12:23:14 0, 68, N/A, 160.78, 100|1, 66, N/A, 186.09, 100|2, 42, N/A, 30.32, 0|3, 44, N/A, 27.84, 0|4, 45, N/A, 28.83, 0|5, 46, N/A, 27.86, 0|6, 43, N/A, 29.30, 0|
12:23:16 0, 65, N/A, 46.58, 0|1, 65, N/A, 198.10, 100|2, 42, N/A, 30.33, 0|3, 44, N/A, 28.09, 0|4, 45, N/A, 28.60, 0|5, 47, N/A, 27.86, 0|6, 43, N/A, 29.31, 0|
12:23:18 0, 69, N/A, 180.56, 100|1, 64, N/A, 52.49, 0|2, 42, N/A, 30.35, 0|3, 44, N/A, 27.84, 0|4, 45, N/A, 28.60, 0|5, 47, N/A, 27.86, 0|6, 43, N/A, 29.32, 0|
12:23:20 0, 68, N/A, 151.94, 100|1, 66, N/A, 155.87, 100|2, 42, N/A, 30.57, 0|3, 44, N/A, 27.84, 0|4, 45, N/A, 28.58, 0|5, 47, N/A, 27.86, 0|6, 43, N/A, 29.30, 0|
12:23:22 0, 67, N/A, 47.56, 19|1, 65, N/A, 172.21, 100|2, 42, N/A, 30.33, 0|3, 44, N/A, 27.84, 0|4, 45, N/A, 28.85, 0|5, 47, N/A, 27.86, 0|6, 43, N/A, 29.30, 0|
12:23:25 0, 64, N/A, 45.61, 0|1, 66, N/A, 110.40, 100|2, 41, N/A, 30.33, 0|3, 44, N/A, 27.86, 0|4, 45, N/A, 28.60, 0|5, 46, N/A, 27.88, 0|6, 43, N/A, 29.08, 0|
12:23:27 0, 65, N/A, 46.82, 0|1, 66, N/A, 167.17, 100|2, 42, N/A, 30.33, 0|3, 44, N/A, 27.84, 0|4, 44, N/A, 28.60, 0|5, 46, N/A, 27.86, 0|6, 43, N/A, 29.30, 0|
12:23:29 0, 68, N/A, 192.97, 100|1, 63, N/A, 51.04, 2|2, 42, N/A, 30.33, 0|3, 44, N/A, 27.84, 0|4, 44, N/A, 28.60, 0|5, 46, N/A, 27.88, 0|6, 43, N/A, 29.31, 0|
12:23:31 0, 65, N/A, 46.82, 0|1, 65, N/A, 202.91, 100|2, 42, N/A, 30.33, 0|3, 44, N/A, 27.84, 0|4, 45, N/A, 28.60, 0|5, 47, N/A, 27.88, 0|6, 43, N/A, 29.32, 0|
12:23:33 0, 65, N/A, 47.81, 39|1, 66, N/A, 213.69, 62|2, 42, N/A, 30.33, 0|3, 44, N/A, 27.86, 0|4, 45, N/A, 28.60, 0|5, 46, N/A, 27.88, 0|6, 43, N/A, 29.08, 0|
12:23:35 0, 65, N/A, 142.21, 45|1, 65, N/A, 94.27, 60|2, 42, N/A, 30.33, 0|3, 44, N/A, 28.09, 0|4, 45, N/A, 28.60, 0|5, 46, N/A, 27.88, 0|6, 43, N/A, 29.32, 0|
12:23:37 0, 65, N/A, 188.56, 39|1, 65, N/A, 57.90, 60|2, 42, N/A, 30.33, 0|3, 44, N/A, 27.84, 0|4, 44, N/A, 28.58, 0|5, 46, N/A, 27.86, 0|6, 43, N/A, 29.06, 0|
12:23:39 0, 66, N/A, 118.76, 39|1, 65, N/A, 147.36, 55|2, 42, N/A, 30.33, 0|3, 44, N/A, 27.84, 0|4, 44, N/A, 28.60, 0|5, 46, N/A, 27.88, 0|6, 43, N/A, 29.06, 0|
12:23:41 0, 65, N/A, 50.27, 44|1, 66, N/A, 207.91, 58|2, 42, N/A, 30.33, 0|3, 44, N/A, 28.11, 0|4, 44, N/A, 28.85, 0|5, 46, N/A, 27.88, 0|6, 43, N/A, 29.32, 0|
12:23:43 0, 65, N/A, 47.32, 45|1, 66, N/A, 206.81, 60|2, 42, N/A, 30.33, 0|3, 44, N/A, 28.09, 0|4, 45, N/A, 28.58, 0|5, 46, N/A, 27.86, 0|6, 43, N/A, 29.08, 0|
12:23:45 0, 65, N/A, 185.86, 39|1, 66, N/A, 59.88, 60|2, 42, N/A, 30.33, 0|3, 44, N/A, 28.09, 0|4, 45, N/A, 28.58, 0|5, 46, N/A, 27.61, 0|6, 43, N/A, 29.30, 0|
12:23:47 0, 66, N/A, 102.59, 39|1, 65, N/A, 162.26, 55|2, 42, N/A, 30.33, 0|3, 44, N/A, 28.09, 0|4, 44, N/A, 28.60, 0|5, 46, N/A, 27.88, 0|6, 43, N/A, 29.08, 0|
12:23:50 0, 65, N/A, 52.24, 44|1, 66, N/A, 202.42, 60|2, 41, N/A, 30.33, 0|3, 44, N/A, 28.11, 0|4, 45, N/A, 28.60, 0|5, 47, N/A, 27.88, 0|6, 43, N/A, 29.08, 0|
12:23:52 0, 65, N/A, 47.56, 43|1, 66, N/A, 210.61, 60|2, 42, N/A, 30.33, 0|3, 44, N/A, 27.86, 0|4, 44, N/A, 28.60, 0|5, 46, N/A, 27.88, 0|6, 43, N/A, 29.08, 0|
12:23:54 0, 64, N/A, 161.43, 39|1, 66, N/A, 79.50, 55|2, 42, N/A, 30.33, 0|3, 44, N/A, 28.09, 0|4, 44, N/A, 28.58, 0|5, 46, N/A, 27.86, 0|6, 43, N/A, 29.06, 0|
12:23:56 0, 65, N/A, 195.18, 39|1, 65, N/A, 55.94, 55|2, 41, N/A, 30.33, 0|3, 44, N/A, 28.09, 0|4, 44, N/A, 28.60, 0|5, 46, N/A, 27.86, 0|6, 43, N/A, 29.06, 0|
12:23:58 0, 65, N/A, 86.89, 44|1, 65, N/A, 175.17, 60|2, 42, N/A, 30.33, 0|3, 44, N/A, 28.11, 0|4, 44, N/A, 28.60, 0|5, 46, N/A, 27.88, 0|6, 43, N/A, 29.08, 0|
12:24:00 0, 65, N/A, 49.56, 39|1, 66, N/A, 204.64, 60|2, 42, N/A, 30.33, 0|3, 44, N/A, 27.86, 0|4, 44, N/A, 28.60, 0|5, 46, N/A, 27.63, 0|6, 43, N/A, 29.08, 0|
12:24:02 0, 64, N/A, 47.31, 39|1, 66, N/A, 210.51, 55|2, 41, N/A, 30.33, 0|3, 44, N/A, 28.09, 0|4, 44, N/A, 28.60, 0|5, 46, N/A, 27.88, 0|6, 43, N/A, 29.06, 0|
12:24:04 0, 64, N/A, 174.19, 44|1, 66, N/A, 70.18, 58|2, 42, N/A, 30.33, 0|3, 44, N/A, 28.09, 0|4, 45, N/A, 28.58, 0|5, 46, N/A, 27.86, 0|6, 43, N/A, 29.06, 0|
12:24:06 0, 65, N/A, 161.27, 44|1, 65, N/A, 115.80, 60|2, 42, N/A, 30.33, 0|3, 44, N/A, 27.86, 0|4, 44, N/A, 28.60, 0|5, 46, N/A, 27.88, 0|6, 43, N/A, 29.08, 0|
12:24:08 0, 65, N/A, 56.43, 39|1, 65, N/A, 198.35, 58|2, 42, N/A, 30.33, 0|3, 44, N/A, 28.09, 0|4, 44, N/A, 28.60, 0|5, 46, N/A, 27.61, 0|6, 43, N/A, 29.06, 0|
12:24:10 0, 64, N/A, 47.56, 39|1, 66, N/A, 213.20, 55|2, 42, N/A, 30.33, 0|3, 44, N/A, 28.09, 0|4, 45, N/A, 28.60, 0|5, 46, N/A, 27.63, 0|6, 43, N/A, 29.06, 0|
12:24:13 0, 64, N/A, 110.40, 45|1, 66, N/A, 117.29, 60|2, 41, N/A, 30.33, 0|3, 44, N/A, 27.84, 0|4, 44, N/A, 28.58, 0|5, 46, N/A, 27.86, 0|6, 43, N/A, 29.06, 0|
12:24:15 0, 65, N/A, 190.27, 39|1, 66, N/A, 58.65, 60|2, 42, N/A, 30.33, 0|3, 44, N/A, 28.09, 0|4, 44, N/A, 28.58, 0|5, 46, N/A, 27.86, 0|6, 43, N/A, 29.06, 0|
12:24:17 0, 65, N/A, 165.21, 39|1, 65, N/A, 125.82, 55|2, 41, N/A, 30.33, 0|3, 44, N/A, 28.09, 0|4, 44, N/A, 28.60, 0|5, 46, N/A, 27.88, 0|6, 43, N/A, 29.08, 0|
12:24:19 0, 65, N/A, 57.41, 44|1, 66, N/A, 198.10, 60|2, 41, N/A, 30.33, 0|3, 44, N/A, 28.09, 0|4, 44, N/A, 28.60, 0|5, 46, N/A, 27.88, 0|6, 43, N/A, 29.08, 0|
12:24:21 0, 64, N/A, 47.31, 44|1, 66, N/A, 210.51, 60|2, 41, N/A, 30.33, 0|3, 44, N/A, 28.11, 0|4, 44, N/A, 28.60, 0|5, 46, N/A, 27.88, 0|6, 43, N/A, 29.06, 0|
12:24:23 0, 64, N/A, 110.65, 39|1, 66, N/A, 116.79, 55|2, 42, N/A, 30.33, 0|3, 44, N/A, 27.84, 0|4, 44, N/A, 28.58, 0|5, 46, N/A, 27.88, 0|6, 43, N/A, 29.08, 0|
12:24:25 0, 63, N/A, 180.82, 42|1, 66, N/A, 63.29, 55|2, 42, N/A, 30.33, 0|3, 44, N/A, 27.84, 0|4, 44, N/A, 28.58, 0|5, 46, N/A, 27.86, 0|6, 43, N/A, 29.06, 0|
12:24:27 0, 66, N/A, 142.62, 100|1, 63, N/A, 50.76, 0|2, 41, N/A, 30.34, 0|3, 44, N/A, 27.84, 0|4, 44, N/A, 28.58, 0|5, 46, N/A, 27.86, 0|6, 43, N/A, 29.06, 0|
12:24:29 0, 63, N/A, 45.09, 0|1, 64, N/A, 191.24, 100|2, 42, N/A, 30.33, 0|3, 44, N/A, 27.84, 0|4, 44, N/A, 28.60, 0|5, 46, N/A, 27.88, 0|6, 43, N/A, 29.08, 0|
12:24:31 0, 67, N/A, 158.34, 100|1, 64, N/A, 52.24, 0|2, 41, N/A, 30.33, 0|3, 44, N/A, 28.09, 0|4, 44, N/A, 28.58, 0|5, 46, N/A, 27.86, 0|6, 43, N/A, 29.06, 0|
12:24:33 0, 66, N/A, 150.22, 100|1, 66, N/A, 163.22, 100|2, 41, N/A, 30.33, 0|3, 44, N/A, 27.84, 0|4, 44, N/A, 28.58, 0|5, 46, N/A, 27.86, 0|6, 43, N/A, 29.06, 0|
12:24:36 0, 65, N/A, 46.57, 0|1, 65, N/A, 187.42, 75|2, 41, N/A, 30.33, 0|3, 44, N/A, 27.84, 0|4, 44, N/A, 28.60, 0|5, 46, N/A, 27.86, 0|6, 43, N/A, 29.08, 0|
12:24:38 0, 66, N/A, 175.14, 100|1, 67, N/A, 187.09, 100|2, 41, N/A, 30.31, 0|3, 44, N/A, 27.84, 0|4, 44, N/A, 28.58, 0|5, 46, N/A, 27.86, 0|6, 43, N/A, 29.06, 0|
12:24:40 0, 63, N/A, 45.09, 0|1, 66, N/A, 174.16, 100|2, 42, N/A, 30.33, 0|3, 44, N/A, 27.84, 0|4, 44, N/A, 28.60, 0|5, 46, N/A, 27.86, 0|6, 43, N/A, 29.08, 0|
12:24:42 0, 66, N/A, 145.89, 100|1, 66, N/A, 53.72, 10|2, 41, N/A, 30.33, 0|3, 44, N/A, 27.84, 0|4, 44, N/A, 28.58, 0|5, 46, N/A, 27.86, 0|6, 43, N/A, 29.06, 0|
12:24:44 0, 65, N/A, 46.57, 1|1, 64, N/A, 180.31, 60|2, 41, N/A, 30.33, 0|3, 44, N/A, 27.84, 0|4, 44, N/A, 28.60, 0|5, 46, N/A, 27.61, 0|6, 43, N/A, 29.06, 0|
12:24:46 0, 67, N/A, 164.85, 100|1, 67, N/A, 197.99, 100|2, 41, N/A, 30.31, 0|3, 44, N/A, 28.09, 0|4, 44, N/A, 28.58, 0|5, 46, N/A, 27.86, 0|6, 43, N/A, 29.06, 0|
12:24:48 0, 64, N/A, 141.45, 14|1, 66, N/A, 157.33, 100|2, 41, N/A, 30.33, 0|3, 44, N/A, 27.84, 0|4, 44, N/A, 28.58, 0|5, 46, N/A, 27.86, 0|6, 43, N/A, 29.06, 0|
12:24:50 0, 67, N/A, 146.38, 100|1, 64, N/A, 51.78, 0|2, 41, N/A, 30.34, 0|3, 44, N/A, 27.84, 0|4, 44, N/A, 28.60, 0|5, 46, N/A, 27.88, 0|6, 43, N/A, 29.06, 0|
12:24:52 0, 67, N/A, 159.30, 100|1, 67, N/A, 198.48, 100|2, 42, N/A, 30.31, 0|3, 44, N/A, 27.84, 0|4, 44, N/A, 28.58, 0|5, 46, N/A, 27.86, 0|6, 43, N/A, 29.06, 0|
12:24:54 0, 65, N/A, 46.57, 0|1, 65, N/A, 198.73, 100|2, 41, N/A, 30.33, 0|3, 44, N/A, 27.84, 0|4, 44, N/A, 28.60, 0|5, 46, N/A, 27.88, 0|6, 43, N/A, 29.06, 0|
12:24:56 0, 63, N/A, 44.60, 0|1, 67, N/A, 60.87, 100|2, 42, N/A, 30.33, 0|3, 44, N/A, 27.84, 0|4, 44, N/A, 28.58, 0|5, 46, N/A, 27.86, 0|6, 43, N/A, 29.06, 0|
12:24:59 0, 67, N/A, 173.70, 100|1, 63, N/A, 51.01, 0|2, 41, N/A, 30.34, 0|3, 44, N/A, 27.84, 0|4, 44, N/A, 28.58, 0|5, 46, N/A, 27.86, 0|6, 43, N/A, 29.06, 0|
12:25:01 0, 67, N/A, 149.24, 100|1, 66, N/A, 161.41, 100|2, 41, N/A, 30.33, 0|3, 44, N/A, 27.84, 0|4, 44, N/A, 28.58, 0|5, 46, N/A, 27.86, 0|6, 43, N/A, 29.06, 0|
12:25:03 0, 66, N/A, 47.06, 60|1, 65, N/A, 195.91, 100|2, 41, N/A, 30.33, 0|3, 44, N/A, 27.84, 0|4, 44, N/A, 28.60, 0|5, 46, N/A, 27.86, 0|6, 43, N/A, 29.06, 0|
12:25:05 0, 67, N/A, 185.34, 100|1, 67, N/A, 169.75, 100|2, 41, N/A, 30.32, 0|3, 44, N/A, 27.84, 0|4, 44, N/A, 28.58, 0|5, 46, N/A, 27.86, 0|6, 43, N/A, 29.06, 0|
12:25:07 0, 64, N/A, 45.34, 0|1, 66, N/A, 171.49, 100|2, 41, N/A, 30.33, 0|3, 44, N/A, 27.84, 0|4, 44, N/A, 28.58, 0|5, 46, N/A, 27.61, 0|6, 43, N/A, 29.06, 0|
12:25:09 0, 68, N/A, 150.23, 100|1, 64, N/A, 52.24, 0|2, 41, N/A, 30.33, 0|3, 44, N/A, 27.84, 0|4, 44, N/A, 28.58, 0|5, 46, N/A, 27.86, 0|6, 43, N/A, 29.06, 0|
12:25:11 0, 64, N/A, 45.59, 0|1, 67, N/A, 169.77, 100|2, 41, N/A, 30.33, 0|3, 44, N/A, 27.84, 0|4, 44, N/A, 28.58, 0|5, 46, N/A, 27.86, 0|6, 43, N/A, 29.08, 0|
12:25:13 0, 67, N/A, 144.41, 100|1, 64, N/A, 52.24, 0|2, 41, N/A, 30.33, 0|3, 44, N/A, 28.09, 0|4, 44, N/A, 28.58, 0|5, 46, N/A, 27.86, 0|6, 43, N/A, 29.06, 0|
12:25:15 0, 65, N/A, 45.83, 0|1, 65, N/A, 170.27, 100|2, 41, N/A, 30.33, 0|3, 44, N/A, 28.09, 0|4, 44, N/A, 28.58, 0|5, 46, N/A, 27.86, 0|6, 43, N/A, 29.06, 0|
12:25:17 0, 68, N/A, 182.29, 100|1, 65, N/A, 53.47, 30|2, 41, N/A, 30.34, 0|3, 44, N/A, 27.84, 0|4, 44, N/A, 28.60, 0|5, 46, N/A, 27.63, 0|6, 43, N/A, 29.08, 0|
12:25:19 0, 67, N/A, 189.28, 100|1, 66, N/A, 195.41, 100|2, 41, N/A, 30.32, 0|3, 44, N/A, 27.84, 0|4, 44, N/A, 28.58, 0|5, 46, N/A, 27.61, 0|6, 43, N/A, 29.06, 0|
12:25:22 0, 68, N/A, 170.77, 100|1, 63, N/A, 51.53, 0|2, 41, N/A, 30.34, 0|3, 44, N/A, 28.09, 0|4, 44, N/A, 28.60, 0|5, 46, N/A, 27.86, 0|6, 43, N/A, 29.06, 0|
12:25:24 0, 68, N/A, 155.13, 100|1, 67, N/A, 168.28, 100|2, 41, N/A, 30.32, 0|3, 44, N/A, 28.09, 0|4, 44, N/A, 28.58, 0|5, 46, N/A, 27.86, 0|6, 43, N/A, 29.06, 0|
12:25:26 0, 66, N/A, 47.32, 0|1, 65, N/A, 190.52, 100|2, 41, N/A, 30.33, 0|3, 44, N/A, 28.11, 0|4, 44, N/A, 28.60, 0|5, 46, N/A, 27.88, 0|6, 43, N/A, 29.08, 0|
12:25:28 0, 63, N/A, 45.83, 0|1, 66, N/A, 128.76, 80|2, 41, N/A, 30.33, 0|3, 44, N/A, 28.09, 0|4, 44, N/A, 28.58, 0|5, 46, N/A, 27.86, 0|6, 43, N/A, 29.08, 0|
12:25:30 0, 68, N/A, 176.14, 100|1, 63, N/A, 51.01, 0|2, 41, N/A, 30.33, 0|3, 44, N/A, 28.09, 0|4, 44, N/A, 28.58, 0|5, 46, N/A, 27.86, 0|6, 43, N/A, 29.06, 0|
12:25:32 0, 67, N/A, 184.87, 100|1, 67, N/A, 192.94, 100|2, 41, N/A, 30.32, 0|3, 44, N/A, 27.84, 0|4, 44, N/A, 28.58, 0|5, 46, N/A, 27.86, 0|6, 43, N/A, 29.06, 0|
12:25:34 0, 68, N/A, 88.12, 100|1, 63, N/A, 134.67, 0|2, 41, N/A, 30.35, 0|3, 44, N/A, 28.11, 0|4, 44, N/A, 28.60, 0|5, 46, N/A, 27.88, 0|6, 43, N/A, 29.08, 0|
12:25:36 0, 68, N/A, 154.88, 100|1, 67, N/A, 199.22, 100|2, 41, N/A, 30.32, 0|3, 44, N/A, 27.84, 0|4, 44, N/A, 28.58, 0|5, 46, N/A, 27.86, 0|6, 43, N/A, 29.06, 0|
12:25:38 0, 65, N/A, 47.07, 0|1, 66, N/A, 171.00, 100|2, 41, N/A, 30.33, 0|3, 44, N/A, 27.84, 0|4, 44, N/A, 28.60, 0|5, 46, N/A, 27.86, 0|6, 43, N/A, 29.06, 0|
12:25:40 0, 69, N/A, 156.86, 100|1, 65, N/A, 53.97, 14|2, 41, N/A, 30.34, 0|3, 44, N/A, 27.84, 0|4, 44, N/A, 28.58, 0|5, 46, N/A, 27.62, 0|6, 42, N/A, 29.06, 0|
12:25:42 0, 65, N/A, 46.57, 0|1, 67, N/A, 196.05, 100|2, 41, N/A, 30.33, 0|3, 44, N/A, 27.84, 0|4, 44, N/A, 28.60, 0|5, 46, N/A, 27.88, 0|6, 42, N/A, 29.08, 0|
12:25:45 0, 67, N/A, 174.19, 100|1, 66, N/A, 54.46, 51|2, 41, N/A, 30.34, 0|3, 44, N/A, 28.09, 0|4, 44, N/A, 28.58, 0|5, 46, N/A, 27.86, 0|6, 43, N/A, 29.06, 0|
12:25:47 0, 67, N/A, 49.04, 79|1, 64, N/A, 201.05, 0|2, 41, N/A, 30.33, 0|3, 44, N/A, 27.84, 0|4, 44, N/A, 28.60, 0|5, 46, N/A, 27.88, 0|6, 43, N/A, 29.08, 0|
12:25:49 0, 68, N/A, 188.54, 100|1, 67, N/A, 178.33, 100|2, 41, N/A, 30.32, 0|3, 44, N/A, 27.84, 0|4, 44, N/A, 28.58, 0|5, 46, N/A, 27.86, 0|6, 43, N/A, 29.06, 0|
12:25:51 0, 65, N/A, 47.06, 0|1, 66, N/A, 161.02, 100|2, 41, N/A, 30.33, 0|3, 44, N/A, 27.84, 0|4, 44, N/A, 28.58, 0|5, 46, N/A, 27.86, 0|6, 43, N/A, 29.06, 0|
12:25:53 0, 68, N/A, 166.11, 100|1, 65, N/A, 53.72, 2|2, 41, N/A, 30.34, 0|3, 44, N/A, 27.84, 0|4, 44, N/A, 28.60, 0|5, 46, N/A, 27.86, 0|6, 43, N/A, 29.08, 0|
12:25:55 0, 67, N/A, 185.60, 99|1, 67, N/A, 186.32, 100|2, 41, N/A, 30.32, 0|3, 44, N/A, 27.84, 0|4, 44, N/A, 28.58, 0|5, 46, N/A, 27.86, 0|6, 43, N/A, 29.06, 0|
12:25:57 0, 69, N/A, 183.65, 100|1, 64, N/A, 51.75, 0|2, 41, N/A, 30.33, 0|3, 44, N/A, 27.84, 0|4, 44, N/A, 28.60, 0|5, 46, N/A, 27.88, 0|6, 43, N/A, 29.08, 0|
12:25:59 0, 65, N/A, 46.57, 0|1, 67, N/A, 196.88, 100|2, 41, N/A, 30.31, 0|3, 44, N/A, 27.84, 0|4, 44, N/A, 28.60, 0|5, 46, N/A, 27.61, 0|6, 43, N/A, 29.06, 0|
12:26:01 0, 68, N/A, 157.02, 100|1, 64, N/A, 52.49, 2|2, 41, N/A, 30.33, 0|3, 44, N/A, 27.84, 0|4, 44, N/A, 28.58, 0|5, 46, N/A, 27.86, 0|6, 42, N/A, 29.06, 0|
12:26:03 0, 66, N/A, 47.06, 0|1, 65, N/A, 196.16, 100|2, 41, N/A, 30.33, 0|3, 44, N/A, 27.84, 0|4, 44, N/A, 28.60, 0|5, 46, N/A, 27.61, 0|6, 42, N/A, 29.06, 0|
12:26:05 0, 69, N/A, 163.98, 100|1, 66, N/A, 55.94, 81|2, 41, N/A, 30.34, 0|3, 44, N/A, 27.86, 0|4, 44, N/A, 28.60, 0|5, 46, N/A, 27.88, 0|6, 43, N/A, 29.08, 0|
12:26:07 0, 65, N/A, 169.02, 8|1, 66, N/A, 179.47, 100|2, 41, N/A, 30.33, 0|3, 44, N/A, 28.09, 0|4, 44, N/A, 28.58, 0|5, 46, N/A, 27.61, 0|6, 42, N/A, 29.06, 0|
12:26:10 0, 69, N/A, 194.20, 100|1, 64, N/A, 52.27, 0|2, 41, N/A, 30.35, 0|3, 44, N/A, 27.84, 0|4, 44, N/A, 28.60, 0|5, 46, N/A, 27.63, 0|6, 42, N/A, 29.08, 0|
12:26:12 0, 68, N/A, 177.02, 100|1, 67, N/A, 199.71, 100|2, 41, N/A, 30.31, 0|3, 44, N/A, 27.84, 0|4, 44, N/A, 28.58, 0|5, 46, N/A, 27.86, 0|6, 42, N/A, 29.06, 0|
12:26:14 0, 70, N/A, 186.70, 100|1, 63, N/A, 51.53, 0|2, 41, N/A, 30.34, 0|3, 44, N/A, 27.84, 0|4, 44, N/A, 28.60, 0|5, 46, N/A, 27.62, 0|6, 42, N/A, 29.06, 0|
12:26:16 0, 64, N/A, 45.83, 0|1, 67, N/A, 192.11, 100|2, 41, N/A, 30.31, 0|3, 44, N/A, 27.84, 0|4, 44, N/A, 28.60, 0|5, 46, N/A, 27.86, 0|6, 42, N/A, 29.06, 0|
12:26:18 0, 68, N/A, 184.64, 100|1, 64, N/A, 52.02, 0|2, 41, N/A, 30.34, 0|3, 44, N/A, 28.09, 0|4, 44, N/A, 28.60, 0|5, 46, N/A, 27.63, 0|6, 43, N/A, 29.06, 0|
12:26:20 0, 65, N/A, 46.57, 0|1, 65, N/A, 198.60, 100|2, 41, N/A, 30.33, 0|3, 44, N/A, 28.09, 0|4, 44, N/A, 28.58, 0|5, 46, N/A, 27.61, 0|6, 42, N/A, 29.06, 0|
12:26:22 0, 69, N/A, 147.11, 100|1, 65, N/A, 53.47, 0|2, 41, N/A, 30.35, 0|3, 44, N/A, 27.84, 0|4, 44, N/A, 28.60, 0|5, 46, N/A, 27.88, 0|6, 43, N/A, 29.08, 0|
12:26:24 0, 67, N/A, 174.65, 94|1, 66, N/A, 198.37, 100|2, 41, N/A, 30.32, 0|3, 44, N/A, 27.84, 0|4, 44, N/A, 28.58, 0|5, 46, N/A, 27.61, 0|6, 42, N/A, 29.06, 0|
12:26:26 0, 70, N/A, 186.61, 100|1, 64, N/A, 51.99, 0|2, 41, N/A, 30.33, 0|3, 44, N/A, 27.84, 0|4, 44, N/A, 28.60, 0|5, 46, N/A, 27.62, 0|6, 42, N/A, 29.06, 0|
12:26:28 0, 69, N/A, 180.22, 100|1, 67, N/A, 171.71, 100|2, 41, N/A, 30.32, 0|3, 44, N/A, 27.84, 0|4, 44, N/A, 28.58, 0|5, 46, N/A, 27.86, 0|6, 43, N/A, 29.06, 0|
12:26:30 0, 69, N/A, 195.80, 100|1, 63, N/A, 51.50, 0|2, 41, N/A, 30.33, 0|3, 44, N/A, 28.09, 0|4, 44, N/A, 28.58, 0|5, 46, N/A, 27.86, 0|6, 43, N/A, 29.06, 0|
12:26:33 0, 64, N/A, 45.83, 0|1, 67, N/A, 192.22, 100|2, 41, N/A, 30.33, 0|3, 44, N/A, 28.11, 0|4, 44, N/A, 28.60, 0|5, 46, N/A, 27.88, 0|6, 42, N/A, 29.08, 0|
12:26:35 0, 68, N/A, 182.18, 100|1, 64, N/A, 52.02, 0|2, 41, N/A, 30.34, 0|3, 44, N/A, 28.09, 0|4, 44, N/A, 28.58, 0|5, 46, N/A, 27.86, 0|6, 43, N/A, 29.06, 0|
12:26:37 0, 65, N/A, 46.57, 0|1, 65, N/A, 190.26, 100|2, 41, N/A, 30.33, 0|3, 44, N/A, 27.84, 0|4, 44, N/A, 28.60, 0|5, 46, N/A, 27.86, 0|6, 42, N/A, 29.08, 0|
12:26:39 0, 69, N/A, 172.72, 100|1, 65, N/A, 53.97, 10|2, 41, N/A, 30.35, 0|3, 44, N/A, 28.11, 0|4, 44, N/A, 28.60, 0|5, 46, N/A, 27.63, 0|6, 42, N/A, 29.06, 0|
12:26:41 0, 66, N/A, 151.94, 51|1, 66, N/A, 156.10, 100|2, 41, N/A, 30.33, 0|3, 44, N/A, 27.84, 0|4, 44, N/A, 28.58, 0|5, 46, N/A, 27.86, 0|6, 42, N/A, 29.06, 0|
12:26:43 0, 69, N/A, 164.23, 100|1, 64, N/A, 52.49, 0|2, 41, N/A, 30.34, 0|3, 44, N/A, 28.09, 0|4, 44, N/A, 28.58, 0|5, 46, N/A, 27.86, 0|6, 42, N/A, 29.06, 0|
12:26:45 0, 68, N/A, 183.88, 100|1, 67, N/A, 197.50, 100|2, 41, N/A, 30.32, 0|3, 44, N/A, 28.09, 0|4, 44, N/A, 28.58, 0|5, 46, N/A, 27.86, 0|6, 43, N/A, 29.06, 0|
12:26:47 0, 69, N/A, 181.80, 100|1, 64, N/A, 51.50, 0|2, 41, N/A, 30.33, 0|3, 44, N/A, 27.84, 0|4, 44, N/A, 28.60, 0|5, 46, N/A, 27.88, 0|6, 42, N/A, 29.06, 0|
12:26:49 0, 65, N/A, 46.08, 0|1, 67, N/A, 200.46, 100|2, 41, N/A, 30.33, 0|3, 44, N/A, 28.09, 0|4, 44, N/A, 28.60, 0|5, 46, N/A, 27.86, 0|6, 42, N/A, 29.06, 0|
12:26:51 0, 68, N/A, 185.86, 100|1, 64, N/A, 52.98, 0|2, 41, N/A, 30.34, 0|3, 44, N/A, 27.84, 0|4, 44, N/A, 28.58, 0|5, 46, N/A, 27.86, 0|6, 42, N/A, 29.06, 0|
12:26:53 0, 66, N/A, 47.31, 0|1, 65, N/A, 177.61, 100|2, 41, N/A, 30.33, 0|3, 44, N/A, 28.09, 0|4, 44, N/A, 28.60, 0|5, 46, N/A, 27.88, 0|6, 42, N/A, 29.06, 0|
12:26:56 0, 69, N/A, 191.73, 100|1, 67, N/A, 198.24, 100|2, 41, N/A, 30.31, 0|3, 44, N/A, 27.84, 0|4, 44, N/A, 28.58, 0|5, 46, N/A, 27.86, 0|6, 43, N/A, 29.06, 0|
12:26:58 0, 66, N/A, 46.57, 0|1, 66, N/A, 183.15, 100|2, 41, N/A, 30.33, 0|3, 44, N/A, 27.84, 0|4, 44, N/A, 28.58, 0|5, 46, N/A, 27.88, 0|6, 43, N/A, 29.06, 0|
12:27:00 0, 69, N/A, 182.67, 100|1, 65, N/A, 53.72, 60|2, 41, N/A, 30.33, 0|3, 44, N/A, 28.09, 0|4, 44, N/A, 28.58, 0|5, 46, N/A, 27.86, 0|6, 42, N/A, 29.06, 0|
12:27:02 0, 67, N/A, 145.63, 68|1, 67, N/A, 175.39, 100|2, 41, N/A, 30.32, 0|3, 44, N/A, 28.09, 0|4, 44, N/A, 28.58, 0|5, 46, N/A, 27.61, 0|6, 42, N/A, 29.06, 0|
12:27:04 0, 69, N/A, 165.94, 100|1, 64, N/A, 52.49, 0|2, 41, N/A, 30.34, 0|3, 44, N/A, 27.84, 0|4, 44, N/A, 28.60, 0|5, 46, N/A, 27.63, 0|6, 42, N/A, 29.08, 0|
12:27:06 0, 65, N/A, 46.32, 0|1, 67, N/A, 199.82, 100|2, 41, N/A, 30.33, 0|3, 44, N/A, 28.09, 0|4, 44, N/A, 28.60, 0|5, 46, N/A, 27.88, 0|6, 42, N/A, 29.08, 0|
12:27:08 0, 68, N/A, 163.24, 100|1, 66, N/A, 54.46, 100|2, 41, N/A, 30.34, 0|3, 44, N/A, 28.09, 0|4, 44, N/A, 28.58, 0|5, 46, N/A, 27.86, 0|6, 42, N/A, 29.06, 0|
12:27:10 0, 69, N/A, 187.58, 100|1, 63, N/A, 50.76, 0|2, 41, N/A, 30.33, 0|3, 44, N/A, 28.09, 0|4, 44, N/A, 28.60, 0|5, 46, N/A, 27.86, 0|6, 42, N/A, 29.08, 0|
12:27:12 0, 69, N/A, 192.22, 100|1, 67, N/A, 194.79, 100|2, 41, N/A, 30.32, 0|3, 44, N/A, 27.84, 0|4, 44, N/A, 28.58, 0|5, 46, N/A, 27.86, 0|6, 42, N/A, 29.06, 0|
12:27:14 0, 67, N/A, 47.81, 29|1, 65, N/A, 183.51, 100|2, 41, N/A, 30.33, 0|3, 44, N/A, 27.86, 0|4, 44, N/A, 28.60, 0|5, 46, N/A, 27.88, 0|6, 42, N/A, 29.08, 0|
12:27:16 0, 69, N/A, 187.32, 100|1, 67, N/A, 196.39, 100|2, 41, N/A, 30.32, 0|3, 44, N/A, 28.09, 0|4, 44, N/A, 28.58, 0|5, 46, N/A, 27.86, 0|6, 42, N/A, 29.06, 0|
12:27:18 0, 66, N/A, 47.31, 0|1, 66, N/A, 197.88, 100|2, 41, N/A, 30.33, 0|3, 44, N/A, 27.84, 0|4, 44, N/A, 28.60, 0|5, 46, N/A, 27.88, 0|6, 42, N/A, 29.08, 0|
12:27:21 0, 69, N/A, 175.06, 100|1, 68, N/A, 200.44, 100|2, 41, N/A, 30.32, 0|3, 44, N/A, 27.84, 0|4, 44, N/A, 28.58, 0|5, 46, N/A, 27.86, 0|6, 42, N/A, 29.06, 0|
12:27:23 0, 66, N/A, 47.06, 0|1, 66, N/A, 189.39, 100|2, 41, N/A, 30.33, 0|3, 44, N/A, 27.84, 0|4, 44, N/A, 28.60, 0|5, 46, N/A, 27.86, 0|6, 43, N/A, 29.08, 0|
12:27:25 0, 64, N/A, 155.04, 0|1, 68, N/A, 190.98, 77|2, 41, N/A, 30.31, 0|3, 44, N/A, 28.09, 0|4, 44, N/A, 28.58, 0|5, 46, N/A, 27.86, 0|6, 42, N/A, 29.06, 0|
12:27:27 0, 69, N/A, 159.79, 100|1, 63, N/A, 52.49, 0|2, 41, N/A, 30.33, 0|3, 44, N/A, 28.09, 0|4, 44, N/A, 28.58, 0|5, 46, N/A, 27.86, 0|6, 42, N/A, 29.06, 0|
12:27:29 0, 68, N/A, 185.36, 100|1, 67, N/A, 213.41, 100|2, 41, N/A, 30.32, 0|3, 44, N/A, 28.09, 0|4, 44, N/A, 28.58, 0|5, 46, N/A, 27.61, 0|6, 42, N/A, 29.06, 0|
12:27:31 0, 69, N/A, 186.70, 100|1, 64, N/A, 53.50, 0|2, 41, N/A, 30.34, 0|3, 44, N/A, 27.84, 0|4, 44, N/A, 28.58, 0|5, 46, N/A, 27.86, 0|6, 42, N/A, 29.06, 0|
12:27:33 0, 68, N/A, 192.11, 100|1, 67, N/A, 203.63, 100|2, 41, N/A, 30.32, 0|3, 44, N/A, 28.09, 0|4, 44, N/A, 28.58, 0|5, 46, N/A, 27.86, 0|6, 42, N/A, 29.06, 0|
12:27:35 0, 69, N/A, 157.11, 100|1, 64, N/A, 53.23, 0|2, 41, N/A, 30.34, 0|3, 44, N/A, 27.84, 0|4, 44, N/A, 28.60, 0|5, 46, N/A, 27.86, 0|6, 42, N/A, 29.06, 0|
12:27:37 0, 69, N/A, 174.06, 100|1, 67, N/A, 205.08, 100|2, 41, N/A, 30.31, 0|3, 44, N/A, 27.84, 0|4, 44, N/A, 28.58, 0|5, 46, N/A, 27.86, 0|6, 42, N/A, 29.06, 0|
12:27:39 0, 70, N/A, 155.63, 100|1, 64, N/A, 52.73, 0|2, 41, N/A, 30.34, 0|3, 44, N/A, 27.84, 0|4, 44, N/A, 28.60, 0|5, 46, N/A, 27.61, 0|6, 42, N/A, 29.06, 0|
12:27:41 0, 65, N/A, 46.08, 0|1, 68, N/A, 209.16, 100|2, 41, N/A, 30.31, 0|3, 44, N/A, 27.84, 0|4, 44, N/A, 28.60, 0|5, 46, N/A, 27.86, 0|6, 42, N/A, 29.06, 0|
12:27:44 0, 68, N/A, 147.61, 100|1, 65, N/A, 54.21, 0|2, 41, N/A, 30.34, 0|3, 44, N/A, 27.84, 0|4, 44, N/A, 28.60, 0|5, 46, N/A, 27.88, 0|6, 42, N/A, 29.06, 0|
12:27:46 0, 67, N/A, 47.56, 0|1, 65, N/A, 175.81, 100|2, 41, N/A, 30.33, 0|3, 44, N/A, 27.84, 0|4, 44, N/A, 28.58, 0|5, 46, N/A, 27.86, 0|6, 42, N/A, 29.06, 0|
12:27:48 0, 69, N/A, 178.25, 100|1, 68, N/A, 207.78, 100|2, 41, N/A, 30.08, 0|3, 44, N/A, 27.84, 0|4, 44, N/A, 28.58, 0|5, 46, N/A, 27.61, 0|6, 42, N/A, 29.06, 0|
12:27:50 0, 66, N/A, 47.06, 0|1, 67, N/A, 205.36, 100|2, 41, N/A, 30.33, 0|3, 44, N/A, 28.09, 0|4, 44, N/A, 28.60, 0|5, 46, N/A, 27.88, 0|6, 42, N/A, 29.08, 0|
12:27:52 0, 69, N/A, 196.03, 100|1, 68, N/A, 205.59, 100|2, 41, N/A, 30.32, 0|3, 44, N/A, 28.09, 0|4, 44, N/A, 28.58, 0|5, 46, N/A, 27.86, 0|6, 42, N/A, 29.06, 0|
12:27:54 0, 66, N/A, 46.82, 0|1, 66, N/A, 208.55, 100|2, 41, N/A, 30.33, 0|3, 44, N/A, 27.84, 0|4, 44, N/A, 28.58, 0|5, 46, N/A, 27.86, 0|6, 42, N/A, 29.06, 0|
12:27:56 0, 70, N/A, 183.16, 100|1, 68, N/A, 60.87, 79|2, 41, N/A, 30.33, 0|3, 44, N/A, 28.09, 0|4, 44, N/A, 28.58, 0|5, 46, N/A, 27.86, 0|6, 42, N/A, 29.06, 0|
12:27:58 0, 66, N/A, 46.82, 0|1, 67, N/A, 206.34, 100|2, 41, N/A, 30.31, 0|3, 44, N/A, 27.84, 0|4, 44, N/A, 28.60, 0|5, 46, N/A, 27.86, 0|6, 42, N/A, 29.06, 0|
12:28:00 0, 64, N/A, 183.88, 0|1, 68, N/A, 218.33, 96|2, 41, N/A, 30.31, 0|3, 44, N/A, 27.84, 0|4, 44, N/A, 28.58, 0|5, 46, N/A, 27.61, 0|6, 42, N/A, 29.06, 0|
12:28:02 0, 69, N/A, 167.16, 100|1, 64, N/A, 52.73, 0|2, 41, N/A, 30.34, 0|3, 44, N/A, 27.84, 0|4, 44, N/A, 28.60, 0|5, 46, N/A, 27.88, 0|6, 42, N/A, 29.06, 0|
12:28:04 0, 67, N/A, 177.02, 53|1, 67, N/A, 206.57, 100|2, 41, N/A, 30.32, 0|3, 44, N/A, 28.09, 0|4, 44, N/A, 28.58, 0|5, 46, N/A, 27.86, 0|6, 42, N/A, 29.06, 0|
12:28:07 0, 69, N/A, 153.43, 100|1, 65, N/A, 53.97, 0|2, 41, N/A, 30.10, 0|3, 44, N/A, 27.84, 0|4, 44, N/A, 28.58, 0|5, 46, N/A, 27.86, 0|6, 42, N/A, 29.06, 0|
12:28:09 0, 68, N/A, 174.44, 100|1, 67, N/A, 173.92, 100|2, 41, N/A, 30.33, 0|3, 44, N/A, 28.09, 0|4, 44, N/A, 28.58, 0|5, 46, N/A, 27.86, 0|6, 42, N/A, 29.06, 0|
12:28:11 0, 70, N/A, 187.84, 100|1, 65, N/A, 53.72, 0|2, 41, N/A, 30.33, 0|3, 44, N/A, 27.84, 0|4, 44, N/A, 28.58, 0|5, 46, N/A, 27.62, 0|6, 42, N/A, 29.06, 0|
12:28:13 0, 68, N/A, 169.02, 100|1, 68, N/A, 170.24, 100|2, 41, N/A, 30.08, 0|3, 44, N/A, 27.84, 0|4, 44, N/A, 28.58, 0|5, 46, N/A, 27.86, 0|6, 42, N/A, 29.06, 0|
12:28:15 0, 70, N/A, 166.60, 100|1, 65, N/A, 53.47, 0|2, 41, N/A, 30.33, 0|3, 44, N/A, 27.84, 0|4, 44, N/A, 28.58, 0|5, 46, N/A, 27.86, 0|6, 42, N/A, 29.06, 0|
12:28:17 0, 65, N/A, 46.32, 0|1, 68, N/A, 207.81, 100|2, 41, N/A, 30.31, 0|3, 44, N/A, 27.84, 0|4, 44, N/A, 28.58, 0|5, 46, N/A, 27.86, 0|6, 42, N/A, 29.06, 0|
12:28:19 0, 68, N/A, 163.49, 100|1, 67, N/A, 56.68, 77|2, 41, N/A, 30.34, 0|3, 44, N/A, 27.84, 0|4, 44, N/A, 28.58, 0|5, 46, N/A, 27.61, 0|6, 42, N/A, 29.06, 0|
12:28:21 0, 70, N/A, 188.08, 100|1, 63, N/A, 52.24, 0|2, 41, N/A, 30.33, 0|3, 44, N/A, 27.84, 0|4, 44, N/A, 28.58, 0|5, 46, N/A, 27.61, 0|6, 42, N/A, 29.06, 0|
12:28:23 0, 68, N/A, 176.76, 100|1, 68, N/A, 202.16, 100|2, 41, N/A, 30.31, 0|3, 44, N/A, 27.84, 0|4, 44, N/A, 28.58, 0|5, 46, N/A, 27.86, 0|6, 42, N/A, 29.06, 0|
12:28:25 0, 69, N/A, 183.41, 100|1, 64, N/A, 52.98, 0|2, 41, N/A, 30.33, 0|3, 44, N/A, 27.84, 0|4, 44, N/A, 28.58, 0|5, 46, N/A, 27.86, 0|6, 42, N/A, 29.08, 0|
12:28:27 0, 69, N/A, 186.34, 100|1, 68, N/A, 206.08, 100|2, 41, N/A, 30.31, 0|3, 44, N/A, 27.84, 0|4, 44, N/A, 28.58, 0|5, 46, N/A, 27.86, 0|6, 42, N/A, 29.06, 0|
12:28:29 0, 69, N/A, 49.53, 100|1, 65, N/A, 190.88, 43|2, 41, N/A, 30.33, 0|3, 44, N/A, 27.84, 0|4, 44, N/A, 28.60, 0|5, 46, N/A, 27.88, 0|6, 42, N/A, 29.08, 0|
12:28:32 0, 70, N/A, 183.29, 100|1, 68, N/A, 203.61, 100|2, 41, N/A, 30.31, 0|3, 44, N/A, 28.09, 0|4, 44, N/A, 28.58, 0|5, 46, N/A, 27.86, 0|6, 42, N/A, 29.06, 0|
12:28:34 0, 68, N/A, 48.79, 80|1, 65, N/A, 201.06, 84|2, 41, N/A, 30.33, 0|3, 44, N/A, 27.86, 0|4, 44, N/A, 28.60, 0|5, 46, N/A, 27.88, 0|6, 42, N/A, 29.08, 0|
12:28:36 0, 65, N/A, 46.08, 0|1, 68, N/A, 204.87, 100|2, 41, N/A, 30.33, 0|3, 44, N/A, 27.84, 0|4, 44, N/A, 28.58, 0|5, 46, N/A, 27.86, 0|6, 42, N/A, 29.06, 0|
12:28:38 0, 68, N/A, 180.22, 100|1, 65, N/A, 54.21, 3|2, 41, N/A, 30.33, 0|3, 44, N/A, 28.09, 0|4, 44, N/A, 28.60, 0|5, 46, N/A, 27.61, 0|6, 42, N/A, 29.06, 0|
12:28:40 0, 67, N/A, 47.81, 0|1, 66, N/A, 177.26, 100|2, 41, N/A, 30.33, 0|3, 44, N/A, 27.86, 0|4, 44, N/A, 28.58, 0|5, 46, N/A, 27.88, 0|6, 42, N/A, 29.06, 0|
12:28:42 0, 69, N/A, 173.92, 100|1, 68, N/A, 208.77, 100|2, 41, N/A, 30.32, 0|3, 44, N/A, 27.84, 0|4, 44, N/A, 28.58, 0|5, 46, N/A, 27.86, 0|6, 42, N/A, 29.06, 0|
12:28:44 0, 67, N/A, 47.80, 0|1, 66, N/A, 167.06, 100|2, 41, N/A, 30.33, 0|3, 44, N/A, 27.84, 0|4, 44, N/A, 28.60, 0|5, 46, N/A, 27.86, 0|6, 42, N/A, 29.06, 0|
12:28:46 0, 69, N/A, 185.60, 100|1, 69, N/A, 208.04, 100|2, 41, N/A, 30.31, 0|3, 44, N/A, 28.09, 0|4, 44, N/A, 28.58, 0|5, 46, N/A, 27.86, 0|6, 42, N/A, 29.06, 0|
12:28:48 0, 67, N/A, 47.80, 0|1, 66, N/A, 197.50, 100|2, 41, N/A, 30.33, 0|3, 44, N/A, 27.86, 0|4, 44, N/A, 28.60, 0|5, 46, N/A, 27.88, 0|6, 42, N/A, 29.08, 0|
12:28:50 0, 66, N/A, 46.82, 0|1, 69, N/A, 206.34, 100|2, 41, N/A, 30.31, 0|3, 44, N/A, 27.84, 0|4, 44, N/A, 28.58, 0|5, 46, N/A, 27.86, 0|6, 42, N/A, 29.06, 0|
12:28:52 0, 66, N/A, 148.02, 69|1, 67, N/A, 55.94, 52|2, 41, N/A, 30.34, 0|3, 44, N/A, 27.84, 0|4, 44, N/A, 28.60, 0|5, 46, N/A, 27.86, 0|6, 42, N/A, 29.06, 0|
12:28:55 0, 69, N/A, 168.14, 100|1, 63, N/A, 52.49, 0|2, 41, N/A, 30.33, 0|3, 44, N/A, 27.84, 0|4, 44, N/A, 28.58, 0|5, 46, N/A, 27.86, 0|6, 42, N/A, 29.06, 0|
12:28:57 0, 65, N/A, 46.32, 0|1, 67, N/A, 156.51, 100|2, 41, N/A, 30.33, 0|3, 44, N/A, 27.84, 0|4, 44, N/A, 28.58, 0|5, 46, N/A, 27.86, 0|6, 42, N/A, 29.06, 0|
12:28:59 0, 65, N/A, 188.57, 2|1, 66, N/A, 55.69, 96|2, 41, N/A, 30.33, 0|3, 44, N/A, 27.84, 0|4, 44, N/A, 28.58, 0|5, 46, N/A, 27.61, 0|6, 42, N/A, 29.06, 0|
12:29:01 0, 66, N/A, 48.05, 45|1, 67, N/A, 218.71, 55|2, 41, N/A, 30.33, 0|3, 44, N/A, 27.84, 0|4, 44, N/A, 28.60, 0|5, 46, N/A, 27.88, 0|6, 42, N/A, 29.08, 0|
12:29:03 0, 67, N/A, 65.50, 38|1, 66, N/A, 196.90, 55|2, 41, N/A, 30.33, 0|3, 44, N/A, 27.86, 0|4, 44, N/A, 28.60, 0|5, 46, N/A, 27.88, 0|6, 42, N/A, 29.08, 0|
12:29:05 0, 66, N/A, 192.48, 38|1, 66, N/A, 58.15, 55|2, 41, N/A, 30.33, 0|3, 44, N/A, 27.84, 0|4, 44, N/A, 28.58, 0|5, 46, N/A, 27.86, 0|6, 42, N/A, 29.06, 0|
12:29:07 0, 65, N/A, 47.56, 45|1, 67, N/A, 199.58, 61|2, 41, N/A, 30.33, 0|3, 44, N/A, 27.84, 0|4, 44, N/A, 28.58, 0|5, 46, N/A, 27.86, 0|6, 42, N/A, 29.06, 0|
12:29:09 0, 66, N/A, 51.01, 45|1, 67, N/A, 212.96, 61|2, 41, N/A, 30.33, 0|3, 44, N/A, 27.84, 0|4, 44, N/A, 28.58, 0|5, 46, N/A, 27.86, 0|6, 42, N/A, 29.06, 0|
12:29:11 0, 66, N/A, 197.63, 45|1, 66, N/A, 56.67, 55|2, 41, N/A, 30.33, 0|3, 44, N/A, 27.84, 0|4, 44, N/A, 28.58, 0|5, 46, N/A, 27.86, 0|6, 42, N/A, 29.06, 0|
12:29:13 0, 65, N/A, 136.32, 35|1, 67, N/A, 89.35, 55|2, 41, N/A, 30.33, 0|3, 44, N/A, 27.84, 0|4, 44, N/A, 28.58, 0|5, 46, N/A, 27.86, 0|6, 42, N/A, 29.06, 0|
12:29:15 0, 65, N/A, 49.03, 38|1, 67, N/A, 216.14, 57|2, 41, N/A, 30.33, 0|3, 44, N/A, 27.84, 0|4, 44, N/A, 28.60, 0|5, 46, N/A, 27.88, 0|6, 42, N/A, 29.08, 0|
12:29:18 0, 66, N/A, 135.41, 45|1, 66, N/A, 143.43, 62|2, 41, N/A, 30.33, 0|3, 44, N/A, 27.84, 0|4, 44, N/A, 28.60, 0|5, 46, N/A, 27.86, 0|6, 42, N/A, 29.08, 0|
12:29:20 0, 65, N/A, 169.04, 45|1, 67, N/A, 74.14, 62|2, 41, N/A, 30.33, 0|3, 44, N/A, 27.84, 0|4, 44, N/A, 28.58, 0|5, 46, N/A, 27.61, 0|6, 42, N/A, 29.06, 0|
12:29:22 0, 65, N/A, 48.05, 45|1, 67, N/A, 218.71, 55|2, 41, N/A, 30.33, 0|3, 44, N/A, 27.84, 0|4, 44, N/A, 28.58, 0|5, 46, N/A, 27.88, 0|6, 42, N/A, 29.08, 0|
12:29:24 0, 66, N/A, 82.70, 38|1, 66, N/A, 185.22, 54|2, 41, N/A, 30.33, 0|3, 44, N/A, 27.86, 0|4, 44, N/A, 28.60, 0|5, 46, N/A, 27.86, 0|6, 42, N/A, 29.08, 0|
12:29:26 0, 65, N/A, 182.67, 38|1, 67, N/A, 64.28, 55|2, 41, N/A, 30.33, 0|3, 44, N/A, 27.86, 0|4, 44, N/A, 28.60, 0|5, 46, N/A, 27.88, 0|6, 43, N/A, 29.06, 0|
12:29:28 0, 65, N/A, 47.31, 45|1, 67, N/A, 207.81, 61|2, 41, N/A, 30.33, 0|3, 44, N/A, 27.86, 0|4, 44, N/A, 28.60, 0|5, 46, N/A, 27.88, 0|6, 42, N/A, 29.08, 0|
12:29:30 0, 65, N/A, 68.47, 45|1, 67, N/A, 196.29, 62|2, 41, N/A, 30.33, 0|3, 44, N/A, 27.84, 0|4, 44, N/A, 28.60, 0|5, 46, N/A, 27.86, 0|6, 42, N/A, 29.06, 0|
12:29:32 0, 65, N/A, 192.48, 45|1, 67, N/A, 59.14, 55|2, 41, N/A, 30.33, 0|3, 44, N/A, 27.84, 0|4, 44, N/A, 28.58, 0|5, 46, N/A, 27.86, 0|6, 42, N/A, 29.06, 0|
12:29:34 0, 64, N/A, 47.06, 45|1, 68, N/A, 208.67, 55|2, 41, N/A, 30.33, 0|3, 44, N/A, 27.84, 0|4, 44, N/A, 28.58, 0|5, 46, N/A, 27.61, 0|6, 42, N/A, 29.06, 0|
12:29:36 0, 65, N/A, 52.98, 38|1, 67, N/A, 210.26, 55|2, 41, N/A, 30.33, 0|3, 44, N/A, 27.84, 0|4, 44, N/A, 28.60, 0|5, 46, N/A, 27.86, 0|6, 42, N/A, 29.06, 0|
12:29:38 0, 65, N/A, 194.69, 38|1, 67, N/A, 56.68, 59|2, 41, N/A, 30.33, 0|3, 44, N/A, 27.84, 0|4, 44, N/A, 28.58, 0|5, 46, N/A, 27.88, 0|6, 42, N/A, 29.08, 0|
12:29:40 0, 64, N/A, 93.49, 45|1, 68, N/A, 119.50, 62|2, 41, N/A, 30.33, 0|3, 44, N/A, 27.84, 0|4, 44, N/A, 28.58, 0|5, 46, N/A, 27.86, 0|6, 42, N/A, 29.06, 0|
12:29:43 0, 65, N/A, 49.28, 45|1, 67, N/A, 214.92, 62|2, 41, N/A, 30.33, 0|3, 44, N/A, 27.84, 0|4, 44, N/A, 28.60, 0|5, 46, N/A, 27.86, 0|6, 42, N/A, 29.06, 0|
12:29:45 0, 65, N/A, 197.14, 45|1, 67, N/A, 56.92, 55|2, 41, N/A, 30.33, 0|3, 44, N/A, 27.84, 0|4, 44, N/A, 28.58, 0|5, 46, N/A, 27.88, 0|6, 42, N/A, 29.06, 0|
12:29:47 0, 64, N/A, 78.03, 38|1, 68, N/A, 142.77, 54|2, 41, N/A, 30.33, 0|3, 44, N/A, 27.86, 0|4, 44, N/A, 28.60, 0|5, 46, N/A, 27.63, 0|6, 42, N/A, 29.08, 0|
12:29:49 0, 65, N/A, 51.50, 38|1, 67, N/A, 211.61, 55|2, 41, N/A, 30.33, 0|3, 44, N/A, 27.86, 0|4, 44, N/A, 28.60, 0|5, 46, N/A, 27.63, 0|6, 42, N/A, 29.08, 0|
12:29:51 0, 65, N/A, 194.59, 37|1, 67, N/A, 57.66, 60|2, 41, N/A, 30.33, 0|3, 44, N/A, 27.84, 0|4, 44, N/A, 28.58, 0|5, 46, N/A, 27.86, 0|6, 42, N/A, 29.06, 0|
12:29:53 0, 64, N/A, 88.61, 45|1, 68, N/A, 141.47, 62|2, 41, N/A, 30.33, 0|3, 44, N/A, 28.09, 0|4, 44, N/A, 28.58, 0|5, 46, N/A, 27.86, 0|6, 42, N/A, 29.06, 0|
12:29:55 0, 65, N/A, 49.53, 45|1, 67, N/A, 214.67, 62|2, 41, N/A, 30.33, 0|3, 44, N/A, 27.84, 0|4, 44, N/A, 28.60, 0|5, 46, N/A, 27.86, 0|6, 42, N/A, 29.08, 0|
12:29:57 0, 65, N/A, 197.63, 44|1, 67, N/A, 56.92, 55|2, 41, N/A, 30.33, 0|3, 44, N/A, 27.84, 0|4, 44, N/A, 28.60, 0|5, 46, N/A, 27.86, 0|6, 42, N/A, 29.08, 0|
12:29:59 0, 63, N/A, 44.11, 0|1, 65, N/A, 53.72, 0|2, 41, N/A, 30.33, 0|3, 44, N/A, 27.84, 0|4, 44, N/A, 28.60, 0|5, 46, N/A, 27.88, 0|6, 42, N/A, 29.08, 0|
12:30:01 0, 66, N/A, 189.05, 100|1, 63, N/A, 52.24, 0|2, 41, N/A, 30.33, 0|3, 44, N/A, 27.84, 0|4, 44, N/A, 28.58, 0|5, 46, N/A, 27.86, 0|6, 42, N/A, 29.06, 0|
12:30:03 0, 63, N/A, 45.10, 0|1, 66, N/A, 198.86, 100|2, 41, N/A, 30.33, 0|3, 44, N/A, 27.84, 0|4, 44, N/A, 28.60, 0|5, 46, N/A, 27.86, 0|6, 42, N/A, 29.06, 0|
12:30:06 0, 67, N/A, 154.65, 100|1, 66, N/A, 55.44, 100|2, 41, N/A, 30.34, 0|3, 44, N/A, 27.84, 0|4, 44, N/A, 28.60, 0|5, 46, N/A, 27.86, 0|6, 42, N/A, 29.06, 0|
12:30:08 0, 64, N/A, 44.85, 0|1, 67, N/A, 203.15, 100|2, 41, N/A, 30.33, 0|3, 44, N/A, 27.84, 0|4, 44, N/A, 28.60, 0|5, 46, N/A, 27.88, 0|6, 42, N/A, 29.08, 0|
12:30:10 0, 67, N/A, 180.47, 100|1, 67, N/A, 56.43, 100|2, 41, N/A, 30.33, 0|3, 44, N/A, 27.84, 0|4, 44, N/A, 28.58, 0|5, 46, N/A, 27.86, 0|6, 42, N/A, 29.06, 0|
12:30:12 0, 64, N/A, 45.34, 0|1, 67, N/A, 205.85, 100|2, 41, N/A, 30.31, 0|3, 44, N/A, 27.84, 0|4, 44, N/A, 28.58, 0|5, 46, N/A, 27.86, 0|6, 42, N/A, 29.06, 0|
12:30:14 0, 68, N/A, 192.24, 100|1, 67, N/A, 56.43, 100|2, 41, N/A, 30.33, 0|3, 44, N/A, 27.84, 0|4, 44, N/A, 28.60, 0|5, 46, N/A, 27.86, 0|6, 42, N/A, 29.06, 0|
12:30:16 0, 64, N/A, 45.83, 0|1, 67, N/A, 205.12, 100|2, 41, N/A, 30.33, 0|3, 44, N/A, 27.84, 0|4, 44, N/A, 28.60, 0|5, 46, N/A, 27.88, 0|6, 42, N/A, 29.08, 0|
12:30:18 0, 63, N/A, 38.71, 0|1, 68, N/A, 199.35, 100|2, 41, N/A, 30.33, 0|3, 44, N/A, 28.09, 0|4, 44, N/A, 28.58, 0|5, 46, N/A, 27.86, 0|6, 42, N/A, 29.06, 0|
12:30:20 0, 67, N/A, 177.15, 100|1, 64, N/A, 53.23, 0|2, 41, N/A, 30.33, 0|3, 44, N/A, 27.84, 0|4, 44, N/A, 28.58, 0|5, 46, N/A, 27.86, 0|6, 42, N/A, 29.08, 0|
12:30:22 0, 64, N/A, 45.34, 0|1, 67, N/A, 205.85, 100|2, 41, N/A, 30.31, 0|3, 44, N/A, 27.84, 0|4, 44, N/A, 28.58, 0|5, 46, N/A, 27.86, 0|6, 42, N/A, 29.06, 0|
12:30:24 0, 67, N/A, 164.46, 100|1, 67, N/A, 56.43, 68|2, 41, N/A, 30.33, 0|3, 44, N/A, 27.84, 0|4, 44, N/A, 28.60, 0|5, 46, N/A, 27.86, 0|6, 42, N/A, 29.06, 0|
12:30:26 0, 64, N/A, 45.83, 0|1, 67, N/A, 205.12, 100|2, 41, N/A, 30.31, 0|3, 44, N/A, 28.09, 0|4, 44, N/A, 28.58, 0|5, 46, N/A, 27.86, 0|6, 42, N/A, 29.06, 0|
12:30:29 0, 68, N/A, 152.69, 100|1, 67, N/A, 57.91, 99|2, 41, N/A, 30.33, 0|3, 44, N/A, 27.84, 0|4, 44, N/A, 28.58, 0|5, 46, N/A, 27.86, 0|6, 42, N/A, 29.06, 0|
12:30:31 0, 64, N/A, 46.08, 0|1, 67, N/A, 189.03, 100|2, 41, N/A, 30.33, 0|3, 44, N/A, 27.86, 0|4, 44, N/A, 28.60, 0|5, 46, N/A, 27.61, 0|6, 42, N/A, 29.08, 0|
12:30:33 0, 68, N/A, 186.83, 100|1, 69, N/A, 167.88, 100|2, 41, N/A, 30.32, 0|3, 44, N/A, 28.09, 0|4, 44, N/A, 28.58, 0|5, 46, N/A, 27.86, 0|6, 42, N/A, 29.06, 0|
12:30:35 0, 65, N/A, 46.32, 0|1, 67, N/A, 178.36, 100|2, 41, N/A, 30.33, 0|3, 44, N/A, 27.84, 0|4, 44, N/A, 28.60, 0|5, 46, N/A, 27.86, 0|6, 42, N/A, 29.06, 0|
12:30:37 0, 63, N/A, 45.34, 0|1, 69, N/A, 208.79, 100|2, 41, N/A, 30.31, 0|3, 44, N/A, 28.09, 0|4, 44, N/A, 28.58, 0|5, 46, N/A, 27.61, 0|6, 42, N/A, 29.06, 0|
12:30:39 0, 68, N/A, 183.02, 100|1, 65, N/A, 53.23, 0|2, 41, N/A, 30.33, 0|3, 44, N/A, 27.84, 0|4, 44, N/A, 28.58, 0|5, 46, N/A, 27.61, 0|6, 42, N/A, 29.06, 0|
12:30:41 0, 65, N/A, 46.08, 0|1, 67, N/A, 161.27, 100|2, 41, N/A, 30.31, 0|3, 44, N/A, 28.09, 0|4, 44, N/A, 28.60, 0|5, 46, N/A, 27.86, 0|6, 42, N/A, 29.06, 0|
12:30:43 0, 68, N/A, 175.04, 100|1, 68, N/A, 206.32, 100|2, 41, N/A, 30.31, 0|3, 44, N/A, 27.84, 0|4, 44, N/A, 28.58, 0|5, 46, N/A, 27.86, 0|6, 42, N/A, 29.06, 0|
12:30:45 0, 65, N/A, 46.32, 0|1, 67, N/A, 205.36, 100|2, 41, N/A, 30.31, 0|3, 44, N/A, 28.09, 0|4, 44, N/A, 28.58, 0|5, 46, N/A, 27.86, 0|6, 42, N/A, 29.06, 0|
12:30:47 0, 68, N/A, 189.66, 100|1, 68, N/A, 191.71, 100|2, 41, N/A, 30.31, 0|3, 44, N/A, 27.84, 0|4, 44, N/A, 28.58, 0|5, 46, N/A, 27.61, 0|6, 42, N/A, 29.06, 0|
12:30:49 0, 66, N/A, 46.82, 0|1, 67, N/A, 194.43, 100|2, 41, N/A, 30.33, 0|3, 44, N/A, 27.84, 0|4, 44, N/A, 28.60, 0|5, 46, N/A, 27.88, 0|6, 42, N/A, 29.08, 0|
12:30:52 0, 69, N/A, 186.58, 100|1, 69, N/A, 215.02, 100|2, 41, N/A, 30.32, 0|3, 44, N/A, 27.84, 0|4, 44, N/A, 28.58, 0|5, 46, N/A, 27.86, 0|6, 42, N/A, 29.06, 0|
12:30:54 0, 66, N/A, 47.31, 0|1, 67, N/A, 173.46, 100|2, 41, N/A, 30.33, 0|3, 44, N/A, 28.09, 0|4, 44, N/A, 28.60, 0|5, 46, N/A, 27.86, 0|6, 42, N/A, 29.08, 0|
12:30:56 0, 64, N/A, 45.58, 0|1, 69, N/A, 207.08, 100|2, 41, N/A, 30.31, 0|3, 44, N/A, 27.84, 0|4, 44, N/A, 28.58, 0|5, 46, N/A, 27.86, 0|6, 42, N/A, 29.06, 0|
12:30:58 0, 67, N/A, 179.49, 100|1, 66, N/A, 54.71, 4|2, 41, N/A, 30.35, 0|3, 44, N/A, 27.84, 0|4, 44, N/A, 28.60, 0|5, 46, N/A, 27.61, 0|6, 42, N/A, 29.06, 0|
12:31:00 0, 66, N/A, 47.56, 0|1, 66, N/A, 202.42, 94|2, 41, N/A, 30.33, 0|3, 44, N/A, 27.84, 0|4, 44, N/A, 28.60, 0|5, 46, N/A, 27.88, 0|6, 42, N/A, 29.06, 0|
12:31:02 0, 68, N/A, 163.63, 100|1, 68, N/A, 198.24, 100|2, 41, N/A, 30.31, 0|3, 44, N/A, 27.84, 0|4, 44, N/A, 28.58, 0|5, 46, N/A, 27.86, 0|6, 42, N/A, 29.06, 0|
12:31:04 0, 67, N/A, 48.54, 57|1, 65, N/A, 180.82, 2|2, 41, N/A, 30.33, 0|3, 44, N/A, 27.86, 0|4, 44, N/A, 28.60, 0|5, 46, N/A, 27.88, 0|6, 42, N/A, 29.08, 0|
12:31:06 0, 68, N/A, 185.60, 100|1, 69, N/A, 209.51, 100|2, 41, N/A, 30.32, 0|3, 44, N/A, 28.09, 0|4, 44, N/A, 28.58, 0|5, 46, N/A, 27.86, 0|6, 42, N/A, 29.06, 0|
12:31:08 0, 69, N/A, 152.20, 100|1, 64, N/A, 53.26, 0|2, 41, N/A, 30.35, 0|3, 44, N/A, 28.09, 0|4, 44, N/A, 28.60, 0|5, 46, N/A, 27.88, 0|6, 42, N/A, 29.08, 0|
12:31:10 0, 68, N/A, 154.64, 100|1, 68, N/A, 175.39, 100|2, 41, N/A, 30.32, 0|3, 44, N/A, 28.09, 0|4, 44, N/A, 28.58, 0|5, 46, N/A, 27.86, 0|6, 42, N/A, 29.06, 0|
12:31:12 0, 69, N/A, 182.78, 100|1, 65, N/A, 53.72, 0|2, 41, N/A, 30.34, 0|3, 44, N/A, 27.84, 0|4, 44, N/A, 28.58, 0|5, 46, N/A, 27.86, 0|6, 42, N/A, 29.06, 0|
12:31:14 0, 64, N/A, 46.08, 0|1, 69, N/A, 188.80, 100|2, 41, N/A, 30.33, 0|3, 44, N/A, 28.09, 0|4, 44, N/A, 28.60, 0|5, 46, N/A, 27.86, 0|6, 42, N/A, 29.06, 0|
12:31:17 0, 67, N/A, 185.85, 100|1, 70, N/A, 210.12, 100|2, 41, N/A, 30.31, 0|3, 44, N/A, 28.09, 0|4, 44, N/A, 28.58, 0|5, 46, N/A, 27.86, 0|6, 42, N/A, 29.06, 0|
12:31:19 0, 69, N/A, 157.60, 100|1, 64, N/A, 52.98, 0|2, 41, N/A, 30.33, 0|3, 44, N/A, 28.09, 0|4, 44, N/A, 28.58, 0|5, 46, N/A, 27.86, 0|6, 42, N/A, 29.06, 0|
12:31:21 0, 67, N/A, 155.62, 100|1, 68, N/A, 179.80, 100|2, 41, N/A, 30.31, 0|3, 44, N/A, 27.84, 0|4, 44, N/A, 28.58, 0|5, 46, N/A, 27.86, 0|6, 42, N/A, 29.06, 0|
12:31:23 0, 69, N/A, 179.83, 100|1, 65, N/A, 54.21, 0|2, 41, N/A, 30.34, 0|3, 44, N/A, 28.09, 0|4, 44, N/A, 28.58, 0|5, 46, N/A, 27.86, 0|6, 42, N/A, 29.06, 0|
12:31:25 0, 67, N/A, 184.62, 61|1, 68, N/A, 207.79, 100|2, 41, N/A, 30.31, 0|3, 44, N/A, 27.84, 0|4, 44, N/A, 28.58, 0|5, 46, N/A, 27.86, 0|6, 42, N/A, 29.06, 0|
12:31:27 0, 69, N/A, 187.58, 100|1, 66, N/A, 54.95, 0|2, 41, N/A, 30.33, 0|3, 44, N/A, 27.84, 0|4, 44, N/A, 28.60, 0|5, 46, N/A, 27.88, 0|6, 42, N/A, 29.08, 0|
12:31:29 0, 65, N/A, 171.22, 0|1, 68, N/A, 207.29, 100|2, 41, N/A, 30.31, 0|3, 44, N/A, 27.84, 0|4, 44, N/A, 28.58, 0|5, 46, N/A, 27.61, 0|6, 42, N/A, 29.06, 0|
12:31:31 0, 69, N/A, 165.37, 100|1, 67, N/A, 56.18, 62|2, 41, N/A, 30.33, 0|3, 44, N/A, 27.84, 0|4, 44, N/A, 28.58, 0|5, 46, N/A, 27.86, 0|6, 42, N/A, 29.06, 0|
12:31:33 0, 66, N/A, 46.57, 0|1, 68, N/A, 206.10, 100|2, 41, N/A, 30.33, 0|3, 44, N/A, 27.84, 0|4, 44, N/A, 28.58, 0|5, 46, N/A, 27.86, 0|6, 42, N/A, 29.08, 0|
12:31:35 0, 64, N/A, 45.83, 0|1, 69, N/A, 185.86, 100|2, 41, N/A, 30.31, 0|3, 44, N/A, 27.84, 0|4, 44, N/A, 28.58, 0|5, 46, N/A, 27.86, 0|6, 42, N/A, 29.06, 0|
12:31:37 0, 69, N/A, 186.12, 100|1, 65, N/A, 53.72, 0|2, 41, N/A, 30.34, 0|3, 44, N/A, 28.09, 0|4, 44, N/A, 28.58, 0|5, 46, N/A, 27.61, 0|6, 42, N/A, 29.06, 0|
12:31:40 0, 66, N/A, 46.82, 0|1, 67, N/A, 189.54, 100|2, 41, N/A, 30.33, 0|3, 44, N/A, 27.84, 0|4, 44, N/A, 28.60, 0|5, 46, N/A, 27.61, 0|6, 42, N/A, 29.06, 0|
12:31:42 0, 69, N/A, 163.97, 100|1, 69, N/A, 164.20, 100|2, 41, N/A, 30.33, 0|3, 44, N/A, 27.84, 0|4, 44, N/A, 28.58, 0|5, 46, N/A, 27.86, 0|6, 42, N/A, 29.06, 0|
12:31:44 0, 66, N/A, 47.56, 0|1, 67, N/A, 179.59, 100|2, 41, N/A, 30.33, 0|3, 44, N/A, 27.84, 0|4, 44, N/A, 28.60, 0|5, 46, N/A, 27.88, 0|6, 42, N/A, 29.08, 0|
12:31:46 0, 69, N/A, 159.03, 100|1, 69, N/A, 204.85, 100|2, 41, N/A, 30.31, 0|3, 44, N/A, 27.84, 0|4, 44, N/A, 28.58, 0|5, 46, N/A, 27.86, 0|6, 42, N/A, 29.06, 0|
12:31:48 0, 68, N/A, 48.54, 37|1, 66, N/A, 202.29, 16|2, 41, N/A, 30.33, 0|3, 44, N/A, 27.86, 0|4, 44, N/A, 28.60, 0|5, 46, N/A, 27.88, 0|6, 42, N/A, 29.08, 0|
12:31:50 0, 69, N/A, 186.83, 100|1, 69, N/A, 208.77, 100|2, 41, N/A, 30.31, 0|3, 44, N/A, 27.84, 0|4, 44, N/A, 28.58, 0|5, 46, N/A, 27.86, 0|6, 42, N/A, 29.06, 0|
12:31:52 0, 70, N/A, 184.74, 100|1, 65, N/A, 53.47, 0|2, 41, N/A, 30.34, 0|3, 44, N/A, 27.84, 0|4, 44, N/A, 28.58, 0|5, 46, N/A, 27.86, 0|6, 42, N/A, 29.06, 0|
12:31:54 0, 65, N/A, 45.83, 0|1, 69, N/A, 195.16, 100|2, 41, N/A, 30.33, 0|3, 44, N/A, 27.84, 0|4, 44, N/A, 28.60, 0|5, 46, N/A, 27.86, 0|6, 42, N/A, 29.08, 0|
12:31:56 0, 68, N/A, 185.36, 100|1, 70, N/A, 185.13, 100|2, 41, N/A, 30.31, 0|3, 44, N/A, 27.84, 0|4, 44, N/A, 28.58, 0|5, 46, N/A, 27.86, 0|6, 42, N/A, 29.06, 0|
12:31:58 0, 69, N/A, 154.65, 100|1, 64, N/A, 52.98, 0|2, 41, N/A, 30.33, 0|3, 44, N/A, 27.84, 0|4, 44, N/A, 28.60, 0|5, 46, N/A, 27.86, 0|6, 42, N/A, 29.06, 0|
12:32:00 0, 68, N/A, 152.68, 100|1, 68, N/A, 169.26, 100|2, 41, N/A, 30.32, 0|3, 44, N/A, 28.09, 0|4, 44, N/A, 28.58, 0|5, 46, N/A, 27.86, 0|6, 42, N/A, 29.06, 0|
12:32:02 0, 69, N/A, 161.28, 100|1, 66, N/A, 54.71, 0|2, 41, N/A, 30.34, 0|3, 44, N/A, 27.84, 0|4, 44, N/A, 28.58, 0|5, 46, N/A, 27.61, 0|6, 42, N/A, 29.06, 0|
12:32:05 0, 66, N/A, 166.46, 28|1, 68, N/A, 210.96, 100|2, 41, N/A, 30.32, 0|3, 44, N/A, 28.09, 0|4, 44, N/A, 28.58, 0|5, 46, N/A, 27.86, 0|6, 42, N/A, 29.06, 0|
12:32:07 0, 69, N/A, 191.01, 100|1, 67, N/A, 56.18, 0|2, 41, N/A, 30.34, 0|3, 44, N/A, 28.09, 0|4, 44, N/A, 28.60, 0|5, 46, N/A, 27.86, 0|6, 42, N/A, 29.06, 0|
12:32:09 0, 66, N/A, 46.82, 0|1, 68, N/A, 205.12, 100|2, 41, N/A, 30.33, 0|3, 44, N/A, 27.84, 0|4, 44, N/A, 28.60, 0|5, 46, N/A, 27.86, 0|6, 42, N/A, 29.06, 0|
12:32:11 0, 69, N/A, 185.60, 100|1, 69, N/A, 209.26, 100|2, 41, N/A, 30.32, 0|3, 44, N/A, 27.84, 0|4, 44, N/A, 28.58, 0|5, 46, N/A, 27.86, 0|6, 42, N/A, 29.06, 0|
12:32:13 0, 66, N/A, 47.31, 0|1, 68, N/A, 206.10, 100|2, 41, N/A, 30.31, 0|3, 44, N/A, 27.84, 0|4, 44, N/A, 28.58, 0|5, 46, N/A, 27.86, 0|6, 42, N/A, 29.08, 0|
12:32:15 0, 64, N/A, 46.08, 0|1, 69, N/A, 194.69, 100|2, 41, N/A, 30.33, 0|3, 44, N/A, 28.09, 0|4, 44, N/A, 28.58, 0|5, 46, N/A, 27.86, 0|6, 42, N/A, 29.06, 0|
12:32:17 0, 68, N/A, 180.57, 100|1, 66, N/A, 54.71, 2|2, 41, N/A, 30.33, 0|3, 44, N/A, 27.84, 0|4, 44, N/A, 28.58, 0|5, 46, N/A, 27.86, 0|6, 42, N/A, 29.06, 0|
12:32:19 0, 67, N/A, 48.05, 34|1, 66, N/A, 204.13, 100|2, 41, N/A, 30.33, 0|3, 44, N/A, 28.09, 0|4, 44, N/A, 28.60, 0|5, 46, N/A, 27.61, 0|6, 43, N/A, 29.08, 0|
12:32:21 0, 69, N/A, 186.58, 100|1, 69, N/A, 207.30, 100|2, 41, N/A, 30.32, 0|3, 44, N/A, 27.84, 0|4, 44, N/A, 28.58, 0|5, 46, N/A, 27.61, 0|6, 42, N/A, 29.06, 0|
12:32:23 0, 70, N/A, 187.35, 100|1, 65, N/A, 53.50, 0|2, 41, N/A, 30.34, 0|3, 44, N/A, 27.84, 0|4, 44, N/A, 28.58, 0|5, 46, N/A, 27.86, 0|6, 43, N/A, 29.06, 0|
12:32:25 0, 69, N/A, 187.32, 100|1, 69, N/A, 209.39, 100|2, 41, N/A, 30.32, 0|3, 44, N/A, 28.09, 0|4, 44, N/A, 28.58, 0|5, 46, N/A, 27.86, 0|6, 42, N/A, 29.06, 0|
12:32:28 0, 70, N/A, 178.85, 100|1, 65, N/A, 53.97, 0|2, 41, N/A, 30.34, 0|3, 44, N/A, 27.84, 0|4, 44, N/A, 28.58, 0|5, 46, N/A, 27.86, 0|6, 42, N/A, 29.06, 0|
12:32:30 0, 68, N/A, 186.09, 100|1, 69, N/A, 168.03, 100|2, 41, N/A, 30.32, 0|3, 44, N/A, 27.84, 0|4, 44, N/A, 28.58, 0|5, 46, N/A, 27.86, 0|6, 42, N/A, 29.06, 0|
12:32:32 0, 70, N/A, 190.03, 100|1, 66, N/A, 55.20, 0|2, 41, N/A, 30.34, 0|3, 44, N/A, 27.84, 0|4, 44, N/A, 28.60, 0|5, 46, N/A, 27.61, 0|6, 42, N/A, 29.06, 0|
12:32:34 0, 66, N/A, 46.58, 0|1, 68, N/A, 208.92, 100|2, 41, N/A, 30.33, 0|3, 44, N/A, 28.09, 0|4, 44, N/A, 28.60, 0|5, 46, N/A, 27.88, 0|6, 42, N/A, 29.08, 0|
12:32:36 0, 64, N/A, 45.83, 0|1, 69, N/A, 189.28, 74|2, 41, N/A, 30.33, 0|3, 44, N/A, 28.09, 0|4, 44, N/A, 28.60, 0|5, 46, N/A, 27.88, 0|6, 42, N/A, 29.08, 0|
12:32:38 0, 69, N/A, 187.10, 100|1, 65, N/A, 53.72, 0|2, 41, N/A, 30.33, 0|3, 44, N/A, 28.09, 0|4, 44, N/A, 28.58, 0|5, 46, N/A, 27.86, 0|6, 42, N/A, 29.06, 0|
12:32:40 0, 66, N/A, 46.82, 0|1, 68, N/A, 198.12, 100|2, 41, N/A, 30.33, 0|3, 44, N/A, 28.11, 0|4, 44, N/A, 28.60, 0|5, 46, N/A, 27.88, 0|6, 42, N/A, 29.06, 0|
12:32:42 0, 70, N/A, 187.81, 100|1, 69, N/A, 193.57, 100|2, 41, N/A, 30.32, 0|3, 44, N/A, 27.84, 0|4, 44, N/A, 28.58, 0|5, 46, N/A, 27.86, 0|6, 42, N/A, 29.06, 0|
12:32:44 0, 67, N/A, 48.05, 0|1, 67, N/A, 175.92, 100|2, 41, N/A, 30.33, 0|3, 44, N/A, 28.11, 0|4, 44, N/A, 28.60, 0|5, 46, N/A, 27.86, 0|6, 43, N/A, 29.08, 0|
12:32:46 0, 69, N/A, 187.32, 100|1, 69, N/A, 169.75, 100|2, 42, N/A, 30.32, 0|3, 44, N/A, 28.09, 0|4, 44, N/A, 28.58, 0|5, 46, N/A, 27.86, 0|6, 42, N/A, 29.06, 0|
12:32:48 0, 70, N/A, 166.20, 100|1, 65, N/A, 53.47, 0|2, 41, N/A, 30.34, 0|3, 44, N/A, 28.09, 0|4, 44, N/A, 28.58, 0|5, 46, N/A, 27.86, 0|6, 42, N/A, 29.06, 0|
12:32:51 0, 69, N/A, 186.58, 100|1, 69, N/A, 204.10, 100|2, 41, N/A, 30.32, 0|3, 44, N/A, 27.84, 0|4, 44, N/A, 28.58, 0|5, 46, N/A, 27.86, 0|6, 42, N/A, 29.06, 0|
12:32:53 0, 71, N/A, 189.31, 100|1, 66, N/A, 54.21, 0|2, 41, N/A, 30.34, 0|3, 44, N/A, 28.09, 0|4, 44, N/A, 28.60, 0|5, 46, N/A, 27.86, 0|6, 42, N/A, 29.06, 0|
12:32:55 0, 65, N/A, 46.32, 0|1, 69, N/A, 185.62, 100|2, 41, N/A, 30.31, 0|3, 44, N/A, 27.84, 0|4, 44, N/A, 28.58, 0|5, 46, N/A, 27.86, 0|6, 42, N/A, 29.06, 0|
12:32:57 0, 66, N/A, 155.87, 55|1, 70, N/A, 209.26, 100|2, 41, N/A, 30.31, 0|3, 44, N/A, 28.09, 0|4, 44, N/A, 28.58, 0|5, 46, N/A, 27.86, 0|6, 42, N/A, 29.06, 0|
12:32:59 0, 69, N/A, 156.12, 100|1, 65, N/A, 53.47, 0|2, 41, N/A, 30.33, 0|3, 44, N/A, 28.09, 0|4, 44, N/A, 28.60, 0|5, 46, N/A, 27.86, 0|6, 42, N/A, 29.06, 0|
12:33:01 0, 66, N/A, 46.82, 0|1, 67, N/A, 191.49, 100|2, 41, N/A, 30.33, 0|3, 44, N/A, 28.09, 0|4, 44, N/A, 28.60, 0|5, 46, N/A, 27.61, 0|6, 43, N/A, 29.08, 0|
12:33:03 0, 69, N/A, 154.88, 100|1, 69, N/A, 203.63, 100|2, 41, N/A, 30.32, 0|3, 44, N/A, 28.09, 0|4, 44, N/A, 28.58, 0|5, 46, N/A, 27.86, 0|6, 42, N/A, 29.06, 0|
12:33:05 0, 67, N/A, 47.56, 0|1, 67, N/A, 176.30, 100|2, 41, N/A, 30.33, 0|3, 44, N/A, 28.09, 0|4, 44, N/A, 28.60, 0|5, 46, N/A, 27.88, 0|6, 42, N/A, 29.08, 0|
12:33:07 0, 69, N/A, 158.48, 100|1, 69, N/A, 176.37, 100|2, 41, N/A, 30.32, 0|3, 44, N/A, 28.09, 0|4, 44, N/A, 28.58, 0|5, 46, N/A, 27.86, 0|6, 42, N/A, 29.06, 0|
12:33:09 0, 70, N/A, 95.71, 100|1, 65, N/A, 125.08, 0|2, 41, N/A, 30.33, 0|3, 44, N/A, 28.11, 0|4, 44, N/A, 28.60, 0|5, 46, N/A, 27.88, 0|6, 42, N/A, 29.08, 0|
12:33:11 0, 69, N/A, 153.17, 100|1, 69, N/A, 170.73, 100|2, 42, N/A, 30.33, 0|3, 44, N/A, 28.09, 0|4, 44, N/A, 28.58, 0|5, 46, N/A, 27.86, 0|6, 42, N/A, 29.06, 0|
12:33:13 0, 70, N/A, 167.16, 100|1, 65, N/A, 53.97, 0|2, 41, N/A, 30.33, 0|3, 44, N/A, 28.09, 0|4, 44, N/A, 28.60, 0|5, 46, N/A, 27.86, 0|6, 42, N/A, 29.08, 0|
12:33:16 0, 66, N/A, 46.57, 0|1, 69, N/A, 178.09, 100|2, 41, N/A, 30.33, 0|3, 44, N/A, 27.84, 0|4, 44, N/A, 28.60, 0|5, 46, N/A, 27.86, 0|6, 42, N/A, 29.06, 0|
12:33:18 0, 66, N/A, 158.48, 88|1, 70, N/A, 210.49, 100|2, 42, N/A, 30.32, 0|3, 44, N/A, 27.84, 0|4, 44, N/A, 28.58, 0|5, 46, N/A, 27.86, 0|6, 42, N/A, 29.06, 0|
12:33:20 0, 69, N/A, 170.25, 100|1, 65, N/A, 53.72, 0|2, 41, N/A, 30.33, 0|3, 44, N/A, 28.09, 0|4, 44, N/A, 28.58, 0|5, 46, N/A, 27.88, 0|6, 42, N/A, 29.06, 0|
12:33:22 0, 66, N/A, 46.57, 0|1, 68, N/A, 181.92, 100|2, 41, N/A, 30.33, 0|3, 44, N/A, 27.86, 0|4, 44, N/A, 28.60, 0|5, 46, N/A, 27.88, 0|6, 42, N/A, 29.08, 0|
12:33:24 0, 69, N/A, 180.71, 100|1, 69, N/A, 184.87, 100|2, 42, N/A, 30.33, 0|3, 44, N/A, 28.09, 0|4, 44, N/A, 28.58, 0|5, 46, N/A, 27.86, 0|6, 42, N/A, 29.06, 0|
12:33:26 0, 67, N/A, 47.56, 0|1, 67, N/A, 211.37, 100|2, 41, N/A, 30.31, 0|3, 44, N/A, 28.09, 0|4, 44, N/A, 28.58, 0|5, 46, N/A, 27.86, 0|6, 42, N/A, 29.06, 0|
12:33:28 0, 69, N/A, 155.87, 100|1, 69, N/A, 197.75, 100|2, 41, N/A, 30.32, 0|3, 44, N/A, 27.84, 0|4, 44, N/A, 28.58, 0|5, 46, N/A, 27.86, 0|6, 42, N/A, 29.06, 0|
12:33:30 0, 70, N/A, 178.12, 100|1, 65, N/A, 53.47, 0|2, 41, N/A, 30.33, 0|3, 44, N/A, 27.84, 0|4, 44, N/A, 28.60, 0|5, 46, N/A, 27.86, 0|6, 42, N/A, 29.06, 0|
12:33:32 0, 69, N/A, 187.56, 100|1, 69, N/A, 207.29, 100|2, 41, N/A, 30.32, 0|3, 44, N/A, 28.09, 0|4, 44, N/A, 28.58, 0|5, 46, N/A, 27.86, 0|6, 42, N/A, 29.06, 0|
12:33:34 0, 71, N/A, 188.57, 100|1, 66, N/A, 54.21, 0|2, 41, N/A, 30.34, 0|3, 44, N/A, 27.84, 0|4, 44, N/A, 28.58, 0|5, 46, N/A, 27.86, 0|6, 43, N/A, 29.08, 0|
12:33:36 0, 66, N/A, 46.57, 0|1, 69, N/A, 208.55, 100|2, 41, N/A, 30.33, 0|3, 44, N/A, 27.84, 0|4, 44, N/A, 28.60, 0|5, 46, N/A, 27.61, 0|6, 42, N/A, 29.06, 0|
12:33:39 0, 65, N/A, 165.09, 0|1, 70, N/A, 200.20, 73|2, 41, N/A, 30.32, 0|3, 44, N/A, 27.84, 0|4, 44, N/A, 28.58, 0|5, 46, N/A, 27.86, 0|6, 42, N/A, 29.06, 0|
12:33:41 0, 69, N/A, 149.57, 100|1, 65, N/A, 53.97, 0|2, 41, N/A, 30.33, 0|3, 44, N/A, 27.84, 0|4, 44, N/A, 28.58, 0|5, 46, N/A, 27.61, 0|6, 42, N/A, 29.06, 0|
12:33:43 0, 66, N/A, 46.82, 0|1, 68, N/A, 205.36, 100|2, 41, N/A, 30.33, 0|3, 44, N/A, 27.84, 0|4, 44, N/A, 28.60, 0|5, 46, N/A, 27.86, 0|6, 42, N/A, 29.06, 0|
12:33:45 0, 70, N/A, 187.56, 100|1, 70, N/A, 207.30, 100|2, 41, N/A, 30.31, 0|3, 44, N/A, 27.84, 0|4, 44, N/A, 28.58, 0|5, 46, N/A, 27.86, 0|6, 42, N/A, 29.06, 0|
12:33:47 0, 68, N/A, 48.79, 13|1, 67, N/A, 203.15, 38|2, 41, N/A, 30.33, 0|3, 44, N/A, 27.86, 0|4, 44, N/A, 28.60, 0|5, 46, N/A, 27.88, 0|6, 42, N/A, 29.08, 0|
12:33:49 0, 69, N/A, 155.38, 100|1, 69, N/A, 197.88, 100|2, 41, N/A, 30.32, 0|3, 44, N/A, 28.09, 0|4, 44, N/A, 28.58, 0|5, 46, N/A, 27.86, 0|6, 43, N/A, 29.06, 0|
12:33:51 0, 70, N/A, 199.01, 100|1, 65, N/A, 53.97, 0|2, 41, N/A, 30.33, 0|3, 44, N/A, 27.84, 0|4, 44, N/A, 28.58, 0|5, 46, N/A, 27.86, 0|6, 42, N/A, 29.06, 0|
12:33:53 0, 69, N/A, 184.62, 100|1, 69, N/A, 167.79, 100|2, 41, N/A, 30.32, 0|3, 44, N/A, 27.84, 0|4, 44, N/A, 28.58, 0|5, 46, N/A, 27.86, 0|6, 42, N/A, 29.06, 0|
12:33:55 0, 71, N/A, 188.57, 100|1, 67, N/A, 55.44, 0|2, 41, N/A, 30.33, 0|3, 44, N/A, 27.84, 0|4, 44, N/A, 28.58, 0|5, 46, N/A, 27.86, 0|6, 42, N/A, 29.06, 0|
12:33:57 0, 66, N/A, 46.82, 0|1, 69, N/A, 208.30, 100|2, 41, N/A, 30.31, 0|3, 44, N/A, 28.09, 0|4, 44, N/A, 28.58, 0|5, 46, N/A, 27.86, 0|6, 42, N/A, 29.06, 0|
12:33:59 0, 65, N/A, 45.83, 0|1, 70, N/A, 209.77, 100|2, 41, N/A, 30.33, 0|3, 44, N/A, 27.84, 0|4, 44, N/A, 28.60, 0|5, 46, N/A, 27.86, 0|6, 43, N/A, 29.08, 0|
12:34:02 0, 70, N/A, 179.73, 100|1, 66, N/A, 54.71, 0|2, 41, N/A, 30.34, 0|3, 44, N/A, 28.09, 0|4, 44, N/A, 28.60, 0|5, 46, N/A, 27.86, 0|6, 42, N/A, 29.06, 0|
12:34:04 0, 67, N/A, 48.05, 0|1, 66, N/A, 192.97, 100|2, 41, N/A, 30.33, 0|3, 44, N/A, 28.09, 0|4, 44, N/A, 28.60, 0|5, 46, N/A, 27.88, 0|6, 42, N/A, 29.08, 0|
12:34:06 0, 69, N/A, 182.17, 100|1, 69, N/A, 208.04, 100|2, 41, N/A, 30.32, 0|3, 44, N/A, 27.84, 0|4, 44, N/A, 28.58, 0|5, 46, N/A, 27.86, 0|6, 43, N/A, 29.06, 0|
12:34:08 0, 70, N/A, 187.33, 100|1, 65, N/A, 53.72, 0|2, 41, N/A, 30.33, 0|3, 44, N/A, 27.84, 0|4, 44, N/A, 28.58, 0|5, 46, N/A, 27.86, 0|6, 42, N/A, 29.06, 0|
12:34:10 0, 68, N/A, 149.98, 100|1, 69, N/A, 181.77, 100|2, 41, N/A, 30.31, 0|3, 44, N/A, 28.09, 0|4, 44, N/A, 28.58, 0|5, 46, N/A, 27.86, 0|6, 42, N/A, 29.06, 0|
12:34:12 0, 71, N/A, 175.42, 100|1, 67, N/A, 55.44, 0|2, 41, N/A, 30.33, 0|3, 44, N/A, 28.09, 0|4, 44, N/A, 28.58, 0|5, 46, N/A, 27.86, 0|6, 43, N/A, 29.06, 0|
12:34:14 0, 66, N/A, 46.82, 0|1, 69, N/A, 209.53, 100|2, 42, N/A, 30.31, 0|3, 44, N/A, 27.84, 0|4, 44, N/A, 28.58, 0|5, 46, N/A, 27.86, 0|6, 43, N/A, 29.06, 0|
12:34:16 0, 70, N/A, 148.26, 100|1, 70, N/A, 209.02, 100|2, 41, N/A, 30.31, 0|3, 44, N/A, 27.84, 0|4, 44, N/A, 28.58, 0|5, 46, N/A, 27.61, 0|6, 43, N/A, 29.06, 0|
12:34:18 0, 67, N/A, 47.80, 0|1, 68, N/A, 186.21, 100|2, 41, N/A, 30.33, 0|3, 44, N/A, 27.84, 0|4, 44, N/A, 28.60, 0|5, 46, N/A, 27.88, 0|6, 42, N/A, 29.08, 0|
12:34:20 0, 65, N/A, 46.32, 0|1, 70, N/A, 210.14, 100|2, 41, N/A, 30.33, 0|3, 44, N/A, 27.84, 0|4, 44, N/A, 28.58, 0|5, 46, N/A, 27.86, 0|6, 43, N/A, 29.06, 0|
12:34:22 0, 68, N/A, 183.41, 100|1, 68, N/A, 57.17, 8|2, 41, N/A, 30.33, 0|3, 44, N/A, 27.84, 0|4, 44, N/A, 28.58, 0|5, 46, N/A, 27.86, 0|6, 42, N/A, 29.06, 0|
12:34:24 0, 70, N/A, 183.90, 100|1, 65, N/A, 53.23, 0|2, 42, N/A, 30.33, 0|3, 44, N/A, 28.09, 0|4, 44, N/A, 28.58, 0|5, 46, N/A, 27.86, 0|6, 43, N/A, 29.08, 0|
12:34:27 0, 68, N/A, 185.36, 100|1, 69, N/A, 167.79, 100|2, 41, N/A, 30.32, 0|3, 44, N/A, 27.84, 0|4, 44, N/A, 28.58, 0|5, 46, N/A, 27.86, 0|6, 42, N/A, 29.06, 0|
12:34:29 0, 70, N/A, 188.08, 100|1, 67, N/A, 55.69, 0|2, 41, N/A, 30.33, 0|3, 44, N/A, 27.84, 0|4, 44, N/A, 28.58, 0|5, 46, N/A, 27.86, 0|6, 43, N/A, 29.06, 0|
12:34:31 0, 66, N/A, 46.82, 0|1, 68, N/A, 197.88, 100|2, 41, N/A, 30.33, 0|3, 44, N/A, 27.84, 0|4, 44, N/A, 28.60, 0|5, 46, N/A, 27.86, 0|6, 42, N/A, 29.06, 0|
12:34:33 0, 70, N/A, 179.59, 100|1, 70, N/A, 168.77, 100|2, 41, N/A, 30.33, 0|3, 44, N/A, 28.09, 0|4, 44, N/A, 28.58, 0|5, 46, N/A, 27.86, 0|6, 43, N/A, 29.06, 0|
12:34:35 0, 68, N/A, 48.05, 0|1, 68, N/A, 183.64, 100|2, 41, N/A, 30.33, 0|3, 44, N/A, 27.84, 0|4, 44, N/A, 28.60, 0|5, 46, N/A, 27.88, 0|6, 43, N/A, 29.08, 0|
12:34:37 0, 69, N/A, 186.83, 100|1, 70, N/A, 210.61, 100|2, 41, N/A, 30.31, 0|3, 44, N/A, 27.84, 0|4, 44, N/A, 28.58, 0|5, 46, N/A, 27.86, 0|6, 43, N/A, 29.06, 0|
12:34:39 0, 70, N/A, 164.15, 100|1, 65, N/A, 53.97, 0|2, 42, N/A, 30.33, 0|3, 44, N/A, 27.84, 0|4, 44, N/A, 28.58, 0|5, 46, N/A, 27.86, 0|6, 43, N/A, 29.06, 0|
12:34:41 0, 66, N/A, 46.57, 0|1, 69, N/A, 168.29, 100|2, 41, N/A, 30.33, 0|3, 44, N/A, 28.09, 0|4, 44, N/A, 28.58, 0|5, 46, N/A, 27.86, 0|6, 42, N/A, 29.06, 0|
12:34:43 0, 66, N/A, 149.24, 48|1, 70, N/A, 210.61, 100|2, 41, N/A, 30.31, 0|3, 44, N/A, 27.84, 0|4, 44, N/A, 28.58, 0|5, 46, N/A, 27.86, 0|6, 42, N/A, 29.06, 0|
12:34:45 0, 69, N/A, 149.99, 100|1, 65, N/A, 53.97, 0|2, 41, N/A, 30.33, 0|3, 44, N/A, 28.09, 0|4, 45, N/A, 28.58, 0|5, 46, N/A, 27.86, 0|6, 43, N/A, 29.06, 0|
12:34:47 0, 66, N/A, 46.82, 0|1, 68, N/A, 209.53, 100|2, 42, N/A, 30.33, 0|3, 44, N/A, 28.09, 0|4, 44, N/A, 28.60, 0|5, 46, N/A, 27.88, 0|6, 43, N/A, 29.08, 0|
12:34:50 0, 69, N/A, 185.60, 100|1, 70, N/A, 211.47, 100|2, 42, N/A, 30.32, 0|3, 44, N/A, 28.09, 0|4, 44, N/A, 28.58, 0|5, 46, N/A, 27.86, 0|6, 43, N/A, 29.06, 0|
12:34:52 0, 69, N/A, 50.27, 100|1, 66, N/A, 169.77, 30|2, 41, N/A, 30.33, 0|3, 44, N/A, 27.84, 0|4, 44, N/A, 28.58, 0|5, 46, N/A, 27.86, 0|6, 43, N/A, 29.08, 0|
12:34:54 0, 70, N/A, 184.62, 100|1, 70, N/A, 178.74, 100|2, 42, N/A, 30.32, 0|3, 44, N/A, 28.09, 0|4, 45, N/A, 28.58, 0|5, 46, N/A, 27.86, 0|6, 43, N/A, 29.06, 0|
12:34:56 0, 70, N/A, 188.57, 100|1, 66, N/A, 54.71, 0|2, 42, N/A, 30.33, 0|3, 44, N/A, 28.09, 0|4, 44, N/A, 28.58, 0|5, 46, N/A, 27.86, 0|6, 43, N/A, 29.06, 0|
12:34:58 0, 67, N/A, 174.16, 47|1, 69, N/A, 182.17, 100|2, 42, N/A, 30.32, 0|3, 44, N/A, 28.09, 0|4, 44, N/A, 28.58, 0|5, 46, N/A, 27.86, 0|6, 42, N/A, 29.06, 0|
12:35:00 0, 71, N/A, 191.27, 100|1, 69, N/A, 59.63, 75|2, 42, N/A, 30.33, 0|3, 44, N/A, 28.09, 0|4, 44, N/A, 28.60, 0|5, 46, N/A, 27.86, 0|6, 42, N/A, 29.08, 0|
12:35:02 0, 67, N/A, 47.31, 0|1, 68, N/A, 208.55, 100|2, 42, N/A, 30.33, 0|3, 44, N/A, 28.09, 0|4, 44, N/A, 28.58, 0|5, 46, N/A, 27.86, 0|6, 43, N/A, 29.06, 0|
12:35:04 0, 65, N/A, 46.32, 0|1, 70, N/A, 198.25, 100|2, 41, N/A, 30.33, 0|3, 44, N/A, 27.84, 0|4, 44, N/A, 28.60, 0|5, 46, N/A, 27.86, 0|6, 43, N/A, 29.06, 0|
12:35:06 0, 69, N/A, 187.35, 100|1, 68, N/A, 56.68, 0|2, 41, N/A, 30.33, 0|3, 44, N/A, 27.84, 0|4, 44, N/A, 28.58, 0|5, 46, N/A, 27.86, 0|6, 42, N/A, 29.06, 0|
12:35:08 0, 70, N/A, 152.44, 100|1, 65, N/A, 53.23, 0|2, 41, N/A, 30.34, 0|3, 44, N/A, 27.84, 0|4, 44, N/A, 28.60, 0|5, 46, N/A, 27.86, 0|6, 43, N/A, 29.06, 0|
12:35:10 0, 68, N/A, 160.68, 100|1, 69, N/A, 213.55, 100|2, 42, N/A, 30.31, 0|3, 44, N/A, 28.09, 0|4, 44, N/A, 28.58, 0|5, 46, N/A, 27.86, 0|6, 43, N/A, 29.06, 0|
12:35:13 0, 70, N/A, 187.84, 100|1, 67, N/A, 55.44, 0|2, 41, N/A, 30.33, 0|3, 44, N/A, 27.84, 0|4, 44, N/A, 28.58, 0|5, 46, N/A, 27.86, 0|6, 43, N/A, 29.06, 0|
12:35:15 0, 66, N/A, 47.06, 0|1, 68, N/A, 193.34, 100|2, 42, N/A, 30.33, 0|3, 44, N/A, 27.84, 0|4, 44, N/A, 28.60, 0|5, 46, N/A, 27.86, 0|6, 43, N/A, 29.06, 0|
12:35:17 0, 70, N/A, 186.34, 100|1, 70, N/A, 179.56, 100|2, 41, N/A, 30.32, 0|3, 44, N/A, 28.09, 0|4, 44, N/A, 28.58, 0|5, 46, N/A, 27.86, 0|6, 43, N/A, 29.06, 0|
12:35:19 0, 68, N/A, 49.03, 0|1, 67, N/A, 201.06, 55|2, 41, N/A, 30.33, 0|3, 44, N/A, 28.09, 0|4, 44, N/A, 28.60, 0|5, 46, N/A, 27.86, 0|6, 43, N/A, 29.08, 0|
12:35:21 0, 69, N/A, 172.10, 100|1, 69, N/A, 194.67, 100|2, 41, N/A, 30.32, 0|3, 44, N/A, 28.09, 0|4, 44, N/A, 28.58, 0|5, 46, N/A, 27.86, 0|6, 43, N/A, 29.06, 0|
12:35:23 0, 71, N/A, 190.29, 100|1, 66, N/A, 54.71, 0|2, 42, N/A, 30.33, 0|3, 44, N/A, 28.09, 0|4, 44, N/A, 28.58, 0|5, 46, N/A, 27.86, 0|6, 43, N/A, 29.06, 0|
12:35:25 0, 66, N/A, 46.57, 0|1, 69, N/A, 195.07, 100|2, 41, N/A, 30.31, 0|3, 44, N/A, 28.09, 0|4, 44, N/A, 28.58, 0|5, 46, N/A, 27.86, 0|6, 43, N/A, 29.06, 0|
12:35:27 0, 64, N/A, 39.45, 0|1, 69, N/A, 60.13, 100|2, 41, N/A, 30.33, 0|3, 44, N/A, 27.86, 0|4, 44, N/A, 28.60, 0|5, 46, N/A, 27.88, 0|6, 42, N/A, 29.06, 0|
12:35:29 0, 68, N/A, 183.65, 100|1, 65, N/A, 53.97, 0|2, 41, N/A, 30.33, 0|3, 44, N/A, 27.84, 0|4, 44, N/A, 28.58, 0|5, 46, N/A, 27.86, 0|6, 43, N/A, 29.06, 0|
12:35:31 0, 66, N/A, 47.56, 0|1, 66, N/A, 176.38, 100|2, 41, N/A, 30.33, 0|3, 44, N/A, 27.84, 0|4, 44, N/A, 28.58, 0|5, 46, N/A, 27.86, 0|6, 42, N/A, 29.06, 0|
12:35:33 0, 68, N/A, 167.06, 100|1, 68, N/A, 208.28, 100|2, 41, N/A, 30.32, 0|3, 44, N/A, 27.84, 0|4, 44, N/A, 28.58, 0|5, 46, N/A, 27.61, 0|6, 42, N/A, 29.06, 0|
12:35:36 0, 69, N/A, 190.27, 100|1, 64, N/A, 52.98, 0|2, 41, N/A, 30.33, 0|3, 44, N/A, 28.09, 0|4, 44, N/A, 28.58, 0|5, 46, N/A, 27.86, 0|6, 42, N/A, 29.06, 0|
12:35:38 0, 67, N/A, 184.13, 100|1, 68, N/A, 206.81, 100|2, 41, N/A, 30.31, 0|3, 44, N/A, 28.09, 0|4, 44, N/A, 28.58, 0|5, 46, N/A, 27.61, 0|6, 42, N/A, 29.06, 0|
12:35:40 0, 68, N/A, 168.78, 100|1, 66, N/A, 55.44, 45|2, 41, N/A, 30.33, 0|3, 44, N/A, 27.60, 0|4, 44, N/A, 28.58, 0|5, 46, N/A, 27.61, 0|6, 42, N/A, 29.06, 0|
12:35:42 0, 65, N/A, 46.32, 0|1, 67, N/A, 183.90, 100|2, 41, N/A, 30.31, 0|3, 43, N/A, 27.84, 0|4, 44, N/A, 28.58, 0|5, 46, N/A, 27.61, 0|6, 42, N/A, 29.06, 0|
12:35:44 0, 68, N/A, 193.58, 100|1, 67, N/A, 206.57, 100|2, 41, N/A, 30.31, 0|3, 44, N/A, 27.84, 0|4, 44, N/A, 28.58, 0|5, 46, N/A, 27.86, 0|6, 42, N/A, 29.06, 0|
12:35:46 0, 68, N/A, 151.71, 100|1, 63, N/A, 51.99, 0|2, 41, N/A, 30.33, 0|3, 44, N/A, 27.84, 0|4, 44, N/A, 28.58, 0|5, 46, N/A, 27.86, 0|6, 42, N/A, 29.06, 0|
12:35:48 0, 63, N/A, 43.86, 0|1, 67, N/A, 207.57, 100|2, 41, N/A, 30.31, 0|3, 44, N/A, 27.84, 0|4, 44, N/A, 28.58, 0|5, 45, N/A, 27.61, 0|6, 42, N/A, 29.06, 0|
12:35:50 0, 65, N/A, 181.68, 100|1, 68, N/A, 205.08, 100|2, 41, N/A, 30.32, 0|3, 44, N/A, 28.09, 0|4, 44, N/A, 28.58, 0|5, 45, N/A, 27.61, 0|6, 42, N/A, 29.06, 0|
12:35:52 0, 67, N/A, 165.21, 100|1, 63, N/A, 51.99, 0|2, 41, N/A, 30.34, 0|3, 44, N/A, 27.84, 0|4, 44, N/A, 28.60, 0|5, 46, N/A, 27.62, 0|6, 42, N/A, 29.06, 0|
12:35:54 0, 64, N/A, 45.09, 0|1, 65, N/A, 173.18, 100|2, 41, N/A, 30.33, 0|3, 44, N/A, 27.84, 0|4, 44, N/A, 28.58, 0|5, 46, N/A, 27.63, 0|6, 42, N/A, 29.06, 0|
12:35:56 0, 67, N/A, 180.70, 100|1, 67, N/A, 202.40, 100|2, 41, N/A, 30.31, 0|3, 44, N/A, 27.84, 0|4, 44, N/A, 28.58, 0|5, 46, N/A, 27.86, 0|6, 42, N/A, 29.06, 0|
12:35:58 0, 68, N/A, 157.60, 100|1, 62, N/A, 50.79, 0|2, 41, N/A, 30.34, 0|3, 44, N/A, 27.84, 0|4, 44, N/A, 28.60, 0|5, 46, N/A, 27.63, 0|6, 42, N/A, 29.08, 0|
12:36:01 0, 67, N/A, 185.85, 100|1, 67, N/A, 201.42, 100|2, 41, N/A, 30.32, 0|3, 44, N/A, 27.84, 0|4, 44, N/A, 28.58, 0|5, 46, N/A, 27.86, 0|6, 42, N/A, 29.06, 0|
12:36:03 0, 68, N/A, 163.98, 100|1, 64, N/A, 51.99, 0|2, 41, N/A, 30.33, 0|3, 44, N/A, 27.84, 0|4, 44, N/A, 28.58, 0|5, 46, N/A, 27.61, 0|6, 42, N/A, 29.06, 0|
12:36:05 0, 64, N/A, 45.83, 0|1, 67, N/A, 200.21, 100|2, 41, N/A, 30.33, 0|3, 44, N/A, 27.60, 0|4, 44, N/A, 28.60, 0|5, 46, N/A, 27.86, 0|6, 42, N/A, 29.06, 0|
12:36:07 0, 68, N/A, 186.58, 100|1, 67, N/A, 181.92, 100|2, 41, N/A, 30.32, 0|3, 44, N/A, 28.09, 0|4, 44, N/A, 28.58, 0|5, 46, N/A, 27.86, 0|6, 42, N/A, 29.06, 0|
12:36:09 0, 66, N/A, 47.56, 10|1, 65, N/A, 201.19, 100|2, 41, N/A, 30.33, 0|3, 44, N/A, 27.84, 0|4, 44, N/A, 28.58, 0|5, 46, N/A, 27.61, 0|6, 42, N/A, 29.06, 0|
12:36:11 0, 64, N/A, 45.34, 0|1, 67, N/A, 186.58, 100|2, 41, N/A, 30.33, 0|3, 44, N/A, 28.09, 0|4, 44, N/A, 28.58, 0|5, 46, N/A, 27.86, 0|6, 42, N/A, 29.06, 0|
12:36:13 0, 66, N/A, 175.17, 100|1, 68, N/A, 167.29, 100|2, 41, N/A, 30.33, 0|3, 44, N/A, 28.09, 0|4, 44, N/A, 28.58, 0|5, 46, N/A, 27.61, 0|6, 42, N/A, 29.06, 0|
12:36:15 0, 68, N/A, 156.62, 100|1, 63, N/A, 52.24, 0|2, 41, N/A, 30.34, 0|3, 44, N/A, 28.09, 0|4, 44, N/A, 28.58, 0|5, 46, N/A, 27.61, 0|6, 42, N/A, 29.06, 0|
12:36:17 0, 64, N/A, 45.83, 0|1, 66, N/A, 198.37, 100|2, 41, N/A, 30.08, 0|3, 44, N/A, 27.84, 0|4, 44, N/A, 28.60, 0|5, 46, N/A, 27.86, 0|6, 42, N/A, 29.08, 0|
12:36:19 0, 69, N/A, 171.48, 100|1, 67, N/A, 161.65, 100|2, 41, N/A, 30.33, 0|3, 44, N/A, 27.84, 0|4, 44, N/A, 28.58, 0|5, 46, N/A, 27.86, 0|6, 42, N/A, 29.06, 0|
12:36:21 0, 67, N/A, 48.05, 76|1, 65, N/A, 199.97, 76|2, 41, N/A, 30.33, 0|3, 44, N/A, 28.09, 0|4, 44, N/A, 28.60, 0|5, 46, N/A, 27.86, 0|6, 42, N/A, 29.06, 0|
12:36:24 0, 68, N/A, 197.75, 100|1, 67, N/A, 163.46, 100|2, 41, N/A, 30.32, 0|3, 44, N/A, 27.84, 0|4, 44, N/A, 28.58, 0|5, 46, N/A, 27.86, 0|6, 42, N/A, 29.06, 0|
12:36:26 0, 69, N/A, 185.39, 100|1, 65, N/A, 52.73, 0|2, 41, N/A, 30.34, 0|3, 44, N/A, 28.09, 0|4, 44, N/A, 28.58, 0|5, 46, N/A, 27.61, 0|6, 42, N/A, 29.06, 0|
12:36:28 0, 65, N/A, 46.08, 0|1, 67, N/A, 198.48, 100|2, 41, N/A, 30.33, 0|3, 44, N/A, 28.09, 0|4, 44, N/A, 28.60, 0|5, 46, N/A, 27.86, 0|6, 42, N/A, 29.06, 0|
12:36:30 0, 69, N/A, 178.74, 100|1, 68, N/A, 207.55, 100|2, 41, N/A, 30.31, 0|3, 44, N/A, 28.09, 0|4, 44, N/A, 28.58, 0|5, 46, N/A, 27.61, 0|6, 42, N/A, 29.06, 0|
12:36:32 0, 66, N/A, 47.31, 0|1, 66, N/A, 160.53, 100|2, 41, N/A, 30.33, 0|3, 44, N/A, 27.84, 0|4, 44, N/A, 28.60, 0|5, 46, N/A, 27.86, 0|6, 42, N/A, 29.06, 0|
12:36:34 0, 64, N/A, 45.58, 0|1, 68, N/A, 208.30, 100|2, 41, N/A, 30.33, 0|3, 44, N/A, 28.09, 0|4, 44, N/A, 28.58, 0|5, 46, N/A, 27.86, 0|6, 42, N/A, 29.06, 0|
12:36:36 0, 67, N/A, 184.13, 100|1, 69, N/A, 206.32, 100|2, 41, N/A, 30.32, 0|3, 44, N/A, 27.84, 0|4, 44, N/A, 28.58, 0|5, 46, N/A, 27.86, 0|6, 42, N/A, 29.06, 0|
12:36:38 0, 68, N/A, 197.88, 100|1, 64, N/A, 52.24, 0|2, 41, N/A, 30.34, 0|3, 44, N/A, 27.84, 0|4, 44, N/A, 28.60, 0|5, 46, N/A, 27.86, 0|6, 42, N/A, 29.06, 0|
12:36:40 0, 65, N/A, 46.08, 0|1, 67, N/A, 207.08, 100|2, 41, N/A, 30.31, 0|3, 44, N/A, 28.09, 0|4, 44, N/A, 28.58, 0|5, 46, N/A, 27.61, 0|6, 42, N/A, 29.06, 0|
12:36:42 0, 69, N/A, 169.02, 100|1, 68, N/A, 175.16, 100|2, 41, N/A, 30.33, 0|3, 44, N/A, 27.84, 0|4, 44, N/A, 28.58, 0|5, 46, N/A, 27.86, 0|6, 42, N/A, 29.06, 0|
12:36:44 0, 67, N/A, 48.79, 26|1, 65, N/A, 203.15, 25|2, 41, N/A, 30.33, 0|3, 44, N/A, 27.84, 0|4, 44, N/A, 28.60, 0|5, 46, N/A, 27.86, 0|6, 42, N/A, 29.06, 0|
12:36:47 0, 69, N/A, 178.35, 100|1, 68, N/A, 178.09, 100|2, 41, N/A, 30.32, 0|3, 44, N/A, 28.09, 0|4, 44, N/A, 28.58, 0|5, 46, N/A, 27.86, 0|6, 42, N/A, 29.06, 0|
12:36:49 0, 69, N/A, 180.82, 100|1, 65, N/A, 53.72, 0|2, 41, N/A, 30.33, 0|3, 44, N/A, 27.84, 0|4, 44, N/A, 28.58, 0|5, 46, N/A, 27.86, 0|6, 42, N/A, 29.06, 0|
12:36:51 0, 65, N/A, 46.82, 0|1, 68, N/A, 201.93, 100|2, 41, N/A, 30.33, 0|3, 44, N/A, 28.09, 0|4, 44, N/A, 28.58, 0|5, 46, N/A, 27.88, 0|6, 42, N/A, 29.06, 0|
12:36:53 0, 69, N/A, 164.60, 100|1, 69, N/A, 203.63, 100|2, 41, N/A, 30.31, 0|3, 44, N/A, 27.84, 0|4, 44, N/A, 28.58, 0|5, 46, N/A, 27.86, 0|6, 42, N/A, 29.06, 0|
12:36:55 0, 67, N/A, 48.29, 0|1, 67, N/A, 207.08, 100|2, 41, N/A, 30.33, 0|3, 44, N/A, 27.84, 0|4, 44, N/A, 28.60, 0|5, 46, N/A, 27.88, 0|6, 42, N/A, 29.06, 0|
12:36:57 0, 65, N/A, 46.57, 0|1, 68, N/A, 193.94, 100|2, 41, N/A, 30.33, 0|3, 44, N/A, 28.09, 0|4, 44, N/A, 28.60, 0|5, 46, N/A, 27.86, 0|6, 42, N/A, 29.06, 0|
12:36:59 0, 67, N/A, 155.53, 100|1, 70, N/A, 212.57, 100|2, 41, N/A, 30.31, 0|3, 44, N/A, 27.84, 0|4, 44, N/A, 28.58, 0|5, 46, N/A, 27.86, 0|6, 42, N/A, 29.06, 0|
12:37:01 0, 69, N/A, 188.82, 100|1, 64, N/A, 53.23, 0|2, 41, N/A, 30.33, 0|3, 44, N/A, 28.09, 0|4, 44, N/A, 28.58, 0|5, 46, N/A, 27.86, 0|6, 42, N/A, 29.06, 0|
12:37:03 0, 65, N/A, 46.32, 0|1, 67, N/A, 171.22, 100|2, 41, N/A, 30.33, 0|3, 44, N/A, 27.84, 0|4, 44, N/A, 28.58, 0|5, 46, N/A, 27.86, 0|6, 42, N/A, 29.08, 0|
12:37:05 0, 69, N/A, 188.05, 100|1, 69, N/A, 207.06, 100|2, 41, N/A, 30.31, 0|3, 44, N/A, 27.84, 0|4, 44, N/A, 28.58, 0|5, 46, N/A, 27.86, 0|6, 42, N/A, 29.06, 0|
12:37:07 0, 70, N/A, 195.07, 100|1, 64, N/A, 52.49, 0|2, 41, N/A, 30.33, 0|3, 44, N/A, 27.84, 0|4, 44, N/A, 28.60, 0|5, 46, N/A, 27.86, 0|6, 42, N/A, 29.08, 0|
12:37:10 0, 68, N/A, 152.68, 100|1, 68, N/A, 204.38, 100|2, 41, N/A, 30.32, 0|3, 44, N/A, 28.09, 0|4, 44, N/A, 28.58, 0|5, 46, N/A, 27.61, 0|6, 42, N/A, 29.06, 0|
12:37:12 0, 70, N/A, 186.61, 100|1, 66, N/A, 54.95, 0|2, 41, N/A, 30.33, 0|3, 44, N/A, 28.09, 0|4, 44, N/A, 28.58, 0|5, 46, N/A, 27.86, 0|6, 42, N/A, 29.06, 0|
12:37:14 0, 66, N/A, 46.57, 0|1, 68, N/A, 200.95, 100|2, 41, N/A, 30.33, 0|3, 44, N/A, 28.09, 0|4, 44, N/A, 28.60, 0|5, 46, N/A, 27.88, 0|6, 42, N/A, 29.06, 0|
12:37:16 0, 70, N/A, 188.30, 100|1, 69, N/A, 210.00, 100|2, 41, N/A, 30.31, 0|3, 44, N/A, 27.84, 0|4, 44, N/A, 28.58, 0|5, 46, N/A, 27.86, 0|6, 43, N/A, 29.06, 0|
12:37:18 0, 70, N/A, 184.64, 100|1, 64, N/A, 53.23, 0|2, 41, N/A, 30.33, 0|3, 44, N/A, 28.09, 0|4, 44, N/A, 28.60, 0|5, 46, N/A, 27.86, 0|6, 42, N/A, 29.08, 0|
12:37:20 0, 65, N/A, 46.08, 0|1, 69, N/A, 207.81, 100|2, 41, N/A, 30.33, 0|3, 44, N/A, 27.84, 0|4, 44, N/A, 28.58, 0|5, 46, N/A, 27.61, 0|6, 42, N/A, 29.06, 0|
12:37:22 0, 66, N/A, 180.94, 100|1, 70, N/A, 209.75, 100|2, 41, N/A, 30.32, 0|3, 44, N/A, 27.84, 0|4, 44, N/A, 28.58, 0|5, 46, N/A, 27.86, 0|6, 42, N/A, 29.06, 0|
12:37:24 0, 70, N/A, 175.17, 100|1, 65, N/A, 53.72, 0|2, 41, N/A, 30.34, 0|3, 44, N/A, 28.09, 0|4, 44, N/A, 28.58, 0|5, 46, N/A, 27.86, 0|6, 42, N/A, 29.06, 0|
12:37:26 0, 66, N/A, 47.31, 0|1, 67, N/A, 190.01, 100|2, 41, N/A, 30.33, 0|3, 44, N/A, 27.84, 0|4, 44, N/A, 28.60, 0|5, 46, N/A, 27.88, 0|6, 42, N/A, 29.08, 0|
12:37:28 0, 69, N/A, 187.56, 100|1, 69, N/A, 208.77, 100|2, 42, N/A, 30.32, 0|3, 44, N/A, 27.84, 0|4, 44, N/A, 28.58, 0|5, 46, N/A, 27.86, 0|6, 42, N/A, 29.06, 0|
12:37:30 0, 70, N/A, 159.56, 100|1, 65, N/A, 53.72, 0|2, 41, N/A, 30.33, 0|3, 44, N/A, 27.84, 0|4, 44, N/A, 28.60, 0|5, 46, N/A, 27.86, 0|6, 42, N/A, 29.08, 0|
12:37:32 0, 67, N/A, 165.09, 19|1, 68, N/A, 205.10, 100|2, 42, N/A, 30.31, 0|3, 44, N/A, 27.84, 0|4, 44, N/A, 28.58, 0|5, 46, N/A, 27.86, 0|6, 43, N/A, 29.06, 0|
12:37:35 0, 70, N/A, 189.52, 100|1, 70, N/A, 180.79, 100|2, 41, N/A, 30.32, 0|3, 44, N/A, 27.84, 0|4, 44, N/A, 28.58, 0|5, 46, N/A, 27.61, 0|6, 42, N/A, 29.06, 0|
12:37:37 0, 67, N/A, 47.81, 0|1, 67, N/A, 173.70, 100|2, 41, N/A, 30.33, 0|3, 44, N/A, 27.86, 0|4, 44, N/A, 28.60, 0|5, 46, N/A, 27.86, 0|6, 42, N/A, 29.06, 0|
12:37:39 0, 69, N/A, 180.21, 100|1, 69, N/A, 207.79, 100|2, 41, N/A, 30.32, 0|3, 44, N/A, 27.84, 0|4, 44, N/A, 28.58, 0|5, 46, N/A, 27.86, 0|6, 42, N/A, 29.06, 0|
12:37:41 0, 71, N/A, 188.82, 100|1, 65, N/A, 53.97, 0|2, 41, N/A, 30.34, 0|3, 44, N/A, 28.09, 0|4, 44, N/A, 28.58, 0|5, 46, N/A, 27.88, 0|6, 42, N/A, 29.06, 0|
12:37:43 0, 66, N/A, 46.57, 0|1, 69, N/A, 168.29, 100|2, 41, N/A, 30.33, 0|3, 44, N/A, 27.84, 0|4, 44, N/A, 28.60, 0|5, 46, N/A, 27.86, 0|6, 43, N/A, 29.08, 0|
12:37:45 0, 64, N/A, 39.67, 0|1, 70, N/A, 209.77, 100|2, 42, N/A, 30.31, 0|3, 44, N/A, 27.84, 0|4, 44, N/A, 28.58, 0|5, 46, N/A, 27.86, 0|6, 42, N/A, 29.06, 0|
12:37:47 0, 69, N/A, 187.35, 100|1, 66, N/A, 54.95, 6|2, 41, N/A, 30.33, 0|3, 44, N/A, 27.84, 0|4, 44, N/A, 28.58, 0|5, 46, N/A, 27.86, 0|6, 43, N/A, 29.06, 0|
12:37:49 0, 70, N/A, 163.72, 100|1, 64, N/A, 44.63, 0|2, 41, N/A, 30.33, 0|3, 44, N/A, 28.09, 0|4, 44, N/A, 28.58, 0|5, 46, N/A, 27.86, 0|6, 42, N/A, 29.06, 0|
12:37:51 0, 68, N/A, 146.04, 100|1, 68, N/A, 176.62, 100|2, 41, N/A, 30.33, 0|3, 44, N/A, 27.84, 0|4, 44, N/A, 28.58, 0|5, 46, N/A, 27.86, 0|6, 42, N/A, 29.06, 0|
12:37:53 0, 70, N/A, 185.88, 100|1, 67, N/A, 55.94, 0|2, 41, N/A, 30.34, 0|3, 44, N/A, 28.09, 0|4, 44, N/A, 28.58, 0|5, 46, N/A, 27.86, 0|6, 42, N/A, 29.06, 0|
12:37:55 0, 66, N/A, 46.82, 0|1, 68, N/A, 178.35, 100|2, 41, N/A, 30.33, 0|3, 44, N/A, 28.09, 0|4, 44, N/A, 28.60, 0|5, 46, N/A, 27.86, 0|6, 43, N/A, 29.06, 0|
12:37:58 0, 70, N/A, 153.66, 100|1, 69, N/A, 190.99, 100|2, 41, N/A, 30.33, 0|3, 44, N/A, 28.09, 0|4, 44, N/A, 28.58, 0|5, 46, N/A, 27.86, 0|6, 43, N/A, 29.06, 0|
12:38:00 0, 70, N/A, 188.08, 100|1, 65, N/A, 53.72, 0|2, 41, N/A, 30.33, 0|3, 44, N/A, 27.84, 0|4, 44, N/A, 28.58, 0|5, 46, N/A, 27.86, 0|6, 43, N/A, 29.06, 0|
12:38:02 0, 68, N/A, 187.32, 100|1, 70, N/A, 188.53, 100|2, 41, N/A, 30.32, 0|3, 44, N/A, 27.84, 0|4, 44, N/A, 28.58, 0|5, 46, N/A, 27.86, 0|6, 43, N/A, 29.06, 0|
12:38:04 0, 70, N/A, 182.03, 100|1, 68, N/A, 57.66, 80|2, 41, N/A, 30.33, 0|3, 44, N/A, 28.09, 0|4, 44, N/A, 28.60, 0|5, 46, N/A, 27.86, 0|6, 43, N/A, 29.06, 0|
12:38:06 0, 67, N/A, 47.31, 0|1, 68, N/A, 204.38, 100|2, 41, N/A, 30.33, 0|3, 44, N/A, 27.84, 0|4, 44, N/A, 28.60, 0|5, 46, N/A, 27.86, 0|6, 43, N/A, 29.06, 0|
12:38:08 0, 65, N/A, 46.08, 0|1, 70, N/A, 209.28, 100|2, 41, N/A, 30.33, 0|3, 44, N/A, 27.84, 0|4, 44, N/A, 28.60, 0|5, 46, N/A, 27.88, 0|6, 43, N/A, 29.08, 0|
12:38:10 0, 68, N/A, 187.81, 100|1, 70, N/A, 212.21, 100|2, 41, N/A, 30.32, 0|3, 44, N/A, 27.84, 0|4, 44, N/A, 28.58, 0|5, 46, N/A, 27.86, 0|6, 42, N/A, 29.06, 0|
12:38:12 0, 70, N/A, 146.31, 100|1, 65, N/A, 53.47, 0|2, 41, N/A, 30.34, 0|3, 44, N/A, 28.09, 0|4, 44, N/A, 28.60, 0|5, 46, N/A, 27.86, 0|6, 42, N/A, 29.06, 0|
12:38:14 0, 65, N/A, 46.57, 0|1, 68, N/A, 177.99, 100|2, 41, N/A, 30.33, 0|3, 44, N/A, 28.09, 0|4, 44, N/A, 28.60, 0|5, 46, N/A, 27.86, 0|6, 42, N/A, 29.06, 0|
12:38:16 0, 70, N/A, 186.34, 100|1, 70, N/A, 210.73, 100|2, 41, N/A, 30.31, 0|3, 44, N/A, 27.84, 0|4, 44, N/A, 28.58, 0|5, 46, N/A, 27.86, 0|6, 43, N/A, 29.06, 0|
12:38:18 0, 71, N/A, 188.31, 100|1, 65, N/A, 53.47, 0|2, 41, N/A, 30.33, 0|3, 44, N/A, 28.09, 0|4, 44, N/A, 28.58, 0|5, 46, N/A, 27.86, 0|6, 43, N/A, 29.08, 0|
12:38:21 0, 69, N/A, 159.55, 100|1, 69, N/A, 178.49, 100|2, 41, N/A, 30.32, 0|3, 44, N/A, 27.84, 0|4, 44, N/A, 28.58, 0|5, 46, N/A, 27.86, 0|6, 42, N/A, 29.06, 0|
12:38:23 0, 70, N/A, 184.74, 100|1, 67, N/A, 56.43, 16|2, 41, N/A, 30.34, 0|3, 44, N/A, 27.84, 0|4, 44, N/A, 28.60, 0|5, 46, N/A, 27.88, 0|6, 43, N/A, 29.06, 0|
12:38:25 0, 66, N/A, 47.31, 0|1, 69, N/A, 209.04, 100|2, 41, N/A, 30.33, 0|3, 44, N/A, 28.09, 0|4, 44, N/A, 28.60, 0|5, 46, N/A, 27.88, 0|6, 43, N/A, 29.08, 0|
12:38:27 0, 70, N/A, 167.80, 100|1, 70, N/A, 183.15, 100|2, 41, N/A, 30.32, 0|3, 44, N/A, 28.09, 0|4, 44, N/A, 28.58, 0|5, 46, N/A, 27.86, 0|6, 43, N/A, 29.06, 0|
12:38:29 0, 70, N/A, 183.90, 100|1, 65, N/A, 53.97, 0|2, 41, N/A, 30.33, 0|3, 44, N/A, 28.09, 0|4, 44, N/A, 28.58, 0|5, 46, N/A, 27.86, 0|6, 42, N/A, 29.08, 0|
12:38:31 0, 66, N/A, 46.57, 0|1, 69, N/A, 209.28, 100|2, 41, N/A, 30.31, 0|3, 44, N/A, 27.84, 0|4, 44, N/A, 28.83, 0|5, 46, N/A, 27.86, 0|6, 42, N/A, 29.06, 0|
12:38:33 0, 64, N/A, 39.69, 0|1, 70, N/A, 206.83, 100|2, 41, N/A, 30.31, 0|3, 44, N/A, 27.84, 0|4, 44, N/A, 28.60, 0|5, 46, N/A, 27.88, 0|6, 43, N/A, 29.08, 0|
12:38:35 0, 69, N/A, 188.08, 100|1, 66, N/A, 55.20, 0|2, 42, N/A, 30.34, 0|3, 44, N/A, 28.09, 0|4, 44, N/A, 28.58, 0|5, 46, N/A, 27.86, 0|6, 43, N/A, 29.06, 0|
12:38:37 0, 70, N/A, 151.79, 100|1, 64, N/A, 44.38, 0|2, 41, N/A, 30.34, 0|3, 44, N/A, 27.84, 0|4, 44, N/A, 28.60, 0|5, 46, N/A, 27.61, 0|6, 42, N/A, 29.06, 0|
12:38:39 0, 68, N/A, 156.35, 100|1, 69, N/A, 205.24, 100|2, 41, N/A, 30.32, 0|3, 44, N/A, 28.09, 0|4, 44, N/A, 28.58, 0|5, 46, N/A, 27.86, 0|6, 43, N/A, 29.06, 0|
12:38:41 0, 70, N/A, 185.14, 100|1, 67, N/A, 56.18, 0|2, 41, N/A, 30.33, 0|3, 44, N/A, 28.09, 0|4, 44, N/A, 28.58, 0|5, 46, N/A, 27.86, 0|6, 42, N/A, 29.06, 0|
12:38:43 0, 66, N/A, 47.31, 0|1, 69, N/A, 208.06, 100|2, 41, N/A, 30.31, 0|3, 44, N/A, 28.09, 0|4, 44, N/A, 28.58, 0|5, 46, N/A, 27.86, 0|6, 43, N/A, 29.06, 0|
12:38:46 0, 70, N/A, 158.80, 100|1, 70, N/A, 207.43, 100|2, 41, N/A, 30.31, 0|3, 44, N/A, 28.09, 0|4, 44, N/A, 28.58, 0|5, 46, N/A, 27.86, 0|6, 42, N/A, 29.06, 0|
12:38:48 0, 70, N/A, 183.02, 100|1, 66, N/A, 53.97, 0|2, 41, N/A, 30.33, 0|3, 44, N/A, 27.86, 0|4, 44, N/A, 28.60, 0|5, 46, N/A, 27.61, 0|6, 42, N/A, 29.08, 0|
12:38:50 0, 67, N/A, 152.59, 100|1, 69, N/A, 209.02, 100|2, 41, N/A, 30.31, 0|3, 44, N/A, 28.09, 0|4, 44, N/A, 28.58, 0|5, 46, N/A, 27.86, 0|6, 43, N/A, 29.06, 0|
12:38:52 0, 70, N/A, 189.28, 100|1, 71, N/A, 212.21, 100|2, 41, N/A, 30.32, 0|3, 44, N/A, 28.09, 0|4, 44, N/A, 28.58, 0|5, 46, N/A, 27.86, 0|6, 43, N/A, 29.06, 0|
12:38:54 0, 68, N/A, 48.05, 0|1, 68, N/A, 205.85, 100|2, 42, N/A, 30.33, 0|3, 44, N/A, 28.09, 0|4, 44, N/A, 28.60, 0|5, 46, N/A, 27.88, 0|6, 43, N/A, 29.08, 0|
12:38:56 0, 65, N/A, 46.33, 0|1, 70, N/A, 171.97, 100|2, 41, N/A, 30.33, 0|3, 44, N/A, 28.09, 0|4, 44, N/A, 28.60, 0|5, 46, N/A, 27.86, 0|6, 42, N/A, 29.06, 0|
12:38:58 0, 68, N/A, 184.87, 100|1, 71, N/A, 209.02, 100|2, 42, N/A, 30.31, 0|3, 44, N/A, 28.09, 0|4, 44, N/A, 28.58, 0|5, 46, N/A, 27.86, 0|6, 43, N/A, 29.06, 0|
12:39:00 0, 69, N/A, 156.62, 100|1, 65, N/A, 53.97, 0|2, 41, N/A, 30.33, 0|3, 44, N/A, 27.84, 0|4, 44, N/A, 28.58, 0|5, 46, N/A, 27.86, 0|6, 42, N/A, 29.06, 0|
12:39:02 0, 67, N/A, 47.06, 0|1, 68, N/A, 206.83, 100|2, 42, N/A, 30.31, 0|3, 44, N/A, 27.84, 0|4, 44, N/A, 28.58, 0|5, 46, N/A, 27.86, 0|6, 42, N/A, 29.06, 0|
12:39:04 0, 70, N/A, 188.30, 100|1, 70, N/A, 210.98, 100|2, 41, N/A, 30.31, 0|3, 44, N/A, 28.09, 0|4, 44, N/A, 28.58, 0|5, 46, N/A, 27.86, 0|6, 42, N/A, 29.06, 0|
12:39:06 0, 71, N/A, 170.51, 100|1, 66, N/A, 54.21, 0|2, 41, N/A, 30.34, 0|3, 44, N/A, 27.84, 0|4, 44, N/A, 28.58, 0|5, 46, N/A, 27.86, 0|6, 43, N/A, 29.08, 0|
12:39:09 0, 66, N/A, 47.32, 0|1, 69, N/A, 181.69, 100|2, 41, N/A, 30.33, 0|3, 44, N/A, 27.84, 0|4, 44, N/A, 28.58, 0|5, 46, N/A, 27.86, 0|6, 42, N/A, 29.06, 0|
12:39:11 0, 70, N/A, 149.96, 100|1, 70, N/A, 204.61, 100|2, 41, N/A, 30.32, 0|3, 44, N/A, 28.09, 0|4, 44, N/A, 28.58, 0|5, 46, N/A, 27.86, 0|6, 42, N/A, 29.06, 0|
12:39:13 0, 69, N/A, 48.79, 41|1, 67, N/A, 203.89, 100|2, 41, N/A, 30.33, 0|3, 44, N/A, 27.86, 0|4, 44, N/A, 28.60, 0|5, 46, N/A, 27.88, 0|6, 43, N/A, 29.08, 0|
12:39:15 0, 69, N/A, 187.07, 100|1, 70, N/A, 210.24, 100|2, 41, N/A, 30.31, 0|3, 44, N/A, 28.09, 0|4, 44, N/A, 28.58, 0|5, 46, N/A, 27.86, 0|6, 43, N/A, 29.06, 0|
12:39:17 0, 71, N/A, 191.27, 100|1, 67, N/A, 55.44, 0|2, 41, N/A, 30.33, 0|3, 44, N/A, 28.09, 0|4, 44, N/A, 28.58, 0|5, 46, N/A, 27.86, 0|6, 43, N/A, 29.06, 0|
12:39:19 0, 66, N/A, 47.06, 0|1, 68, N/A, 184.87, 100|2, 41, N/A, 30.33, 0|3, 44, N/A, 27.84, 0|4, 44, N/A, 28.58, 0|5, 46, N/A, 27.86, 0|6, 42, N/A, 29.06, 0|
12:39:21 0, 64, N/A, 39.67, 0|1, 69, N/A, 178.85, 100|2, 41, N/A, 30.33, 0|3, 44, N/A, 27.84, 0|4, 44, N/A, 28.60, 0|5, 46, N/A, 27.86, 0|6, 42, N/A, 29.06, 0|
12:39:23 0, 68, N/A, 158.71, 100|1, 70, N/A, 213.80, 100|2, 41, N/A, 30.31, 0|3, 44, N/A, 27.84, 0|4, 44, N/A, 28.58, 0|5, 46, N/A, 27.86, 0|6, 42, N/A, 29.06, 0|
12:39:25 0, 69, N/A, 162.26, 100|1, 64, N/A, 52.73, 0|2, 41, N/A, 30.34, 0|3, 44, N/A, 27.84, 0|4, 44, N/A, 28.60, 0|5, 46, N/A, 27.86, 0|6, 42, N/A, 29.06, 0|
12:39:27 0, 65, N/A, 46.08, 0|1, 67, N/A, 181.68, 100|2, 41, N/A, 30.31, 0|3, 44, N/A, 27.84, 0|4, 44, N/A, 28.58, 0|5, 46, N/A, 27.86, 0|6, 42, N/A, 29.06, 0|
12:39:29 0, 68, N/A, 178.49, 100|1, 68, N/A, 204.61, 100|2, 41, N/A, 30.31, 0|3, 44, N/A, 28.09, 0|4, 44, N/A, 28.58, 0|5, 46, N/A, 27.86, 0|6, 42, N/A, 29.06, 0|
12:39:32 0, 69, N/A, 188.33, 100|1, 63, N/A, 51.99, 0|2, 41, N/A, 30.33, 0|3, 44, N/A, 27.84, 0|4, 44, N/A, 28.58, 0|5, 46, N/A, 27.61, 0|6, 42, N/A, 29.06, 0|
12:39:34 0, 67, N/A, 186.83, 100|1, 67, N/A, 204.61, 100|2, 41, N/A, 30.31, 0|3, 44, N/A, 27.84, 0|4, 44, N/A, 28.58, 0|5, 46, N/A, 27.61, 0|6, 42, N/A, 29.06, 0|
12:39:36 0, 69, N/A, 154.41, 100|1, 67, N/A, 58.40, 100|2, 41, N/A, 30.33, 0|3, 44, N/A, 27.84, 0|4, 44, N/A, 28.58, 0|5, 45, N/A, 27.61, 0|6, 42, N/A, 29.06, 0|
12:39:38 0, 65, N/A, 46.57, 0|1, 65, N/A, 163.23, 100|2, 41, N/A, 30.08, 0|3, 44, N/A, 27.84, 0|4, 44, N/A, 28.60, 0|5, 45, N/A, 27.61, 0|6, 42, N/A, 29.06, 0|
12:39:40 0, 67, N/A, 183.15, 100|1, 67, N/A, 178.25, 100|2, 41, N/A, 30.32, 0|3, 44, N/A, 27.60, 0|4, 44, N/A, 28.58, 0|5, 45, N/A, 27.61, 0|6, 42, N/A, 29.06, 0|
12:39:42 0, 68, N/A, 179.34, 100|1, 63, N/A, 52.73, 0|2, 41, N/A, 30.33, 0|3, 43, N/A, 27.84, 0|4, 44, N/A, 28.58, 0|5, 46, N/A, 27.61, 0|6, 42, N/A, 29.06, 0|
12:39:44 0, 64, N/A, 45.09, 0|1, 67, N/A, 199.97, 100|2, 41, N/A, 30.31, 0|3, 44, N/A, 27.84, 0|4, 44, N/A, 28.60, 0|5, 45, N/A, 27.86, 0|6, 42, N/A, 29.06, 0|
12:39:46 0, 62, N/A, 44.60, 0|1, 68, N/A, 200.95, 100|2, 41, N/A, 30.31, 0|3, 44, N/A, 27.84, 0|4, 44, N/A, 28.58, 0|5, 45, N/A, 27.61, 0|6, 42, N/A, 29.06, 0|
12:39:48 0, 66, N/A, 176.89, 100|1, 66, N/A, 55.20, 62|2, 41, N/A, 30.33, 0|3, 44, N/A, 27.84, 0|4, 44, N/A, 28.58, 0|5, 46, N/A, 27.86, 0|6, 42, N/A, 29.06, 0|
12:39:50 0, 68, N/A, 184.25, 100|1, 62, N/A, 49.56, 0|2, 41, N/A, 30.34, 0|3, 44, N/A, 27.84, 0|4, 44, N/A, 28.58, 0|5, 46, N/A, 27.86, 0|6, 42, N/A, 29.06, 0|
12:39:52 0, 63, N/A, 45.09, 0|1, 66, N/A, 201.93, 100|2, 41, N/A, 30.33, 0|3, 44, N/A, 27.84, 0|4, 44, N/A, 28.60, 0|5, 46, N/A, 27.63, 0|6, 42, N/A, 29.06, 0|
12:39:55 0, 68, N/A, 186.58, 100|1, 67, N/A, 166.07, 100|2, 41, N/A, 30.31, 0|3, 44, N/A, 27.60, 0|4, 44, N/A, 28.58, 0|5, 46, N/A, 27.61, 0|6, 42, N/A, 29.06, 0|
12:39:57 0, 69, N/A, 153.43, 100|1, 63, N/A, 51.01, 0|2, 41, N/A, 30.34, 0|3, 44, N/A, 27.84, 0|4, 44, N/A, 28.60, 0|5, 46, N/A, 27.61, 0|6, 42, N/A, 29.06, 0|
12:39:59 0, 67, N/A, 147.52, 100|1, 67, N/A, 194.43, 100|2, 41, N/A, 30.31, 0|3, 44, N/A, 27.60, 0|4, 44, N/A, 28.58, 0|5, 46, N/A, 27.61, 0|6, 42, N/A, 29.06, 0|
12:40:01 0, 68, N/A, 177.38, 100|1, 66, N/A, 55.44, 17|2, 41, N/A, 30.33, 0|3, 44, N/A, 28.09, 0|4, 44, N/A, 28.58, 0|5, 46, N/A, 27.61, 0|6, 42, N/A, 29.06, 0|
12:40:03 0, 65, N/A, 46.57, 0|1, 66, N/A, 183.40, 100|2, 41, N/A, 30.31, 0|3, 44, N/A, 27.84, 0|4, 44, N/A, 28.58, 0|5, 46, N/A, 27.61, 0|6, 42, N/A, 29.06, 0|
12:40:05 0, 68, N/A, 169.27, 100|1, 68, N/A, 207.30, 100|2, 41, N/A, 30.32, 0|3, 44, N/A, 27.84, 0|4, 44, N/A, 28.58, 0|5, 46, N/A, 27.86, 0|6, 42, N/A, 29.06, 0|
12:40:07 0, 69, N/A, 188.33, 100|1, 64, N/A, 53.47, 0|2, 41, N/A, 30.33, 0|3, 44, N/A, 27.84, 0|4, 44, N/A, 28.58, 0|5, 45, N/A, 27.61, 0|6, 42, N/A, 29.06, 0|
12:40:09 0, 65, N/A, 46.08, 0|1, 68, N/A, 208.30, 100|2, 41, N/A, 30.31, 0|3, 44, N/A, 28.09, 0|4, 44, N/A, 28.58, 0|5, 46, N/A, 27.86, 0|6, 42, N/A, 29.06, 0|
12:40:11 0, 63, N/A, 38.93, 0|1, 69, N/A, 198.01, 100|2, 41, N/A, 30.33, 0|3, 44, N/A, 27.84, 0|4, 44, N/A, 28.58, 0|5, 46, N/A, 27.86, 0|6, 42, N/A, 29.06, 0|
12:40:13 0, 67, N/A, 182.29, 100|1, 67, N/A, 56.43, 26|2, 41, N/A, 30.33, 0|3, 44, N/A, 27.84, 0|4, 44, N/A, 28.58, 0|5, 46, N/A, 27.61, 0|6, 42, N/A, 29.06, 0|
12:40:15 0, 69, N/A, 185.48, 100|1, 63, N/A, 52.24, 0|2, 41, N/A, 30.33, 0|3, 44, N/A, 27.84, 0|4, 44, N/A, 28.58, 0|5, 46, N/A, 27.86, 0|6, 42, N/A, 29.06, 0|
12:40:17 0, 64, N/A, 45.83, 0|1, 67, N/A, 201.93, 100|2, 41, N/A, 30.33, 0|3, 44, N/A, 28.09, 0|4, 44, N/A, 28.58, 0|5, 46, N/A, 27.86, 0|6, 42, N/A, 29.06, 0|
12:40:20 0, 69, N/A, 187.56, 100|1, 69, N/A, 177.86, 100|2, 41, N/A, 30.08, 0|3, 44, N/A, 27.84, 0|4, 44, N/A, 28.58, 0|5, 46, N/A, 27.61, 0|6, 42, N/A, 29.06, 0|
12:40:22 0, 70, N/A, 184.01, 100|1, 64, N/A, 52.52, 0|2, 41, N/A, 30.34, 0|3, 44, N/A, 28.09, 0|4, 44, N/A, 28.60, 0|5, 46, N/A, 27.63, 0|6, 42, N/A, 29.08, 0|
12:40:24 0, 68, N/A, 186.09, 100|1, 68, N/A, 169.01, 100|2, 41, N/A, 30.32, 0|3, 44, N/A, 27.84, 0|4, 44, N/A, 28.58, 0|5, 46, N/A, 27.86, 0|6, 42, N/A, 29.06, 0|
12:40:26 0, 69, N/A, 183.76, 100|1, 68, N/A, 57.66, 55|2, 41, N/A, 30.34, 0|3, 44, N/A, 27.84, 0|4, 44, N/A, 28.60, 0|5, 46, N/A, 27.88, 0|6, 42, N/A, 29.06, 0|
12:40:28 0, 66, N/A, 47.06, 0|1, 66, N/A, 165.59, 100|2, 41, N/A, 30.33, 0|3, 44, N/A, 27.84, 0|4, 44, N/A, 28.60, 0|5, 46, N/A, 27.88, 0|6, 43, N/A, 29.06, 0|
12:40:30 0, 68, N/A, 184.62, 100|1, 68, N/A, 164.60, 100|2, 41, N/A, 30.32, 0|3, 44, N/A, 27.84, 0|4, 44, N/A, 28.58, 0|5, 46, N/A, 27.86, 0|6, 42, N/A, 29.06, 0|
12:40:32 0, 69, N/A, 170.01, 100|1, 65, N/A, 53.97, 0|2, 41, N/A, 30.33, 0|3, 44, N/A, 28.09, 0|4, 44, N/A, 28.58, 0|5, 46, N/A, 27.86, 0|6, 42, N/A, 29.06, 0|
12:40:34 0, 65, N/A, 46.57, 0|1, 67, N/A, 169.52, 100|2, 41, N/A, 30.33, 0|3, 44, N/A, 27.84, 0|4, 44, N/A, 28.60, 0|5, 46, N/A, 27.88, 0|6, 42, N/A, 29.08, 0|
12:40:36 0, 64, N/A, 45.58, 0|1, 69, N/A, 209.53, 100|2, 41, N/A, 30.33, 0|3, 44, N/A, 28.09, 0|4, 44, N/A, 28.58, 0|5, 46, N/A, 27.61, 0|6, 42, N/A, 29.06, 0|
12:40:38 0, 68, N/A, 158.32, 100|1, 70, N/A, 212.94, 100|2, 41, N/A, 30.32, 0|3, 44, N/A, 27.84, 0|4, 44, N/A, 28.58, 0|5, 46, N/A, 27.61, 0|6, 43, N/A, 29.06, 0|
12:40:40 0, 69, N/A, 161.28, 100|1, 64, N/A, 52.98, 0|2, 41, N/A, 30.34, 0|3, 44, N/A, 28.09, 0|4, 44, N/A, 28.58, 0|5, 46, N/A, 27.86, 0|6, 42, N/A, 29.06, 0|
12:40:43 0, 65, N/A, 46.32, 0|1, 67, N/A, 182.17, 100|2, 41, N/A, 30.31, 0|3, 44, N/A, 27.84, 0|4, 44, N/A, 28.58, 0|5, 46, N/A, 27.86, 0|6, 42, N/A, 29.06, 0|
12:40:45 0, 68, N/A, 148.25, 100|1, 68, N/A, 198.48, 100|2, 41, N/A, 30.31, 0|3, 44, N/A, 28.09, 0|4, 44, N/A, 28.58, 0|5, 46, N/A, 27.86, 0|6, 43, N/A, 29.06, 0|
12:40:47 0, 69, N/A, 169.30, 100|1, 64, N/A, 53.23, 0|2, 41, N/A, 30.34, 0|3, 44, N/A, 28.09, 0|4, 44, N/A, 28.60, 0|5, 46, N/A, 27.63, 0|6, 43, N/A, 29.08, 0|
12:40:49 0, 66, N/A, 196.28, 17|1, 68, N/A, 206.08, 100|2, 41, N/A, 30.31, 0|3, 44, N/A, 27.84, 0|4, 44, N/A, 28.58, 0|5, 46, N/A, 27.86, 0|6, 43, N/A, 29.06, 0|
12:40:51 0, 69, N/A, 178.98, 100|1, 69, N/A, 210.00, 100|2, 41, N/A, 30.32, 0|3, 44, N/A, 27.84, 0|4, 44, N/A, 28.58, 0|5, 46, N/A, 27.86, 0|6, 42, N/A, 29.06, 0|
12:40:53 0, 68, N/A, 48.54, 61|1, 66, N/A, 203.65, 84|2, 41, N/A, 30.33, 0|3, 44, N/A, 27.84, 0|4, 44, N/A, 28.60, 0|5, 46, N/A, 27.86, 0|6, 43, N/A, 29.06, 0|
12:40:55 0, 68, N/A, 181.92, 100|1, 69, N/A, 209.51, 100|2, 41, N/A, 30.32, 0|3, 44, N/A, 27.84, 0|4, 44, N/A, 28.58, 0|5, 46, N/A, 27.86, 0|6, 42, N/A, 29.06, 0|
12:40:57 0, 70, N/A, 188.82, 100|1, 67, N/A, 55.69, 0|2, 41, N/A, 30.33, 0|3, 44, N/A, 27.84, 0|4, 44, N/A, 28.58, 0|5, 46, N/A, 27.86, 0|6, 42, N/A, 29.06, 0|
12:40:59 0, 66, N/A, 47.31, 0|1, 68, N/A, 208.06, 100|2, 41, N/A, 30.31, 0|3, 44, N/A, 28.09, 0|4, 44, N/A, 28.58, 0|5, 46, N/A, 27.86, 0|6, 43, N/A, 29.06, 0|
12:41:01 0, 64, N/A, 39.20, 0|1, 70, N/A, 211.73, 100|2, 41, N/A, 30.33, 0|3, 44, N/A, 27.84, 0|4, 44, N/A, 28.60, 0|5, 46, N/A, 27.88, 0|6, 43, N/A, 29.06, 0|
12:41:03 0, 67, N/A, 182.41, 100|1, 70, N/A, 212.94, 100|2, 41, N/A, 30.32, 0|3, 44, N/A, 27.84, 0|4, 44, N/A, 28.58, 0|5, 46, N/A, 27.86, 0|6, 42, N/A, 29.06, 0|
12:41:05 0, 69, N/A, 180.71, 100|1, 65, N/A, 53.47, 0|2, 41, N/A, 30.33, 0|3, 44, N/A, 27.84, 0|4, 44, N/A, 28.60, 0|5, 46, N/A, 27.86, 0|6, 43, N/A, 29.06, 0|
12:41:08 0, 66, N/A, 47.07, 0|1, 66, N/A, 183.88, 100|2, 41, N/A, 30.33, 0|3, 44, N/A, 27.84, 0|4, 44, N/A, 28.60, 0|5, 46, N/A, 27.63, 0|6, 43, N/A, 29.08, 0|
12:41:10 0, 68, N/A, 189.91, 100|1, 69, N/A, 208.28, 100|2, 41, N/A, 30.31, 0|3, 44, N/A, 27.84, 0|4, 44, N/A, 28.58, 0|5, 46, N/A, 27.86, 0|6, 43, N/A, 29.06, 0|
12:41:12 0, 69, N/A, 169.79, 100|1, 65, N/A, 54.21, 0|2, 41, N/A, 30.34, 0|3, 44, N/A, 28.09, 0|4, 44, N/A, 28.60, 0|5, 46, N/A, 27.63, 0|6, 43, N/A, 29.06, 0|
12:41:14 0, 65, N/A, 46.57, 0|1, 68, N/A, 207.08, 100|2, 41, N/A, 30.33, 0|3, 44, N/A, 28.09, 0|4, 44, N/A, 28.58, 0|5, 46, N/A, 27.86, 0|6, 43, N/A, 29.06, 0|
12:41:16 0, 69, N/A, 156.10, 100|1, 70, N/A, 210.49, 100|2, 41, N/A, 30.32, 0|3, 44, N/A, 27.84, 0|4, 44, N/A, 28.58, 0|5, 46, N/A, 27.86, 0|6, 43, N/A, 29.06, 0|
12:41:18 0, 70, N/A, 184.90, 100|1, 65, N/A, 53.47, 0|2, 41, N/A, 30.34, 0|3, 44, N/A, 28.09, 0|4, 44, N/A, 28.58, 0|5, 46, N/A, 27.61, 0|6, 43, N/A, 29.06, 0|
12:41:20 0, 67, N/A, 169.50, 90|1, 69, N/A, 208.53, 100|2, 41, N/A, 30.32, 0|3, 44, N/A, 28.09, 0|4, 44, N/A, 28.58, 0|5, 46, N/A, 27.86, 0|6, 42, N/A, 29.06, 0|
12:41:22 0, 69, N/A, 172.21, 100|1, 70, N/A, 209.51, 100|2, 41, N/A, 30.32, 0|3, 44, N/A, 28.09, 0|4, 44, N/A, 28.58, 0|5, 46, N/A, 27.86, 0|6, 43, N/A, 29.06, 0|
12:41:24 0, 68, N/A, 49.28, 14|1, 66, N/A, 202.42, 20|2, 41, N/A, 30.33, 0|3, 44, N/A, 27.84, 0|4, 44, N/A, 28.58, 0|5, 46, N/A, 27.88, 0|6, 43, N/A, 29.06, 0|
12:41:26 0, 65, N/A, 46.82, 0|1, 69, N/A, 209.77, 100|2, 41, N/A, 30.33, 0|3, 44, N/A, 27.84, 0|4, 44, N/A, 28.58, 0|5, 46, N/A, 27.86, 0|6, 43, N/A, 29.06, 0|
12:41:28 0, 64, N/A, 46.57, 0|1, 70, N/A, 213.45, 61|2, 41, N/A, 30.33, 0|3, 44, N/A, 27.84, 0|4, 44, N/A, 28.58, 0|5, 46, N/A, 27.86, 0|6, 43, N/A, 29.06, 0|
12:41:31 0, 69, N/A, 161.04, 100|1, 66, N/A, 54.46, 0|2, 41, N/A, 30.34, 0|3, 44, N/A, 28.09, 0|4, 44, N/A, 28.58, 0|5, 46, N/A, 27.61, 0|6, 42, N/A, 29.06, 0|
12:41:33 0, 70, N/A, 184.88, 100|1, 64, N/A, 52.98, 0|2, 41, N/A, 30.33, 0|3, 44, N/A, 27.84, 0|4, 44, N/A, 28.60, 0|5, 46, N/A, 27.86, 0|6, 42, N/A, 29.08, 0|
12:41:35 0, 65, N/A, 47.06, 0|1, 69, N/A, 163.72, 100|2, 41, N/A, 30.33, 0|3, 44, N/A, 27.84, 0|4, 44, N/A, 28.58, 0|5, 46, N/A, 27.86, 0|6, 43, N/A, 29.06, 0|
12:41:37 0, 64, N/A, 46.08, 0|1, 70, N/A, 211.73, 100|2, 41, N/A, 30.33, 0|3, 44, N/A, 28.09, 0|4, 44, N/A, 28.60, 0|5, 46, N/A, 27.86, 0|6, 43, N/A, 29.06, 0|
12:41:39 0, 69, N/A, 185.23, 100|1, 65, N/A, 53.47, 0|2, 41, N/A, 30.34, 0|3, 44, N/A, 27.84, 0|4, 44, N/A, 28.60, 0|5, 46, N/A, 27.86, 0|6, 43, N/A, 29.06, 0|
12:41:41 0, 70, N/A, 188.82, 100|1, 64, N/A, 52.27, 0|2, 41, N/A, 30.34, 0|3, 44, N/A, 28.09, 0|4, 44, N/A, 28.58, 0|5, 46, N/A, 27.86, 0|6, 43, N/A, 29.06, 0|
12:41:43 0, 65, N/A, 46.08, 0|1, 68, N/A, 208.06, 100|2, 41, N/A, 30.31, 0|3, 44, N/A, 27.84, 0|4, 44, N/A, 28.58, 0|5, 46, N/A, 27.86, 0|6, 43, N/A, 29.06, 0|
12:41:45 0, 64, N/A, 44.11, 0|1, 69, N/A, 213.69, 100|2, 41, N/A, 30.33, 0|3, 44, N/A, 27.84, 0|4, 44, N/A, 28.58, 0|5, 46, N/A, 27.86, 0|6, 43, N/A, 29.08, 0|
12:41:47 0, 65, N/A, 147.35, 56|1, 68, N/A, 91.81, 61|2, 41, N/A, 30.33, 0|3, 44, N/A, 27.84, 0|4, 44, N/A, 28.58, 0|5, 46, N/A, 27.86, 0|6, 43, N/A, 29.06, 0|
12:41:49 0, 66, N/A, 62.80, 56|1, 67, N/A, 203.89, 74|2, 41, N/A, 30.33, 0|3, 44, N/A, 28.09, 0|4, 44, N/A, 28.60, 0|5, 46, N/A, 27.88, 0|6, 43, N/A, 29.08, 0|
12:41:51 0, 65, N/A, 127.05, 56|1, 68, N/A, 109.72, 66|2, 41, N/A, 30.33, 0|3, 44, N/A, 28.09, 0|4, 44, N/A, 28.58, 0|5, 46, N/A, 27.86, 0|6, 43, N/A, 29.06, 0|
12:41:54 0, 66, N/A, 65.02, 56|1, 67, N/A, 199.23, 75|2, 41, N/A, 30.33, 0|3, 44, N/A, 27.86, 0|4, 44, N/A, 28.60, 0|5, 46, N/A, 27.88, 0|6, 42, N/A, 29.06, 0|
12:41:56 0, 65, N/A, 165.13, 56|1, 68, N/A, 80.49, 64|2, 41, N/A, 30.33, 0|3, 44, N/A, 28.09, 0|4, 44, N/A, 28.58, 0|5, 46, N/A, 27.86, 0|6, 43, N/A, 29.06, 0|
12:41:58 0, 65, N/A, 52.49, 56|1, 67, N/A, 214.43, 75|2, 41, N/A, 30.33, 0|3, 44, N/A, 27.84, 0|4, 44, N/A, 28.60, 0|5, 46, N/A, 27.86, 0|6, 43, N/A, 29.08, 0|
12:42:00 0, 65, N/A, 172.23, 56|1, 68, N/A, 73.39, 63|2, 41, N/A, 30.33, 0|3, 44, N/A, 27.84, 0|4, 44, N/A, 28.58, 0|5, 46, N/A, 27.61, 0|6, 43, N/A, 29.06, 0|
12:42:02 0, 66, N/A, 52.98, 56|1, 67, N/A, 212.94, 75|2, 41, N/A, 30.33, 0|3, 44, N/A, 27.84, 0|4, 44, N/A, 28.60, 0|5, 46, N/A, 27.88, 0|6, 43, N/A, 29.08, 0|
12:42:04 0, 64, N/A, 154.96, 55|1, 68, N/A, 76.59, 60|2, 41, N/A, 30.33, 0|3, 44, N/A, 28.09, 0|4, 44, N/A, 28.60, 0|5, 46, N/A, 27.88, 0|6, 43, N/A, 29.08, 0|
12:42:06 0, 65, N/A, 57.38, 55|1, 67, N/A, 206.34, 73|2, 41, N/A, 30.33, 0|3, 44, N/A, 28.09, 0|4, 44, N/A, 28.60, 0|5, 46, N/A, 27.88, 0|6, 43, N/A, 29.08, 0|
12:42:08 0, 65, N/A, 148.35, 56|1, 68, N/A, 92.55, 56|2, 41, N/A, 30.33, 0|3, 44, N/A, 27.84, 0|4, 44, N/A, 28.60, 0|5, 46, N/A, 27.86, 0|6, 43, N/A, 29.06, 0|
12:42:10 0, 66, N/A, 65.02, 56|1, 67, N/A, 198.10, 69|2, 41, N/A, 30.33, 0|3, 44, N/A, 27.86, 0|4, 44, N/A, 28.60, 0|5, 46, N/A, 27.88, 0|6, 43, N/A, 29.08, 0|
12:42:12 0, 64, N/A, 93.24, 56|1, 68, N/A, 132.21, 56|2, 41, N/A, 30.33, 0|3, 44, N/A, 27.84, 0|4, 44, N/A, 28.58, 0|5, 46, N/A, 27.86, 0|6, 43, N/A, 29.06, 0|
12:42:14 0, 66, N/A, 81.96, 56|1, 67, N/A, 187.07, 73|2, 41, N/A, 30.33, 0|3, 44, N/A, 27.84, 0|4, 44, N/A, 28.60, 0|5, 46, N/A, 27.88, 0|6, 42, N/A, 29.06, 0|
12:42:17 0, 64, N/A, 50.76, 56|1, 68, N/A, 164.94, 58|2, 41, N/A, 30.33, 0|3, 44, N/A, 28.09, 0|4, 44, N/A, 28.58, 0|5, 46, N/A, 27.86, 0|6, 42, N/A, 29.06, 0|
12:42:19 0, 66, N/A, 93.53, 56|1, 67, N/A, 175.91, 71|2, 41, N/A, 30.33, 0|3, 44, N/A, 28.09, 0|4, 44, N/A, 28.60, 0|5, 46, N/A, 27.88, 0|6, 43, N/A, 29.08, 0|
12:42:21 0, 64, N/A, 46.33, 56|1, 68, N/A, 172.96, 55|2, 42, N/A, 30.33, 0|3, 44, N/A, 28.11, 0|4, 44, N/A, 28.60, 0|5, 46, N/A, 27.88, 0|6, 42, N/A, 29.08, 0|
12:42:23 0, 65, N/A, 95.95, 51|1, 67, N/A, 172.80, 67|2, 41, N/A, 30.33, 0|3, 44, N/A, 28.11, 0|4, 44, N/A, 28.60, 0|5, 46, N/A, 27.88, 0|6, 43, N/A, 29.08, 0|
12:42:25 0, 64, N/A, 46.32, 56|1, 68, N/A, 212.59, 49|2, 42, N/A, 30.33, 0|3, 44, N/A, 28.09, 0|4, 44, N/A, 28.60, 0|5, 46, N/A, 27.86, 0|6, 42, N/A, 29.08, 0|
12:42:27 0, 65, N/A, 196.16, 50|1, 67, N/A, 90.29, 63|2, 41, N/A, 30.33, 0|3, 44, N/A, 28.09, 0|4, 44, N/A, 28.60, 0|5, 46, N/A, 27.86, 0|6, 43, N/A, 29.08, 0|
12:42:29 0, 64, N/A, 46.32, 56|1, 68, N/A, 223.37, 45|2, 41, N/A, 30.33, 0|3, 44, N/A, 28.11, 0|4, 44, N/A, 28.60, 0|5, 46, N/A, 27.86, 0|6, 43, N/A, 29.08, 0|
12:42:31 0, 65, N/A, 193.86, 56|1, 67, N/A, 56.43, 59|2, 41, N/A, 30.33, 0|3, 44, N/A, 27.84, 0|4, 44, N/A, 28.58, 0|5, 46, N/A, 27.86, 0|6, 43, N/A, 29.06, 0|
12:42:33 0, 64, N/A, 46.32, 56|1, 68, N/A, 221.90, 44|2, 41, N/A, 30.33, 0|3, 44, N/A, 28.11, 0|4, 44, N/A, 28.60, 0|5, 46, N/A, 27.86, 0|6, 43, N/A, 29.06, 0|
12:42:35 0, 65, N/A, 198.02, 46|1, 67, N/A, 56.18, 59|2, 41, N/A, 30.33, 0|3, 44, N/A, 27.86, 0|4, 44, N/A, 28.60, 0|5, 46, N/A, 27.88, 0|6, 43, N/A, 29.08, 0|
12:42:37 0, 64, N/A, 46.32, 56|1, 68, N/A, 222.14, 44|2, 41, N/A, 30.33, 0|3, 44, N/A, 28.11, 0|4, 44, N/A, 28.60, 0|5, 46, N/A, 27.88, 0|6, 43, N/A, 29.08, 0|
12:42:39 0, 65, N/A, 195.33, 41|1, 67, N/A, 56.68, 58|2, 41, N/A, 30.34, 0|3, 44, N/A, 28.09, 0|4, 44, N/A, 28.58, 0|5, 46, N/A, 27.86, 0|6, 43, N/A, 29.06, 0|
12:42:42 0, 64, N/A, 46.57, 52|1, 68, N/A, 221.90, 44|2, 41, N/A, 30.33, 0|3, 44, N/A, 28.09, 0|4, 44, N/A, 28.60, 0|5, 46, N/A, 27.88, 0|6, 42, N/A, 29.08, 0|
12:42:44 0, 65, N/A, 194.44, 32|1, 67, N/A, 57.17, 50|2, 41, N/A, 30.34, 0|3, 44, N/A, 28.09, 0|4, 44, N/A, 28.60, 0|5, 46, N/A, 27.86, 0|6, 43, N/A, 29.06, 0|
12:42:46 0, 64, N/A, 46.82, 45|1, 68, N/A, 220.43, 44|2, 41, N/A, 30.33, 0|3, 44, N/A, 28.09, 0|4, 44, N/A, 28.60, 0|5, 46, N/A, 27.63, 0|6, 43, N/A, 29.06, 0|
12:42:48 0, 64, N/A, 190.67, 27|1, 67, N/A, 58.15, 44|2, 41, N/A, 30.33, 0|3, 44, N/A, 28.09, 0|4, 44, N/A, 28.60, 0|5, 46, N/A, 27.86, 0|6, 43, N/A, 29.08, 0|
12:42:50 0, 64, N/A, 47.06, 44|1, 68, N/A, 218.96, 43|2, 41, N/A, 30.33, 0|3, 44, N/A, 28.09, 0|4, 44, N/A, 28.60, 0|5, 46, N/A, 27.63, 0|6, 43, N/A, 29.08, 0|
12:42:52 0, 64, N/A, 189.79, 27|1, 67, N/A, 59.14, 43|2, 41, N/A, 30.34, 0|3, 44, N/A, 28.11, 0|4, 44, N/A, 28.60, 0|5, 46, N/A, 27.88, 0|6, 43, N/A, 29.08, 0|
12:42:54 0, 64, N/A, 48.05, 39|1, 68, N/A, 213.69, 43|2, 41, N/A, 30.33, 0|3, 44, N/A, 28.11, 0|4, 44, N/A, 28.60, 0|5, 46, N/A, 27.88, 0|6, 43, N/A, 29.08, 0|
12:42:56 0, 64, N/A, 189.29, 24|1, 68, N/A, 60.62, 44|2, 41, N/A, 30.33, 0|3, 44, N/A, 28.09, 0|4, 44, N/A, 28.58, 0|5, 46, N/A, 27.86, 0|6, 42, N/A, 29.06, 0|
12:42:58 0, 64, N/A, 49.28, 32|1, 68, N/A, 214.06, 43|2, 41, N/A, 30.33, 0|3, 44, N/A, 28.09, 0|4, 44, N/A, 28.60, 0|5, 46, N/A, 27.86, 0|6, 43, N/A, 29.08, 0|
12:43:00 0, 62, N/A, 45.37, 0|1, 66, N/A, 54.22, 0|2, 41, N/A, 30.35, 0|3, 44, N/A, 27.86, 0|4, 44, N/A, 28.60, 0|5, 46, N/A, 27.88, 0|6, 43, N/A, 29.08, 0|
12:43:02 0, 61, N/A, 44.38, 0|1, 64, N/A, 52.24, 0|2, 41, N/A, 30.33, 0|3, 44, N/A, 27.86, 0|4, 44, N/A, 28.60, 0|5, 46, N/A, 27.88, 0|6, 43, N/A, 29.08, 0|
12:43:05 0, 60, N/A, 38.22, 0|1, 62, N/A, 43.65, 0|2, 42, N/A, 30.33, 0|3, 44, N/A, 27.86, 0|4, 45, N/A, 28.60, 0|5, 46, N/A, 27.88, 0|6, 43, N/A, 29.08, 0|
12:43:07 0, 62, N/A, 184.90, 33|1, 64, N/A, 55.20, 48|2, 41, N/A, 30.33, 0|3, 44, N/A, 28.09, 0|4, 44, N/A, 28.60, 0|5, 46, N/A, 27.86, 0|6, 43, N/A, 29.06, 0|
12:43:09 0, 65, N/A, 96.45, 100|1, 62, N/A, 126.32, 0|2, 42, N/A, 30.35, 0|3, 44, N/A, 28.11, 0|4, 44, N/A, 28.60, 0|5, 46, N/A, 27.88, 0|6, 43, N/A, 29.08, 0|
12:43:11 0, 62, N/A, 177.47, 46|1, 65, N/A, 59.88, 56|2, 42, N/A, 30.33, 0|3, 44, N/A, 28.09, 0|4, 44, N/A, 28.58, 0|5, 46, N/A, 27.86, 0|6, 43, N/A, 29.06, 0|
12:43:13 0, 63, N/A, 150.98, 51|1, 65, N/A, 119.18, 66|2, 41, N/A, 30.33, 0|3, 44, N/A, 27.84, 0|4, 44, N/A, 28.60, 0|5, 46, N/A, 27.63, 0|6, 43, N/A, 29.08, 0|
12:43:15 0, 64, N/A, 152.27, 100|1, 62, N/A, 50.76, 0|2, 41, N/A, 30.34, 0|3, 44, N/A, 28.09, 0|4, 44, N/A, 28.58, 0|5, 46, N/A, 27.86, 0|6, 43, N/A, 29.06, 0|
12:43:17 0, 64, N/A, 160.93, 100|1, 66, N/A, 168.77, 100|2, 41, N/A, 30.32, 0|3, 44, N/A, 27.84, 0|4, 44, N/A, 28.58, 0|5, 46, N/A, 27.86, 0|6, 43, N/A, 29.06, 0|
12:43:19 0, 65, N/A, 176.79, 99|1, 65, N/A, 161.50, 100|2, 41, N/A, 30.32, 0|3, 44, N/A, 27.84, 0|4, 45, N/A, 28.58, 0|5, 46, N/A, 27.86, 0|6, 43, N/A, 29.06, 0|
12:43:21 0, 62, N/A, 44.85, 0|1, 67, N/A, 221.41, 100|2, 41, N/A, 30.33, 0|3, 44, N/A, 27.84, 0|4, 44, N/A, 28.60, 0|5, 46, N/A, 27.86, 0|6, 43, N/A, 29.06, 0|
12:43:23 0, 65, N/A, 172.98, 100|1, 62, N/A, 50.54, 0|2, 41, N/A, 30.34, 0|3, 44, N/A, 28.11, 0|4, 44, N/A, 28.60, 0|5, 46, N/A, 27.86, 0|6, 43, N/A, 29.06, 0|
12:43:25 0, 61, N/A, 44.63, 0|1, 66, N/A, 66.99, 96|2, 41, N/A, 30.33, 0|3, 44, N/A, 28.11, 0|4, 45, N/A, 28.60, 0|5, 46, N/A, 27.88, 0|6, 43, N/A, 29.08, 0|
12:43:28 0, 64, N/A, 65.02, 37|1, 65, N/A, 187.67, 62|2, 41, N/A, 30.33, 0|3, 44, N/A, 28.09, 0|4, 44, N/A, 28.60, 0|5, 46, N/A, 27.86, 0|6, 43, N/A, 29.06, 0|
12:43:30 0, 65, N/A, 192.84, 100|1, 63, N/A, 51.01, 0|2, 41, N/A, 30.34, 0|3, 44, N/A, 27.84, 0|4, 44, N/A, 28.60, 0|5, 46, N/A, 27.62, 0|6, 43, N/A, 29.06, 0|
12:43:32 0, 64, N/A, 154.64, 100|1, 65, N/A, 176.77, 100|2, 41, N/A, 30.32, 0|3, 44, N/A, 28.09, 0|4, 44, N/A, 28.58, 0|5, 46, N/A, 27.86, 0|6, 43, N/A, 29.06, 0|
12:43:34 0, 63, N/A, 45.34, 0|1, 65, N/A, 176.31, 100|2, 41, N/A, 30.33, 0|3, 44, N/A, 28.09, 0|4, 44, N/A, 28.60, 0|5, 46, N/A, 27.86, 0|6, 43, N/A, 29.06, 0|
12:43:36 0, 64, N/A, 47.07, 64|1, 64, N/A, 162.49, 0|2, 41, N/A, 30.33, 0|3, 44, N/A, 27.86, 0|4, 44, N/A, 28.60, 0|5, 46, N/A, 27.88, 0|6, 42, N/A, 29.08, 0|
12:43:38 0, 66, N/A, 163.49, 100|1, 64, N/A, 51.99, 0|2, 41, N/A, 30.34, 0|3, 44, N/A, 28.09, 0|4, 44, N/A, 28.58, 0|5, 46, N/A, 27.86, 0|6, 43, N/A, 29.06, 0|
12:43:40 0, 62, N/A, 44.60, 0|1, 66, N/A, 211.71, 100|2, 42, N/A, 30.33, 0|3, 44, N/A, 28.11, 0|4, 44, N/A, 28.60, 0|5, 46, N/A, 27.88, 0|6, 43, N/A, 29.08, 0|
12:43:42 0, 66, N/A, 109.42, 100|1, 62, N/A, 106.27, 0|2, 41, N/A, 30.33, 0|3, 44, N/A, 28.11, 0|4, 44, N/A, 28.60, 0|5, 46, N/A, 27.86, 0|6, 43, N/A, 29.08, 0|
12:43:44 0, 66, N/A, 151.71, 100|1, 64, N/A, 52.49, 15|2, 41, N/A, 30.33, 0|3, 44, N/A, 28.09, 0|4, 44, N/A, 28.58, 0|5, 46, N/A, 27.86, 0|6, 43, N/A, 29.06, 0|
12:43:46 0, 66, N/A, 149.47, 100|1, 66, N/A, 167.79, 100|2, 41, N/A, 30.33, 0|3, 44, N/A, 28.09, 0|4, 44, N/A, 28.58, 0|5, 46, N/A, 27.86, 0|6, 43, N/A, 29.06, 0|
12:43:48 0, 65, N/A, 186.83, 100|1, 65, N/A, 169.91, 100|2, 41, N/A, 30.32, 0|3, 44, N/A, 27.84, 0|4, 44, N/A, 28.58, 0|5, 46, N/A, 27.86, 0|6, 43, N/A, 29.06, 0|
12:43:51 0, 64, N/A, 46.08, 0|1, 65, N/A, 157.34, 100|2, 41, N/A, 30.33, 0|3, 44, N/A, 28.11, 0|4, 44, N/A, 28.60, 0|5, 46, N/A, 27.88, 0|6, 43, N/A, 29.06, 0|
12:43:53 0, 65, N/A, 172.73, 100|1, 64, N/A, 51.78, 0|2, 42, N/A, 30.34, 0|3, 44, N/A, 27.84, 0|4, 44, N/A, 28.60, 0|5, 46, N/A, 27.86, 0|6, 43, N/A, 29.08, 0|
12:43:55 0, 64, N/A, 179.82, 0|1, 65, N/A, 183.24, 100|2, 41, N/A, 30.32, 0|3, 44, N/A, 27.84, 0|4, 44, N/A, 28.58, 0|5, 46, N/A, 27.86, 0|6, 43, N/A, 29.06, 0|
12:43:57 0, 65, N/A, 46.82, 5|1, 64, N/A, 176.40, 100|2, 41, N/A, 30.33, 0|3, 44, N/A, 28.09, 0|4, 44, N/A, 28.60, 0|5, 46, N/A, 27.88, 0|6, 43, N/A, 29.08, 0|
12:43:59 0, 67, N/A, 173.46, 100|1, 64, N/A, 51.75, 0|2, 41, N/A, 30.33, 0|3, 44, N/A, 27.84, 0|4, 44, N/A, 28.58, 0|5, 46, N/A, 27.61, 0|6, 43, N/A, 29.06, 0|
12:44:01 0, 67, N/A, 151.69, 100|1, 66, N/A, 158.55, 100|2, 41, N/A, 30.33, 0|3, 44, N/A, 28.09, 0|4, 44, N/A, 28.58, 0|5, 46, N/A, 27.86, 0|6, 43, N/A, 29.06, 0|
12:44:03 0, 63, N/A, 45.34, 0|1, 66, N/A, 156.60, 100|2, 41, N/A, 30.33, 0|3, 44, N/A, 28.09, 0|4, 44, N/A, 28.60, 0|5, 46, N/A, 27.63, 0|6, 43, N/A, 29.08, 0|
12:44:05 0, 66, N/A, 163.98, 100|1, 63, N/A, 51.01, 0|2, 41, N/A, 30.34, 0|3, 44, N/A, 28.09, 0|4, 44, N/A, 28.58, 0|5, 46, N/A, 27.88, 0|6, 43, N/A, 29.06, 0|
12:44:07 0, 66, N/A, 173.10, 100|1, 65, N/A, 168.37, 100|2, 42, N/A, 30.32, 0|3, 44, N/A, 27.84, 0|4, 44, N/A, 28.58, 0|5, 46, N/A, 27.86, 0|6, 43, N/A, 29.06, 0|
12:44:09 0, 65, N/A, 181.19, 0|1, 65, N/A, 156.84, 100|2, 42, N/A, 30.32, 0|3, 44, N/A, 28.09, 0|4, 44, N/A, 28.58, 0|5, 46, N/A, 27.86, 0|6, 43, N/A, 29.06, 0|
12:44:11 0, 64, N/A, 46.08, 0|1, 67, N/A, 201.67, 100|2, 42, N/A, 30.33, 0|3, 44, N/A, 27.84, 0|4, 44, N/A, 28.60, 0|5, 46, N/A, 27.88, 0|6, 43, N/A, 29.08, 0|
12:44:14 0, 67, N/A, 154.00, 100|1, 63, N/A, 51.01, 0|2, 42, N/A, 30.33, 0|3, 44, N/A, 28.09, 0|4, 44, N/A, 28.60, 0|5, 46, N/A, 27.86, 0|6, 43, N/A, 29.06, 0|
12:44:16 0, 63, N/A, 45.34, 0|1, 66, N/A, 186.34, 100|2, 41, N/A, 30.33, 0|3, 44, N/A, 28.09, 0|4, 44, N/A, 28.60, 0|5, 46, N/A, 27.86, 0|6, 43, N/A, 29.06, 0|
12:44:18 0, 65, N/A, 68.46, 35|1, 65, N/A, 190.86, 51|2, 41, N/A, 30.33, 0|3, 44, N/A, 28.09, 0|4, 44, N/A, 28.60, 0|5, 46, N/A, 27.86, 0|6, 43, N/A, 29.08, 0|
12:44:20 0, 63, N/A, 47.56, 9|1, 64, N/A, 54.95, 53|2, 41, N/A, 30.33, 0|3, 44, N/A, 28.11, 0|4, 45, N/A, 28.60, 0|5, 46, N/A, 27.88, 0|6, 43, N/A, 29.08, 0|
12:44:22 0, 62, N/A, 43.40, 0|1, 61, N/A, 48.82, 0|2, 41, N/A, 30.35, 0|3, 44, N/A, 28.11, 0|4, 44, N/A, 28.60, 0|5, 46, N/A, 27.88, 0|6, 43, N/A, 29.08, 0|
