tag	run	eval_tps	prompt_tps	prompt_n	predicted_n	gpu0_used	gpu1_used	gpu2_used	gpu3_used
J_fa1_1k	1	15.178743639973009	67.9873219831959	1071	256	9849MiB	14315MiB	14319MiB	10619MiB
J_fa1_1k	2	15.180946204656708	68.20540436443262	1071	256	9849MiB	14315MiB	14319MiB	10619MiB
J_fa1_1k	3	15.17837825787436	68.19551980267998	1071	256	9849MiB	14315MiB	14319MiB	10619MiB
J_fa1_8k	1	14.557622567362982	184.17831180361426	8072	256	10759MiB	15197MiB	15211MiB	11009MiB
J_fa1_8k	2	14.551273401261255	181.31417692449602	8072	256	10759MiB	15197MiB	15211MiB	11009MiB
J_fa1_8k	3	14.654931043683543	187.14817846535618	8072	256	10759MiB	15197MiB	15211MiB	11009MiB
J_fa1_warmup	1	15.542722420759588	9.02230837925237	50	256	9799MiB	14269MiB	14269MiB	10581MiB
J_fa1_warmup	2	15.282315710196672	9.212196874964878	50	256	9799MiB	14269MiB	14269MiB	10581MiB
J_fa1_warmup	3	15.27699063812885	9.068177642698204	50	256	9799MiB	14269MiB	14269MiB	10581MiB
