run	kind	prompt_n	cache_n	prompt_ms	predicted_ms	eval_tps	predicted_n	wall_ms
0	miss	395	0	9430.804	13359.371	19.16257883698267	256	22991.3
1	hit	4	391	172.113	14135.146	18.110884740773106	256	14510.8
2	hit	4	391	173.153	14129.964	18.11752669716639	256	14522.7
3	hit	4	391	172.942	14134.025	18.112321154094463	256	14511.2
4	hit	4	391	172.352	14128.894	18.118898761644047	256	14490.1
