run	kind	prompt_n	cache_n	prompt_ms	predicted_ms	eval_tps	predicted_n	wall_ms
0	miss	395	0	9418.241	13535.06	18.913843012147712	256	23120.8
1	hit	4	391	173.948	14158.492	18.08102162292425	256	14542.5
2	hit	4	391	174.875	14161.122	18.077663620156653	256	14540.7
3	hit	4	391	174.739	14162.362	18.07608081194366	256	14562.2
4	hit	4	391	174.487	14160.228	18.078804945796072	256	14546.5
