tag	run	eval_tps	prompt_tps	prompt_n	predicted_n	gpu0_used	gpu1_used	gpu2_used	gpu3_used
K_f16_fa1_1k	1	15.03199054205945	67.97836642288975	1074	256	4643MiB	12181MiB	12185MiB	10277MiB
K_f16_fa1_1k	2	15.03231095415656	68.31739038255257	1074	256	4643MiB	12181MiB	12185MiB	10277MiB
K_f16_fa1_1k	3	15.025864737048247	68.12217667987608	1074	256	4643MiB	12181MiB	12185MiB	10277MiB
K_f16_fa1_8k	1	14.856067052394389	177.3639962992316	8075	256	5553MiB	13063MiB	13077MiB	10651MiB
K_f16_fa1_8k	2	14.884352649850836	187.27755282438784	8075	256	5553MiB	13063MiB	13077MiB	10651MiB
K_f16_fa1_8k	3	14.854534361120114	186.1999739758154	8075	256	5553MiB	13063MiB	13077MiB	10651MiB
K_f16_fa1_warmup	1	15.045900870669845	9.264156767711231	53	256	4593MiB	12135MiB	12135MiB	10239MiB
K_f16_fa1_warmup	2	15.038990639344501	9.40924332107942	53	256	4593MiB	12135MiB	12135MiB	10239MiB
K_f16_fa1_warmup	3	15.054937584345877	9.377287925556365	53	256	4593MiB	12135MiB	12135MiB	10239MiB
