01:17:14 0, 52, N/A, 28.60, 0|1, 54, N/A, 32.55, 0|2, 37, N/A, 29.34, 0|3, 39, N/A, 26.86, 0|4, 39, N/A, 27.60, 0|5, 42, N/A, 27.12, 0|6, 38, N/A, 28.32, 0|
01:17:16 0, 52, N/A, 34.99, 0|1, 54, N/A, 39.45, 0|2, 37, N/A, 35.26, 0|3, 40, N/A, 32.03, 0|4, 40, N/A, 33.51, 0|5, 42, N/A, 33.29, 0|6, 39, N/A, 34.48, 0|
01:17:18 0, 52, N/A, 35.24, 13|1, 54, N/A, 39.67, 15|2, 37, N/A, 35.24, 9|3, 40, N/A, 32.51, 12|4, 40, N/A, 33.49, 9|5, 42, N/A, 33.27, 11|6, 39, N/A, 34.70, 10|
01:17:20 0, 52, N/A, 35.24, 14|1, 54, N/A, 39.43, 9|2, 37, N/A, 35.24, 13|3, 40, N/A, 32.28, 10|4, 40, N/A, 33.76, 11|5, 42, N/A, 33.29, 10|6, 39, N/A, 34.72, 12|
01:17:22 0, 51, N/A, 35.24, 12|1, 54, N/A, 39.43, 14|2, 37, N/A, 35.24, 9|3, 40, N/A, 32.51, 9|4, 40, N/A, 33.76, 9|5, 42, N/A, 33.27, 11|6, 39, N/A, 34.70, 10|
01:17:24 0, 52, N/A, 35.24, 0|1, 54, N/A, 39.45, 0|2, 37, N/A, 35.51, 0|3, 40, N/A, 32.53, 0|4, 40, N/A, 33.51, 0|5, 42, N/A, 33.27, 0|6, 39, N/A, 34.97, 0|
01:17:26 0, 52, N/A, 53.65, 39|1, 54, N/A, 58.08, 39|2, 38, N/A, 59.84, 37|3, 41, N/A, 50.20, 36|4, 41, N/A, 52.42, 32|5, 43, N/A, 51.69, 32|6, 40, N/A, 53.80, 32|
01:17:29 0, 52, N/A, 54.64, 40|1, 55, N/A, 61.04, 40|2, 39, N/A, 67.93, 37|3, 41, N/A, 54.85, 37|4, 42, N/A, 56.85, 33|5, 43, N/A, 53.69, 33|6, 40, N/A, 57.28, 33|
01:17:31 0, 53, N/A, 55.90, 39|1, 55, N/A, 67.47, 40|2, 39, N/A, 63.26, 37|3, 41, N/A, 54.36, 36|4, 42, N/A, 54.37, 32|5, 44, N/A, 52.67, 32|6, 40, N/A, 56.54, 33|
01:17:33 0, 53, N/A, 58.08, 39|1, 55, N/A, 59.56, 40|2, 39, N/A, 61.31, 37|3, 41, N/A, 50.91, 37|4, 42, N/A, 52.60, 33|5, 44, N/A, 51.68, 33|6, 41, N/A, 55.04, 33|
01:17:35 0, 53, N/A, 54.88, 40|1, 55, N/A, 59.84, 39|2, 39, N/A, 59.32, 37|3, 42, N/A, 52.14, 37|4, 42, N/A, 54.11, 32|5, 44, N/A, 53.65, 32|6, 41, N/A, 55.31, 33|
01:17:37 0, 53, N/A, 54.64, 40|1, 55, N/A, 60.29, 39|2, 40, N/A, 60.30, 37|3, 42, N/A, 52.14, 37|4, 42, N/A, 51.65, 33|5, 44, N/A, 51.90, 32|6, 41, N/A, 56.57, 33|
01:17:39 0, 53, N/A, 53.87, 39|1, 55, N/A, 59.56, 39|2, 40, N/A, 60.82, 37|3, 42, N/A, 49.16, 36|4, 42, N/A, 52.39, 32|5, 44, N/A, 50.21, 31|6, 41, N/A, 54.60, 32|
01:17:41 0, 53, N/A, 55.12, 39|1, 55, N/A, 61.07, 40|2, 40, N/A, 60.82, 37|3, 42, N/A, 50.91, 36|4, 43, N/A, 53.13, 32|5, 45, N/A, 55.19, 32|6, 41, N/A, 56.08, 32|
01:17:43 0, 53, N/A, 54.63, 39|1, 55, N/A, 60.79, 39|2, 40, N/A, 61.25, 37|3, 42, N/A, 53.37, 37|4, 43, N/A, 56.78, 32|5, 45, N/A, 54.85, 32|6, 41, N/A, 58.72, 33|
01:17:45 0, 53, N/A, 54.39, 39|1, 55, N/A, 60.05, 40|2, 41, N/A, 62.76, 37|3, 42, N/A, 55.76, 37|4, 43, N/A, 57.28, 32|5, 45, N/A, 54.08, 33|6, 42, N/A, 59.21, 33|
01:17:47 0, 53, N/A, 54.63, 39|1, 55, N/A, 60.05, 39|2, 41, N/A, 63.25, 37|3, 43, N/A, 56.29, 36|4, 43, N/A, 57.31, 32|5, 45, N/A, 54.60, 32|6, 42, N/A, 57.03, 33|
01:17:49 0, 53, N/A, 52.67, 39|1, 55, N/A, 57.35, 39|2, 41, N/A, 61.04, 37|3, 43, N/A, 50.91, 36|4, 43, N/A, 54.37, 32|5, 45, N/A, 55.13, 32|6, 42, N/A, 57.74, 33|
01:17:52 0, 53, N/A, 56.39, 38|1, 55, N/A, 58.08, 38|2, 41, N/A, 59.57, 36|3, 43, N/A, 49.93, 36|4, 43, N/A, 53.62, 31|5, 46, N/A, 52.69, 31|6, 42, N/A, 55.06, 32|
01:17:54 0, 53, N/A, 53.69, 39|1, 55, N/A, 59.10, 39|2, 41, N/A, 61.35, 37|3, 43, N/A, 51.65, 36|4, 44, N/A, 54.12, 32|5, 46, N/A, 51.93, 33|6, 42, N/A, 57.81, 32|
01:17:56 0, 53, N/A, 54.67, 39|1, 55, N/A, 60.58, 39|2, 42, N/A, 62.55, 37|3, 43, N/A, 51.41, 36|4, 44, N/A, 54.37, 32|5, 46, N/A, 53.41, 32|6, 43, N/A, 56.57, 33|
01:17:58 0, 53, N/A, 54.14, 40|1, 55, N/A, 60.33, 39|2, 42, N/A, 63.01, 37|3, 43, N/A, 51.38, 37|4, 44, N/A, 55.62, 32|5, 46, N/A, 54.58, 32|6, 43, N/A, 57.95, 33|
01:18:00 0, 53, N/A, 54.64, 40|1, 55, N/A, 61.81, 39|2, 42, N/A, 63.50, 37|3, 44, N/A, 56.81, 37|4, 44, N/A, 57.81, 33|5, 46, N/A, 56.64, 32|6, 43, N/A, 58.51, 33|
01:18:02 0, 53, N/A, 57.10, 40|1, 55, N/A, 60.83, 40|2, 42, N/A, 61.32, 37|3, 44, N/A, 51.93, 37|4, 44, N/A, 53.41, 32|5, 46, N/A, 52.42, 32|6, 43, N/A, 55.84, 33|
01:18:04 0, 53, N/A, 55.90, 39|1, 55, N/A, 60.30, 39|2, 42, N/A, 61.53, 37|3, 44, N/A, 54.11, 36|4, 45, N/A, 55.87, 32|5, 46, N/A, 53.40, 32|6, 43, N/A, 56.54, 32|
01:18:06 0, 53, N/A, 55.63, 39|1, 55, N/A, 59.31, 39|2, 42, N/A, 61.07, 37|3, 44, N/A, 51.90, 37|4, 45, N/A, 53.65, 32|5, 47, N/A, 53.65, 32|6, 43, N/A, 55.52, 33|
01:18:08 0, 54, N/A, 55.90, 39|1, 55, N/A, 60.09, 40|2, 43, N/A, 61.04, 37|3, 44, N/A, 51.41, 37|4, 45, N/A, 54.61, 33|5, 47, N/A, 54.15, 32|6, 44, N/A, 55.31, 33|
01:18:10 0, 54, N/A, 55.90, 39|1, 55, N/A, 60.61, 39|2, 43, N/A, 61.81, 37|3, 44, N/A, 51.68, 37|4, 45, N/A, 54.92, 33|5, 47, N/A, 53.38, 32|6, 44, N/A, 56.82, 32|
01:18:12 0, 54, N/A, 55.65, 39|1, 55, N/A, 60.58, 39|2, 43, N/A, 61.78, 37|3, 44, N/A, 51.65, 36|4, 45, N/A, 55.87, 32|5, 47, N/A, 55.38, 32|6, 44, N/A, 61.46, 32|
01:18:14 0, 54, N/A, 55.16, 40|1, 55, N/A, 59.60, 39|2, 43, N/A, 61.29, 37|3, 45, N/A, 52.88, 37|4, 45, N/A, 54.88, 32|5, 47, N/A, 59.78, 32|6, 44, N/A, 60.47, 33|
01:18:17 0, 54, N/A, 53.69, 38|1, 55, N/A, 61.53, 38|2, 43, N/A, 59.57, 36|3, 45, N/A, 50.70, 35|4, 45, N/A, 53.19, 31|5, 47, N/A, 50.18, 31|6, 44, N/A, 54.57, 32|
01:18:19 0, 54, N/A, 53.90, 40|1, 55, N/A, 59.34, 39|2, 43, N/A, 61.28, 37|3, 45, N/A, 51.43, 37|4, 45, N/A, 54.36, 33|5, 48, N/A, 53.19, 32|6, 44, N/A, 57.28, 33|
01:18:21 0, 54, N/A, 53.90, 39|1, 55, N/A, 58.55, 39|2, 44, N/A, 61.53, 37|3, 45, N/A, 49.90, 36|4, 46, N/A, 54.14, 32|5, 48, N/A, 53.19, 32|6, 44, N/A, 57.28, 33|
01:18:23 0, 54, N/A, 55.37, 40|1, 55, N/A, 60.29, 40|2, 44, N/A, 62.05, 37|3, 45, N/A, 52.60, 36|4, 46, N/A, 54.85, 32|5, 48, N/A, 53.62, 32|6, 45, N/A, 54.79, 33|
01:18:25 0, 54, N/A, 54.18, 39|1, 55, N/A, 60.58, 40|2, 44, N/A, 63.50, 37|3, 45, N/A, 54.14, 37|4, 46, N/A, 56.33, 33|5, 48, N/A, 61.81, 33|6, 45, N/A, 61.98, 33|
01:18:27 0, 54, N/A, 52.18, 39|1, 55, N/A, 57.87, 39|2, 44, N/A, 61.32, 38|3, 45, N/A, 50.67, 37|4, 46, N/A, 54.64, 33|5, 48, N/A, 54.88, 32|6, 45, N/A, 58.51, 33|
01:18:29 0, 54, N/A, 54.12, 36|1, 55, N/A, 61.04, 37|2, 44, N/A, 61.53, 34|3, 45, N/A, 51.62, 33|4, 46, N/A, 52.63, 31|5, 48, N/A, 52.70, 30|6, 45, N/A, 54.08, 31|
01:18:31 0, 54, N/A, 54.92, 40|1, 55, N/A, 59.07, 40|2, 44, N/A, 63.53, 37|3, 46, N/A, 53.13, 37|4, 46, N/A, 59.31, 33|5, 48, N/A, 57.35, 32|6, 45, N/A, 58.01, 33|
01:18:33 0, 54, N/A, 54.92, 39|1, 55, N/A, 59.84, 39|2, 45, N/A, 64.00, 37|3, 46, N/A, 55.37, 37|4, 46, N/A, 58.30, 33|5, 48, N/A, 58.61, 32|6, 45, N/A, 59.03, 33|
01:18:35 0, 54, N/A, 56.61, 40|1, 55, N/A, 62.76, 39|2, 45, N/A, 66.70, 37|3, 46, N/A, 54.36, 37|4, 46, N/A, 57.81, 32|5, 49, N/A, 54.64, 32|6, 45, N/A, 57.03, 33|
01:18:37 0, 54, N/A, 36.22, 40|1, 55, N/A, 40.19, 29|2, 45, N/A, 40.91, 37|3, 46, N/A, 34.23, 37|4, 46, N/A, 35.73, 32|5, 48, N/A, 35.24, 22|6, 45, N/A, 36.67, 33|
01:18:39 0, 54, N/A, 71.09, 76|1, 55, N/A, 77.04, 71|2, 44, N/A, 66.70, 65|3, 46, N/A, 43.07, 33|4, 46, N/A, 51.44, 42|5, 49, N/A, 45.59, 36|6, 45, N/A, 42.09, 30|
01:18:42 0, 54, N/A, 47.04, 89|1, 55, N/A, 50.48, 86|2, 45, N/A, 47.80, 83|3, 46, N/A, 57.56, 36|4, 46, N/A, 42.80, 39|5, 48, N/A, 60.02, 37|6, 45, N/A, 58.02, 43|
01:18:44 0, 54, N/A, 43.83, 86|1, 55, N/A, 49.25, 84|2, 45, N/A, 67.20, 80|3, 46, N/A, 39.62, 38|4, 47, N/A, 49.47, 41|5, 49, N/A, 46.54, 38|6, 45, N/A, 42.55, 40|
01:18:46 0, 54, N/A, 57.59, 88|1, 55, N/A, 59.34, 87|2, 45, N/A, 54.40, 84|3, 46, N/A, 42.33, 40|4, 47, N/A, 43.81, 41|5, 49, N/A, 42.85, 40|6, 45, N/A, 44.25, 40|
01:18:48 0, 54, N/A, 70.84, 87|1, 55, N/A, 64.48, 83|2, 45, N/A, 59.80, 80|3, 46, N/A, 43.81, 42|4, 47, N/A, 47.25, 36|5, 49, N/A, 44.57, 45|6, 46, N/A, 45.26, 43|
01:18:50 0, 54, N/A, 44.82, 86|1, 55, N/A, 49.00, 84|2, 45, N/A, 51.44, 80|3, 47, N/A, 59.48, 43|4, 47, N/A, 70.80, 41|5, 49, N/A, 58.82, 39|6, 46, N/A, 59.99, 44|
01:18:52 0, 54, N/A, 53.62, 88|1, 55, N/A, 53.16, 85|2, 45, N/A, 55.13, 81|3, 46, N/A, 40.83, 42|4, 47, N/A, 42.06, 39|5, 49, N/A, 41.35, 38|6, 46, N/A, 78.68, 39|
01:18:54 0, 54, N/A, 46.24, 83|1, 55, N/A, 49.68, 83|2, 45, N/A, 47.00, 84|3, 46, N/A, 49.40, 37|4, 47, N/A, 55.55, 44|5, 49, N/A, 50.91, 36|6, 46, N/A, 59.20, 38|
01:18:56 0, 54, N/A, 44.02, 86|1, 55, N/A, 47.99, 85|2, 45, N/A, 61.94, 80|3, 47, N/A, 57.47, 41|4, 47, N/A, 66.33, 38|5, 49, N/A, 56.78, 41|6, 46, N/A, 54.53, 44|
01:18:58 0, 54, N/A, 46.97, 87|1, 55, N/A, 84.25, 80|2, 46, N/A, 76.40, 77|3, 47, N/A, 48.91, 39|4, 47, N/A, 52.11, 42|5, 49, N/A, 49.68, 46|6, 46, N/A, 49.62, 39|
01:19:01 0, 54, N/A, 67.56, 85|1, 55, N/A, 71.04, 81|2, 46, N/A, 66.41, 81|3, 47, N/A, 45.50, 39|4, 47, N/A, 51.89, 44|5, 49, N/A, 46.51, 38|6, 46, N/A, 47.93, 34|
01:19:03 0, 54, N/A, 59.48, 88|1, 55, N/A, 58.53, 84|2, 46, N/A, 59.52, 79|3, 47, N/A, 43.04, 36|4, 47, N/A, 44.02, 47|5, 49, N/A, 42.80, 43|6, 46, N/A, 44.47, 40|
01:19:05 0, 54, N/A, 46.48, 86|1, 55, N/A, 50.94, 77|2, 46, N/A, 47.26, 81|3, 47, N/A, 51.86, 38|4, 47, N/A, 58.75, 44|5, 50, N/A, 53.12, 38|6, 47, N/A, 59.46, 47|
01:19:07 0, 54, N/A, 59.02, 82|1, 55, N/A, 59.27, 84|2, 46, N/A, 60.50, 79|3, 47, N/A, 41.78, 43|4, 47, N/A, 44.49, 39|5, 49, N/A, 43.04, 44|6, 47, N/A, 44.96, 47|
01:19:09 0, 54, N/A, 44.76, 86|1, 55, N/A, 57.55, 81|2, 46, N/A, 64.89, 81|3, 47, N/A, 44.73, 42|4, 48, N/A, 50.63, 38|5, 50, N/A, 46.73, 42|6, 47, N/A, 47.17, 42|
01:19:11 0, 54, N/A, 66.11, 87|1, 55, N/A, 62.71, 81|2, 46, N/A, 57.06, 80|3, 47, N/A, 43.26, 40|4, 48, N/A, 51.37, 46|5, 50, N/A, 44.51, 46|6, 47, N/A, 45.69, 43|
01:19:13 0, 54, N/A, 42.08, 80|1, 55, N/A, 51.68, 84|2, 46, N/A, 45.77, 76|3, 47, N/A, 58.95, 45|4, 48, N/A, 77.34, 36|5, 50, N/A, 66.86, 40|6, 47, N/A, 61.87, 37|
01:19:15 0, 54, N/A, 47.47, 85|1, 55, N/A, 47.49, 84|2, 46, N/A, 82.30, 81|3, 47, N/A, 51.58, 38|4, 48, N/A, 62.16, 47|5, 50, N/A, 54.82, 44|6, 47, N/A, 52.08, 44|
01:19:17 0, 54, N/A, 42.79, 88|1, 55, N/A, 59.27, 86|2, 46, N/A, 46.02, 84|3, 48, N/A, 80.24, 43|4, 48, N/A, 44.02, 39|5, 50, N/A, 70.46, 37|6, 47, N/A, 75.82, 43|
01:19:19 0, 54, N/A, 46.94, 88|1, 55, N/A, 85.23, 84|2, 46, N/A, 70.05, 80|3, 47, N/A, 47.19, 38|4, 48, N/A, 53.10, 42|5, 50, N/A, 49.93, 39|6, 47, N/A, 49.62, 38|
01:19:22 0, 54, N/A, 45.74, 88|1, 55, N/A, 49.46, 84|2, 47, N/A, 47.49, 81|3, 47, N/A, 67.51, 38|4, 48, N/A, 64.08, 46|5, 50, N/A, 69.03, 45|6, 47, N/A, 67.23, 43|
01:19:24 0, 54, N/A, 56.54, 90|1, 55, N/A, 65.42, 85|2, 46, N/A, 52.63, 78|3, 47, N/A, 41.56, 36|4, 48, N/A, 44.27, 47|5, 50, N/A, 42.55, 40|6, 47, N/A, 44.49, 43|
01:19:26 0, 54, N/A, 47.47, 84|1, 55, N/A, 51.40, 83|2, 47, N/A, 47.49, 84|3, 48, N/A, 53.09, 40|4, 48, N/A, 59.69, 44|5, 50, N/A, 53.09, 33|6, 47, N/A, 60.89, 39|
01:19:28 0, 54, N/A, 50.18, 86|1, 55, N/A, 51.68, 81|2, 47, N/A, 49.22, 78|3, 48, N/A, 70.21, 37|4, 48, N/A, 63.63, 47|5, 50, N/A, 55.56, 44|6, 47, N/A, 54.29, 44|
01:19:30 0, 54, N/A, 48.20, 76|1, 55, N/A, 49.46, 69|2, 47, N/A, 48.72, 63|3, 48, N/A, 72.91, 27|4, 48, N/A, 48.67, 42|5, 50, N/A, 80.98, 32|6, 47, N/A, 71.65, 41|
01:19:32 0, 54, N/A, 46.48, 84|1, 55, N/A, 51.19, 85|2, 47, N/A, 48.49, 82|3, 48, N/A, 54.53, 46|4, 48, N/A, 75.62, 43|5, 50, N/A, 48.94, 34|6, 47, N/A, 46.43, 46|
01:19:34 0, 54, N/A, 46.51, 87|1, 55, N/A, 50.20, 79|2, 47, N/A, 54.35, 80|3, 48, N/A, 50.38, 40|4, 49, N/A, 57.52, 42|5, 51, N/A, 52.14, 44|6, 48, N/A, 51.10, 42|
01:19:36 0, 54, N/A, 49.44, 86|1, 55, N/A, 52.66, 83|2, 47, N/A, 49.95, 80|3, 48, N/A, 44.73, 37|4, 49, N/A, 43.04, 43|5, 51, N/A, 43.06, 42|6, 48, N/A, 58.92, 45|
01:19:38 0, 54, N/A, 46.24, 82|1, 55, N/A, 51.19, 85|2, 47, N/A, 48.72, 81|3, 48, N/A, 55.27, 40|4, 49, N/A, 60.18, 36|5, 51, N/A, 58.99, 41|6, 48, N/A, 55.49, 39|
01:19:41 0, 54, N/A, 54.11, 87|1, 55, N/A, 55.58, 81|2, 47, N/A, 51.41, 81|3, 48, N/A, 51.86, 38|4, 49, N/A, 43.53, 44|5, 51, N/A, 56.26, 44|6, 48, N/A, 74.11, 41|
01:19:43 0, 54, N/A, 43.78, 88|1, 55, N/A, 75.95, 84|2, 47, N/A, 98.20, 82|3, 48, N/A, 40.80, 38|4, 49, N/A, 61.42, 45|5, 51, N/A, 41.07, 46|6, 48, N/A, 54.53, 41|
01:19:45 0, 54, N/A, 56.04, 87|1, 55, N/A, 81.56, 84|2, 47, N/A, 77.42, 80|3, 48, N/A, 49.16, 39|4, 49, N/A, 54.82, 43|5, 51, N/A, 51.65, 38|6, 48, N/A, 50.12, 38|
01:19:47 0, 54, N/A, 46.24, 83|1, 55, N/A, 51.92, 82|2, 47, N/A, 49.68, 79|3, 48, N/A, 54.32, 36|4, 49, N/A, 81.27, 48|5, 51, N/A, 55.80, 46|6, 48, N/A, 54.04, 39|
01:19:49 0, 54, N/A, 48.20, 89|1, 55, N/A, 56.32, 79|2, 48, N/A, 48.72, 80|3, 48, N/A, 72.96, 35|4, 49, N/A, 50.36, 48|5, 51, N/A, 79.54, 44|6, 48, N/A, 73.85, 43|
01:19:51 0, 54, N/A, 43.53, 83|1, 55, N/A, 70.54, 80|2, 48, N/A, 66.16, 80|3, 49, N/A, 45.72, 38|4, 49, N/A, 50.14, 47|5, 51, N/A, 53.62, 33|6, 48, N/A, 48.15, 47|
01:19:53 0, 54, N/A, 48.20, 82|1, 55, N/A, 52.17, 83|2, 48, N/A, 52.39, 77|3, 49, N/A, 41.81, 39|4, 49, N/A, 42.79, 44|5, 51, N/A, 42.08, 48|6, 48, N/A, 69.44, 45|
01:19:55 0, 54, N/A, 53.12, 88|1, 55, N/A, 55.58, 79|2, 48, N/A, 50.45, 81|3, 48, N/A, 63.87, 37|4, 49, N/A, 43.28, 41|5, 51, N/A, 57.48, 41|6, 48, N/A, 74.64, 41|
01:19:57 0, 54, N/A, 55.80, 89|1, 55, N/A, 67.59, 85|2, 48, N/A, 57.80, 84|3, 49, N/A, 42.55, 38|4, 49, N/A, 44.51, 47|5, 52, N/A, 42.82, 45|6, 49, N/A, 67.02, 43|
01:20:00 0, 55, N/A, 59.76, 88|1, 55, N/A, 85.49, 84|2, 48, N/A, 47.96, 81|3, 49, N/A, 56.25, 36|4, 49, N/A, 42.55, 46|5, 52, N/A, 65.63, 44|6, 48, N/A, 44.24, 44|
01:20:02 0, 54, N/A, 53.86, 84|1, 55, N/A, 56.32, 82|2, 48, N/A, 52.88, 79|3, 49, N/A, 42.55, 38|4, 49, N/A, 44.27, 45|5, 52, N/A, 42.82, 41|6, 49, N/A, 64.57, 40|
01:20:04 0, 55, N/A, 44.76, 89|1, 55, N/A, 51.43, 85|2, 48, N/A, 47.99, 82|3, 49, N/A, 63.58, 39|4, 49, N/A, 83.18, 41|5, 52, N/A, 65.59, 40|6, 49, N/A, 59.17, 40|
01:20:06 0, 54, N/A, 58.50, 85|1, 55, N/A, 58.53, 82|2, 48, N/A, 54.85, 80|3, 49, N/A, 42.77, 42|4, 50, N/A, 45.25, 41|5, 52, N/A, 43.78, 35|6, 49, N/A, 45.69, 45|
01:20:08 0, 55, N/A, 54.59, 87|1, 55, N/A, 54.60, 82|2, 48, N/A, 56.08, 77|3, 49, N/A, 42.03, 41|4, 49, N/A, 43.78, 37|5, 52, N/A, 42.55, 45|6, 49, N/A, 44.71, 43|
01:20:10 0, 54, N/A, 49.68, 86|1, 55, N/A, 52.38, 75|2, 48, N/A, 51.19, 76|3, 49, N/A, 43.50, 34|4, 50, N/A, 43.28, 40|5, 52, N/A, 42.30, 40|6, 49, N/A, 45.20, 37|
01:20:12 0, 54, N/A, 66.61, 89|1, 55, N/A, 65.17, 82|2, 48, N/A, 59.77, 84|3, 49, N/A, 44.73, 37|4, 50, N/A, 47.69, 45|5, 52, N/A, 44.52, 34|6, 49, N/A, 46.67, 46|
01:20:14 0, 55, N/A, 71.03, 86|1, 55, N/A, 47.74, 81|2, 49, N/A, 60.47, 80|3, 49, N/A, 79.55, 38|4, 50, N/A, 54.53, 46|5, 52, N/A, 86.42, 41|6, 49, N/A, 73.61, 43|
01:20:16 0, 55, N/A, 44.27, 79|1, 55, N/A, 48.23, 84|2, 48, N/A, 75.91, 76|3, 49, N/A, 54.04, 39|4, 50, N/A, 60.43, 40|5, 52, N/A, 46.97, 45|6, 49, N/A, 48.39, 47|
01:20:18 0, 55, N/A, 52.63, 87|1, 55, N/A, 60.50, 79|2, 48, N/A, 52.66, 80|3, 49, N/A, 41.81, 37|4, 50, N/A, 44.02, 46|5, 52, N/A, 42.82, 49|6, 49, N/A, 45.23, 44|
01:20:21 0, 55, N/A, 69.56, 86|1, 55, N/A, 65.91, 81|2, 48, N/A, 59.77, 82|3, 49, N/A, 43.26, 43|4, 50, N/A, 45.99, 41|5, 52, N/A, 43.78, 40|6, 49, N/A, 46.46, 41|
01:20:23 0, 55, N/A, 52.14, 87|1, 55, N/A, 54.11, 82|2, 49, N/A, 50.94, 78|3, 50, N/A, 61.41, 45|4, 50, N/A, 47.65, 39|5, 52, N/A, 66.36, 42|6, 49, N/A, 63.10, 38|
01:20:25 0, 55, N/A, 44.02, 87|1, 55, N/A, 51.65, 77|2, 49, N/A, 86.71, 84|3, 50, N/A, 52.56, 38|4, 50, N/A, 59.94, 41|5, 52, N/A, 53.58, 34|6, 49, N/A, 52.57, 44|
01:20:27 0, 55, N/A, 47.96, 88|1, 55, N/A, 51.89, 81|2, 49, N/A, 50.91, 84|3, 50, N/A, 61.90, 38|4, 50, N/A, 57.72, 43|5, 53, N/A, 56.29, 48|6, 49, N/A, 53.06, 45|
01:20:29 0, 55, N/A, 93.54, 87|1, 55, N/A, 48.20, 82|2, 49, N/A, 76.19, 81|3, 50, N/A, 46.45, 39|4, 50, N/A, 42.03, 39|5, 53, N/A, 69.76, 42|6, 50, N/A, 64.28, 46|
01:20:31 0, 55, N/A, 52.87, 89|1, 55, N/A, 56.32, 86|2, 49, N/A, 52.88, 84|3, 50, N/A, 45.72, 43|4, 50, N/A, 44.00, 46|5, 53, N/A, 44.25, 40|6, 49, N/A, 83.13, 40|
01:20:33 0, 55, N/A, 67.31, 67|1, 55, N/A, 77.67, 70|2, 49, N/A, 65.14, 62|3, 50, N/A, 44.49, 29|4, 50, N/A, 48.18, 36|5, 53, N/A, 45.74, 36|6, 50, N/A, 47.17, 35|
01:20:35 0, 55, N/A, 50.41, 82|1, 55, N/A, 69.56, 83|2, 49, N/A, 65.63, 76|3, 50, N/A, 46.21, 46|4, 50, N/A, 59.49, 51|5, 53, N/A, 47.72, 34|6, 50, N/A, 49.38, 43|
01:20:37 0, 55, N/A, 75.21, 86|1, 55, N/A, 68.83, 78|2, 49, N/A, 65.39, 80|3, 50, N/A, 45.72, 43|4, 50, N/A, 49.66, 42|5, 53, N/A, 47.47, 41|6, 50, N/A, 47.90, 35|
01:20:40 0, 55, N/A, 62.19, 86|1, 55, N/A, 47.00, 85|2, 49, N/A, 58.29, 79|3, 50, N/A, 65.06, 40|4, 51, N/A, 81.21, 42|5, 53, N/A, 68.79, 43|6, 50, N/A, 67.52, 38|
01:20:42 0, 55, N/A, 49.43, 89|1, 55, N/A, 52.42, 85|2, 49, N/A, 50.45, 84|3, 50, N/A, 109.80, 42|4, 51, N/A, 45.22, 42|5, 53, N/A, 95.41, 40|6, 50, N/A, 121.98, 38|
01:20:44 0, 55, N/A, 45.53, 88|1, 55, N/A, 49.95, 82|2, 49, N/A, 49.46, 83|3, 50, N/A, 65.30, 39|4, 50, N/A, 83.18, 40|5, 53, N/A, 71.98, 35|6, 50, N/A, 63.34, 46|
01:20:46 0, 55, N/A, 48.94, 88|1, 55, N/A, 51.68, 84|2, 49, N/A, 50.45, 76|3, 50, N/A, 58.99, 43|4, 51, N/A, 47.44, 42|5, 53, N/A, 66.13, 48|6, 50, N/A, 60.64, 40|
01:20:48 0, 55, N/A, 46.76, 88|1, 55, N/A, 49.99, 86|2, 50, N/A, 49.74, 84|3, 50, N/A, 72.22, 40|4, 51, N/A, 57.52, 39|5, 53, N/A, 82.99, 35|6, 50, N/A, 71.20, 42|
01:20:50 0, 55, N/A, 42.33, 87|1, 55, N/A, 78.89, 82|2, 49, N/A, 79.89, 74|3, 50, N/A, 48.91, 42|4, 51, N/A, 55.80, 40|5, 53, N/A, 52.39, 45|6, 50, N/A, 52.58, 43|
01:20:52 0, 55, N/A, 66.37, 84|1, 55, N/A, 80.67, 84|2, 49, N/A, 72.31, 80|3, 50, N/A, 47.47, 36|4, 51, N/A, 53.86, 45|5, 53, N/A, 49.96, 38|6, 50, N/A, 50.39, 43|
01:20:54 0, 55, N/A, 66.37, 88|1, 55, N/A, 66.40, 85|2, 50, N/A, 60.75, 83|3, 50, N/A, 48.94, 42|4, 51, N/A, 49.68, 48|5, 53, N/A, 45.78, 43|6, 50, N/A, 47.69, 41|
01:20:56 0, 55, N/A, 45.77, 86|1, 55, N/A, 49.22, 60|2, 50, N/A, 58.04, 83|3, 51, N/A, 49.89, 35|4, 51, N/A, 56.78, 48|5, 53, N/A, 48.70, 33|6, 50, N/A, 50.14, 40|
01:20:58 0, 55, N/A, 57.51, 83|1, 55, N/A, 59.03, 86|2, 50, N/A, 52.91, 80|3, 51, N/A, 44.73, 48|4, 51, N/A, 44.51, 42|5, 53, N/A, 43.29, 41|6, 50, N/A, 45.45, 48|
01:21:01 0, 55, N/A, 56.29, 87|1, 55, N/A, 56.11, 84|2, 50, N/A, 53.89, 79|3, 51, N/A, 42.77, 44|4, 51, N/A, 44.27, 41|5, 53, N/A, 63.17, 43|6, 51, N/A, 58.22, 36|
01:21:03 0, 55, N/A, 45.74, 87|1, 55, N/A, 49.22, 84|2, 50, N/A, 63.90, 83|3, 51, N/A, 43.01, 42|4, 51, N/A, 108.09, 41|5, 53, N/A, 43.01, 41|6, 50, N/A, 102.45, 41|
01:21:05 0, 55, N/A, 78.84, 90|1, 55, N/A, 77.18, 86|2, 50, N/A, 68.09, 84|3, 51, N/A, 45.96, 40|4, 51, N/A, 50.88, 39|5, 54, N/A, 47.22, 41|6, 50, N/A, 49.14, 44|
01:21:07 0, 55, N/A, 48.45, 87|1, 55, N/A, 51.43, 84|2, 50, N/A, 50.42, 83|3, 51, N/A, 77.54, 37|4, 51, N/A, 43.53, 45|5, 53, N/A, 78.28, 46|6, 51, N/A, 70.91, 43|
01:21:09 0, 55, N/A, 47.47, 89|1, 55, N/A, 50.45, 86|2, 50, N/A, 51.41, 80|3, 51, N/A, 68.99, 47|4, 51, N/A, 57.72, 36|5, 54, N/A, 82.94, 41|6, 51, N/A, 68.95, 38|
01:21:11 0, 55, N/A, 56.53, 87|1, 55, N/A, 79.10, 74|2, 50, N/A, 68.09, 82|3, 51, N/A, 47.68, 38|4, 51, N/A, 53.10, 44|5, 54, N/A, 48.20, 38|6, 51, N/A, 49.13, 47|
01:21:13 0, 55, N/A, 54.08, 79|1, 55, N/A, 65.17, 84|2, 50, N/A, 68.83, 74|3, 51, N/A, 43.99, 45|4, 51, N/A, 47.19, 40|5, 54, N/A, 45.50, 48|6, 51, N/A, 47.41, 45|
01:21:15 0, 55, N/A, 79.35, 86|1, 55, N/A, 47.74, 81|2, 50, N/A, 65.18, 81|3, 51, N/A, 83.91, 42|4, 51, N/A, 42.28, 43|5, 54, N/A, 68.01, 42|6, 51, N/A, 80.68, 41|
01:21:17 0, 55, N/A, 52.14, 86|1, 55, N/A, 56.07, 82|2, 51, N/A, 53.37, 77|3, 51, N/A, 46.21, 37|4, 51, N/A, 44.51, 42|5, 54, N/A, 43.53, 38|6, 51, N/A, 76.26, 44|
01:21:20 0, 55, N/A, 72.26, 76|1, 55, N/A, 67.88, 63|2, 50, N/A, 64.93, 64|3, 51, N/A, 45.96, 26|4, 51, N/A, 47.94, 39|5, 54, N/A, 46.24, 31|6, 51, N/A, 48.18, 39|
01:21:22 0, 55, N/A, 47.22, 80|1, 55, N/A, 51.68, 82|2, 50, N/A, 50.94, 77|3, 51, N/A, 56.53, 50|4, 51, N/A, 61.66, 47|5, 54, N/A, 59.73, 38|6, 51, N/A, 57.45, 46|
01:21:24 0, 55, N/A, 62.43, 90|1, 55, N/A, 53.62, 80|2, 51, N/A, 51.19, 86|3, 51, N/A, 70.46, 45|4, 51, N/A, 43.53, 39|5, 54, N/A, 51.37, 46|6, 51, N/A, 89.50, 35|
01:21:26 0, 55, N/A, 76.85, 87|1, 55, N/A, 71.52, 74|2, 51, N/A, 71.28, 82|3, 51, N/A, 46.94, 40|4, 52, N/A, 50.64, 42|5, 54, N/A, 47.47, 36|6, 51, N/A, 49.62, 44|
01:21:28 0, 55, N/A, 47.71, 81|1, 55, N/A, 50.20, 86|2, 51, N/A, 49.95, 80|3, 51, N/A, 68.74, 45|4, 51, N/A, 75.77, 36|5, 54, N/A, 69.03, 45|6, 51, N/A, 65.55, 41|
01:21:30 0, 55, N/A, 43.78, 89|1, 55, N/A, 83.23, 86|2, 51, N/A, 74.68, 82|3, 51, N/A, 48.42, 43|4, 51, N/A, 55.30, 40|5, 54, N/A, 50.14, 43|6, 51, N/A, 51.59, 40|
01:21:32 0, 55, N/A, 53.86, 80|1, 55, N/A, 56.35, 83|2, 51, N/A, 52.14, 83|3, 51, N/A, 61.41, 40|4, 52, N/A, 44.51, 43|5, 54, N/A, 69.28, 31|6, 51, N/A, 63.38, 46|
01:21:34 0, 55, N/A, 44.76, 89|1, 55, N/A, 58.99, 85|2, 51, N/A, 71.77, 78|3, 51, N/A, 48.91, 44|4, 52, N/A, 51.86, 33|5, 54, N/A, 48.92, 40|6, 51, N/A, 49.38, 43|
01:21:36 0, 55, N/A, 45.53, 85|1, 55, N/A, 50.45, 81|2, 51, N/A, 92.37, 79|3, 51, N/A, 43.01, 39|4, 52, N/A, 122.71, 46|5, 54, N/A, 42.79, 47|6, 52, N/A, 98.53, 43|
01:21:38 0, 56, N/A, 71.78, 36|1, 55, N/A, 76.25, 37|2, 51, N/A, 77.72, 36|3, 52, N/A, 65.59, 34|4, 52, N/A, 66.84, 30|5, 55, N/A, 66.38, 30|6, 52, N/A, 70.51, 31|
01:21:41 0, 56, N/A, 64.98, 37|1, 56, N/A, 76.78, 37|2, 52, N/A, 78.23, 36|3, 52, N/A, 66.20, 35|4, 52, N/A, 56.58, 33|5, 55, N/A, 56.15, 33|6, 52, N/A, 60.26, 34|
01:21:43 0, 56, N/A, 66.46, 37|1, 56, N/A, 72.15, 38|2, 52, N/A, 75.11, 37|3, 52, N/A, 62.76, 34|4, 52, N/A, 57.56, 33|5, 55, N/A, 57.84, 33|6, 52, N/A, 58.01, 33|
01:21:45 0, 56, N/A, 65.72, 37|1, 56, N/A, 71.59, 37|2, 52, N/A, 78.06, 36|3, 52, N/A, 64.90, 34|4, 52, N/A, 62.48, 33|5, 55, N/A, 59.60, 33|6, 52, N/A, 63.70, 34|
01:21:47 0, 56, N/A, 67.20, 37|1, 56, N/A, 70.63, 36|2, 52, N/A, 79.75, 36|3, 52, N/A, 64.16, 34|4, 52, N/A, 60.79, 33|5, 55, N/A, 59.07, 32|6, 52, N/A, 67.36, 32|
01:21:49 0, 56, N/A, 69.15, 38|1, 56, N/A, 72.56, 37|2, 53, N/A, 75.76, 37|3, 53, N/A, 65.87, 35|4, 52, N/A, 56.36, 33|5, 55, N/A, 56.36, 33|6, 52, N/A, 58.48, 34|
01:21:51 0, 56, N/A, 65.46, 37|1, 56, N/A, 70.14, 37|2, 53, N/A, 77.73, 37|3, 53, N/A, 65.84, 35|4, 52, N/A, 58.54, 33|5, 55, N/A, 59.28, 33|6, 52, N/A, 63.18, 33|
01:21:53 0, 56, N/A, 68.42, 38|1, 56, N/A, 70.84, 37|2, 53, N/A, 77.98, 37|3, 53, N/A, 66.13, 35|4, 52, N/A, 58.57, 33|5, 55, N/A, 58.36, 33|6, 52, N/A, 63.46, 34|
01:21:55 0, 57, N/A, 65.97, 37|1, 56, N/A, 74.37, 37|2, 53, N/A, 80.73, 36|3, 53, N/A, 66.62, 35|4, 53, N/A, 61.99, 33|5, 55, N/A, 60.55, 33|6, 52, N/A, 60.93, 33|
01:21:57 0, 57, N/A, 67.40, 37|1, 56, N/A, 71.13, 37|2, 53, N/A, 75.57, 36|3, 53, N/A, 64.44, 34|4, 52, N/A, 58.08, 33|5, 55, N/A, 59.84, 32|6, 52, N/A, 58.73, 33|
01:21:59 0, 57, N/A, 72.32, 37|1, 56, N/A, 75.06, 36|2, 53, N/A, 80.19, 23|3, 53, N/A, 64.65, 21|4, 53, N/A, 58.29, 21|5, 55, N/A, 55.62, 32|6, 52, N/A, 61.17, 24|
01:22:01 0, 57, N/A, 66.70, 37|1, 57, N/A, 71.87, 37|2, 53, N/A, 78.23, 37|3, 53, N/A, 66.37, 35|4, 53, N/A, 59.52, 34|5, 55, N/A, 64.21, 33|6, 52, N/A, 64.65, 34|
01:22:04 0, 57, N/A, 66.17, 38|1, 57, N/A, 74.57, 38|2, 53, N/A, 77.28, 37|3, 53, N/A, 66.41, 34|4, 53, N/A, 57.31, 33|5, 55, N/A, 58.58, 33|6, 52, N/A, 61.42, 34|
01:22:06 0, 57, N/A, 69.12, 37|1, 57, N/A, 76.29, 37|2, 54, N/A, 83.59, 36|3, 53, N/A, 68.79, 34|4, 53, N/A, 59.73, 33|5, 55, N/A, 59.28, 33|6, 52, N/A, 62.86, 33|
01:22:08 0, 57, N/A, 67.39, 38|1, 57, N/A, 71.58, 37|2, 54, N/A, 77.19, 37|3, 54, N/A, 65.38, 35|4, 53, N/A, 58.53, 34|5, 55, N/A, 57.56, 33|6, 52, N/A, 59.18, 34|
01:22:10 0, 57, N/A, 64.94, 37|1, 57, N/A, 71.91, 37|2, 54, N/A, 81.42, 36|3, 54, N/A, 65.87, 34|4, 53, N/A, 57.83, 33|5, 56, N/A, 59.07, 33|6, 52, N/A, 62.40, 33|
01:22:12 0, 57, N/A, 68.66, 38|1, 57, N/A, 72.86, 38|2, 54, N/A, 79.50, 37|3, 54, N/A, 66.65, 35|4, 53, N/A, 59.25, 33|5, 56, N/A, 63.47, 33|6, 52, N/A, 63.39, 34|
01:22:14 0, 57, N/A, 66.66, 37|1, 57, N/A, 73.88, 37|2, 54, N/A, 79.01, 37|3, 54, N/A, 65.43, 34|4, 53, N/A, 58.82, 33|5, 56, N/A, 57.59, 33|6, 53, N/A, 60.23, 33|
01:22:16 0, 57, N/A, 67.61, 37|1, 57, N/A, 74.08, 37|2, 54, N/A, 79.21, 37|3, 54, N/A, 68.82, 34|4, 53, N/A, 58.08, 33|5, 56, N/A, 56.83, 33|6, 53, N/A, 60.96, 34|
01:22:18 0, 57, N/A, 67.68, 35|1, 57, N/A, 73.34, 29|2, 54, N/A, 78.71, 36|3, 54, N/A, 67.35, 34|4, 53, N/A, 61.95, 32|5, 56, N/A, 61.03, 29|6, 52, N/A, 63.91, 33|
01:22:20 0, 57, N/A, 67.20, 37|1, 57, N/A, 71.87, 37|2, 55, N/A, 80.98, 37|3, 54, N/A, 65.71, 34|4, 53, N/A, 57.81, 33|5, 56, N/A, 57.87, 33|6, 53, N/A, 62.47, 33|
01:22:22 0, 57, N/A, 66.46, 37|1, 57, N/A, 73.14, 37|2, 55, N/A, 78.03, 36|3, 54, N/A, 65.15, 34|4, 53, N/A, 59.06, 33|5, 56, N/A, 58.82, 33|6, 53, N/A, 69.07, 33|
01:22:24 0, 57, N/A, 66.70, 37|1, 57, N/A, 74.62, 37|2, 55, N/A, 76.99, 37|3, 54, N/A, 65.92, 34|4, 53, N/A, 58.79, 33|5, 56, N/A, 56.83, 33|6, 53, N/A, 63.42, 34|
01:22:26 0, 58, N/A, 72.07, 38|1, 57, N/A, 74.53, 37|2, 55, N/A, 80.43, 37|3, 55, N/A, 66.37, 35|4, 53, N/A, 58.29, 34|5, 56, N/A, 58.33, 33|6, 53, N/A, 60.47, 34|
01:22:29 0, 58, N/A, 68.92, 37|1, 57, N/A, 73.35, 37|2, 55, N/A, 79.50, 37|3, 55, N/A, 68.62, 35|4, 53, N/A, 59.53, 33|5, 56, N/A, 59.56, 33|6, 53, N/A, 63.95, 34|
01:22:31 0, 58, N/A, 66.94, 37|1, 57, N/A, 73.14, 37|2, 55, N/A, 78.52, 37|3, 55, N/A, 63.42, 34|4, 53, N/A, 58.54, 33|5, 56, N/A, 58.33, 33|6, 53, N/A, 60.47, 34|
01:22:33 0, 58, N/A, 67.40, 37|1, 57, N/A, 79.70, 38|2, 55, N/A, 80.68, 37|3, 55, N/A, 69.81, 35|4, 53, N/A, 59.80, 33|5, 56, N/A, 59.07, 33|6, 53, N/A, 60.72, 34|
01:22:35 0, 58, N/A, 65.22, 37|1, 57, N/A, 71.86, 37|2, 55, N/A, 78.76, 37|3, 55, N/A, 64.90, 34|4, 53, N/A, 60.27, 33|5, 56, N/A, 57.84, 33|6, 53, N/A, 61.98, 34|
01:22:37 0, 58, N/A, 67.89, 26|1, 57, N/A, 75.02, 27|2, 55, N/A, 81.72, 26|3, 55, N/A, 73.95, 24|4, 53, N/A, 59.78, 23|5, 56, N/A, 61.32, 24|6, 53, N/A, 62.90, 23|
01:22:39 0, 58, N/A, 68.17, 38|1, 58, N/A, 72.12, 38|2, 55, N/A, 78.56, 37|3, 55, N/A, 63.95, 35|4, 53, N/A, 57.32, 33|5, 56, N/A, 58.36, 34|6, 53, N/A, 60.73, 34|
01:22:41 0, 58, N/A, 68.34, 38|1, 57, N/A, 72.55, 38|2, 55, N/A, 78.76, 37|3, 55, N/A, 67.11, 35|4, 53, N/A, 57.28, 33|5, 56, N/A, 58.78, 33|6, 53, N/A, 61.94, 34|
01:22:43 0, 58, N/A, 67.15, 37|1, 58, N/A, 75.31, 37|2, 56, N/A, 78.71, 37|3, 55, N/A, 65.35, 35|4, 53, N/A, 60.26, 33|5, 56, N/A, 59.04, 33|6, 53, N/A, 64.36, 34|
01:22:45 0, 58, N/A, 69.69, 38|1, 58, N/A, 73.09, 38|2, 56, N/A, 78.03, 37|3, 55, N/A, 65.67, 35|4, 54, N/A, 60.05, 34|5, 56, N/A, 59.07, 34|6, 53, N/A, 61.46, 34|
01:22:47 0, 58, N/A, 67.68, 37|1, 58, N/A, 75.60, 37|2, 56, N/A, 79.74, 37|3, 55, N/A, 67.64, 35|4, 54, N/A, 60.05, 33|5, 56, N/A, 56.58, 33|6, 53, N/A, 62.93, 33|
01:22:49 0, 58, N/A, 67.69, 37|1, 58, N/A, 73.60, 37|2, 56, N/A, 82.21, 37|3, 55, N/A, 66.16, 34|4, 54, N/A, 58.79, 33|5, 56, N/A, 60.30, 33|6, 53, N/A, 66.06, 34|
01:22:51 0, 58, N/A, 65.92, 86|1, 57, N/A, 62.80, 74|2, 55, N/A, 61.78, 81|3, 55, N/A, 44.54, 40|4, 53, N/A, 45.53, 50|5, 56, N/A, 44.82, 41|6, 53, N/A, 59.24, 48|
01:22:54 0, 58, N/A, 60.01, 82|1, 57, N/A, 60.79, 84|2, 55, N/A, 67.68, 74|3, 55, N/A, 45.01, 40|4, 54, N/A, 46.02, 35|5, 56, N/A, 44.79, 44|6, 53, N/A, 54.75, 43|
01:22:56 0, 58, N/A, 67.59, 89|1, 57, N/A, 60.99, 76|2, 56, N/A, 62.23, 83|3, 55, N/A, 45.01, 38|4, 54, N/A, 47.22, 45|5, 57, N/A, 44.79, 44|6, 53, N/A, 46.95, 43|
01:22:58 0, 57, N/A, 61.45, 88|1, 57, N/A, 60.99, 85|2, 55, N/A, 63.46, 84|3, 55, N/A, 44.73, 39|4, 54, N/A, 46.46, 46|5, 56, N/A, 45.26, 44|6, 54, N/A, 82.88, 39|
01:23:00 0, 58, N/A, 49.44, 88|1, 57, N/A, 53.12, 73|2, 56, N/A, 56.07, 83|3, 55, N/A, 59.20, 39|4, 54, N/A, 60.40, 42|5, 56, N/A, 60.96, 41|6, 53, N/A, 57.45, 38|
01:23:02 0, 57, N/A, 53.37, 86|1, 57, N/A, 54.60, 84|2, 55, N/A, 56.81, 76|3, 55, N/A, 75.62, 40|4, 54, N/A, 54.07, 31|5, 57, N/A, 66.33, 45|6, 53, N/A, 64.82, 48|
01:23:04 0, 57, N/A, 49.19, 87|1, 57, N/A, 52.14, 82|2, 56, N/A, 56.57, 83|3, 55, N/A, 57.97, 42|4, 54, N/A, 66.78, 42|5, 57, N/A, 60.22, 41|6, 54, N/A, 58.71, 37|
01:23:06 0, 57, N/A, 44.02, 90|1, 57, N/A, 78.40, 87|2, 56, N/A, 76.15, 82|3, 55, N/A, 42.77, 39|4, 54, N/A, 52.10, 44|5, 57, N/A, 42.55, 40|6, 54, N/A, 88.96, 36|
01:23:08 0, 57, N/A, 54.11, 65|1, 57, N/A, 61.73, 53|2, 56, N/A, 59.03, 60|3, 55, N/A, 44.02, 29|4, 54, N/A, 45.01, 36|5, 57, N/A, 44.03, 33|6, 54, N/A, 60.85, 38|
01:23:10 0, 57, N/A, 82.24, 84|1, 57, N/A, 76.19, 81|2, 56, N/A, 78.66, 83|3, 55, N/A, 49.16, 42|4, 54, N/A, 55.06, 42|5, 56, N/A, 50.66, 37|6, 54, N/A, 52.33, 49|
01:23:13 0, 58, N/A, 54.11, 87|1, 57, N/A, 56.07, 75|2, 56, N/A, 58.04, 80|3, 55, N/A, 52.57, 46|4, 54, N/A, 45.50, 40|5, 57, N/A, 44.76, 48|6, 54, N/A, 68.71, 37|
01:23:15 0, 58, N/A, 64.65, 86|1, 57, N/A, 49.46, 84|2, 56, N/A, 64.44, 83|3, 55, N/A, 67.31, 39|4, 54, N/A, 78.81, 37|5, 57, N/A, 67.81, 40|6, 54, N/A, 68.01, 46|
01:23:17 0, 57, N/A, 58.01, 89|1, 57, N/A, 58.78, 85|2, 55, N/A, 59.28, 80|3, 55, N/A, 44.98, 42|4, 54, N/A, 46.45, 45|5, 57, N/A, 44.76, 46|6, 54, N/A, 61.10, 43|
01:23:19 0, 57, N/A, 45.99, 88|1, 57, N/A, 74.02, 83|2, 56, N/A, 71.04, 85|3, 55, N/A, 47.68, 39|4, 54, N/A, 51.87, 39|5, 57, N/A, 53.58, 38|6, 54, N/A, 50.85, 46|
01:23:21 0, 57, N/A, 64.39, 87|1, 57, N/A, 62.47, 84|2, 56, N/A, 62.72, 80|3, 55, N/A, 45.47, 45|4, 54, N/A, 47.69, 41|5, 57, N/A, 45.75, 41|6, 54, N/A, 48.15, 35|
01:23:23 0, 58, N/A, 49.44, 87|1, 57, N/A, 52.38, 85|2, 56, N/A, 56.08, 82|3, 55, N/A, 56.50, 37|4, 54, N/A, 64.57, 46|5, 57, N/A, 76.41, 45|6, 54, N/A, 59.17, 41|
01:23:25 0, 57, N/A, 69.28, 91|1, 57, N/A, 66.62, 85|2, 55, N/A, 64.20, 85|3, 55, N/A, 47.19, 42|4, 54, N/A, 49.16, 46|5, 57, N/A, 46.48, 38|6, 54, N/A, 48.89, 41|
01:23:27 0, 57, N/A, 47.47, 79|1, 57, N/A, 51.68, 80|2, 56, N/A, 54.60, 82|3, 55, N/A, 64.56, 40|4, 54, N/A, 85.14, 42|5, 57, N/A, 71.24, 34|6, 54, N/A, 66.25, 53|
01:23:29 0, 57, N/A, 58.74, 88|1, 57, N/A, 59.27, 85|2, 56, N/A, 60.51, 75|3, 55, N/A, 44.98, 43|4, 54, N/A, 46.21, 42|5, 57, N/A, 44.51, 50|6, 54, N/A, 59.91, 37|
01:23:31 0, 58, N/A, 55.58, 85|1, 57, N/A, 54.11, 72|2, 56, N/A, 59.28, 79|3, 55, N/A, 44.98, 39|4, 54, N/A, 45.72, 42|5, 57, N/A, 44.76, 45|6, 54, N/A, 48.15, 40|
01:23:34 0, 57, N/A, 44.76, 88|1, 57, N/A, 74.18, 84|2, 56, N/A, 88.68, 84|3, 55, N/A, 50.85, 38|4, 54, N/A, 59.23, 43|5, 57, N/A, 54.32, 44|6, 54, N/A, 53.06, 39|
01:23:36 0, 57, N/A, 72.01, 79|1, 57, N/A, 69.31, 84|2, 56, N/A, 64.90, 84|3, 55, N/A, 46.45, 42|4, 54, N/A, 49.41, 50|5, 57, N/A, 46.98, 43|6, 54, N/A, 48.39, 51|
01:23:38 0, 57, N/A, 53.37, 90|1, 57, N/A, 58.04, 84|2, 56, N/A, 58.53, 75|3, 55, N/A, 44.49, 44|4, 54, N/A, 44.98, 41|5, 57, N/A, 69.31, 42|6, 54, N/A, 62.12, 45|
01:23:40 0, 57, N/A, 128.91, 87|1, 57, N/A, 48.69, 80|2, 56, N/A, 112.88, 82|3, 55, N/A, 42.52, 40|4, 54, N/A, 69.28, 53|5, 57, N/A, 61.46, 40|6, 54, N/A, 45.94, 46|
01:23:42 0, 57, N/A, 46.48, 88|1, 57, N/A, 50.42, 77|2, 56, N/A, 55.83, 82|3, 55, N/A, 64.81, 37|4, 54, N/A, 85.63, 41|5, 57, N/A, 68.79, 42|6, 54, N/A, 55.00, 40|
01:23:44 0, 57, N/A, 46.24, 88|1, 57, N/A, 57.06, 71|2, 56, N/A, 71.77, 82|3, 55, N/A, 48.17, 37|4, 54, N/A, 52.11, 44|5, 57, N/A, 49.19, 34|6, 54, N/A, 55.27, 44|
01:23:46 0, 57, N/A, 56.28, 90|1, 57, N/A, 55.09, 85|2, 56, N/A, 63.70, 85|3, 55, N/A, 44.73, 38|4, 54, N/A, 45.48, 41|5, 57, N/A, 44.76, 43|6, 54, N/A, 47.17, 48|
01:23:48 0, 57, N/A, 54.60, 85|1, 57, N/A, 48.48, 82|2, 56, N/A, 58.29, 79|3, 55, N/A, 61.62, 38|4, 54, N/A, 75.62, 49|5, 57, N/A, 66.33, 44|6, 54, N/A, 59.66, 32|
01:23:50 0, 57, N/A, 55.83, 90|1, 57, N/A, 53.12, 85|2, 56, N/A, 57.55, 76|3, 55, N/A, 47.19, 38|4, 54, N/A, 45.72, 36|5, 57, N/A, 54.08, 46|6, 54, N/A, 73.41, 42|
01:23:52 0, 57, N/A, 46.97, 89|1, 57, N/A, 71.03, 71|2, 56, N/A, 73.99, 85|3, 55, N/A, 48.66, 37|4, 54, N/A, 53.09, 45|5, 57, N/A, 49.43, 33|6, 54, N/A, 55.98, 52|
01:23:55 0, 57, N/A, 49.40, 77|1, 57, N/A, 65.87, 84|2, 56, N/A, 78.66, 82|3, 55, N/A, 46.21, 48|4, 54, N/A, 49.65, 40|5, 57, N/A, 47.22, 42|6, 54, N/A, 49.13, 38|
01:23:57 0, 57, N/A, 48.45, 87|1, 57, N/A, 52.63, 83|2, 56, N/A, 56.07, 81|3, 55, N/A, 112.49, 38|4, 54, N/A, 45.69, 43|5, 57, N/A, 111.28, 45|6, 54, N/A, 47.14, 40|
01:23:59 0, 57, N/A, 59.73, 86|1, 57, N/A, 63.94, 83|2, 56, N/A, 61.24, 81|3, 55, N/A, 47.93, 38|4, 54, N/A, 46.73, 44|5, 57, N/A, 45.28, 44|6, 54, N/A, 47.93, 38|
01:24:01 0, 57, N/A, 44.27, 88|1, 57, N/A, 80.56, 56|2, 56, N/A, 76.44, 87|3, 55, N/A, 49.40, 34|4, 55, N/A, 55.56, 49|5, 57, N/A, 51.65, 34|6, 54, N/A, 51.34, 45|
01:24:03 0, 57, N/A, 43.80, 88|1, 57, N/A, 90.65, 83|2, 56, N/A, 82.34, 73|3, 55, N/A, 53.09, 44|4, 55, N/A, 61.70, 54|5, 57, N/A, 53.86, 44|6, 55, N/A, 56.51, 49|
01:24:05 0, 57, N/A, 60.23, 84|1, 57, N/A, 58.04, 83|2, 56, N/A, 57.80, 84|3, 55, N/A, 44.74, 45|4, 54, N/A, 46.73, 43|5, 57, N/A, 45.50, 44|6, 54, N/A, 48.15, 44|
01:24:07 0, 57, N/A, 52.10, 76|1, 57, N/A, 69.80, 87|2, 56, N/A, 67.36, 74|3, 55, N/A, 52.08, 42|4, 54, N/A, 51.62, 36|5, 57, N/A, 48.94, 47|6, 54, N/A, 50.36, 46|
01:24:09 0, 57, N/A, 56.53, 87|1, 57, N/A, 55.83, 74|2, 56, N/A, 57.06, 79|3, 55, N/A, 44.49, 35|4, 55, N/A, 45.97, 44|5, 57, N/A, 45.01, 47|6, 54, N/A, 48.89, 38|
01:24:11 0, 57, N/A, 44.02, 86|1, 57, N/A, 72.01, 85|2, 56, N/A, 51.16, 81|3, 56, N/A, 47.44, 37|4, 55, N/A, 49.89, 46|5, 57, N/A, 43.04, 46|6, 55, N/A, 64.78, 38|
01:24:13 0, 57, N/A, 67.10, 88|1, 57, N/A, 68.09, 77|2, 56, N/A, 63.21, 85|3, 55, N/A, 45.96, 39|4, 54, N/A, 49.41, 45|5, 58, N/A, 46.73, 41|6, 55, N/A, 48.15, 51|
01:24:16 0, 57, N/A, 53.33, 75|1, 57, N/A, 89.36, 83|2, 56, N/A, 84.75, 72|3, 55, N/A, 51.09, 41|4, 54, N/A, 58.96, 40|5, 58, N/A, 53.83, 50|6, 55, N/A, 53.28, 44|
01:24:18 0, 58, N/A, 69.28, 88|1, 57, N/A, 60.01, 83|2, 56, N/A, 59.28, 79|3, 55, N/A, 45.72, 33|4, 55, N/A, 47.44, 50|5, 58, N/A, 45.50, 51|6, 55, N/A, 47.41, 29|
01:24:20 0, 57, N/A, 54.60, 87|1, 57, N/A, 53.65, 82|2, 56, N/A, 54.60, 78|3, 55, N/A, 44.98, 43|4, 54, N/A, 45.25, 39|5, 58, N/A, 50.39, 40|6, 54, N/A, 88.73, 39|
01:24:22 0, 57, N/A, 46.48, 87|1, 57, N/A, 49.95, 69|2, 56, N/A, 52.42, 82|3, 55, N/A, 61.86, 33|4, 55, N/A, 73.90, 46|5, 58, N/A, 63.67, 36|6, 55, N/A, 56.99, 43|
01:24:24 0, 57, N/A, 54.08, 74|1, 57, N/A, 54.35, 85|2, 56, N/A, 61.98, 83|3, 56, N/A, 43.99, 39|4, 55, N/A, 45.48, 44|5, 58, N/A, 44.76, 50|6, 55, N/A, 47.65, 42|
01:24:26 0, 57, N/A, 49.93, 85|1, 57, N/A, 52.66, 82|2, 56, N/A, 54.36, 77|3, 55, N/A, 77.58, 37|4, 55, N/A, 45.23, 40|5, 58, N/A, 78.07, 40|6, 55, N/A, 48.11, 38|
01:24:28 0, 57, N/A, 72.71, 89|1, 57, N/A, 69.80, 86|2, 56, N/A, 63.90, 84|3, 56, N/A, 46.70, 37|4, 55, N/A, 47.93, 45|5, 58, N/A, 45.74, 44|6, 55, N/A, 48.15, 36|
01:24:30 0, 57, N/A, 58.50, 87|1, 56, N/A, 58.28, 84|2, 56, N/A, 59.00, 82|3, 55, N/A, 49.89, 35|4, 55, N/A, 45.97, 52|5, 58, N/A, 45.01, 40|6, 55, N/A, 48.39, 52|
01:24:32 0, 57, N/A, 43.53, 88|1, 57, N/A, 76.68, 85|2, 56, N/A, 51.41, 77|3, 56, N/A, 48.91, 39|4, 55, N/A, 51.62, 48|5, 58, N/A, 43.28, 46|6, 55, N/A, 64.28, 50|
01:24:34 0, 57, N/A, 46.48, 77|1, 57, N/A, 49.68, 83|2, 56, N/A, 95.06, 82|3, 56, N/A, 52.08, 37|4, 55, N/A, 61.17, 44|5, 58, N/A, 55.31, 44|6, 55, N/A, 55.49, 39|
01:24:37 0, 57, N/A, 67.34, 78|1, 57, N/A, 66.11, 87|2, 56, N/A, 62.23, 77|3, 56, N/A, 46.21, 45|4, 55, N/A, 48.92, 40|5, 58, N/A, 47.22, 47|6, 55, N/A, 48.88, 53|
01:24:39 0, 58, N/A, 69.81, 90|1, 56, N/A, 66.65, 74|2, 56, N/A, 62.23, 82|3, 56, N/A, 46.21, 37|4, 55, N/A, 49.16, 44|5, 58, N/A, 47.22, 47|6, 55, N/A, 48.39, 42|
01:24:41 0, 57, N/A, 52.38, 88|1, 57, N/A, 91.33, 83|2, 56, N/A, 82.54, 83|3, 56, N/A, 50.14, 42|4, 55, N/A, 57.03, 47|5, 58, N/A, 53.12, 44|6, 55, N/A, 51.84, 46|
01:24:43 0, 57, N/A, 47.71, 89|1, 57, N/A, 50.69, 71|2, 56, N/A, 62.19, 85|3, 55, N/A, 53.05, 33|4, 55, N/A, 53.33, 43|5, 58, N/A, 50.42, 36|6, 55, N/A, 57.70, 45|
01:24:45 0, 57, N/A, 45.99, 90|1, 57, N/A, 49.93, 86|2, 56, N/A, 93.54, 82|3, 56, N/A, 50.11, 38|4, 55, N/A, 55.06, 40|5, 58, N/A, 51.65, 44|6, 55, N/A, 53.31, 48|
01:24:47 0, 57, N/A, 112.07, 86|1, 57, N/A, 48.69, 83|2, 56, N/A, 141.00, 82|3, 56, N/A, 42.76, 41|4, 55, N/A, 80.29, 43|5, 58, N/A, 69.53, 38|6, 55, N/A, 46.43, 40|
01:24:49 0, 57, N/A, 45.25, 92|1, 57, N/A, 49.22, 84|2, 56, N/A, 78.57, 78|3, 56, N/A, 54.77, 45|4, 55, N/A, 67.31, 43|5, 58, N/A, 60.23, 42|6, 55, N/A, 57.94, 34|
01:24:51 0, 57, N/A, 50.38, 88|1, 57, N/A, 53.86, 76|2, 56, N/A, 53.86, 83|3, 56, N/A, 49.37, 37|4, 55, N/A, 45.48, 44|5, 58, N/A, 45.25, 37|6, 55, N/A, 63.03, 52|
01:24:53 0, 57, N/A, 48.45, 89|1, 57, N/A, 51.89, 85|2, 56, N/A, 54.59, 83|3, 56, N/A, 129.01, 41|4, 55, N/A, 45.69, 41|5, 58, N/A, 132.20, 46|6, 55, N/A, 154.71, 46|
01:24:55 0, 57, N/A, 46.48, 77|1, 57, N/A, 49.71, 81|2, 56, N/A, 58.01, 83|3, 56, N/A, 62.11, 39|4, 55, N/A, 73.66, 50|5, 58, N/A, 65.39, 31|6, 55, N/A, 60.89, 43|
01:24:58 0, 57, N/A, 46.24, 88|1, 57, N/A, 51.16, 84|2, 56, N/A, 52.17, 83|3, 56, N/A, 65.05, 45|4, 55, N/A, 75.62, 42|5, 58, N/A, 62.92, 49|6, 55, N/A, 61.63, 39|
01:25:00 0, 57, N/A, 137.74, 90|1, 57, N/A, 48.69, 86|2, 56, N/A, 131.20, 84|3, 56, N/A, 42.76, 40|4, 55, N/A, 76.36, 41|5, 58, N/A, 43.53, 39|6, 56, N/A, 63.83, 43|
01:25:02 0, 57, N/A, 72.71, 89|1, 57, N/A, 68.57, 81|2, 56, N/A, 59.52, 84|3, 56, N/A, 45.22, 36|4, 55, N/A, 46.21, 43|5, 58, N/A, 45.01, 49|6, 55, N/A, 70.13, 41|
01:25:04 0, 57, N/A, 44.51, 91|1, 57, N/A, 81.81, 84|2, 56, N/A, 78.37, 83|3, 56, N/A, 49.65, 40|4, 55, N/A, 57.02, 46|5, 58, N/A, 50.66, 38|6, 55, N/A, 53.55, 51|
01:25:06 0, 57, N/A, 54.35, 82|1, 57, N/A, 56.81, 64|2, 56, N/A, 56.57, 80|3, 56, N/A, 44.73, 39|4, 55, N/A, 45.72, 46|5, 58, N/A, 49.16, 41|6, 55, N/A, 113.83, 41|
01:25:08 0, 57, N/A, 55.34, 85|1, 57, N/A, 56.57, 82|2, 56, N/A, 57.06, 70|3, 56, N/A, 44.98, 40|4, 55, N/A, 46.46, 40|5, 58, N/A, 51.62, 38|6, 55, N/A, 70.66, 44|
01:25:10 0, 57, N/A, 55.34, 89|1, 57, N/A, 55.83, 74|2, 56, N/A, 57.30, 83|3, 56, N/A, 64.36, 49|4, 55, N/A, 45.74, 32|5, 58, N/A, 54.35, 42|6, 55, N/A, 65.55, 40|
01:25:12 0, 57, N/A, 48.20, 87|1, 57, N/A, 50.91, 82|2, 56, N/A, 53.12, 80|3, 56, N/A, 43.99, 41|4, 55, N/A, 92.20, 42|5, 58, N/A, 45.96, 43|6, 55, N/A, 136.29, 45|
01:25:14 0, 57, N/A, 63.41, 87|1, 56, N/A, 58.53, 71|2, 56, N/A, 60.01, 75|3, 56, N/A, 45.22, 31|4, 55, N/A, 46.46, 53|5, 58, N/A, 54.29, 38|6, 55, N/A, 66.50, 34|
01:25:17 0, 57, N/A, 44.76, 78|1, 57, N/A, 83.72, 84|2, 56, N/A, 84.02, 77|3, 56, N/A, 53.06, 46|4, 55, N/A, 57.98, 57|5, 58, N/A, 54.57, 39|6, 56, N/A, 54.78, 49|
01:25:19 0, 57, N/A, 54.81, 91|1, 57, N/A, 55.83, 82|2, 56, N/A, 56.57, 82|3, 56, N/A, 44.73, 37|4, 55, N/A, 45.47, 42|5, 58, N/A, 97.85, 45|6, 55, N/A, 47.87, 41|
01:25:21 0, 57, N/A, 49.93, 74|1, 57, N/A, 53.12, 86|2, 56, N/A, 54.36, 81|3, 56, N/A, 57.97, 43|4, 55, N/A, 86.14, 45|5, 58, N/A, 58.01, 52|6, 56, N/A, 59.20, 40|
01:25:23 0, 57, N/A, 55.09, 89|1, 57, N/A, 56.32, 72|2, 56, N/A, 56.81, 75|3, 56, N/A, 43.77, 37|4, 55, N/A, 45.74, 46|5, 59, N/A, 44.76, 45|6, 55, N/A, 47.66, 30|
01:25:25 0, 57, N/A, 44.73, 87|1, 57, N/A, 137.98, 84|2, 56, N/A, 156.28, 81|3, 56, N/A, 42.98, 37|4, 55, N/A, 103.49, 43|5, 58, N/A, 43.53, 45|6, 56, N/A, 79.75, 35|
01:25:27 0, 57, N/A, 48.94, 87|1, 57, N/A, 51.89, 73|2, 56, N/A, 53.86, 78|3, 56, N/A, 57.76, 38|4, 55, N/A, 61.87, 46|5, 59, N/A, 60.71, 45|6, 56, N/A, 59.42, 41|
01:25:29 0, 57, N/A, 48.94, 90|1, 57, N/A, 51.68, 87|2, 56, N/A, 55.83, 75|3, 56, N/A, 78.57, 39|4, 55, N/A, 44.98, 38|5, 59, N/A, 81.76, 49|6, 56, N/A, 74.59, 41|
01:25:31 0, 57, N/A, 49.19, 87|1, 57, N/A, 52.91, 81|2, 56, N/A, 54.36, 82|3, 56, N/A, 99.08, 40|4, 55, N/A, 48.91, 41|5, 59, N/A, 92.51, 38|6, 56, N/A, 48.12, 43|
01:25:33 0, 57, N/A, 63.17, 90|1, 57, N/A, 59.76, 81|2, 56, N/A, 60.26, 73|3, 56, N/A, 45.22, 36|4, 55, N/A, 47.44, 36|5, 59, N/A, 45.99, 48|6, 56, N/A, 48.39, 40|
01:25:35 0, 57, N/A, 43.53, 88|1, 57, N/A, 47.74, 82|2, 56, N/A, 50.42, 86|3, 56, N/A, 42.52, 32|4, 55, N/A, 44.02, 52|5, 59, N/A, 43.31, 38|6, 56, N/A, 46.68, 46|
01:25:38 0, 57, N/A, 76.35, 88|1, 57, N/A, 79.59, 83|2, 56, N/A, 75.95, 84|3, 56, N/A, 48.88, 40|4, 55, N/A, 54.78, 36|5, 59, N/A, 52.11, 41|6, 56, N/A, 51.83, 41|
01:25:40 0, 57, N/A, 54.84, 76|1, 57, N/A, 55.34, 85|2, 56, N/A, 57.06, 86|3, 56, N/A, 45.22, 38|4, 56, N/A, 46.21, 50|5, 59, N/A, 46.24, 38|6, 56, N/A, 56.19, 48|
01:25:42 0, 57, N/A, 47.96, 87|1, 57, N/A, 50.69, 85|2, 56, N/A, 55.34, 54|3, 56, N/A, 129.26, 41|4, 55, N/A, 45.69, 39|5, 59, N/A, 127.64, 45|6, 56, N/A, 162.53, 34|
01:25:44 0, 57, N/A, 48.70, 75|1, 57, N/A, 50.91, 82|2, 56, N/A, 53.62, 81|3, 56, N/A, 55.48, 53|4, 55, N/A, 62.89, 44|5, 59, N/A, 66.33, 37|6, 56, N/A, 55.98, 43|
01:25:46 0, 57, N/A, 57.51, 90|1, 57, N/A, 57.55, 75|2, 56, N/A, 57.80, 83|3, 56, N/A, 45.22, 46|4, 55, N/A, 46.46, 38|5, 59, N/A, 45.99, 49|6, 56, N/A, 62.57, 35|
01:25:48 0, 57, N/A, 55.83, 88|1, 57, N/A, 56.32, 82|2, 56, N/A, 57.06, 82|3, 56, N/A, 45.22, 39|4, 55, N/A, 46.97, 41|5, 59, N/A, 45.50, 47|6, 56, N/A, 57.91, 40|
01:25:50 0, 57, N/A, 63.66, 88|1, 57, N/A, 58.29, 72|2, 56, N/A, 59.52, 80|3, 56, N/A, 45.96, 36|4, 55, N/A, 47.19, 46|5, 59, N/A, 45.99, 43|6, 56, N/A, 58.92, 40|
01:25:52 0, 57, N/A, 46.23, 77|1, 57, N/A, 49.19, 82|2, 56, N/A, 63.90, 81|3, 56, N/A, 61.37, 54|4, 56, N/A, 68.75, 41|5, 59, N/A, 63.87, 28|6, 56, N/A, 61.13, 51|
01:25:54 0, 57, N/A, 52.63, 89|1, 57, N/A, 51.19, 74|2, 56, N/A, 54.36, 80|3, 56, N/A, 78.32, 39|4, 55, N/A, 56.50, 42|5, 59, N/A, 86.65, 44|6, 56, N/A, 77.29, 38|
01:25:56 0, 57, N/A, 60.74, 81|1, 57, N/A, 60.74, 87|2, 56, N/A, 59.76, 86|3, 56, N/A, 47.19, 39|4, 56, N/A, 47.47, 46|5, 59, N/A, 46.24, 45|6, 56, N/A, 48.89, 55|
01:25:59 0, 58, N/A, 56.78, 87|1, 57, N/A, 65.88, 80|2, 57, N/A, 63.70, 82|3, 56, N/A, 45.96, 38|4, 56, N/A, 49.90, 52|5, 59, N/A, 47.96, 41|6, 56, N/A, 52.57, 29|
01:26:01 0, 58, N/A, 56.57, 85|1, 57, N/A, 54.35, 82|2, 56, N/A, 55.83, 80|3, 56, N/A, 57.69, 38|4, 56, N/A, 62.89, 47|5, 59, N/A, 54.58, 46|6, 56, N/A, 55.24, 38|
01:26:03 0, 57, N/A, 46.24, 43|1, 57, N/A, 52.14, 29|2, 56, N/A, 52.88, 59|3, 56, N/A, 68.25, 20|4, 56, N/A, 72.63, 32|5, 59, N/A, 72.22, 20|6, 56, N/A, 67.47, 35|
01:26:05 0, 57, N/A, 47.00, 75|1, 57, N/A, 50.20, 83|2, 56, N/A, 76.89, 70|3, 56, N/A, 51.12, 47|4, 56, N/A, 57.77, 57|5, 59, N/A, 48.94, 30|6, 56, N/A, 50.86, 41|
01:26:07 0, 58, N/A, 53.10, 85|1, 57, N/A, 63.90, 75|2, 57, N/A, 99.18, 78|3, 57, N/A, 56.98, 50|4, 56, N/A, 62.36, 45|5, 59, N/A, 59.98, 51|6, 56, N/A, 58.43, 43|
01:26:09 0, 58, N/A, 69.29, 38|1, 57, N/A, 77.22, 38|2, 57, N/A, 83.82, 38|3, 57, N/A, 67.51, 36|4, 56, N/A, 71.45, 32|5, 59, N/A, 71.00, 32|6, 56, N/A, 75.90, 33|
01:26:11 0, 58, N/A, 68.86, 39|1, 57, N/A, 72.97, 39|2, 57, N/A, 83.78, 38|3, 57, N/A, 67.02, 36|4, 56, N/A, 69.73, 32|5, 60, N/A, 70.02, 32|6, 57, N/A, 75.04, 33|
01:26:13 0, 58, N/A, 67.37, 39|1, 57, N/A, 73.51, 39|2, 57, N/A, 79.90, 38|3, 57, N/A, 65.31, 36|4, 56, N/A, 60.47, 35|5, 59, N/A, 60.51, 34|6, 56, N/A, 62.86, 35|
01:26:15 0, 58, N/A, 71.12, 39|1, 57, N/A, 76.99, 39|2, 58, N/A, 93.21, 38|3, 57, N/A, 71.04, 36|4, 56, N/A, 64.20, 35|5, 59, N/A, 61.03, 34|6, 56, N/A, 68.83, 35|
01:26:17 0, 58, N/A, 66.20, 37|1, 58, N/A, 72.08, 37|2, 58, N/A, 82.21, 37|3, 57, N/A, 68.58, 35|4, 56, N/A, 67.89, 33|5, 59, N/A, 62.06, 33|6, 56, N/A, 62.44, 34|
01:26:19 0, 58, N/A, 70.88, 39|1, 58, N/A, 75.76, 39|2, 58, N/A, 82.89, 38|3, 57, N/A, 76.65, 36|4, 56, N/A, 64.69, 35|5, 59, N/A, 64.69, 35|6, 56, N/A, 66.37, 35|
01:26:22 0, 59, N/A, 69.37, 38|1, 58, N/A, 75.80, 38|2, 58, N/A, 82.36, 38|3, 57, N/A, 69.07, 36|4, 56, N/A, 60.23, 35|5, 59, N/A, 59.77, 34|6, 56, N/A, 63.18, 35|
01:26:24 0, 59, N/A, 70.10, 39|1, 58, N/A, 77.28, 39|2, 58, N/A, 82.89, 38|3, 58, N/A, 72.27, 36|4, 56, N/A, 63.99, 35|5, 60, N/A, 61.01, 35|6, 57, N/A, 65.92, 36|
01:26:26 0, 59, N/A, 69.37, 39|1, 58, N/A, 76.75, 38|2, 58, N/A, 85.15, 38|3, 58, N/A, 69.81, 35|4, 56, N/A, 59.52, 34|5, 60, N/A, 61.00, 34|6, 56, N/A, 64.44, 35|
01:26:28 0, 59, N/A, 66.67, 38|1, 58, N/A, 76.09, 38|2, 58, N/A, 80.40, 37|3, 58, N/A, 68.58, 35|4, 56, N/A, 62.51, 34|5, 60, N/A, 61.25, 34|6, 57, N/A, 65.39, 35|
01:26:30 0, 59, N/A, 72.12, 35|1, 58, N/A, 68.38, 36|2, 58, N/A, 75.69, 37|3, 58, N/A, 67.92, 33|4, 56, N/A, 61.04, 31|5, 60, N/A, 59.10, 31|6, 57, N/A, 62.19, 34|
01:26:32 0, 59, N/A, 72.86, 38|1, 58, N/A, 74.58, 38|2, 58, N/A, 80.45, 38|3, 58, N/A, 68.66, 35|4, 57, N/A, 59.78, 34|5, 60, N/A, 60.58, 34|6, 57, N/A, 65.85, 35|
01:26:34 0, 59, N/A, 71.09, 39|1, 58, N/A, 75.81, 38|2, 59, N/A, 89.21, 38|3, 58, N/A, 69.07, 36|4, 56, N/A, 61.49, 35|5, 60, N/A, 61.74, 34|6, 57, N/A, 67.32, 36|
01:26:36 0, 59, N/A, 69.41, 38|1, 58, N/A, 75.31, 38|2, 58, N/A, 81.96, 38|3, 58, N/A, 70.35, 36|4, 56, N/A, 63.50, 34|5, 60, N/A, 59.07, 34|6, 57, N/A, 63.70, 35|
01:26:38 0, 59, N/A, 67.16, 39|1, 58, N/A, 75.49, 39|2, 59, N/A, 90.07, 39|3, 58, N/A, 72.56, 36|4, 57, N/A, 63.00, 35|5, 60, N/A, 59.31, 35|6, 57, N/A, 65.89, 36|
01:26:40 0, 59, N/A, 67.89, 37|1, 58, N/A, 75.80, 38|2, 59, N/A, 83.67, 37|3, 58, N/A, 66.86, 35|4, 57, N/A, 61.53, 34|5, 60, N/A, 60.05, 34|6, 57, N/A, 63.45, 35|
01:26:42 0, 59, N/A, 72.32, 38|1, 58, N/A, 73.30, 37|2, 59, N/A, 85.06, 35|3, 58, N/A, 67.31, 35|4, 56, N/A, 58.72, 32|5, 60, N/A, 61.00, 34|6, 57, N/A, 63.17, 33|
01:26:44 0, 59, N/A, 69.11, 39|1, 58, N/A, 73.99, 39|2, 59, N/A, 84.04, 38|3, 58, N/A, 70.30, 36|4, 57, N/A, 62.47, 35|5, 60, N/A, 61.49, 35|6, 57, N/A, 65.84, 35|
01:26:47 0, 59, N/A, 72.32, 39|1, 59, N/A, 75.52, 39|2, 59, N/A, 83.14, 38|3, 58, N/A, 68.58, 36|4, 57, N/A, 61.75, 35|5, 60, N/A, 60.27, 34|6, 57, N/A, 62.65, 35|
01:26:49 0, 59, N/A, 64.67, 39|1, 59, N/A, 75.60, 39|2, 59, N/A, 85.16, 38|3, 58, N/A, 66.82, 36|4, 57, N/A, 61.24, 35|5, 60, N/A, 60.79, 35|6, 57, N/A, 65.67, 36|
01:26:51 0, 59, N/A, 70.61, 27|1, 59, N/A, 76.83, 38|2, 59, N/A, 81.43, 31|3, 58, N/A, 68.58, 25|4, 57, N/A, 62.02, 27|5, 60, N/A, 61.07, 34|6, 57, N/A, 63.40, 35|
01:26:53 0, 59, N/A, 72.11, 39|1, 59, N/A, 79.00, 39|2, 59, N/A, 86.35, 38|3, 58, N/A, 67.39, 35|4, 57, N/A, 59.78, 34|5, 60, N/A, 63.47, 34|6, 57, N/A, 66.83, 35|
01:26:55 0, 59, N/A, 69.37, 39|1, 59, N/A, 74.09, 39|2, 59, N/A, 80.73, 38|3, 59, N/A, 69.36, 36|4, 57, N/A, 60.27, 35|5, 60, N/A, 61.78, 35|6, 57, N/A, 64.16, 35|
01:26:57 0, 60, N/A, 70.10, 39|1, 59, N/A, 76.55, 39|2, 60, N/A, 91.26, 38|3, 59, N/A, 69.07, 36|4, 57, N/A, 60.54, 35|5, 60, N/A, 61.28, 34|6, 57, N/A, 61.71, 36|
01:26:59 0, 60, N/A, 71.37, 39|1, 59, N/A, 72.32, 39|2, 60, N/A, 83.64, 37|3, 59, N/A, 69.07, 36|4, 57, N/A, 62.24, 34|5, 60, N/A, 62.51, 34|6, 57, N/A, 62.44, 35|
01:27:01 0, 60, N/A, 67.90, 38|1, 59, N/A, 74.83, 38|2, 60, N/A, 85.90, 38|3, 59, N/A, 70.59, 35|4, 57, N/A, 62.74, 34|5, 60, N/A, 68.67, 34|6, 57, N/A, 69.32, 35|
01:27:03 0, 60, N/A, 73.04, 39|1, 59, N/A, 76.29, 39|2, 60, N/A, 84.61, 38|3, 59, N/A, 68.33, 36|4, 57, N/A, 58.48, 34|5, 60, N/A, 61.00, 34|6, 57, N/A, 65.35, 35|
01:27:05 0, 60, N/A, 66.42, 38|1, 59, N/A, 75.31, 39|2, 60, N/A, 85.15, 37|3, 59, N/A, 69.81, 35|4, 57, N/A, 62.47, 34|5, 60, N/A, 60.51, 34|6, 57, N/A, 69.77, 35|
01:27:07 0, 60, N/A, 72.85, 39|1, 59, N/A, 75.02, 39|2, 60, N/A, 84.37, 38|3, 59, N/A, 69.81, 36|4, 57, N/A, 63.00, 35|5, 60, N/A, 59.53, 35|6, 57, N/A, 64.86, 36|
01:27:09 0, 60, N/A, 68.38, 28|1, 59, N/A, 78.03, 28|2, 60, N/A, 84.88, 38|3, 59, N/A, 69.36, 26|4, 57, N/A, 60.79, 24|5, 60, N/A, 60.05, 25|6, 57, N/A, 61.20, 29|
01:27:12 0, 60, N/A, 79.98, 39|1, 59, N/A, 79.50, 39|2, 60, N/A, 86.14, 39|3, 59, N/A, 70.55, 36|4, 57, N/A, 62.02, 35|5, 60, N/A, 62.27, 34|6, 57, N/A, 65.89, 35|
01:27:14 0, 60, N/A, 69.89, 39|1, 59, N/A, 74.83, 39|2, 60, N/A, 85.15, 38|3, 59, N/A, 68.58, 36|4, 57, N/A, 61.50, 34|5, 60, N/A, 60.51, 35|6, 57, N/A, 65.36, 36|
01:27:16 0, 60, N/A, 73.30, 39|1, 59, N/A, 79.45, 39|2, 60, N/A, 90.03, 38|3, 59, N/A, 71.77, 36|4, 57, N/A, 60.44, 35|5, 61, N/A, 62.30, 35|6, 57, N/A, 65.43, 36|
01:27:18 0, 60, N/A, 68.36, 38|1, 59, N/A, 76.04, 38|2, 60, N/A, 81.17, 38|3, 59, N/A, 67.11, 36|4, 57, N/A, 58.05, 34|5, 60, N/A, 59.31, 34|6, 57, N/A, 63.38, 35|
01:27:20 0, 60, N/A, 75.04, 39|1, 59, N/A, 79.04, 39|2, 60, N/A, 84.58, 38|3, 59, N/A, 70.55, 36|4, 57, N/A, 59.78, 34|5, 61, N/A, 58.82, 35|6, 57, N/A, 64.66, 35|
01:27:22 0, 60, N/A, 70.10, 39|1, 60, N/A, 76.46, 39|2, 60, N/A, 86.05, 38|3, 59, N/A, 72.76, 36|4, 57, N/A, 63.21, 35|5, 60, N/A, 62.76, 35|6, 57, N/A, 68.79, 36|
01:27:24 0, 60, N/A, 49.71, 87|1, 59, N/A, 53.68, 81|2, 60, N/A, 78.70, 71|3, 59, N/A, 52.85, 36|4, 57, N/A, 52.64, 33|5, 60, N/A, 50.46, 39|6, 57, N/A, 51.65, 39|
01:27:26 0, 60, N/A, 49.22, 85|1, 59, N/A, 51.96, 80|2, 60, N/A, 63.96, 79|3, 59, N/A, 45.50, 40|4, 57, N/A, 105.22, 41|5, 60, N/A, 45.50, 42|6, 57, N/A, 143.16, 42|
01:27:28 0, 60, N/A, 57.02, 89|1, 59, N/A, 87.01, 70|2, 60, N/A, 90.65, 76|3, 59, N/A, 53.79, 30|4, 57, N/A, 57.03, 49|5, 60, N/A, 54.35, 51|6, 57, N/A, 54.04, 43|
01:27:30 0, 59, N/A, 64.89, 76|1, 59, N/A, 62.47, 82|2, 60, N/A, 66.13, 81|3, 59, N/A, 46.70, 37|4, 57, N/A, 48.18, 56|5, 60, N/A, 46.48, 43|6, 57, N/A, 64.74, 50|
01:27:33 0, 60, N/A, 85.19, 88|1, 59, N/A, 75.70, 85|2, 60, N/A, 79.89, 77|3, 59, N/A, 49.16, 41|4, 57, N/A, 51.87, 42|5, 61, N/A, 49.93, 45|6, 57, N/A, 51.35, 42|
01:27:35 0, 59, N/A, 46.48, 71|1, 59, N/A, 74.96, 87|2, 60, N/A, 77.18, 68|3, 59, N/A, 55.55, 49|4, 57, N/A, 54.33, 39|5, 60, N/A, 50.66, 54|6, 57, N/A, 52.33, 37|
01:27:37 0, 59, N/A, 88.93, 89|1, 59, N/A, 49.71, 84|2, 60, N/A, 78.38, 80|3, 59, N/A, 69.22, 48|4, 57, N/A, 62.40, 42|5, 61, N/A, 57.30, 48|6, 57, N/A, 54.78, 43|
01:27:39 0, 59, N/A, 59.72, 88|1, 59, N/A, 91.39, 87|2, 60, N/A, 86.96, 82|3, 59, N/A, 53.09, 42|4, 57, N/A, 57.77, 47|5, 60, N/A, 55.09, 46|6, 57, N/A, 54.79, 43|
01:27:41 0, 59, N/A, 60.22, 58|1, 59, N/A, 60.01, 51|2, 60, N/A, 65.67, 52|3, 59, N/A, 45.97, 21|4, 57, N/A, 46.95, 33|5, 60, N/A, 46.24, 26|6, 57, N/A, 56.47, 50|
01:27:43 0, 59, N/A, 45.25, 89|1, 59, N/A, 55.58, 84|2, 60, N/A, 80.29, 83|3, 59, N/A, 61.40, 40|4, 57, N/A, 66.57, 42|5, 60, N/A, 56.78, 37|6, 58, N/A, 58.19, 43|
01:27:45 0, 59, N/A, 52.14, 87|1, 59, N/A, 55.34, 81|2, 60, N/A, 59.77, 80|3, 59, N/A, 45.22, 38|4, 57, N/A, 46.21, 43|5, 60, N/A, 45.50, 41|6, 57, N/A, 75.97, 42|
01:27:47 0, 59, N/A, 58.04, 71|1, 59, N/A, 60.29, 86|2, 60, N/A, 68.62, 79|3, 59, N/A, 46.48, 48|4, 57, N/A, 47.71, 42|5, 60, N/A, 46.76, 55|6, 57, N/A, 48.92, 54|
01:27:49 0, 59, N/A, 130.65, 86|1, 59, N/A, 49.43, 83|2, 60, N/A, 178.24, 83|3, 59, N/A, 44.24, 41|4, 57, N/A, 117.22, 45|5, 60, N/A, 96.01, 42|6, 57, N/A, 47.19, 40|
01:27:51 0, 59, N/A, 55.34, 87|1, 59, N/A, 70.80, 83|2, 60, N/A, 87.27, 83|3, 59, N/A, 48.67, 38|4, 57, N/A, 51.65, 35|5, 60, N/A, 49.71, 43|6, 57, N/A, 50.63, 33|
01:27:54 0, 59, N/A, 47.74, 87|1, 58, N/A, 56.60, 83|2, 60, N/A, 82.40, 84|3, 59, N/A, 50.91, 39|4, 57, N/A, 55.34, 49|5, 60, N/A, 58.82, 42|6, 58, N/A, 52.60, 55|
01:27:56 0, 59, N/A, 55.10, 87|1, 59, N/A, 54.63, 83|2, 60, N/A, 60.01, 81|3, 59, N/A, 100.85, 36|4, 57, N/A, 47.44, 41|5, 60, N/A, 85.93, 40|6, 57, N/A, 115.13, 37|
01:27:58 0, 59, N/A, 46.27, 74|1, 59, N/A, 66.13, 85|2, 60, N/A, 102.39, 68|3, 59, N/A, 57.27, 52|4, 57, N/A, 65.88, 56|5, 60, N/A, 57.31, 33|6, 58, N/A, 58.72, 41|
01:28:00 0, 60, N/A, 59.76, 88|1, 59, N/A, 57.83, 84|2, 60, N/A, 70.31, 72|3, 59, N/A, 64.36, 44|4, 57, N/A, 74.44, 33|5, 61, N/A, 65.68, 48|6, 57, N/A, 57.00, 41|
01:28:02 0, 59, N/A, 47.74, 81|1, 58, N/A, 50.94, 86|2, 60, N/A, 65.64, 83|3, 59, N/A, 62.88, 40|4, 57, N/A, 74.93, 40|5, 60, N/A, 62.96, 41|6, 58, N/A, 62.65, 44|
01:28:04 0, 59, N/A, 56.82, 88|1, 59, N/A, 61.77, 73|2, 60, N/A, 65.71, 77|3, 59, N/A, 46.73, 36|4, 57, N/A, 48.95, 39|5, 61, N/A, 47.75, 54|6, 57, N/A, 49.66, 36|
01:28:06 0, 59, N/A, 44.05, 87|1, 59, N/A, 93.17, 83|2, 60, N/A, 92.14, 81|3, 58, N/A, 44.51, 36|4, 57, N/A, 59.03, 44|5, 61, N/A, 44.30, 29|6, 58, N/A, 53.34, 44|
01:28:08 0, 59, N/A, 48.24, 87|1, 59, N/A, 51.72, 67|2, 60, N/A, 67.89, 80|3, 58, N/A, 52.88, 35|4, 57, N/A, 59.28, 39|5, 60, N/A, 52.18, 36|6, 58, N/A, 52.61, 37|
01:28:10 0, 59, N/A, 49.96, 69|1, 59, N/A, 52.91, 85|2, 60, N/A, 60.55, 85|3, 59, N/A, 79.59, 47|4, 57, N/A, 45.53, 39|5, 60, N/A, 60.99, 51|6, 57, N/A, 77.83, 51|
01:28:12 0, 59, N/A, 55.56, 87|1, 58, N/A, 91.39, 81|2, 59, N/A, 82.60, 80|3, 58, N/A, 50.38, 37|4, 57, N/A, 56.05, 44|5, 60, N/A, 52.88, 42|6, 57, N/A, 53.80, 43|
01:28:15 0, 59, N/A, 65.13, 86|1, 58, N/A, 67.14, 84|2, 59, N/A, 80.38, 79|3, 58, N/A, 47.44, 50|4, 57, N/A, 50.17, 47|5, 60, N/A, 47.99, 53|6, 57, N/A, 49.65, 40|
01:28:17 0, 59, N/A, 72.27, 88|1, 57, N/A, 48.48, 84|2, 59, N/A, 111.72, 85|3, 58, N/A, 56.53, 38|4, 57, N/A, 67.60, 40|5, 60, N/A, 58.78, 39|6, 57, N/A, 61.67, 42|
01:28:19 0, 58, N/A, 49.93, 89|1, 57, N/A, 58.33, 72|2, 59, N/A, 58.29, 78|3, 58, N/A, 44.76, 52|4, 56, N/A, 45.74, 46|5, 60, N/A, 45.28, 54|6, 57, N/A, 57.69, 41|
01:28:21 0, 58, N/A, 72.96, 85|1, 57, N/A, 70.54, 84|2, 59, N/A, 66.37, 79|3, 58, N/A, 46.70, 38|4, 56, N/A, 49.65, 43|5, 60, N/A, 47.72, 32|6, 56, N/A, 49.38, 39|
01:28:23 0, 58, N/A, 46.97, 56|1, 57, N/A, 77.62, 42|2, 58, N/A, 87.21, 53|3, 57, N/A, 52.57, 27|4, 56, N/A, 58.47, 31|5, 59, N/A, 55.09, 33|6, 56, N/A, 54.53, 33|
01:28:25 0, 57, N/A, 47.22, 75|1, 57, N/A, 50.91, 84|2, 58, N/A, 80.33, 83|3, 57, N/A, 58.95, 48|4, 56, N/A, 56.26, 46|5, 59, N/A, 52.63, 31|6, 56, N/A, 53.55, 42|
01:28:27 0, 57, N/A, 60.71, 87|1, 57, N/A, 58.53, 82|2, 58, N/A, 61.70, 81|3, 57, N/A, 45.47, 39|4, 56, N/A, 47.44, 40|5, 59, N/A, 46.24, 39|6, 56, N/A, 48.39, 39|
01:28:29 0, 57, N/A, 49.93, 72|1, 56, N/A, 53.62, 86|2, 58, N/A, 60.47, 69|3, 57, N/A, 48.39, 47|4, 55, N/A, 45.25, 29|5, 59, N/A, 52.08, 46|6, 56, N/A, 85.83, 48|
01:28:31 0, 57, N/A, 49.68, 88|1, 56, N/A, 52.63, 86|2, 57, N/A, 56.81, 82|3, 57, N/A, 45.74, 38|4, 55, N/A, 69.48, 38|5, 59, N/A, 95.21, 40|6, 55, N/A, 48.85, 39|
01:28:33 0, 57, N/A, 45.74, 90|1, 56, N/A, 65.62, 73|2, 57, N/A, 74.97, 86|3, 57, N/A, 48.17, 50|4, 55, N/A, 51.62, 39|5, 59, N/A, 49.68, 46|6, 55, N/A, 50.12, 39|
01:28:36 0, 57, N/A, 72.96, 88|1, 56, N/A, 66.40, 86|2, 57, N/A, 69.11, 86|3, 57, N/A, 47.44, 39|4, 55, N/A, 49.90, 43|5, 59, N/A, 47.47, 39|6, 55, N/A, 49.65, 36|
01:28:38 0, 57, N/A, 63.17, 91|1, 55, N/A, 54.85, 72|2, 57, N/A, 59.28, 83|3, 56, N/A, 44.73, 31|4, 55, N/A, 45.74, 41|5, 59, N/A, 44.76, 46|6, 55, N/A, 47.17, 42|
01:28:40 0, 56, N/A, 55.83, 87|1, 56, N/A, 57.30, 82|2, 56, N/A, 59.77, 80|3, 57, N/A, 45.23, 49|4, 55, N/A, 46.46, 44|5, 58, N/A, 45.28, 30|6, 55, N/A, 71.89, 38|
01:28:42 0, 56, N/A, 51.37, 86|1, 55, N/A, 87.19, 63|2, 56, N/A, 88.44, 81|3, 56, N/A, 51.12, 31|4, 55, N/A, 59.46, 42|5, 58, N/A, 52.38, 38|6, 55, N/A, 52.58, 36|
01:28:44 0, 56, N/A, 46.48, 71|1, 55, N/A, 50.17, 84|2, 56, N/A, 55.34, 81|3, 56, N/A, 54.28, 47|4, 54, N/A, 58.22, 43|5, 58, N/A, 54.57, 49|6, 55, N/A, 54.54, 40|
01:28:46 0, 56, N/A, 51.86, 86|1, 55, N/A, 90.11, 82|2, 56, N/A, 82.83, 85|3, 56, N/A, 51.86, 40|4, 54, N/A, 58.51, 45|5, 58, N/A, 54.60, 41|6, 55, N/A, 53.31, 42|
01:28:48 0, 56, N/A, 47.47, 89|1, 55, N/A, 49.22, 86|2, 56, N/A, 76.20, 69|3, 56, N/A, 51.12, 50|4, 54, N/A, 56.78, 39|5, 58, N/A, 53.12, 53|6, 54, N/A, 49.63, 38|
01:28:50 0, 56, N/A, 56.99, 87|1, 55, N/A, 76.19, 86|2, 56, N/A, 80.33, 79|3, 56, N/A, 50.63, 42|4, 54, N/A, 56.04, 45|5, 58, N/A, 49.43, 46|6, 54, N/A, 51.09, 43|
01:28:52 0, 56, N/A, 44.29, 88|1, 54, N/A, 48.48, 71|2, 56, N/A, 53.86, 79|3, 55, N/A, 54.04, 35|4, 54, N/A, 52.85, 43|5, 58, N/A, 48.70, 47|6, 54, N/A, 50.12, 46|
01:28:54 0, 55, N/A, 44.74, 88|1, 54, N/A, 77.13, 86|2, 56, N/A, 112.38, 84|3, 55, N/A, 43.47, 41|4, 54, N/A, 129.76, 44|5, 58, N/A, 44.48, 38|6, 54, N/A, 163.91, 43|
01:28:57 0, 55, N/A, 54.60, 89|1, 54, N/A, 53.65, 66|2, 55, N/A, 57.55, 83|3, 55, N/A, 44.02, 30|4, 54, N/A, 45.25, 48|5, 58, N/A, 44.54, 34|6, 54, N/A, 90.20, 44|
01:28:59 0, 55, N/A, 42.54, 77|1, 54, N/A, 82.30, 84|2, 55, N/A, 52.38, 83|3, 56, N/A, 50.11, 49|4, 53, N/A, 43.26, 40|5, 58, N/A, 52.60, 51|6, 54, N/A, 87.70, 37|
01:29:01 0, 55, N/A, 46.97, 73|1, 54, N/A, 48.72, 86|2, 55, N/A, 63.42, 84|3, 55, N/A, 56.01, 39|4, 54, N/A, 65.10, 57|5, 57, N/A, 59.00, 35|6, 54, N/A, 55.51, 42|
01:29:03 0, 55, N/A, 51.89, 92|1, 54, N/A, 89.18, 89|2, 55, N/A, 70.06, 75|3, 55, N/A, 46.94, 51|4, 53, N/A, 50.14, 35|5, 58, N/A, 48.94, 52|6, 53, N/A, 49.38, 45|
01:29:05 0, 54, N/A, 45.01, 79|1, 54, N/A, 49.46, 87|2, 55, N/A, 53.37, 80|3, 55, N/A, 63.09, 43|4, 53, N/A, 66.57, 46|5, 57, N/A, 55.80, 42|6, 54, N/A, 56.96, 45|
01:29:07 0, 55, N/A, 63.91, 89|1, 53, N/A, 53.40, 71|2, 55, N/A, 58.53, 83|3, 55, N/A, 44.27, 46|4, 53, N/A, 45.01, 30|5, 57, N/A, 44.79, 44|6, 53, N/A, 46.46, 35|
01:29:09 0, 55, N/A, 47.00, 88|1, 53, N/A, 49.96, 84|2, 55, N/A, 54.39, 83|3, 55, N/A, 43.75, 37|4, 53, N/A, 94.92, 41|5, 57, N/A, 45.25, 41|6, 53, N/A, 136.29, 44|
01:29:11 0, 54, N/A, 41.35, 87|1, 53, N/A, 45.55, 67|2, 54, N/A, 50.94, 77|3, 54, N/A, 57.97, 32|4, 53, N/A, 59.24, 50|5, 57, N/A, 54.36, 39|6, 53, N/A, 57.49, 42|
01:29:13 0, 54, N/A, 81.51, 88|1, 53, N/A, 75.70, 85|2, 55, N/A, 74.97, 83|3, 55, N/A, 47.68, 37|4, 53, N/A, 52.60, 41|5, 57, N/A, 50.39, 40|6, 53, N/A, 50.36, 39|
01:29:15 0, 54, N/A, 61.20, 72|1, 53, N/A, 60.99, 82|2, 55, N/A, 64.69, 83|3, 55, N/A, 45.47, 33|4, 53, N/A, 48.67, 52|5, 57, N/A, 49.44, 28|6, 53, N/A, 48.17, 49|
01:29:18 0, 55, N/A, 52.60, 87|1, 53, N/A, 54.11, 81|2, 55, N/A, 56.81, 72|3, 55, N/A, 80.97, 37|4, 53, N/A, 48.42, 31|5, 57, N/A, 82.25, 39|6, 54, N/A, 119.16, 32|
01:29:20 0, 55, N/A, 56.56, 73|1, 54, N/A, 57.06, 82|2, 55, N/A, 60.26, 68|3, 55, N/A, 44.73, 49|4, 53, N/A, 48.67, 51|5, 57, N/A, 45.01, 31|6, 54, N/A, 47.17, 54|
01:29:22 0, 55, N/A, 54.36, 90|1, 54, N/A, 58.26, 85|2, 55, N/A, 95.02, 87|3, 55, N/A, 53.30, 41|4, 53, N/A, 55.56, 35|5, 58, N/A, 54.35, 42|6, 53, N/A, 52.33, 45|
01:29:24 0, 55, N/A, 58.22, 69|1, 54, N/A, 60.50, 83|2, 55, N/A, 63.42, 66|3, 55, N/A, 48.17, 42|4, 53, N/A, 47.47, 30|5, 57, N/A, 46.24, 49|6, 54, N/A, 47.66, 50|
01:29:26 0, 55, N/A, 49.19, 88|1, 54, N/A, 51.92, 83|2, 55, N/A, 56.32, 83|3, 55, N/A, 60.71, 39|4, 54, N/A, 54.29, 48|5, 58, N/A, 62.16, 44|6, 54, N/A, 71.16, 32|
01:29:28 0, 55, N/A, 68.57, 88|1, 54, N/A, 67.60, 84|2, 55, N/A, 65.67, 78|3, 55, N/A, 46.70, 37|4, 54, N/A, 48.92, 43|5, 58, N/A, 47.47, 41|6, 54, N/A, 48.15, 38|
01:29:30 0, 55, N/A, 49.43, 87|1, 54, N/A, 71.03, 85|2, 55, N/A, 72.52, 85|3, 55, N/A, 47.68, 40|4, 54, N/A, 52.60, 49|5, 57, N/A, 53.37, 40|6, 54, N/A, 49.38, 54|
01:29:32 0, 55, N/A, 54.57, 90|1, 54, N/A, 86.22, 86|2, 55, N/A, 82.79, 78|3, 55, N/A, 51.86, 38|4, 54, N/A, 59.21, 40|5, 58, N/A, 53.86, 45|6, 54, N/A, 54.29, 39|
01:29:34 0, 55, N/A, 56.07, 74|1, 54, N/A, 90.14, 87|2, 55, N/A, 81.61, 71|3, 55, N/A, 51.09, 51|4, 54, N/A, 54.32, 50|5, 58, N/A, 52.60, 28|6, 54, N/A, 52.33, 49|
01:29:36 0, 55, N/A, 63.63, 86|1, 54, N/A, 65.66, 82|2, 55, N/A, 66.90, 81|3, 55, N/A, 46.21, 42|4, 54, N/A, 49.65, 47|5, 58, N/A, 47.71, 44|6, 54, N/A, 48.64, 55|
01:29:39 0, 55, N/A, 45.50, 83|1, 54, N/A, 49.46, 85|2, 55, N/A, 56.57, 69|3, 55, N/A, 67.55, 42|4, 54, N/A, 63.34, 33|5, 58, N/A, 75.87, 44|6, 54, N/A, 66.53, 49|
01:29:41 0, 55, N/A, 44.05, 86|1, 54, N/A, 48.94, 81|2, 55, N/A, 117.04, 80|3, 55, N/A, 43.47, 38|4, 54, N/A, 142.41, 40|5, 58, N/A, 151.21, 42|6, 54, N/A, 46.15, 42|
01:29:43 0, 55, N/A, 45.53, 89|1, 54, N/A, 49.71, 87|2, 55, N/A, 64.93, 72|3, 56, N/A, 58.25, 53|4, 54, N/A, 70.26, 31|5, 58, N/A, 60.26, 54|6, 54, N/A, 60.44, 38|
01:29:45 0, 55, N/A, 50.70, 85|1, 54, N/A, 51.44, 83|2, 55, N/A, 57.10, 82|3, 55, N/A, 44.76, 37|4, 54, N/A, 53.32, 40|5, 58, N/A, 45.77, 39|6, 54, N/A, 122.42, 39|
01:29:47 0, 55, N/A, 47.25, 90|1, 54, N/A, 51.19, 75|2, 56, N/A, 54.88, 79|3, 55, N/A, 43.28, 34|4, 54, N/A, 44.27, 54|5, 58, N/A, 43.81, 39|6, 54, N/A, 45.97, 34|
01:29:49 0, 55, N/A, 47.22, 86|1, 54, N/A, 85.74, 84|2, 55, N/A, 85.74, 81|3, 56, N/A, 50.14, 38|4, 54, N/A, 53.83, 43|5, 58, N/A, 52.14, 44|6, 54, N/A, 51.59, 43|
01:29:51 0, 55, N/A, 48.20, 90|1, 54, N/A, 50.66, 65|2, 56, N/A, 54.85, 84|3, 55, N/A, 56.01, 33|4, 54, N/A, 60.92, 50|5, 58, N/A, 55.31, 35|6, 54, N/A, 62.61, 58|
01:29:53 0, 55, N/A, 45.99, 89|1, 54, N/A, 140.68, 85|2, 55, N/A, 53.11, 84|3, 56, N/A, 147.02, 39|4, 54, N/A, 44.21, 36|5, 58, N/A, 165.32, 38|6, 54, N/A, 135.55, 46|
01:29:55 0, 55, N/A, 82.04, 70|1, 54, N/A, 73.73, 82|2, 56, N/A, 76.69, 82|3, 56, N/A, 48.66, 33|4, 54, N/A, 51.62, 52|5, 58, N/A, 48.20, 29|6, 55, N/A, 50.12, 53|
01:29:57 0, 55, N/A, 62.92, 87|1, 54, N/A, 104.58, 83|2, 56, N/A, 54.59, 79|3, 56, N/A, 155.75, 42|4, 54, N/A, 43.97, 43|5, 58, N/A, 162.39, 42|6, 55, N/A, 45.90, 40|
01:30:00 0, 55, N/A, 61.73, 70|1, 54, N/A, 59.03, 86|2, 56, N/A, 62.72, 68|3, 56, N/A, 45.25, 49|4, 54, N/A, 46.97, 35|5, 58, N/A, 46.02, 52|6, 54, N/A, 47.69, 48|
01:30:02 0, 55, N/A, 44.02, 78|1, 54, N/A, 66.36, 83|2, 56, N/A, 96.01, 79|3, 55, N/A, 51.83, 42|4, 54, N/A, 61.42, 43|5, 58, N/A, 56.29, 43|6, 55, N/A, 56.01, 44|
01:30:04 0, 56, N/A, 48.94, 88|1, 54, N/A, 51.65, 87|2, 56, N/A, 55.59, 67|3, 56, N/A, 56.99, 53|4, 54, N/A, 61.42, 40|5, 58, N/A, 55.31, 50|6, 55, N/A, 55.27, 36|
01:30:06 0, 55, N/A, 114.04, 88|1, 54, N/A, 48.69, 82|2, 56, N/A, 165.27, 82|3, 56, N/A, 43.23, 38|4, 54, N/A, 158.46, 45|5, 58, N/A, 43.99, 39|6, 55, N/A, 145.02, 43|
01:30:08 0, 56, N/A, 61.45, 90|1, 54, N/A, 57.30, 70|2, 56, N/A, 63.21, 83|3, 56, N/A, 45.72, 54|4, 55, N/A, 46.73, 34|5, 58, N/A, 46.24, 54|6, 55, N/A, 50.82, 36|
01:30:10 0, 56, N/A, 43.50, 84|1, 54, N/A, 149.41, 83|2, 56, N/A, 176.66, 82|3, 56, N/A, 42.73, 37|4, 54, N/A, 163.35, 44|5, 58, N/A, 43.74, 39|6, 55, N/A, 117.08, 39|
01:30:12 0, 56, N/A, 58.74, 90|1, 54, N/A, 59.03, 64|2, 56, N/A, 63.21, 77|3, 56, N/A, 51.12, 32|4, 55, N/A, 47.94, 47|5, 58, N/A, 46.48, 31|6, 55, N/A, 49.38, 41|
01:30:14 0, 56, N/A, 77.38, 89|1, 55, N/A, 61.24, 85|2, 56, N/A, 62.72, 86|3, 56, N/A, 44.73, 40|4, 55, N/A, 46.71, 42|5, 58, N/A, 45.99, 43|6, 55, N/A, 47.41, 38|
01:30:16 0, 56, N/A, 45.25, 70|1, 55, N/A, 58.01, 82|2, 56, N/A, 80.62, 84|3, 56, N/A, 50.14, 43|4, 55, N/A, 55.76, 52|5, 58, N/A, 58.26, 29|6, 55, N/A, 51.83, 52|
01:30:18 0, 55, N/A, 44.02, 74|1, 54, N/A, 62.43, 57|2, 56, N/A, 95.99, 81|3, 56, N/A, 55.51, 31|4, 55, N/A, 65.35, 39|5, 58, N/A, 58.75, 35|6, 55, N/A, 57.21, 36|
01:30:21 0, 55, N/A, 54.85, 72|1, 55, N/A, 57.30, 81|2, 56, N/A, 59.03, 62|3, 56, N/A, 55.51, 54|4, 55, N/A, 45.72, 51|5, 58, N/A, 45.25, 32|6, 55, N/A, 73.08, 52|
01:30:23 0, 55, N/A, 101.34, 87|1, 55, N/A, 48.20, 82|2, 56, N/A, 157.75, 82|3, 56, N/A, 159.58, 38|4, 55, N/A, 44.46, 41|5, 59, N/A, 162.63, 39|6, 55, N/A, 46.15, 42|
01:30:25 0, 56, N/A, 50.18, 68|1, 55, N/A, 52.66, 87|2, 56, N/A, 56.08, 65|3, 56, N/A, 59.20, 51|4, 55, N/A, 58.22, 41|5, 59, N/A, 60.72, 53|6, 55, N/A, 57.94, 42|
01:30:27 0, 56, N/A, 45.01, 86|1, 55, N/A, 49.95, 83|2, 56, N/A, 71.28, 81|3, 56, N/A, 61.62, 44|4, 55, N/A, 74.19, 40|5, 59, N/A, 63.18, 33|6, 55, N/A, 58.92, 39|
01:30:29 0, 56, N/A, 62.40, 87|1, 55, N/A, 58.28, 67|2, 57, N/A, 63.91, 85|3, 56, N/A, 45.96, 53|4, 55, N/A, 46.95, 36|5, 59, N/A, 46.48, 56|6, 55, N/A, 48.15, 40|
01:30:31 0, 56, N/A, 45.01, 68|1, 55, N/A, 70.29, 86|2, 56, N/A, 71.53, 76|3, 56, N/A, 48.17, 41|4, 55, N/A, 59.97, 37|5, 59, N/A, 49.43, 50|6, 55, N/A, 50.85, 41|
01:30:33 0, 56, N/A, 49.44, 88|1, 55, N/A, 53.40, 68|2, 57, N/A, 57.80, 77|3, 56, N/A, 43.97, 31|4, 55, N/A, 45.48, 52|5, 59, N/A, 44.76, 55|6, 55, N/A, 89.22, 27|
01:30:35 0, 56, N/A, 50.88, 90|1, 55, N/A, 87.69, 84|2, 57, N/A, 87.21, 80|3, 56, N/A, 49.40, 39|4, 55, N/A, 55.80, 43|5, 59, N/A, 51.40, 46|6, 55, N/A, 51.09, 40|
01:30:37 0, 56, N/A, 121.65, 87|1, 55, N/A, 46.48, 82|2, 57, N/A, 97.04, 81|3, 56, N/A, 42.77, 38|4, 56, N/A, 62.89, 40|5, 59, N/A, 43.53, 38|6, 56, N/A, 97.06, 55|
01:30:39 0, 56, N/A, 72.26, 89|1, 55, N/A, 64.90, 84|2, 57, N/A, 65.67, 82|3, 56, N/A, 46.21, 37|4, 55, N/A, 47.96, 54|5, 59, N/A, 47.22, 39|6, 55, N/A, 48.67, 32|
01:30:42 0, 56, N/A, 48.94, 88|1, 55, N/A, 52.38, 84|2, 57, N/A, 56.57, 76|3, 56, N/A, 70.21, 39|4, 55, N/A, 69.03, 53|5, 59, N/A, 53.58, 43|6, 55, N/A, 52.57, 52|
01:30:44 0, 56, N/A, 47.00, 90|1, 55, N/A, 49.47, 63|2, 57, N/A, 55.59, 82|3, 56, N/A, 70.74, 32|4, 55, N/A, 53.31, 45|5, 59, N/A, 85.49, 33|6, 56, N/A, 72.67, 43|
01:30:46 0, 56, N/A, 42.82, 88|1, 55, N/A, 69.56, 86|2, 57, N/A, 74.24, 83|3, 57, N/A, 48.42, 50|4, 55, N/A, 52.35, 45|5, 59, N/A, 50.17, 53|6, 56, N/A, 51.35, 40|
01:30:48 0, 56, N/A, 48.20, 86|1, 55, N/A, 51.19, 84|2, 57, N/A, 56.07, 82|3, 56, N/A, 56.50, 45|4, 55, N/A, 64.85, 39|5, 59, N/A, 68.34, 33|6, 56, N/A, 57.21, 42|
01:30:50 0, 56, N/A, 45.25, 91|1, 55, N/A, 77.38, 85|2, 57, N/A, 56.56, 86|3, 56, N/A, 145.82, 44|4, 55, N/A, 44.46, 38|5, 59, N/A, 159.45, 46|6, 55, N/A, 46.64, 42|
01:30:52 0, 56, N/A, 49.22, 69|1, 55, N/A, 53.43, 86|2, 57, N/A, 57.10, 66|3, 56, N/A, 45.26, 37|4, 55, N/A, 45.53, 31|5, 59, N/A, 45.04, 40|6, 56, N/A, 69.20, 56|
01:30:54 0, 57, N/A, 59.31, 87|1, 55, N/A, 47.52, 81|2, 57, N/A, 62.76, 81|3, 56, N/A, 68.29, 42|4, 56, N/A, 89.61, 55|5, 59, N/A, 76.41, 40|6, 55, N/A, 66.33, 28|
01:30:56 0, 56, N/A, 44.05, 87|1, 55, N/A, 78.42, 87|2, 57, N/A, 84.07, 69|3, 56, N/A, 53.34, 53|4, 55, N/A, 60.97, 33|5, 59, N/A, 54.11, 55|6, 56, N/A, 55.77, 36|
01:30:58 0, 56, N/A, 54.15, 88|1, 55, N/A, 54.17, 85|2, 57, N/A, 59.56, 84|3, 56, N/A, 46.02, 43|4, 55, N/A, 45.78, 45|5, 59, N/A, 47.50, 47|6, 56, N/A, 85.15, 43|
01:31:00 0, 56, N/A, 56.58, 86|1, 55, N/A, 58.58, 67|2, 57, N/A, 60.05, 82|3, 56, N/A, 44.03, 32|4, 55, N/A, 46.27, 50|5, 59, N/A, 45.29, 51|6, 56, N/A, 47.20, 31|
01:31:03 0, 56, N/A, 49.00, 89|1, 55, N/A, 51.96, 88|2, 57, N/A, 57.59, 74|3, 57, N/A, 72.26, 56|4, 55, N/A, 66.13, 41|5, 59, N/A, 59.03, 55|6, 56, N/A, 56.05, 42|
01:31:05 0, 57, N/A, 64.90, 86|1, 55, N/A, 63.21, 62|2, 57, N/A, 68.41, 84|3, 57, N/A, 46.97, 33|4, 56, N/A, 49.69, 56|5, 59, N/A, 51.93, 34|6, 56, N/A, 49.90, 46|
01:31:07 0, 56, N/A, 52.63, 89|1, 55, N/A, 80.08, 70|2, 57, N/A, 67.60, 81|3, 57, N/A, 46.45, 35|4, 56, N/A, 50.14, 41|5, 59, N/A, 48.70, 48|6, 56, N/A, 49.62, 43|
01:31:09 0, 56, N/A, 43.28, 88|1, 56, N/A, 63.21, 85|2, 58, N/A, 64.40, 83|3, 56, N/A, 67.31, 38|4, 56, N/A, 78.51, 53|5, 59, N/A, 71.45, 40|6, 56, N/A, 65.80, 57|
01:31:11 0, 56, N/A, 64.15, 89|1, 55, N/A, 81.07, 82|2, 57, N/A, 79.40, 82|3, 57, N/A, 49.40, 41|4, 56, N/A, 55.56, 49|5, 59, N/A, 52.14, 42|6, 56, N/A, 52.82, 57|
01:31:13 0, 56, N/A, 44.76, 88|1, 55, N/A, 129.55, 85|2, 57, N/A, 54.35, 81|3, 57, N/A, 160.91, 40|4, 55, N/A, 44.73, 45|5, 59, N/A, 161.41, 40|6, 56, N/A, 177.84, 45|
01:31:15 0, 56, N/A, 49.44, 89|1, 55, N/A, 51.92, 85|2, 57, N/A, 57.58, 85|3, 56, N/A, 82.00, 36|4, 56, N/A, 46.24, 43|5, 59, N/A, 60.68, 32|6, 56, N/A, 84.85, 51|
01:31:17 0, 56, N/A, 69.81, 86|1, 55, N/A, 63.45, 82|2, 57, N/A, 67.15, 80|3, 57, N/A, 47.47, 39|4, 56, N/A, 49.20, 40|5, 59, N/A, 47.99, 41|6, 56, N/A, 49.65, 40|
01:31:19 0, 56, N/A, 48.94, 66|1, 55, N/A, 52.42, 86|2, 57, N/A, 60.50, 64|3, 57, N/A, 45.72, 49|4, 56, N/A, 45.50, 38|5, 60, N/A, 45.01, 54|6, 56, N/A, 74.30, 49|
01:31:22 0, 56, N/A, 55.33, 69|1, 55, N/A, 52.38, 85|2, 57, N/A, 56.07, 86|3, 56, N/A, 51.58, 33|4, 56, N/A, 56.01, 44|5, 59, N/A, 50.66, 29|6, 56, N/A, 55.98, 43|
01:31:24 0, 57, N/A, 47.69, 91|1, 55, N/A, 51.16, 84|2, 57, N/A, 64.64, 67|3, 57, N/A, 52.81, 51|4, 55, N/A, 58.99, 32|5, 60, N/A, 53.86, 50|6, 56, N/A, 53.80, 36|
01:31:26 0, 56, N/A, 70.26, 67|1, 56, N/A, 70.29, 83|2, 57, N/A, 73.25, 62|3, 57, N/A, 48.17, 42|4, 56, N/A, 51.13, 31|5, 60, N/A, 49.68, 46|6, 56, N/A, 51.09, 46|
01:31:28 0, 56, N/A, 53.09, 86|1, 55, N/A, 49.19, 81|2, 57, N/A, 119.50, 79|3, 57, N/A, 150.71, 41|4, 55, N/A, 44.95, 45|5, 59, N/A, 150.23, 44|6, 56, N/A, 47.13, 42|
01:31:30 0, 57, N/A, 66.85, 92|1, 55, N/A, 62.72, 84|2, 57, N/A, 77.64, 68|3, 57, N/A, 46.21, 42|4, 56, N/A, 49.41, 30|5, 60, N/A, 47.71, 44|6, 56, N/A, 49.38, 36|
01:31:32 0, 57, N/A, 47.71, 87|1, 55, N/A, 51.19, 84|2, 57, N/A, 56.32, 82|3, 57, N/A, 45.22, 39|4, 56, N/A, 100.25, 43|5, 60, N/A, 45.72, 40|6, 56, N/A, 139.64, 42|
01:31:34 0, 57, N/A, 45.53, 87|1, 55, N/A, 71.77, 68|2, 58, N/A, 74.24, 80|3, 57, N/A, 48.66, 53|4, 56, N/A, 52.85, 39|5, 60, N/A, 50.42, 51|6, 56, N/A, 51.35, 42|
01:31:36 0, 56, N/A, 49.93, 86|1, 55, N/A, 52.91, 83|2, 57, N/A, 58.04, 78|3, 57, N/A, 45.72, 41|4, 56, N/A, 45.50, 46|5, 60, N/A, 45.01, 43|6, 56, N/A, 71.41, 39|
01:31:38 0, 57, N/A, 57.55, 87|1, 55, N/A, 53.65, 63|2, 58, N/A, 61.98, 83|3, 57, N/A, 45.72, 29|4, 56, N/A, 48.45, 44|5, 60, N/A, 47.50, 35|6, 57, N/A, 49.38, 48|
01:31:40 0, 57, N/A, 46.73, 91|1, 55, N/A, 51.15, 68|2, 58, N/A, 81.31, 83|3, 57, N/A, 50.38, 54|4, 55, N/A, 54.57, 30|5, 60, N/A, 50.91, 49|6, 56, N/A, 51.35, 35|
01:31:42 0, 56, N/A, 43.50, 88|1, 56, N/A, 161.09, 84|2, 58, N/A, 186.11, 83|3, 57, N/A, 42.98, 42|4, 56, N/A, 170.10, 52|5, 60, N/A, 44.24, 45|6, 57, N/A, 97.31, 42|
01:31:45 0, 57, N/A, 42.06, 89|1, 55, N/A, 46.51, 75|2, 57, N/A, 52.88, 84|3, 57, N/A, 42.54, 32|4, 56, N/A, 54.53, 51|5, 60, N/A, 63.38, 29|6, 56, N/A, 66.75, 51|
01:31:47 0, 57, N/A, 56.78, 88|1, 55, N/A, 68.34, 82|2, 58, N/A, 82.05, 78|3, 57, N/A, 47.68, 39|4, 56, N/A, 50.88, 38|5, 60, N/A, 49.43, 38|6, 56, N/A, 50.12, 33|
01:31:49 0, 57, N/A, 51.16, 87|1, 56, N/A, 53.12, 84|2, 58, N/A, 59.28, 82|3, 57, N/A, 65.59, 34|4, 56, N/A, 46.48, 41|5, 60, N/A, 65.35, 41|6, 57, N/A, 66.54, 52|
01:31:51 0, 57, N/A, 44.05, 57|1, 55, N/A, 79.83, 43|2, 57, N/A, 82.34, 43|3, 57, N/A, 49.65, 24|4, 56, N/A, 56.54, 27|5, 60, N/A, 53.37, 23|6, 57, N/A, 54.05, 28|
01:31:53 0, 57, N/A, 54.85, 86|1, 56, N/A, 54.63, 84|2, 58, N/A, 59.28, 78|3, 57, N/A, 59.20, 41|4, 56, N/A, 46.46, 41|5, 60, N/A, 45.99, 46|6, 56, N/A, 77.98, 41|
01:31:55 0, 57, N/A, 60.46, 69|1, 56, N/A, 56.32, 84|2, 58, N/A, 62.47, 84|3, 57, N/A, 45.96, 36|4, 56, N/A, 47.69, 54|5, 60, N/A, 46.24, 31|6, 57, N/A, 48.65, 58|
01:31:57 0, 57, N/A, 61.45, 55|1, 56, N/A, 58.78, 61|2, 58, N/A, 62.97, 45|3, 57, N/A, 45.72, 29|4, 56, N/A, 47.47, 27|5, 60, N/A, 46.49, 31|6, 57, N/A, 48.65, 25|
01:31:59 0, 56, N/A, 64.12, 87|1, 56, N/A, 81.35, 82|2, 58, N/A, 81.31, 76|3, 57, N/A, 52.08, 41|4, 56, N/A, 57.28, 54|5, 60, N/A, 50.91, 45|6, 57, N/A, 52.82, 55|
01:32:01 0, 57, N/A, 51.62, 87|1, 56, N/A, 87.44, 81|2, 58, N/A, 85.24, 85|3, 57, N/A, 52.32, 44|4, 56, N/A, 59.45, 53|5, 60, N/A, 55.80, 43|6, 57, N/A, 54.78, 54|
01:32:03 0, 57, N/A, 53.12, 52|1, 56, N/A, 59.52, 45|2, 58, N/A, 59.03, 59|3, 57, N/A, 44.76, 21|4, 56, N/A, 45.99, 34|5, 60, N/A, 45.25, 27|6, 57, N/A, 47.69, 39|
01:32:06 0, 57, N/A, 45.28, 70|1, 56, N/A, 71.28, 86|2, 58, N/A, 72.80, 66|3, 57, N/A, 51.86, 56|4, 56, N/A, 52.35, 55|5, 60, N/A, 49.93, 32|6, 57, N/A, 50.61, 38|
01:32:08 0, 57, N/A, 54.59, 82|1, 56, N/A, 55.37, 85|2, 58, N/A, 60.99, 81|3, 57, N/A, 44.74, 35|4, 56, N/A, 45.99, 43|5, 60, N/A, 45.25, 34|6, 57, N/A, 68.71, 44|
01:32:10 0, 57, N/A, 45.49, 88|1, 56, N/A, 112.93, 84|2, 58, N/A, 55.82, 79|3, 57, N/A, 154.52, 37|4, 56, N/A, 44.95, 41|5, 60, N/A, 155.05, 41|6, 57, N/A, 170.98, 40|
01:32:12 0, 57, N/A, 46.24, 67|1, 56, N/A, 49.95, 80|2, 58, N/A, 70.54, 63|3, 57, N/A, 50.85, 46|4, 56, N/A, 67.07, 55|5, 60, N/A, 52.38, 46|6, 57, N/A, 52.57, 56|
01:32:14 0, 57, N/A, 63.90, 87|1, 56, N/A, 49.68, 82|2, 58, N/A, 142.39, 80|3, 57, N/A, 158.44, 42|4, 56, N/A, 45.19, 43|5, 60, N/A, 157.74, 43|6, 57, N/A, 47.13, 39|
01:32:16 0, 57, N/A, 42.54, 89|1, 57, N/A, 79.89, 88|2, 58, N/A, 54.11, 78|3, 57, N/A, 80.97, 50|4, 56, N/A, 69.44, 41|5, 60, N/A, 83.97, 54|6, 57, N/A, 74.10, 41|
01:32:18 0, 57, N/A, 57.27, 71|1, 56, N/A, 86.96, 85|2, 58, N/A, 89.42, 74|3, 57, N/A, 52.08, 55|4, 56, N/A, 55.56, 42|5, 60, N/A, 51.40, 29|6, 57, N/A, 53.06, 44|
01:32:20 0, 57, N/A, 91.59, 89|1, 56, N/A, 48.23, 76|2, 59, N/A, 73.00, 81|3, 58, N/A, 81.96, 47|4, 56, N/A, 52.54, 42|5, 61, N/A, 90.99, 53|6, 57, N/A, 78.27, 38|
01:32:22 0, 57, N/A, 57.03, 74|1, 56, N/A, 59.27, 86|2, 58, N/A, 68.83, 65|3, 57, N/A, 46.94, 40|4, 56, N/A, 47.19, 31|5, 60, N/A, 46.24, 51|6, 57, N/A, 48.39, 51|
01:32:24 0, 57, N/A, 45.99, 86|1, 56, N/A, 49.71, 83|2, 58, N/A, 56.53, 82|3, 57, N/A, 60.63, 42|4, 56, N/A, 67.31, 41|5, 60, N/A, 59.98, 43|6, 57, N/A, 56.99, 40|
01:32:27 0, 57, N/A, 46.97, 87|1, 56, N/A, 49.95, 66|2, 58, N/A, 79.63, 83|3, 57, N/A, 50.88, 54|4, 56, N/A, 55.79, 42|5, 60, N/A, 52.63, 51|6, 57, N/A, 53.06, 33|
01:32:29 0, 57, N/A, 55.58, 67|1, 56, N/A, 57.06, 88|2, 58, N/A, 61.00, 64|3, 57, N/A, 45.47, 52|4, 56, N/A, 46.95, 31|5, 60, N/A, 49.90, 53|6, 57, N/A, 73.90, 53|
01:32:31 0, 57, N/A, 46.24, 86|1, 56, N/A, 51.89, 82|2, 58, N/A, 101.09, 81|3, 57, N/A, 44.95, 41|4, 56, N/A, 124.61, 40|5, 60, N/A, 137.83, 43|6, 57, N/A, 47.87, 44|
01:32:33 0, 57, N/A, 53.37, 90|1, 56, N/A, 53.86, 66|2, 58, N/A, 59.77, 85|3, 57, N/A, 52.57, 54|4, 56, N/A, 46.21, 33|5, 60, N/A, 45.99, 55|6, 57, N/A, 72.63, 32|
01:32:35 0, 57, N/A, 47.19, 90|1, 56, N/A, 87.21, 89|2, 58, N/A, 87.46, 86|3, 57, N/A, 51.61, 42|4, 56, N/A, 54.08, 40|5, 60, N/A, 52.88, 37|6, 57, N/A, 52.33, 42|
01:32:37 0, 58, N/A, 80.58, 87|1, 56, N/A, 47.74, 64|2, 59, N/A, 74.96, 83|3, 57, N/A, 49.13, 29|4, 57, N/A, 53.83, 39|5, 61, N/A, 51.40, 54|6, 57, N/A, 68.66, 45|
01:32:39 0, 57, N/A, 55.58, 93|1, 56, N/A, 58.29, 67|2, 58, N/A, 58.78, 89|3, 57, N/A, 44.73, 55|4, 56, N/A, 45.74, 34|5, 60, N/A, 45.50, 56|6, 57, N/A, 57.91, 36|
01:32:41 0, 57, N/A, 45.25, 88|1, 56, N/A, 49.71, 85|2, 58, N/A, 75.71, 83|3, 57, N/A, 49.89, 38|4, 56, N/A, 63.88, 37|5, 60, N/A, 51.16, 37|6, 57, N/A, 52.57, 43|
01:32:43 0, 57, N/A, 50.91, 84|1, 56, N/A, 52.91, 65|2, 59, N/A, 59.03, 77|3, 57, N/A, 63.62, 30|4, 57, N/A, 56.26, 41|5, 61, N/A, 67.56, 55|6, 57, N/A, 77.78, 41|
01:32:46 0, 57, N/A, 48.20, 90|1, 56, N/A, 51.43, 68|2, 58, N/A, 68.83, 83|3, 57, N/A, 51.83, 54|4, 56, N/A, 54.82, 39|5, 60, N/A, 51.65, 42|6, 57, N/A, 52.58, 43|
01:32:48 0, 57, N/A, 56.32, 87|1, 56, N/A, 57.06, 84|2, 58, N/A, 59.28, 81|3, 57, N/A, 46.70, 42|4, 56, N/A, 46.48, 39|5, 60, N/A, 47.47, 38|6, 57, N/A, 105.82, 43|
01:32:50 0, 57, N/A, 45.50, 89|1, 56, N/A, 48.72, 75|2, 58, N/A, 83.48, 80|3, 57, N/A, 55.51, 36|4, 57, N/A, 68.54, 56|5, 60, N/A, 61.46, 55|6, 57, N/A, 58.96, 29|
01:32:52 0, 57, N/A, 46.97, 88|1, 56, N/A, 50.94, 85|2, 58, N/A, 57.80, 84|3, 57, N/A, 69.48, 40|4, 56, N/A, 67.97, 48|5, 60, N/A, 76.15, 46|6, 57, N/A, 66.74, 44|
01:32:54 0, 57, N/A, 45.99, 87|1, 56, N/A, 51.16, 81|2, 58, N/A, 103.31, 79|3, 57, N/A, 44.95, 38|4, 56, N/A, 128.29, 44|5, 60, N/A, 45.47, 40|6, 57, N/A, 157.55, 44|
01:32:56 0, 57, N/A, 51.65, 90|1, 56, N/A, 52.88, 66|2, 58, N/A, 60.01, 81|3, 57, N/A, 63.34, 30|4, 57, N/A, 46.68, 55|5, 61, N/A, 69.03, 53|6, 57, N/A, 63.83, 32|
01:32:58 0, 57, N/A, 47.47, 91|1, 56, N/A, 51.19, 86|2, 58, N/A, 57.52, 86|3, 57, N/A, 130.81, 41|4, 56, N/A, 102.70, 42|5, 60, N/A, 45.72, 43|6, 57, N/A, 143.29, 42|
01:33:00 0, 57, N/A, 163.94, 87|1, 56, N/A, 47.46, 84|2, 59, N/A, 165.36, 83|3, 57, N/A, 43.01, 41|4, 57, N/A, 82.25, 38|5, 60, N/A, 44.27, 38|6, 58, N/A, 62.61, 50|
01:33:02 0, 57, N/A, 45.99, 88|1, 56, N/A, 50.94, 65|2, 59, N/A, 56.57, 83|3, 57, N/A, 54.50, 31|4, 57, N/A, 61.91, 54|5, 60, N/A, 56.57, 53|6, 57, N/A, 55.27, 28|
01:33:04 0, 57, N/A, 55.58, 90|1, 56, N/A, 56.57, 88|2, 59, N/A, 61.24, 84|3, 57, N/A, 45.22, 39|4, 57, N/A, 46.95, 41|5, 60, N/A, 46.48, 40|6, 57, N/A, 58.15, 40|
01:33:07 0, 57, N/A, 157.65, 87|1, 56, N/A, 47.71, 84|2, 59, N/A, 199.32, 86|3, 57, N/A, 43.23, 41|4, 57, N/A, 128.37, 44|5, 60, N/A, 44.27, 39|6, 58, N/A, 90.49, 38|
01:33:09 0, 57, N/A, 46.48, 88|1, 56, N/A, 50.45, 63|2, 59, N/A, 56.81, 77|3, 57, N/A, 54.78, 31|4, 57, N/A, 63.13, 53|5, 61, N/A, 57.77, 54|6, 57, N/A, 56.26, 29|
01:33:11 0, 57, N/A, 47.47, 85|1, 56, N/A, 51.43, 82|2, 59, N/A, 56.54, 78|3, 57, N/A, 125.66, 38|4, 57, N/A, 106.32, 39|5, 60, N/A, 46.70, 40|6, 57, N/A, 149.08, 44|
01:33:13 0, 57, N/A, 154.71, 88|1, 56, N/A, 47.71, 83|2, 59, N/A, 196.14, 79|3, 57, N/A, 43.47, 39|4, 57, N/A, 175.48, 38|5, 61, N/A, 44.49, 39|6, 58, N/A, 118.32, 45|
01:33:15 0, 57, N/A, 51.64, 88|1, 56, N/A, 53.62, 63|2, 59, N/A, 59.77, 76|3, 57, N/A, 66.81, 29|4, 57, N/A, 46.70, 47|5, 61, N/A, 70.26, 52|6, 57, N/A, 64.04, 29|
01:33:17 0, 57, N/A, 71.00, 89|1, 56, N/A, 70.09, 75|2, 59, N/A, 69.81, 82|3, 58, N/A, 47.44, 38|4, 57, N/A, 50.64, 41|5, 61, N/A, 49.19, 39|6, 57, N/A, 49.63, 37|
01:33:19 0, 57, N/A, 94.52, 87|1, 56, N/A, 49.92, 84|2, 58, N/A, 150.90, 83|3, 57, N/A, 43.96, 43|4, 56, N/A, 154.79, 36|5, 60, N/A, 44.73, 43|6, 57, N/A, 176.00, 48|
01:33:21 0, 57, N/A, 65.59, 91|1, 56, N/A, 64.19, 79|2, 58, N/A, 65.18, 83|3, 57, N/A, 46.45, 30|4, 57, N/A, 49.16, 54|5, 60, N/A, 47.71, 46|6, 57, N/A, 49.38, 27|
01:33:23 0, 57, N/A, 53.86, 89|1, 56, N/A, 55.83, 84|2, 58, N/A, 60.50, 83|3, 57, N/A, 54.04, 40|4, 56, N/A, 46.95, 46|5, 60, N/A, 46.24, 45|6, 57, N/A, 74.06, 42|
01:33:25 0, 56, N/A, 102.81, 86|1, 55, N/A, 50.41, 84|2, 58, N/A, 155.79, 82|3, 57, N/A, 43.96, 40|4, 56, N/A, 156.02, 46|5, 60, N/A, 44.73, 39|6, 57, N/A, 176.00, 40|
01:33:28 0, 56, N/A, 44.27, 89|1, 55, N/A, 72.26, 63|2, 58, N/A, 99.67, 78|3, 57, N/A, 54.28, 29|4, 56, N/A, 63.63, 57|5, 60, N/A, 58.51, 55|6, 56, N/A, 57.48, 28|
01:33:30 0, 56, N/A, 52.38, 87|1, 55, N/A, 54.35, 83|2, 57, N/A, 64.40, 86|3, 57, N/A, 44.98, 39|4, 55, N/A, 46.21, 32|5, 60, N/A, 45.74, 40|6, 56, N/A, 48.61, 33|
01:33:32 0, 56, N/A, 65.87, 87|1, 55, N/A, 63.91, 84|2, 57, N/A, 68.12, 81|3, 57, N/A, 47.44, 42|4, 55, N/A, 49.41, 39|5, 60, N/A, 47.47, 41|6, 56, N/A, 49.62, 43|
01:33:34 0, 56, N/A, 46.48, 91|1, 55, N/A, 49.46, 65|2, 57, N/A, 55.83, 81|3, 56, N/A, 57.23, 31|4, 56, N/A, 69.28, 55|5, 60, N/A, 58.75, 55|6, 56, N/A, 56.72, 37|
01:33:36 0, 56, N/A, 43.56, 88|1, 54, N/A, 78.36, 74|2, 57, N/A, 89.38, 81|3, 56, N/A, 50.63, 43|4, 55, N/A, 57.28, 39|5, 59, N/A, 52.14, 41|6, 56, N/A, 51.59, 39|
01:33:38 0, 55, N/A, 66.12, 86|1, 54, N/A, 51.40, 83|2, 56, N/A, 130.22, 80|3, 56, N/A, 43.97, 38|4, 55, N/A, 146.33, 37|5, 59, N/A, 44.24, 37|6, 56, N/A, 181.38, 52|
01:33:40 0, 56, N/A, 45.01, 88|1, 54, N/A, 47.74, 65|2, 57, N/A, 87.90, 88|3, 56, N/A, 55.02, 29|4, 55, N/A, 64.61, 57|5, 59, N/A, 56.29, 50|6, 55, N/A, 54.78, 29|
01:33:42 0, 55, N/A, 45.77, 89|1, 54, N/A, 57.74, 86|2, 56, N/A, 100.41, 82|3, 56, N/A, 54.53, 38|4, 55, N/A, 64.61, 44|5, 59, N/A, 56.81, 39|6, 55, N/A, 54.05, 46|
01:33:44 0, 55, N/A, 45.01, 87|1, 54, N/A, 51.19, 84|2, 56, N/A, 95.51, 81|3, 56, N/A, 44.73, 44|4, 55, N/A, 121.19, 41|5, 59, N/A, 44.97, 45|6, 56, N/A, 152.75, 45|
01:33:46 0, 55, N/A, 45.25, 90|1, 54, N/A, 79.09, 63|2, 56, N/A, 84.75, 83|3, 56, N/A, 50.85, 31|4, 55, N/A, 58.96, 53|5, 59, N/A, 54.32, 53|6, 55, N/A, 54.53, 27|
01:33:49 0, 55, N/A, 44.27, 86|1, 54, N/A, 51.40, 83|2, 56, N/A, 101.15, 82|3, 56, N/A, 54.53, 37|4, 54, N/A, 65.59, 34|5, 59, N/A, 58.75, 41|6, 55, N/A, 55.98, 35|
01:33:51 0, 55, N/A, 58.74, 69|1, 54, N/A, 112.87, 66|2, 56, N/A, 106.81, 67|3, 56, N/A, 58.95, 42|4, 55, N/A, 81.51, 40|5, 59, N/A, 61.91, 43|6, 55, N/A, 73.17, 44|
01:33:53 0, 55, N/A, 42.49, 89|1, 54, N/A, 176.89, 84|2, 56, N/A, 198.06, 84|3, 55, N/A, 42.49, 44|4, 55, N/A, 87.10, 53|5, 58, N/A, 43.53, 38|6, 56, N/A, 70.18, 57|
01:33:55 0, 55, N/A, 47.47, 89|1, 53, N/A, 49.46, 69|2, 56, N/A, 62.19, 85|3, 55, N/A, 51.83, 31|4, 54, N/A, 59.69, 56|5, 58, N/A, 53.34, 29|6, 55, N/A, 61.87, 60|
01:33:57 0, 55, N/A, 45.74, 88|1, 53, N/A, 50.91, 84|2, 55, N/A, 54.36, 81|3, 55, N/A, 71.19, 37|4, 54, N/A, 62.78, 43|5, 58, N/A, 71.48, 39|6, 54, N/A, 69.68, 37|
01:33:59 0, 55, N/A, 73.73, 42|1, 54, N/A, 82.63, 42|2, 56, N/A, 89.67, 41|3, 56, N/A, 75.94, 39|4, 55, N/A, 74.40, 35|5, 59, N/A, 73.99, 35|6, 55, N/A, 82.20, 36|
01:34:01 0, 55, N/A, 74.74, 42|1, 54, N/A, 77.24, 43|2, 56, N/A, 88.74, 42|3, 56, N/A, 78.12, 40|4, 55, N/A, 81.58, 35|5, 59, N/A, 75.39, 36|6, 55, N/A, 81.27, 36|
01:34:03 0, 55, N/A, 74.06, 41|1, 54, N/A, 75.27, 42|2, 56, N/A, 88.27, 41|3, 56, N/A, 74.27, 38|4, 55, N/A, 71.74, 35|5, 59, N/A, 68.03, 34|6, 55, N/A, 79.60, 36|
01:34:05 0, 55, N/A, 71.83, 42|1, 54, N/A, 76.25, 42|2, 56, N/A, 87.57, 42|3, 56, N/A, 73.17, 39|4, 55, N/A, 78.62, 35|5, 59, N/A, 73.46, 35|6, 55, N/A, 82.30, 36|
01:34:07 0, 55, N/A, 72.76, 42|1, 54, N/A, 77.22, 42|2, 56, N/A, 88.99, 41|3, 56, N/A, 72.91, 39|4, 55, N/A, 72.68, 35|5, 59, N/A, 74.48, 35|6, 55, N/A, 79.03, 36|
01:34:09 0, 55, N/A, 72.76, 42|1, 54, N/A, 74.97, 42|2, 56, N/A, 84.07, 41|3, 56, N/A, 70.74, 40|4, 55, N/A, 73.50, 35|5, 59, N/A, 69.78, 35|6, 55, N/A, 74.39, 35|
01:34:12 0, 55, N/A, 74.48, 41|1, 54, N/A, 74.45, 42|2, 56, N/A, 87.48, 41|3, 56, N/A, 71.41, 39|4, 55, N/A, 75.67, 35|5, 59, N/A, 75.35, 35|6, 55, N/A, 88.18, 36|
01:34:14 0, 55, N/A, 73.04, 42|1, 54, N/A, 77.96, 42|2, 56, N/A, 87.76, 42|3, 55, N/A, 75.37, 39|4, 55, N/A, 80.49, 35|5, 59, N/A, 77.93, 35|6, 55, N/A, 85.11, 37|
01:34:16 0, 55, N/A, 72.60, 41|1, 54, N/A, 76.80, 42|2, 56, N/A, 84.37, 41|3, 55, N/A, 70.30, 38|4, 55, N/A, 77.72, 35|5, 58, N/A, 73.80, 34|6, 55, N/A, 80.64, 35|
01:34:18 0, 55, N/A, 71.35, 41|1, 54, N/A, 78.23, 42|2, 56, N/A, 83.39, 41|3, 56, N/A, 70.84, 39|4, 55, N/A, 74.78, 35|5, 59, N/A, 75.60, 35|6, 55, N/A, 78.67, 36|
01:34:20 0, 55, N/A, 74.53, 42|1, 54, N/A, 79.45, 42|2, 56, N/A, 83.63, 41|3, 56, N/A, 69.60, 39|4, 55, N/A, 75.02, 35|5, 59, N/A, 72.00, 35|6, 55, N/A, 81.86, 36|
01:34:22 0, 55, N/A, 72.56, 42|1, 54, N/A, 76.25, 42|2, 56, N/A, 83.83, 42|3, 56, N/A, 72.76, 39|4, 55, N/A, 72.73, 35|5, 59, N/A, 74.78, 35|6, 55, N/A, 83.37, 37|
01:34:24 0, 55, N/A, 72.32, 42|1, 54, N/A, 78.27, 42|2, 56, N/A, 84.38, 42|3, 56, N/A, 69.56, 39|4, 55, N/A, 71.29, 35|5, 59, N/A, 71.83, 36|6, 55, N/A, 76.38, 37|
01:34:26 0, 55, N/A, 82.44, 42|1, 54, N/A, 74.05, 42|2, 56, N/A, 83.88, 41|3, 56, N/A, 72.02, 39|4, 55, N/A, 76.20, 36|5, 59, N/A, 75.52, 35|6, 55, N/A, 81.33, 36|
01:34:28 0, 55, N/A, 74.78, 41|1, 53, N/A, 80.47, 42|2, 56, N/A, 87.17, 41|3, 55, N/A, 71.53, 39|4, 55, N/A, 70.60, 35|5, 59, N/A, 77.02, 35|6, 55, N/A, 81.93, 36|
01:34:30 0, 55, N/A, 71.87, 42|1, 54, N/A, 82.66, 42|2, 55, N/A, 88.31, 41|3, 55, N/A, 73.99, 38|4, 55, N/A, 77.68, 35|5, 59, N/A, 75.02, 35|6, 55, N/A, 81.76, 36|
01:34:32 0, 55, N/A, 70.39, 42|1, 54, N/A, 76.58, 42|2, 55, N/A, 87.57, 41|3, 55, N/A, 75.96, 40|4, 55, N/A, 78.71, 35|5, 59, N/A, 73.06, 35|6, 55, N/A, 84.03, 36|
01:34:34 0, 55, N/A, 73.55, 42|1, 53, N/A, 79.00, 42|2, 55, N/A, 96.96, 42|3, 55, N/A, 74.24, 39|4, 55, N/A, 77.15, 35|5, 59, N/A, 70.85, 35|6, 55, N/A, 80.59, 36|
01:34:37 0, 55, N/A, 73.75, 42|1, 53, N/A, 80.22, 42|2, 55, N/A, 89.19, 41|3, 55, N/A, 70.75, 39|4, 55, N/A, 75.23, 35|5, 59, N/A, 75.27, 36|6, 55, N/A, 84.95, 36|
01:34:39 0, 55, N/A, 73.79, 41|1, 53, N/A, 74.83, 42|2, 55, N/A, 84.63, 42|3, 55, N/A, 73.01, 39|4, 55, N/A, 75.96, 35|5, 59, N/A, 74.29, 35|6, 55, N/A, 83.46, 36|
01:34:41 0, 55, N/A, 73.83, 42|1, 53, N/A, 77.03, 42|2, 55, N/A, 87.13, 41|3, 55, N/A, 71.53, 39|4, 55, N/A, 74.21, 35|5, 59, N/A, 76.54, 35|6, 55, N/A, 71.87, 36|
01:34:43 0, 55, N/A, 74.57, 42|1, 53, N/A, 76.06, 42|2, 55, N/A, 84.92, 41|3, 55, N/A, 70.80, 39|4, 55, N/A, 77.68, 35|5, 59, N/A, 75.07, 36|6, 55, N/A, 80.34, 37|
01:34:45 0, 55, N/A, 72.85, 42|1, 53, N/A, 78.52, 42|2, 55, N/A, 85.86, 42|3, 55, N/A, 70.84, 39|4, 55, N/A, 74.20, 35|5, 59, N/A, 76.74, 36|6, 55, N/A, 81.32, 37|
01:34:47 0, 55, N/A, 76.05, 42|1, 53, N/A, 81.72, 42|2, 55, N/A, 89.33, 41|3, 55, N/A, 72.02, 40|4, 54, N/A, 76.49, 35|5, 59, N/A, 75.55, 35|6, 55, N/A, 84.07, 36|
01:34:49 0, 55, N/A, 76.78, 41|1, 53, N/A, 75.81, 41|2, 55, N/A, 84.88, 41|3, 55, N/A, 72.76, 38|4, 55, N/A, 75.52, 35|5, 59, N/A, 75.56, 34|6, 55, N/A, 80.83, 36|
01:34:51 0, 55, N/A, 76.50, 42|1, 53, N/A, 79.94, 42|2, 55, N/A, 89.04, 41|3, 55, N/A, 70.06, 39|4, 55, N/A, 72.07, 36|5, 59, N/A, 71.83, 35|6, 55, N/A, 77.64, 37|
01:34:53 0, 55, N/A, 70.88, 41|1, 53, N/A, 74.78, 41|2, 55, N/A, 84.12, 41|3, 55, N/A, 74.39, 39|4, 55, N/A, 78.39, 35|5, 58, N/A, 78.47, 35|6, 55, N/A, 77.60, 36|
01:34:55 0, 55, N/A, 70.85, 41|1, 53, N/A, 76.80, 42|2, 55, N/A, 87.34, 41|3, 55, N/A, 76.45, 39|4, 54, N/A, 83.05, 35|5, 59, N/A, 73.06, 35|6, 55, N/A, 84.27, 36|
01:34:57 0, 55, N/A, 73.09, 42|1, 53, N/A, 78.80, 42|2, 55, N/A, 86.34, 41|3, 55, N/A, 72.76, 39|4, 55, N/A, 73.47, 35|5, 59, N/A, 73.27, 35|6, 55, N/A, 77.36, 36|
01:35:00 0, 55, N/A, 73.55, 43|1, 53, N/A, 78.51, 42|2, 55, N/A, 88.32, 42|3, 55, N/A, 73.75, 39|4, 54, N/A, 73.79, 35|5, 59, N/A, 72.61, 35|6, 55, N/A, 76.70, 37|
01:35:02 0, 55, N/A, 68.39, 42|1, 53, N/A, 74.29, 42|2, 55, N/A, 86.23, 41|3, 55, N/A, 68.54, 39|4, 55, N/A, 76.43, 35|5, 59, N/A, 78.97, 35|6, 55, N/A, 80.38, 36|
01:35:04 0, 55, N/A, 72.07, 42|1, 53, N/A, 79.29, 42|2, 55, N/A, 85.85, 42|3, 55, N/A, 69.57, 39|4, 55, N/A, 71.58, 35|5, 58, N/A, 71.58, 36|6, 55, N/A, 76.08, 36|
01:35:06 0, 55, N/A, 69.37, 41|1, 53, N/A, 77.00, 41|2, 55, N/A, 81.43, 40|3, 55, N/A, 70.03, 38|4, 54, N/A, 70.31, 35|5, 59, N/A, 73.35, 35|6, 55, N/A, 78.38, 36|
01:35:08 0, 55, N/A, 72.32, 41|1, 53, N/A, 76.80, 42|2, 55, N/A, 85.16, 41|3, 55, N/A, 70.80, 39|4, 55, N/A, 74.98, 35|5, 58, N/A, 80.40, 35|6, 55, N/A, 79.04, 36|
01:35:10 0, 55, N/A, 75.52, 42|1, 53, N/A, 77.29, 43|2, 55, N/A, 87.28, 42|3, 55, N/A, 75.46, 40|4, 55, N/A, 76.21, 36|5, 59, N/A, 75.28, 35|6, 55, N/A, 85.54, 37|
01:35:12 0, 55, N/A, 114.72, 88|1, 52, N/A, 45.06, 85|2, 55, N/A, 86.58, 81|3, 54, N/A, 53.87, 41|4, 55, N/A, 60.51, 39|5, 58, N/A, 44.57, 47|6, 55, N/A, 97.17, 41|
01:35:14 0, 54, N/A, 66.41, 89|1, 52, N/A, 54.14, 64|2, 54, N/A, 59.06, 78|3, 54, N/A, 45.50, 29|4, 54, N/A, 46.98, 43|5, 58, N/A, 45.78, 54|6, 54, N/A, 47.93, 38|
01:35:16 0, 54, N/A, 45.03, 87|1, 52, N/A, 57.80, 83|2, 54, N/A, 55.09, 79|3, 54, N/A, 143.13, 39|4, 53, N/A, 125.41, 43|5, 58, N/A, 44.73, 42|6, 54, N/A, 164.14, 45|
01:35:18 0, 53, N/A, 78.56, 85|1, 52, N/A, 46.94, 83|2, 54, N/A, 139.22, 81|3, 54, N/A, 42.49, 40|4, 53, N/A, 154.30, 42|5, 57, N/A, 43.74, 38|6, 54, N/A, 175.77, 51|
01:35:20 0, 54, N/A, 46.24, 87|1, 52, N/A, 47.99, 78|2, 54, N/A, 53.37, 80|3, 54, N/A, 65.30, 28|4, 54, N/A, 86.61, 53|5, 57, N/A, 72.96, 54|6, 54, N/A, 69.44, 28|
01:35:23 0, 54, N/A, 48.20, 88|1, 52, N/A, 48.23, 86|2, 54, N/A, 56.81, 83|3, 54, N/A, 67.80, 41|4, 53, N/A, 88.08, 44|5, 57, N/A, 71.49, 41|6, 54, N/A, 65.31, 46|
01:35:25 0, 53, N/A, 61.46, 83|1, 52, N/A, 55.12, 81|2, 54, N/A, 60.01, 83|3, 54, N/A, 45.01, 37|4, 54, N/A, 47.22, 40|5, 58, N/A, 45.28, 44|6, 54, N/A, 48.15, 39|
01:35:27 0, 54, N/A, 48.94, 89|1, 52, N/A, 50.69, 61|2, 54, N/A, 56.07, 79|3, 54, N/A, 47.16, 32|4, 54, N/A, 45.48, 56|5, 58, N/A, 69.93, 55|6, 54, N/A, 78.27, 29|
01:35:29 0, 54, N/A, 53.34, 88|1, 52, N/A, 52.38, 86|2, 54, N/A, 62.23, 83|3, 54, N/A, 43.99, 40|4, 54, N/A, 45.23, 33|5, 58, N/A, 44.51, 39|6, 54, N/A, 59.11, 35|
01:35:31 0, 54, N/A, 49.19, 86|1, 52, N/A, 51.16, 83|2, 54, N/A, 55.10, 78|3, 54, N/A, 44.00, 38|4, 54, N/A, 46.71, 41|5, 58, N/A, 44.51, 37|6, 54, N/A, 62.32, 43|
01:35:33 0, 55, N/A, 73.16, 87|1, 52, N/A, 69.06, 61|2, 55, N/A, 72.76, 78|3, 54, N/A, 47.93, 34|4, 54, N/A, 54.08, 42|5, 58, N/A, 50.17, 55|6, 54, N/A, 49.38, 37|
01:35:35 0, 54, N/A, 58.74, 91|1, 52, N/A, 86.67, 63|2, 54, N/A, 80.82, 87|3, 55, N/A, 51.34, 42|4, 54, N/A, 58.71, 32|5, 58, N/A, 52.60, 53|6, 54, N/A, 54.29, 31|
01:35:37 0, 54, N/A, 46.97, 87|1, 52, N/A, 49.22, 83|2, 54, N/A, 54.38, 80|3, 55, N/A, 51.37, 38|4, 54, N/A, 67.07, 42|5, 58, N/A, 52.14, 46|6, 55, N/A, 53.80, 42|
01:35:39 0, 55, N/A, 80.58, 87|1, 52, N/A, 45.50, 84|2, 55, N/A, 75.22, 82|3, 55, N/A, 55.02, 28|4, 55, N/A, 54.07, 40|5, 59, N/A, 50.39, 56|6, 54, N/A, 83.38, 43|
01:35:41 0, 54, N/A, 48.94, 87|1, 52, N/A, 53.86, 65|2, 55, N/A, 54.88, 82|3, 55, N/A, 76.84, 57|4, 54, N/A, 48.39, 30|5, 58, N/A, 82.04, 51|6, 54, N/A, 78.76, 34|
01:35:44 0, 54, N/A, 61.70, 86|1, 53, N/A, 57.06, 83|2, 55, N/A, 60.01, 61|3, 55, N/A, 47.68, 49|4, 54, N/A, 47.19, 31|5, 58, N/A, 45.74, 38|6, 55, N/A, 48.39, 58|
01:35:46 0, 54, N/A, 45.25, 88|1, 53, N/A, 50.94, 85|2, 55, N/A, 87.90, 85|3, 55, N/A, 43.01, 39|4, 54, N/A, 136.04, 40|5, 58, N/A, 147.54, 44|6, 55, N/A, 46.88, 37|
01:35:48 0, 55, N/A, 47.47, 92|1, 53, N/A, 47.74, 63|2, 55, N/A, 57.52, 85|3, 55, N/A, 61.62, 55|4, 54, N/A, 72.43, 44|5, 58, N/A, 65.35, 53|6, 55, N/A, 62.85, 42|
01:35:50 0, 54, N/A, 54.10, 62|1, 53, N/A, 55.09, 87|2, 55, N/A, 59.52, 61|3, 55, N/A, 44.98, 38|4, 54, N/A, 46.46, 29|5, 58, N/A, 45.23, 57|6, 55, N/A, 73.58, 54|
01:35:52 0, 54, N/A, 70.05, 87|1, 53, N/A, 65.91, 85|2, 55, N/A, 63.95, 85|3, 55, N/A, 46.21, 41|4, 54, N/A, 50.14, 41|5, 58, N/A, 47.72, 42|6, 55, N/A, 49.16, 41|
01:35:54 0, 55, N/A, 76.40, 85|1, 53, N/A, 58.53, 80|2, 55, N/A, 58.29, 76|3, 55, N/A, 44.51, 55|4, 55, N/A, 45.97, 38|5, 58, N/A, 45.01, 55|6, 55, N/A, 47.42, 30|
01:35:56 0, 55, N/A, 44.54, 67|1, 53, N/A, 56.32, 85|2, 55, N/A, 91.10, 58|3, 55, N/A, 48.42, 46|4, 54, N/A, 53.58, 32|5, 59, N/A, 48.94, 55|6, 55, N/A, 50.61, 59|
01:35:58 0, 55, N/A, 46.97, 86|1, 53, N/A, 48.70, 82|2, 55, N/A, 79.63, 61|3, 55, N/A, 47.44, 38|4, 55, N/A, 49.90, 57|5, 58, N/A, 48.45, 44|6, 55, N/A, 48.64, 57|
01:36:00 0, 56, N/A, 71.73, 87|1, 53, N/A, 46.26, 80|2, 56, N/A, 68.83, 78|3, 56, N/A, 69.24, 57|4, 54, N/A, 82.44, 40|5, 59, N/A, 74.88, 45|6, 55, N/A, 68.22, 44|
01:36:02 0, 55, N/A, 68.54, 64|1, 53, N/A, 71.03, 86|2, 55, N/A, 72.03, 62|3, 55, N/A, 47.93, 45|4, 54, N/A, 52.60, 29|5, 59, N/A, 50.42, 53|6, 56, N/A, 51.59, 55|
01:36:05 0, 55, N/A, 49.68, 65|1, 53, N/A, 51.43, 86|2, 55, N/A, 55.61, 65|3, 55, N/A, 54.29, 40|4, 55, N/A, 47.22, 57|5, 58, N/A, 46.24, 28|6, 55, N/A, 86.51, 56|
01:36:07 0, 55, N/A, 45.74, 86|1, 53, N/A, 48.23, 82|2, 55, N/A, 76.19, 79|3, 55, N/A, 140.68, 39|4, 55, N/A, 44.95, 43|5, 59, N/A, 146.56, 42|6, 55, N/A, 47.13, 37|
01:36:09 0, 55, N/A, 48.20, 58|1, 53, N/A, 49.95, 50|2, 55, N/A, 55.34, 68|3, 55, N/A, 112.00, 42|4, 55, N/A, 46.67, 40|5, 58, N/A, 100.25, 38|6, 55, N/A, 129.93, 42|
01:36:11 0, 55, N/A, 54.11, 63|1, 53, N/A, 53.37, 84|2, 55, N/A, 59.03, 59|3, 56, N/A, 45.97, 53|4, 55, N/A, 46.46, 59|5, 59, N/A, 45.01, 30|6, 55, N/A, 47.88, 58|
01:36:13 0, 55, N/A, 47.22, 67|1, 53, N/A, 48.48, 84|2, 56, N/A, 64.64, 90|3, 55, N/A, 53.54, 41|4, 55, N/A, 60.43, 58|5, 59, N/A, 56.07, 39|6, 55, N/A, 62.36, 45|
01:36:15 0, 55, N/A, 54.36, 59|1, 53, N/A, 58.53, 51|2, 55, N/A, 58.04, 67|3, 55, N/A, 44.24, 24|4, 55, N/A, 45.72, 41|5, 58, N/A, 44.51, 34|6, 55, N/A, 64.29, 35|
01:36:17 0, 55, N/A, 43.28, 63|1, 54, N/A, 52.14, 86|2, 55, N/A, 88.14, 80|3, 56, N/A, 50.85, 50|4, 55, N/A, 57.98, 39|5, 59, N/A, 51.16, 31|6, 56, N/A, 52.33, 43|
01:36:19 0, 55, N/A, 53.83, 64|1, 53, N/A, 53.37, 84|2, 56, N/A, 59.00, 88|3, 55, N/A, 44.49, 37|4, 55, N/A, 46.71, 55|5, 59, N/A, 46.73, 31|6, 55, N/A, 48.15, 54|
01:36:21 0, 55, N/A, 57.54, 40|1, 53, N/A, 51.43, 37|2, 56, N/A, 57.55, 46|3, 56, N/A, 44.49, 17|4, 55, N/A, 45.97, 37|5, 59, N/A, 44.76, 24|6, 56, N/A, 64.04, 36|
01:36:23 0, 55, N/A, 47.47, 90|1, 53, N/A, 49.19, 84|2, 56, N/A, 56.07, 81|3, 56, N/A, 127.54, 37|4, 55, N/A, 98.53, 36|5, 59, N/A, 44.95, 40|6, 55, N/A, 140.11, 39|
01:36:26 0, 55, N/A, 58.53, 65|1, 54, N/A, 57.55, 85|2, 56, N/A, 59.28, 88|3, 55, N/A, 45.96, 31|4, 55, N/A, 49.41, 55|5, 59, N/A, 45.25, 31|6, 56, N/A, 48.15, 57|
01:36:28 0, 55, N/A, 44.79, 89|1, 53, N/A, 47.74, 59|2, 56, N/A, 57.07, 76|3, 56, N/A, 60.18, 20|4, 55, N/A, 72.71, 50|5, 59, N/A, 60.26, 21|6, 56, N/A, 59.21, 50|
01:36:30 0, 55, N/A, 56.54, 88|1, 53, N/A, 54.85, 84|2, 56, N/A, 66.90, 81|3, 56, N/A, 45.22, 46|4, 55, N/A, 47.71, 46|5, 59, N/A, 45.50, 47|6, 56, N/A, 48.15, 44|
01:36:32 0, 55, N/A, 43.28, 65|1, 55, N/A, 60.99, 88|2, 57, N/A, 64.69, 82|3, 55, N/A, 68.29, 35|4, 56, N/A, 75.58, 45|5, 59, N/A, 75.17, 29|6, 56, N/A, 68.99, 37|
01:36:34 0, 55, N/A, 42.33, 87|1, 53, N/A, 45.03, 59|2, 56, N/A, 52.17, 86|3, 55, N/A, 42.30, 30|4, 55, N/A, 44.51, 59|5, 59, N/A, 43.81, 30|6, 56, N/A, 46.95, 49|
01:36:36 0, 56, N/A, 45.28, 90|1, 53, N/A, 80.38, 74|2, 56, N/A, 73.50, 85|3, 56, N/A, 47.93, 56|4, 55, N/A, 52.35, 32|5, 59, N/A, 49.93, 44|6, 56, N/A, 51.35, 32|
01:36:38 0, 55, N/A, 52.88, 89|1, 54, N/A, 51.65, 86|2, 56, N/A, 57.80, 84|3, 56, N/A, 45.72, 40|4, 55, N/A, 45.99, 44|5, 59, N/A, 47.96, 40|6, 56, N/A, 87.05, 44|
01:36:40 0, 56, N/A, 63.66, 88|1, 54, N/A, 57.06, 62|2, 57, N/A, 64.69, 85|3, 56, N/A, 47.68, 37|4, 56, N/A, 48.18, 40|5, 59, N/A, 48.21, 28|6, 56, N/A, 50.36, 38|
01:36:42 0, 56, N/A, 75.47, 86|1, 54, N/A, 57.34, 83|2, 56, N/A, 63.01, 83|3, 56, N/A, 45.50, 55|4, 55, N/A, 48.21, 31|5, 59, N/A, 46.51, 41|6, 56, N/A, 48.92, 30|
01:36:44 0, 56, N/A, 44.51, 87|1, 54, N/A, 52.17, 87|2, 56, N/A, 100.22, 80|3, 56, N/A, 52.60, 52|4, 55, N/A, 63.67, 43|5, 59, N/A, 56.82, 38|6, 56, N/A, 56.01, 44|
01:36:47 0, 55, N/A, 56.78, 88|1, 54, N/A, 84.26, 88|2, 56, N/A, 85.98, 82|3, 56, N/A, 52.08, 38|4, 55, N/A, 61.17, 40|5, 59, N/A, 54.60, 44|6, 56, N/A, 55.52, 44|
01:36:49 0, 56, N/A, 107.65, 88|1, 54, N/A, 46.97, 83|2, 56, N/A, 158.24, 81|3, 56, N/A, 161.77, 40|4, 56, N/A, 44.94, 40|5, 59, N/A, 163.26, 41|6, 56, N/A, 47.37, 43|
01:36:51 0, 56, N/A, 45.50, 87|1, 54, N/A, 48.23, 81|2, 56, N/A, 88.14, 58|3, 56, N/A, 55.26, 57|4, 55, N/A, 64.36, 29|5, 60, N/A, 56.05, 55|6, 56, N/A, 56.74, 28|
01:36:53 0, 56, N/A, 63.95, 77|1, 54, N/A, 64.23, 85|2, 56, N/A, 65.92, 77|3, 56, N/A, 47.22, 53|4, 55, N/A, 47.97, 44|5, 60, N/A, 46.51, 48|6, 56, N/A, 49.16, 38|
01:36:55 0, 56, N/A, 45.25, 88|1, 54, N/A, 47.49, 85|2, 56, N/A, 83.72, 85|3, 56, N/A, 54.77, 42|4, 56, N/A, 67.80, 41|5, 59, N/A, 60.72, 42|6, 56, N/A, 59.42, 43|
01:36:57 0, 57, N/A, 58.22, 88|1, 55, N/A, 94.52, 83|2, 56, N/A, 83.28, 78|3, 57, N/A, 54.28, 41|4, 56, N/A, 60.19, 38|5, 60, N/A, 56.05, 46|6, 56, N/A, 50.85, 32|
01:36:59 0, 56, N/A, 49.93, 63|1, 54, N/A, 50.69, 88|2, 56, N/A, 57.06, 75|3, 56, N/A, 70.46, 55|4, 56, N/A, 68.50, 41|5, 60, N/A, 62.43, 57|6, 56, N/A, 59.69, 58|
01:37:01 0, 56, N/A, 66.57, 62|1, 54, N/A, 61.48, 85|2, 57, N/A, 63.95, 85|3, 56, N/A, 47.19, 41|4, 56, N/A, 49.65, 47|5, 59, N/A, 47.22, 28|6, 56, N/A, 49.38, 41|
01:37:03 0, 56, N/A, 150.82, 88|1, 54, N/A, 166.07, 84|2, 57, N/A, 53.08, 81|3, 57, N/A, 169.84, 38|4, 56, N/A, 44.70, 40|5, 60, N/A, 175.51, 44|6, 56, N/A, 47.13, 33|
01:37:05 0, 56, N/A, 54.32, 90|1, 54, N/A, 64.43, 86|2, 57, N/A, 78.66, 77|3, 56, N/A, 46.94, 54|4, 56, N/A, 50.64, 31|5, 60, N/A, 48.45, 59|6, 56, N/A, 49.87, 59|
01:37:08 0, 56, N/A, 73.70, 63|1, 54, N/A, 65.42, 84|2, 57, N/A, 68.83, 87|3, 56, N/A, 47.68, 32|4, 56, N/A, 52.11, 57|5, 60, N/A, 48.20, 30|6, 57, N/A, 50.85, 55|
01:37:10 0, 56, N/A, 44.79, 89|1, 54, N/A, 66.85, 84|2, 57, N/A, 75.02, 85|3, 56, N/A, 48.66, 42|4, 56, N/A, 54.08, 52|5, 60, N/A, 50.18, 39|6, 57, N/A, 51.59, 46|
01:37:12 0, 56, N/A, 45.47, 91|1, 54, N/A, 141.90, 85|2, 57, N/A, 53.58, 82|3, 57, N/A, 163.49, 39|4, 56, N/A, 45.19, 45|5, 60, N/A, 170.35, 41|6, 57, N/A, 185.18, 41|
01:37:14 0, 56, N/A, 43.28, 64|1, 55, N/A, 84.02, 88|2, 58, N/A, 77.15, 80|3, 56, N/A, 43.26, 40|4, 57, N/A, 55.31, 45|5, 60, N/A, 44.02, 29|6, 57, N/A, 64.79, 41|
01:37:16 0, 56, N/A, 49.93, 90|1, 54, N/A, 50.66, 57|2, 57, N/A, 57.55, 88|3, 56, N/A, 59.20, 30|4, 56, N/A, 57.73, 56|5, 60, N/A, 62.68, 28|6, 57, N/A, 73.38, 57|
01:37:18 0, 56, N/A, 67.31, 90|1, 54, N/A, 80.14, 84|2, 57, N/A, 66.13, 83|3, 56, N/A, 46.46, 39|4, 56, N/A, 50.14, 51|5, 60, N/A, 47.72, 41|6, 56, N/A, 49.63, 41|
01:37:20 0, 56, N/A, 45.01, 87|1, 54, N/A, 52.38, 83|2, 57, N/A, 96.05, 81|3, 57, N/A, 53.54, 40|4, 56, N/A, 62.40, 45|5, 60, N/A, 58.51, 43|6, 57, N/A, 57.21, 37|
01:37:22 0, 57, N/A, 66.82, 87|1, 54, N/A, 46.51, 74|2, 58, N/A, 77.87, 86|3, 56, N/A, 60.88, 39|4, 57, N/A, 76.32, 58|5, 60, N/A, 65.11, 40|6, 57, N/A, 67.27, 45|
01:37:24 0, 56, N/A, 46.76, 89|1, 55, N/A, 48.97, 59|2, 57, N/A, 56.60, 79|3, 56, N/A, 43.53, 36|4, 56, N/A, 45.50, 59|5, 60, N/A, 44.54, 54|6, 57, N/A, 47.44, 31|
01:37:26 0, 56, N/A, 52.17, 89|1, 55, N/A, 52.67, 88|2, 57, N/A, 62.76, 67|3, 57, N/A, 44.51, 56|4, 56, N/A, 46.49, 46|5, 60, N/A, 45.28, 56|6, 57, N/A, 57.70, 43|
01:37:28 0, 56, N/A, 56.82, 86|1, 55, N/A, 54.67, 81|2, 57, N/A, 60.30, 81|3, 57, N/A, 46.49, 37|4, 56, N/A, 47.72, 41|5, 60, N/A, 46.76, 45|6, 57, N/A, 85.89, 43|
01:37:31 0, 57, N/A, 49.47, 89|1, 55, N/A, 50.20, 71|2, 58, N/A, 57.10, 80|3, 57, N/A, 59.27, 38|4, 57, N/A, 60.96, 56|5, 60, N/A, 57.81, 51|6, 57, N/A, 67.07, 27|
01:37:33 0, 57, N/A, 57.31, 92|1, 55, N/A, 57.10, 89|2, 57, N/A, 59.31, 82|3, 57, N/A, 45.99, 56|4, 56, N/A, 47.72, 46|5, 60, N/A, 46.51, 54|6, 57, N/A, 70.42, 43|
01:37:35 0, 56, N/A, 46.76, 60|1, 55, N/A, 69.81, 87|2, 57, N/A, 73.79, 56|3, 57, N/A, 54.32, 54|4, 56, N/A, 53.10, 28|5, 60, N/A, 49.71, 55|6, 57, N/A, 51.62, 55|
01:37:37 0, 56, N/A, 84.01, 87|1, 55, N/A, 76.19, 83|2, 57, N/A, 74.72, 80|3, 57, N/A, 49.40, 39|4, 56, N/A, 54.08, 43|5, 60, N/A, 50.18, 44|6, 57, N/A, 51.35, 45|
01:37:39 0, 56, N/A, 46.24, 86|1, 55, N/A, 56.78, 74|2, 57, N/A, 99.67, 79|3, 57, N/A, 56.99, 41|4, 56, N/A, 59.69, 44|5, 60, N/A, 56.54, 43|6, 57, N/A, 56.72, 40|
01:37:41 0, 56, N/A, 69.80, 64|1, 55, N/A, 71.57, 89|2, 57, N/A, 71.81, 61|3, 57, N/A, 47.71, 49|4, 56, N/A, 51.65, 29|5, 61, N/A, 49.96, 55|6, 57, N/A, 51.86, 59|
01:37:43 0, 56, N/A, 50.20, 62|1, 55, N/A, 50.94, 85|2, 57, N/A, 57.59, 58|3, 57, N/A, 59.45, 39|4, 57, N/A, 47.96, 61|5, 60, N/A, 73.41, 29|6, 57, N/A, 80.49, 56|
01:37:45 0, 57, N/A, 53.13, 89|1, 55, N/A, 69.11, 53|2, 58, N/A, 73.04, 84|3, 57, N/A, 47.47, 27|4, 57, N/A, 49.93, 43|5, 60, N/A, 47.99, 28|6, 57, N/A, 53.10, 41|
01:37:47 0, 56, N/A, 48.48, 89|1, 55, N/A, 52.42, 82|2, 57, N/A, 57.80, 76|3, 57, N/A, 81.26, 38|4, 57, N/A, 54.04, 45|5, 60, N/A, 83.48, 45|6, 57, N/A, 80.25, 44|
01:37:49 0, 56, N/A, 43.53, 86|1, 56, N/A, 66.20, 81|2, 57, N/A, 54.63, 73|3, 57, N/A, 77.14, 38|4, 57, N/A, 65.11, 55|5, 60, N/A, 79.85, 45|6, 58, N/A, 83.19, 56|
01:37:52 0, 57, N/A, 141.42, 89|1, 54, N/A, 45.77, 70|2, 58, N/A, 94.33, 85|3, 56, N/A, 43.04, 40|4, 57, N/A, 62.65, 44|5, 60, N/A, 44.02, 33|6, 58, N/A, 89.26, 40|
01:37:54 0, 56, N/A, 53.09, 89|1, 54, N/A, 54.85, 58|2, 57, N/A, 59.77, 79|3, 56, N/A, 47.44, 29|4, 56, N/A, 47.69, 59|5, 60, N/A, 49.16, 56|6, 56, N/A, 73.36, 28|
01:37:56 0, 56, N/A, 47.71, 89|1, 54, N/A, 49.22, 86|2, 57, N/A, 58.04, 85|3, 56, N/A, 67.76, 42|4, 56, N/A, 72.14, 33|5, 60, N/A, 76.65, 41|6, 56, N/A, 67.23, 34|
01:37:58 0, 56, N/A, 47.68, 79|1, 54, N/A, 68.57, 86|2, 56, N/A, 70.79, 82|3, 56, N/A, 48.17, 43|4, 55, N/A, 61.20, 41|5, 59, N/A, 50.42, 48|6, 56, N/A, 51.83, 35|
01:38:00 0, 56, N/A, 158.31, 85|1, 54, N/A, 45.95, 80|2, 57, N/A, 197.82, 80|3, 56, N/A, 42.71, 38|4, 56, N/A, 179.03, 57|5, 60, N/A, 171.18, 40|6, 56, N/A, 46.88, 27|
01:38:02 0, 56, N/A, 61.42, 87|1, 53, N/A, 52.66, 79|2, 57, N/A, 58.78, 85|3, 56, N/A, 44.98, 56|4, 55, N/A, 46.46, 30|5, 59, N/A, 45.50, 47|6, 56, N/A, 48.15, 28|
01:38:04 0, 55, N/A, 64.89, 62|1, 54, N/A, 62.96, 90|2, 56, N/A, 73.99, 60|3, 56, N/A, 45.99, 57|4, 55, N/A, 49.43, 26|5, 59, N/A, 46.00, 55|6, 56, N/A, 48.15, 59|
01:38:06 0, 55, N/A, 66.82, 62|1, 53, N/A, 61.69, 86|2, 56, N/A, 67.10, 58|3, 55, N/A, 47.68, 38|4, 55, N/A, 51.12, 58|5, 59, N/A, 47.22, 45|6, 56, N/A, 49.87, 54|
01:38:08 0, 55, N/A, 79.54, 86|1, 53, N/A, 49.18, 81|2, 56, N/A, 128.51, 81|3, 56, N/A, 155.75, 38|4, 55, N/A, 44.95, 44|5, 59, N/A, 155.79, 44|6, 55, N/A, 47.62, 38|
01:38:10 0, 55, N/A, 43.56, 38|1, 53, N/A, 51.62, 85|2, 56, N/A, 96.54, 49|3, 55, N/A, 53.09, 42|4, 55, N/A, 64.85, 30|5, 59, N/A, 56.32, 39|6, 55, N/A, 56.74, 35|
01:38:13 0, 55, N/A, 42.05, 89|1, 54, N/A, 87.46, 85|2, 55, N/A, 53.62, 83|3, 56, N/A, 51.61, 40|4, 55, N/A, 57.52, 56|5, 58, N/A, 43.51, 44|6, 56, N/A, 86.28, 56|
01:38:15 0, 55, N/A, 82.98, 62|1, 53, N/A, 72.26, 84|2, 55, N/A, 77.42, 84|3, 55, N/A, 49.16, 29|4, 55, N/A, 55.80, 57|5, 58, N/A, 49.68, 29|6, 55, N/A, 51.59, 60|
01:38:17 0, 55, N/A, 45.28, 72|1, 53, N/A, 47.25, 47|2, 55, N/A, 54.14, 53|3, 55, N/A, 66.81, 21|4, 54, N/A, 74.60, 28|5, 58, N/A, 71.74, 23|6, 55, N/A, 66.29, 25|
01:38:19 0, 55, N/A, 53.12, 88|1, 53, N/A, 52.91, 83|2, 55, N/A, 57.06, 82|3, 55, N/A, 67.06, 43|4, 54, N/A, 45.99, 42|5, 58, N/A, 60.44, 47|6, 55, N/A, 64.57, 41|
01:38:21 0, 54, N/A, 43.74, 87|1, 52, N/A, 137.49, 83|2, 55, N/A, 166.49, 81|3, 55, N/A, 42.73, 41|4, 55, N/A, 161.64, 49|5, 58, N/A, 43.99, 48|6, 55, N/A, 180.42, 43|
01:38:23 0, 55, N/A, 172.16, 88|1, 52, N/A, 45.00, 87|2, 56, N/A, 127.11, 88|3, 55, N/A, 42.27, 43|4, 55, N/A, 71.20, 58|5, 58, N/A, 43.28, 38|6, 56, N/A, 60.89, 58|
01:38:25 0, 55, N/A, 170.79, 86|1, 52, N/A, 45.00, 82|2, 55, N/A, 195.99, 78|3, 56, N/A, 74.34, 55|4, 54, N/A, 43.99, 40|5, 59, N/A, 80.04, 39|6, 55, N/A, 46.43, 42|
01:38:27 0, 55, N/A, 45.28, 92|1, 52, N/A, 47.99, 89|2, 54, N/A, 66.90, 59|3, 55, N/A, 60.67, 58|4, 54, N/A, 73.66, 30|5, 58, N/A, 60.96, 57|6, 54, N/A, 61.63, 29|
01:38:29 0, 54, N/A, 45.99, 59|1, 52, N/A, 48.23, 87|2, 54, N/A, 54.11, 54|3, 55, N/A, 71.69, 42|4, 54, N/A, 64.54, 29|5, 58, N/A, 75.62, 40|6, 54, N/A, 71.90, 54|
01:38:31 0, 54, N/A, 71.00, 80|1, 52, N/A, 65.87, 85|2, 54, N/A, 64.68, 84|3, 54, N/A, 45.72, 29|4, 54, N/A, 49.16, 38|5, 58, N/A, 47.47, 32|6, 54, N/A, 48.88, 41|
01:38:34 0, 54, N/A, 47.96, 88|1, 52, N/A, 48.97, 85|2, 54, N/A, 55.10, 83|3, 54, N/A, 105.93, 37|4, 54, N/A, 46.70, 45|5, 57, N/A, 99.07, 43|6, 54, N/A, 47.63, 45|
01:38:36 0, 54, N/A, 42.02, 88|1, 52, N/A, 176.73, 85|2, 54, N/A, 51.15, 82|3, 55, N/A, 111.18, 37|4, 54, N/A, 43.75, 40|5, 59, N/A, 100.37, 39|6, 55, N/A, 85.60, 50|
01:38:38 0, 54, N/A, 41.78, 89|1, 52, N/A, 178.36, 85|2, 55, N/A, 194.28, 84|3, 54, N/A, 42.03, 41|4, 54, N/A, 91.52, 46|5, 57, N/A, 43.04, 38|6, 55, N/A, 70.96, 44|
01:38:40 0, 54, N/A, 44.51, 88|1, 52, N/A, 46.51, 58|2, 54, N/A, 93.09, 84|3, 54, N/A, 54.53, 30|4, 54, N/A, 64.85, 60|5, 57, N/A, 54.82, 28|6, 54, N/A, 54.29, 59|
01:38:42 0, 54, N/A, 46.24, 90|1, 52, N/A, 46.51, 87|2, 54, N/A, 64.12, 82|3, 54, N/A, 60.39, 33|4, 54, N/A, 64.85, 36|5, 58, N/A, 60.47, 33|6, 54, N/A, 57.48, 36|
01:38:44 0, 54, N/A, 65.87, 90|1, 52, N/A, 63.66, 86|2, 54, N/A, 64.69, 58|3, 55, N/A, 44.98, 38|4, 54, N/A, 47.19, 30|5, 58, N/A, 45.99, 43|6, 54, N/A, 47.90, 33|
01:38:46 0, 54, N/A, 49.19, 90|1, 52, N/A, 49.46, 87|2, 54, N/A, 55.34, 85|3, 54, N/A, 44.24, 42|4, 54, N/A, 57.98, 41|5, 58, N/A, 45.50, 41|6, 55, N/A, 114.64, 45|
01:38:48 0, 55, N/A, 59.24, 86|1, 52, N/A, 45.77, 58|2, 55, N/A, 60.50, 82|3, 54, N/A, 62.84, 28|4, 55, N/A, 77.83, 40|5, 59, N/A, 66.13, 56|6, 55, N/A, 58.68, 40|
01:38:50 0, 54, N/A, 169.07, 86|1, 53, N/A, 177.74, 84|2, 55, N/A, 51.39, 78|3, 56, N/A, 86.86, 40|4, 54, N/A, 43.75, 39|5, 59, N/A, 87.17, 37|6, 55, N/A, 46.45, 39|
01:38:52 0, 54, N/A, 45.53, 59|1, 53, N/A, 48.97, 88|2, 55, N/A, 55.12, 79|3, 55, N/A, 64.60, 56|4, 54, N/A, 85.63, 33|5, 58, N/A, 73.45, 63|6, 55, N/A, 63.83, 57|
01:38:55 0, 54, N/A, 54.81, 68|1, 52, N/A, 53.62, 86|2, 55, N/A, 59.28, 78|3, 55, N/A, 55.51, 63|4, 54, N/A, 46.95, 42|5, 58, N/A, 45.01, 25|6, 55, N/A, 74.10, 42|
01:38:57 0, 54, N/A, 46.97, 87|1, 52, N/A, 48.70, 67|2, 55, N/A, 54.85, 79|3, 55, N/A, 70.70, 29|4, 54, N/A, 55.00, 60|5, 58, N/A, 82.25, 36|6, 55, N/A, 76.55, 62|
01:38:59 0, 54, N/A, 52.11, 87|1, 52, N/A, 86.72, 83|2, 55, N/A, 77.38, 79|3, 55, N/A, 49.40, 43|4, 54, N/A, 55.80, 45|5, 58, N/A, 50.42, 45|6, 55, N/A, 52.57, 38|
01:39:01 0, 54, N/A, 41.78, 75|1, 53, N/A, 130.96, 81|2, 55, N/A, 51.64, 58|3, 56, N/A, 61.13, 41|4, 56, N/A, 69.48, 64|5, 58, N/A, 43.28, 39|6, 56, N/A, 58.92, 60|
01:39:03 0, 54, N/A, 50.14, 87|1, 53, N/A, 49.92, 84|2, 55, N/A, 119.01, 83|3, 55, N/A, 43.72, 39|4, 54, N/A, 136.12, 44|5, 58, N/A, 43.99, 42|6, 55, N/A, 171.47, 44|
01:39:05 0, 55, N/A, 58.74, 91|1, 52, N/A, 55.34, 61|2, 56, N/A, 61.73, 83|3, 55, N/A, 44.98, 40|4, 55, N/A, 48.18, 63|5, 59, N/A, 46.48, 59|6, 55, N/A, 48.15, 29|
01:39:07 0, 55, N/A, 61.20, 91|1, 53, N/A, 72.31, 57|2, 56, N/A, 59.77, 85|3, 55, N/A, 45.22, 44|4, 54, N/A, 46.95, 26|5, 59, N/A, 45.74, 47|6, 55, N/A, 47.90, 27|
01:39:09 0, 55, N/A, 64.64, 58|1, 53, N/A, 59.76, 88|2, 55, N/A, 64.44, 58|3, 55, N/A, 45.96, 55|4, 54, N/A, 49.16, 31|5, 59, N/A, 47.47, 62|6, 56, N/A, 49.14, 57|
01:39:11 0, 55, N/A, 48.94, 86|1, 53, N/A, 49.93, 82|2, 55, N/A, 56.07, 58|3, 55, N/A, 59.20, 39|4, 55, N/A, 69.24, 56|5, 58, N/A, 74.69, 45|6, 55, N/A, 59.42, 53|
01:39:13 0, 55, N/A, 46.73, 84|1, 53, N/A, 49.19, 80|2, 56, N/A, 55.59, 78|3, 55, N/A, 120.03, 37|4, 55, N/A, 47.44, 42|5, 59, N/A, 127.13, 45|6, 55, N/A, 47.62, 41|
01:39:16 0, 55, N/A, 46.24, 87|1, 53, N/A, 50.45, 85|2, 55, N/A, 54.60, 81|3, 55, N/A, 67.80, 34|4, 55, N/A, 75.09, 26|5, 58, N/A, 72.47, 41|6, 55, N/A, 68.25, 30|
01:39:18 0, 55, N/A, 42.05, 89|1, 54, N/A, 93.11, 84|2, 56, N/A, 52.38, 83|3, 56, N/A, 52.32, 57|4, 56, N/A, 58.72, 39|5, 58, N/A, 43.53, 44|6, 56, N/A, 54.01, 41|
01:39:20 0, 55, N/A, 80.52, 59|1, 53, N/A, 71.73, 87|2, 56, N/A, 78.61, 86|3, 55, N/A, 49.87, 32|4, 55, N/A, 56.75, 55|5, 59, N/A, 51.40, 23|6, 56, N/A, 54.04, 52|
01:39:22 0, 55, N/A, 58.74, 87|1, 53, N/A, 56.07, 54|2, 56, N/A, 62.72, 72|3, 55, N/A, 50.11, 21|4, 55, N/A, 48.42, 49|5, 59, N/A, 46.48, 28|6, 56, N/A, 50.12, 45|
01:39:24 0, 55, N/A, 60.25, 92|1, 53, N/A, 66.85, 60|2, 56, N/A, 60.75, 84|3, 55, N/A, 44.98, 56|4, 55, N/A, 47.44, 37|5, 59, N/A, 46.24, 59|6, 56, N/A, 48.39, 42|
01:39:26 0, 55, N/A, 54.36, 92|1, 53, N/A, 53.15, 90|2, 56, N/A, 59.06, 72|3, 56, N/A, 45.25, 38|4, 55, N/A, 46.24, 39|5, 59, N/A, 45.01, 46|6, 56, N/A, 48.89, 42|
01:39:28 0, 55, N/A, 48.45, 87|1, 53, N/A, 50.20, 84|2, 56, N/A, 55.37, 78|3, 56, N/A, 44.24, 37|4, 55, N/A, 112.99, 37|5, 59, N/A, 45.22, 38|6, 56, N/A, 150.16, 41|
01:39:30 0, 55, N/A, 47.96, 82|1, 53, N/A, 50.20, 82|2, 56, N/A, 56.57, 79|3, 55, N/A, 105.64, 39|4, 55, N/A, 46.70, 40|5, 59, N/A, 101.78, 45|6, 56, N/A, 49.10, 41|
01:39:32 0, 57, N/A, 66.85, 88|1, 54, N/A, 91.88, 85|2, 56, N/A, 80.38, 70|3, 56, N/A, 53.83, 42|4, 55, N/A, 60.47, 29|5, 60, N/A, 55.84, 39|6, 56, N/A, 54.29, 31|
01:39:34 0, 55, N/A, 53.86, 57|1, 54, N/A, 52.67, 88|2, 56, N/A, 63.96, 82|3, 56, N/A, 44.51, 60|4, 55, N/A, 45.99, 40|5, 59, N/A, 45.04, 57|6, 56, N/A, 66.26, 52|
01:39:37 0, 55, N/A, 46.02, 73|1, 54, N/A, 48.73, 80|2, 56, N/A, 55.62, 83|3, 55, N/A, 54.32, 33|4, 56, N/A, 80.09, 63|5, 59, N/A, 56.08, 44|6, 56, N/A, 56.26, 59|
01:39:39 0, 56, N/A, 52.35, 89|1, 54, N/A, 64.92, 52|2, 56, N/A, 67.60, 81|3, 56, N/A, 46.94, 26|4, 55, N/A, 49.90, 60|5, 59, N/A, 47.22, 30|6, 56, N/A, 52.33, 60|
01:39:41 0, 56, N/A, 47.96, 87|1, 53, N/A, 50.20, 68|2, 56, N/A, 56.11, 80|3, 56, N/A, 56.01, 39|4, 56, N/A, 64.36, 39|5, 59, N/A, 57.80, 51|6, 56, N/A, 57.45, 39|
01:39:43 0, 55, N/A, 52.63, 86|1, 54, N/A, 51.68, 85|2, 56, N/A, 55.37, 82|3, 56, N/A, 64.85, 55|4, 56, N/A, 61.67, 46|5, 59, N/A, 54.85, 38|6, 56, N/A, 54.79, 43|
01:39:45 0, 55, N/A, 51.65, 87|1, 54, N/A, 50.94, 84|2, 56, N/A, 119.25, 83|3, 56, N/A, 43.74, 42|4, 55, N/A, 143.95, 42|5, 59, N/A, 44.49, 39|6, 56, N/A, 169.27, 41|
01:39:47 0, 56, N/A, 56.81, 89|1, 54, N/A, 55.09, 72|2, 57, N/A, 60.26, 82|3, 56, N/A, 60.92, 37|4, 56, N/A, 46.71, 58|5, 60, N/A, 69.56, 51|6, 56, N/A, 79.75, 21|
01:39:49 0, 57, N/A, 171.28, 89|1, 55, N/A, 178.93, 83|2, 56, N/A, 52.35, 84|3, 57, N/A, 97.53, 35|4, 55, N/A, 44.24, 44|5, 60, N/A, 93.50, 51|6, 56, N/A, 46.92, 47|
01:39:51 0, 56, N/A, 49.19, 60|1, 54, N/A, 52.91, 88|2, 57, N/A, 59.52, 58|3, 56, N/A, 44.74, 55|4, 56, N/A, 45.74, 29|5, 60, N/A, 48.42, 58|6, 56, N/A, 83.38, 65|
01:39:53 0, 56, N/A, 59.98, 87|1, 54, N/A, 84.30, 82|2, 56, N/A, 85.54, 82|3, 56, N/A, 51.12, 46|4, 56, N/A, 56.78, 60|5, 59, N/A, 51.65, 43|6, 57, N/A, 53.80, 57|
01:39:55 0, 56, N/A, 67.59, 90|1, 54, N/A, 59.03, 52|2, 57, N/A, 65.92, 86|3, 56, N/A, 45.99, 38|4, 56, N/A, 48.45, 61|5, 59, N/A, 46.24, 30|6, 57, N/A, 50.61, 60|
01:39:58 0, 56, N/A, 48.45, 87|1, 54, N/A, 52.63, 83|2, 57, N/A, 56.07, 80|3, 56, N/A, 84.45, 37|4, 56, N/A, 58.92, 46|5, 60, N/A, 82.50, 45|6, 56, N/A, 79.21, 38|
01:40:00 0, 56, N/A, 42.49, 89|1, 55, N/A, 179.09, 84|2, 56, N/A, 52.84, 83|3, 57, N/A, 102.92, 49|4, 57, N/A, 126.40, 40|5, 59, N/A, 43.75, 38|6, 58, N/A, 86.57, 42|
01:40:02 0, 56, N/A, 59.72, 88|1, 54, N/A, 80.58, 84|2, 56, N/A, 81.11, 80|3, 56, N/A, 50.60, 38|4, 56, N/A, 58.22, 39|5, 59, N/A, 52.35, 46|6, 57, N/A, 52.57, 40|
01:40:04 0, 57, N/A, 110.18, 87|1, 54, N/A, 46.51, 56|2, 58, N/A, 90.40, 83|3, 56, N/A, 43.50, 32|4, 57, N/A, 56.28, 42|5, 60, N/A, 52.63, 60|6, 57, N/A, 47.19, 42|
01:40:06 0, 57, N/A, 46.97, 92|1, 54, N/A, 47.22, 59|2, 57, N/A, 81.56, 87|3, 56, N/A, 58.21, 55|4, 56, N/A, 66.57, 28|5, 60, N/A, 61.21, 55|6, 56, N/A, 58.19, 29|
01:40:08 0, 56, N/A, 47.96, 88|1, 55, N/A, 51.92, 87|2, 57, N/A, 56.57, 82|3, 56, N/A, 58.22, 55|4, 56, N/A, 71.24, 41|5, 60, N/A, 62.92, 62|6, 57, N/A, 59.66, 47|
01:40:10 0, 56, N/A, 52.14, 60|1, 54, N/A, 53.37, 87|2, 57, N/A, 58.26, 62|3, 56, N/A, 44.73, 40|4, 56, N/A, 47.69, 56|5, 60, N/A, 50.63, 26|6, 57, N/A, 92.16, 52|
01:40:12 0, 56, N/A, 46.73, 87|1, 54, N/A, 49.22, 83|2, 57, N/A, 55.34, 82|3, 56, N/A, 65.34, 41|4, 56, N/A, 86.56, 52|5, 60, N/A, 71.98, 39|6, 57, N/A, 69.93, 47|
01:40:14 0, 56, N/A, 45.99, 25|1, 54, N/A, 55.55, 27|2, 57, N/A, 95.25, 27|3, 56, N/A, 56.00, 31|4, 56, N/A, 66.08, 25|5, 60, N/A, 60.47, 19|6, 57, N/A, 55.52, 26|
01:40:16 0, 56, N/A, 62.68, 85|1, 54, N/A, 58.53, 82|2, 57, N/A, 63.45, 80|3, 56, N/A, 45.47, 42|4, 56, N/A, 48.18, 46|5, 60, N/A, 46.73, 43|6, 57, N/A, 67.72, 45|
01:40:19 0, 56, N/A, 55.30, 89|1, 55, N/A, 90.63, 84|2, 58, N/A, 90.65, 83|3, 56, N/A, 50.14, 29|4, 57, N/A, 61.91, 41|5, 60, N/A, 54.60, 28|6, 57, N/A, 55.76, 45|
01:40:21 0, 56, N/A, 43.56, 88|1, 54, N/A, 46.51, 54|2, 57, N/A, 53.40, 87|3, 56, N/A, 42.79, 32|4, 56, N/A, 44.76, 57|5, 60, N/A, 43.81, 31|6, 57, N/A, 47.44, 54|
01:40:23 0, 57, N/A, 46.48, 88|1, 54, N/A, 52.63, 59|2, 58, N/A, 82.54, 83|3, 57, N/A, 51.61, 63|4, 56, N/A, 56.53, 38|5, 60, N/A, 52.38, 58|6, 57, N/A, 53.31, 33|
01:40:25 0, 57, N/A, 54.56, 90|1, 55, N/A, 65.13, 89|2, 57, N/A, 82.54, 55|3, 57, N/A, 47.68, 61|4, 56, N/A, 51.61, 35|5, 60, N/A, 49.68, 57|6, 57, N/A, 51.34, 34|
01:40:27 0, 56, N/A, 45.99, 57|1, 55, N/A, 48.23, 82|2, 57, N/A, 61.46, 56|3, 57, N/A, 62.84, 40|4, 56, N/A, 70.96, 28|5, 60, N/A, 65.88, 47|6, 57, N/A, 62.61, 63|
01:40:29 0, 56, N/A, 45.03, 58|1, 55, N/A, 60.99, 85|2, 57, N/A, 95.76, 79|3, 56, N/A, 55.76, 27|4, 56, N/A, 64.61, 48|5, 60, N/A, 58.29, 27|6, 57, N/A, 55.28, 45|
01:40:31 0, 56, N/A, 55.58, 87|1, 55, N/A, 55.86, 85|2, 57, N/A, 60.51, 82|3, 57, N/A, 60.68, 40|4, 57, N/A, 46.97, 42|5, 60, N/A, 57.03, 41|6, 57, N/A, 51.34, 41|
01:40:33 0, 56, N/A, 42.76, 91|1, 55, N/A, 181.38, 87|2, 57, N/A, 53.08, 85|3, 57, N/A, 99.49, 61|4, 56, N/A, 44.98, 44|5, 61, N/A, 104.54, 38|6, 58, N/A, 92.46, 41|
01:40:35 0, 56, N/A, 43.74, 87|1, 55, N/A, 164.74, 83|2, 58, N/A, 192.19, 82|3, 57, N/A, 43.22, 39|4, 57, N/A, 175.12, 48|5, 60, N/A, 44.21, 41|6, 57, N/A, 189.82, 46|
01:40:37 0, 57, N/A, 52.88, 88|1, 55, N/A, 50.69, 86|2, 58, N/A, 60.26, 86|3, 57, N/A, 64.11, 23|4, 57, N/A, 67.03, 54|5, 60, N/A, 75.42, 39|6, 58, N/A, 60.68, 60|
01:40:39 0, 57, N/A, 56.32, 90|1, 55, N/A, 57.09, 53|2, 58, N/A, 60.01, 81|3, 57, N/A, 44.27, 23|4, 57, N/A, 47.71, 49|5, 60, N/A, 45.78, 65|6, 57, N/A, 48.42, 39|
01:40:42 0, 57, N/A, 49.47, 87|1, 55, N/A, 53.19, 88|2, 57, N/A, 56.61, 69|3, 57, N/A, 81.52, 58|4, 56, N/A, 46.02, 31|5, 60, N/A, 65.38, 56|6, 57, N/A, 83.72, 31|
01:40:44 0, 56, N/A, 47.28, 60|1, 55, N/A, 49.74, 89|2, 57, N/A, 56.40, 69|3, 57, N/A, 72.03, 57|4, 56, N/A, 73.95, 41|5, 60, N/A, 74.53, 57|6, 57, N/A, 68.30, 42|
01:40:46 0, 56, N/A, 83.33, 86|1, 55, N/A, 75.52, 82|2, 57, N/A, 74.04, 79|3, 57, N/A, 49.68, 38|4, 57, N/A, 55.35, 43|5, 60, N/A, 51.69, 39|6, 57, N/A, 52.36, 45|
01:40:48 0, 57, N/A, 47.53, 89|1, 55, N/A, 49.74, 55|2, 58, N/A, 57.13, 82|3, 57, N/A, 58.54, 42|4, 57, N/A, 59.77, 41|5, 60, N/A, 61.28, 33|6, 58, N/A, 59.25, 40|
01:40:50 0, 57, N/A, 51.44, 88|1, 55, N/A, 51.22, 85|2, 58, N/A, 58.58, 81|3, 57, N/A, 82.01, 37|4, 57, N/A, 49.68, 46|5, 60, N/A, 79.85, 41|6, 57, N/A, 127.81, 46|
01:40:52 0, 57, N/A, 42.79, 87|1, 56, N/A, 181.26, 82|2, 58, N/A, 53.40, 81|3, 58, N/A, 69.76, 58|4, 58, N/A, 87.91, 46|5, 60, N/A, 44.05, 46|6, 58, N/A, 71.74, 39|
01:40:54 0, 56, N/A, 48.98, 87|1, 55, N/A, 50.72, 84|2, 58, N/A, 57.59, 80|3, 57, N/A, 45.50, 41|4, 57, N/A, 81.27, 44|5, 60, N/A, 46.24, 45|6, 57, N/A, 139.74, 41|
01:40:56 0, 58, N/A, 64.20, 87|1, 55, N/A, 48.02, 81|2, 59, N/A, 66.42, 80|3, 57, N/A, 68.29, 28|4, 58, N/A, 91.53, 38|5, 61, N/A, 78.13, 40|6, 57, N/A, 67.77, 37|
01:40:58 0, 57, N/A, 46.97, 90|1, 55, N/A, 56.29, 54|2, 58, N/A, 94.78, 84|3, 57, N/A, 51.61, 58|4, 57, N/A, 57.52, 27|5, 61, N/A, 54.60, 62|6, 57, N/A, 54.78, 22|
01:41:00 0, 57, N/A, 50.67, 87|1, 55, N/A, 53.65, 88|2, 58, N/A, 58.78, 81|3, 57, N/A, 66.33, 57|4, 57, N/A, 46.71, 40|5, 61, N/A, 68.34, 60|6, 58, N/A, 63.59, 46|
01:41:03 0, 57, N/A, 53.12, 57|1, 55, N/A, 54.88, 85|2, 58, N/A, 60.50, 54|3, 57, N/A, 52.85, 59|4, 57, N/A, 47.96, 67|5, 60, N/A, 46.27, 28|6, 58, N/A, 65.80, 58|
01:41:05 0, 57, N/A, 57.55, 85|1, 55, N/A, 57.10, 82|2, 58, N/A, 61.28, 88|3, 57, N/A, 45.50, 44|4, 57, N/A, 47.97, 66|5, 60, N/A, 46.51, 39|6, 58, N/A, 68.26, 60|
01:41:07 0, 57, N/A, 46.76, 40|1, 55, N/A, 49.00, 37|2, 58, N/A, 56.36, 27|3, 57, N/A, 55.55, 32|4, 57, N/A, 63.67, 20|5, 60, N/A, 55.87, 25|6, 58, N/A, 56.30, 15|
01:41:09 0, 57, N/A, 65.88, 90|1, 55, N/A, 62.02, 86|2, 58, N/A, 78.92, 83|3, 57, N/A, 46.73, 43|4, 57, N/A, 47.97, 42|5, 61, N/A, 46.51, 40|6, 58, N/A, 49.16, 43|
01:41:11 0, 57, N/A, 44.05, 88|1, 55, N/A, 157.44, 86|2, 58, N/A, 185.86, 84|3, 57, N/A, 43.28, 39|4, 58, N/A, 172.53, 47|5, 61, N/A, 44.54, 41|6, 58, N/A, 187.87, 45|
01:41:13 0, 58, N/A, 173.21, 87|1, 55, N/A, 46.29, 84|2, 59, N/A, 207.66, 85|3, 57, N/A, 43.04, 39|4, 58, N/A, 145.12, 54|5, 61, N/A, 44.32, 41|6, 59, N/A, 95.28, 58|
01:41:15 0, 57, N/A, 44.82, 85|1, 55, N/A, 48.97, 82|2, 58, N/A, 94.15, 81|3, 57, N/A, 149.34, 36|4, 57, N/A, 46.48, 42|5, 61, N/A, 145.29, 35|6, 58, N/A, 48.39, 44|
01:41:17 0, 58, N/A, 57.59, 90|1, 56, N/A, 70.60, 83|2, 58, N/A, 95.62, 58|3, 58, N/A, 59.48, 41|4, 57, N/A, 63.67, 29|5, 61, N/A, 56.11, 52|6, 58, N/A, 56.05, 25|
01:41:19 0, 57, N/A, 45.81, 85|1, 55, N/A, 49.01, 90|2, 58, N/A, 74.29, 77|3, 57, N/A, 51.89, 59|4, 57, N/A, 57.31, 40|5, 61, N/A, 52.95, 60|6, 58, N/A, 54.85, 54|
01:41:21 0, 57, N/A, 58.30, 73|1, 56, N/A, 59.31, 84|2, 58, N/A, 65.46, 86|3, 57, N/A, 45.75, 39|4, 57, N/A, 49.47, 66|5, 60, N/A, 46.30, 41|6, 58, N/A, 65.10, 62|
01:41:24 0, 57, N/A, 57.10, 89|1, 55, N/A, 56.11, 50|2, 58, N/A, 59.84, 81|3, 57, N/A, 63.67, 24|4, 57, N/A, 47.25, 61|5, 60, N/A, 55.59, 26|6, 57, N/A, 86.14, 63|
01:41:26 0, 56, N/A, 52.64, 91|1, 55, N/A, 49.47, 55|2, 57, N/A, 57.84, 76|3, 56, N/A, 65.10, 35|4, 56, N/A, 64.86, 47|5, 60, N/A, 53.16, 60|6, 57, N/A, 53.83, 40|
01:41:28 0, 56, N/A, 67.39, 92|1, 54, N/A, 62.26, 88|2, 57, N/A, 78.71, 63|3, 57, N/A, 46.27, 60|4, 56, N/A, 50.20, 34|5, 60, N/A, 48.02, 62|6, 57, N/A, 50.18, 40|
01:41:30 0, 56, N/A, 47.52, 54|1, 54, N/A, 49.50, 86|2, 57, N/A, 65.96, 57|3, 56, N/A, 53.37, 40|4, 56, N/A, 72.52, 34|5, 60, N/A, 54.89, 40|6, 57, N/A, 55.31, 42|
01:41:32 0, 56, N/A, 45.28, 84|1, 54, N/A, 49.99, 82|2, 57, N/A, 125.15, 77|3, 56, N/A, 43.25, 43|4, 56, N/A, 150.59, 44|5, 60, N/A, 156.21, 38|6, 56, N/A, 48.14, 41|
01:41:34 0, 56, N/A, 47.71, 92|1, 54, N/A, 69.60, 85|2, 57, N/A, 73.29, 90|3, 56, N/A, 47.96, 40|4, 56, N/A, 52.88, 51|5, 59, N/A, 50.20, 37|6, 57, N/A, 52.11, 47|
01:41:36 0, 56, N/A, 48.97, 88|1, 54, N/A, 50.70, 83|2, 56, N/A, 55.87, 81|3, 56, N/A, 118.57, 35|4, 56, N/A, 47.71, 37|5, 59, N/A, 117.66, 47|6, 56, N/A, 142.82, 37|
01:41:38 0, 56, N/A, 42.33, 88|1, 55, N/A, 103.43, 86|2, 56, N/A, 53.41, 82|3, 57, N/A, 56.04, 43|4, 56, N/A, 64.16, 47|5, 59, N/A, 43.56, 32|6, 57, N/A, 57.28, 43|
01:41:40 0, 55, N/A, 45.53, 88|1, 54, N/A, 48.51, 83|2, 56, N/A, 77.93, 80|3, 56, N/A, 56.78, 42|4, 55, N/A, 70.31, 42|5, 59, N/A, 60.76, 46|6, 56, N/A, 60.19, 38|
01:41:42 0, 55, N/A, 155.55, 89|1, 53, N/A, 45.76, 84|2, 57, N/A, 194.55, 84|3, 56, N/A, 42.74, 39|4, 56, N/A, 176.49, 44|5, 60, N/A, 175.10, 38|6, 56, N/A, 46.89, 45|
01:41:45 0, 56, N/A, 75.21, 87|1, 53, N/A, 56.81, 83|2, 57, N/A, 65.43, 82|3, 56, N/A, 45.74, 58|4, 55, N/A, 46.73, 35|5, 59, N/A, 46.02, 39|6, 56, N/A, 69.73, 32|
01:41:47 0, 55, N/A, 44.51, 86|1, 53, N/A, 145.34, 80|2, 56, N/A, 52.63, 77|3, 56, N/A, 164.45, 37|4, 55, N/A, 44.70, 43|5, 59, N/A, 167.28, 50|6, 56, N/A, 184.08, 39|
01:41:49 0, 55, N/A, 43.56, 86|1, 54, N/A, 61.27, 82|2, 56, N/A, 53.90, 80|3, 56, N/A, 72.42, 59|4, 56, N/A, 68.50, 46|5, 59, N/A, 71.29, 40|6, 56, N/A, 72.92, 54|
01:41:51 0, 55, N/A, 59.76, 56|1, 53, N/A, 58.82, 88|2, 56, N/A, 61.49, 88|3, 55, N/A, 45.25, 31|4, 55, N/A, 51.90, 68|5, 59, N/A, 46.51, 25|6, 56, N/A, 49.41, 61|
01:41:53 0, 55, N/A, 42.60, 87|1, 53, N/A, 45.56, 84|2, 56, N/A, 52.45, 87|3, 55, N/A, 42.08, 22|4, 55, N/A, 44.30, 62|5, 58, N/A, 43.34, 37|6, 56, N/A, 46.73, 61|
01:41:55 0, 56, N/A, 67.15, 90|1, 53, N/A, 45.80, 78|2, 57, N/A, 83.05, 85|3, 56, N/A, 61.94, 38|4, 55, N/A, 66.62, 22|5, 59, N/A, 64.66, 50|6, 55, N/A, 59.46, 23|
01:41:57 0, 55, N/A, 49.22, 87|1, 53, N/A, 50.70, 90|2, 55, N/A, 54.63, 62|3, 55, N/A, 69.77, 58|4, 54, N/A, 78.52, 32|5, 58, N/A, 69.07, 56|6, 55, N/A, 68.75, 29|
01:41:59 0, 54, N/A, 61.49, 54|1, 53, N/A, 57.10, 88|2, 55, N/A, 62.50, 53|3, 55, N/A, 45.01, 58|4, 55, N/A, 47.71, 22|5, 59, N/A, 46.27, 62|6, 55, N/A, 48.42, 55|
01:42:01 0, 54, N/A, 44.29, 88|1, 53, N/A, 68.82, 87|2, 56, N/A, 71.78, 81|3, 55, N/A, 47.68, 27|4, 55, N/A, 61.67, 53|5, 58, N/A, 49.93, 23|6, 55, N/A, 51.09, 53|
01:42:03 0, 55, N/A, 61.94, 90|1, 52, N/A, 56.81, 50|2, 55, N/A, 61.74, 86|3, 55, N/A, 44.73, 33|4, 55, N/A, 47.94, 65|5, 58, N/A, 45.99, 28|6, 55, N/A, 48.40, 65|
01:42:06 0, 54, N/A, 43.53, 89|1, 52, N/A, 46.26, 79|2, 55, N/A, 52.63, 83|3, 55, N/A, 63.62, 27|4, 54, N/A, 44.27, 67|5, 58, N/A, 43.78, 45|6, 55, N/A, 58.43, 29|
01:42:08 0, 55, N/A, 49.19, 91|1, 52, N/A, 54.60, 86|2, 54, N/A, 56.07, 53|3, 55, N/A, 77.09, 58|4, 54, N/A, 54.04, 22|5, 58, N/A, 81.51, 54|6, 55, N/A, 73.12, 31|
01:42:10 0, 54, N/A, 60.01, 68|1, 52, N/A, 63.74, 88|2, 54, N/A, 66.42, 76|3, 55, N/A, 49.93, 63|4, 54, N/A, 50.18, 44|5, 58, N/A, 47.25, 55|6, 55, N/A, 49.41, 44|
01:42:12 0, 54, N/A, 45.25, 63|1, 52, N/A, 49.71, 88|2, 54, N/A, 71.00, 71|3, 55, N/A, 51.12, 40|4, 54, N/A, 55.52, 43|5, 58, N/A, 58.01, 22|6, 55, N/A, 53.06, 44|
01:42:14 0, 54, N/A, 47.50, 91|1, 52, N/A, 49.22, 51|2, 55, N/A, 55.13, 89|3, 54, N/A, 57.03, 28|4, 54, N/A, 67.81, 49|5, 58, N/A, 60.50, 27|6, 55, N/A, 69.99, 46|
01:42:16 0, 54, N/A, 52.85, 92|1, 52, N/A, 82.77, 86|2, 54, N/A, 87.46, 82|3, 54, N/A, 52.08, 42|4, 54, N/A, 56.28, 55|5, 58, N/A, 53.62, 44|6, 54, N/A, 53.06, 26|
01:42:18 0, 54, N/A, 53.37, 88|1, 52, N/A, 52.38, 82|2, 54, N/A, 63.21, 79|3, 54, N/A, 44.00, 45|4, 54, N/A, 45.50, 39|5, 58, N/A, 44.76, 47|6, 54, N/A, 47.17, 37|
01:42:20 0, 54, N/A, 58.22, 55|1, 52, N/A, 63.67, 87|2, 54, N/A, 66.86, 54|3, 54, N/A, 50.38, 56|4, 53, N/A, 51.13, 30|5, 58, N/A, 48.45, 43|6, 54, N/A, 50.12, 63|
01:42:22 0, 54, N/A, 44.76, 83|1, 52, N/A, 47.96, 82|2, 54, N/A, 77.42, 77|3, 54, N/A, 49.89, 41|4, 54, N/A, 55.77, 39|5, 57, N/A, 58.51, 34|6, 54, N/A, 52.33, 38|
01:42:24 0, 53, N/A, 49.65, 87|1, 52, N/A, 50.17, 82|2, 54, N/A, 55.59, 81|3, 54, N/A, 100.29, 39|4, 54, N/A, 46.45, 44|5, 57, N/A, 92.70, 41|6, 54, N/A, 47.87, 40|
01:42:27 0, 54, N/A, 71.00, 29|1, 51, N/A, 65.14, 25|2, 54, N/A, 69.57, 40|3, 54, N/A, 46.94, 34|4, 54, N/A, 51.62, 26|5, 57, N/A, 48.94, 14|6, 54, N/A, 50.61, 29|
01:42:29 0, 54, N/A, 46.48, 89|1, 51, N/A, 47.71, 84|2, 54, N/A, 56.08, 86|3, 54, N/A, 74.14, 38|4, 53, N/A, 48.89, 39|5, 57, N/A, 82.93, 42|6, 54, N/A, 70.66, 41|
01:42:31 0, 53, N/A, 45.50, 88|1, 51, N/A, 78.12, 85|2, 53, N/A, 115.26, 82|3, 54, N/A, 42.49, 37|4, 53, N/A, 134.41, 43|5, 57, N/A, 44.24, 40|6, 54, N/A, 166.34, 44|
01:42:33 0, 53, N/A, 124.75, 87|1, 51, N/A, 45.98, 85|2, 53, N/A, 173.81, 85|3, 54, N/A, 42.24, 44|4, 53, N/A, 167.17, 47|5, 57, N/A, 43.25, 44|6, 54, N/A, 183.33, 37|
01:42:35 0, 53, N/A, 43.78, 86|1, 51, N/A, 59.48, 83|2, 53, N/A, 97.46, 81|3, 54, N/A, 53.79, 38|4, 53, N/A, 64.61, 42|5, 57, N/A, 57.77, 34|6, 54, N/A, 57.21, 43|
01:42:37 0, 53, N/A, 136.44, 89|1, 51, N/A, 154.07, 87|2, 53, N/A, 51.63, 84|3, 54, N/A, 165.45, 40|4, 53, N/A, 43.72, 42|5, 57, N/A, 170.35, 39|6, 54, N/A, 46.39, 40|
01:42:39 0, 53, N/A, 41.78, 88|1, 52, N/A, 174.77, 84|2, 53, N/A, 50.90, 80|3, 54, N/A, 173.41, 46|4, 53, N/A, 43.47, 43|5, 58, N/A, 179.30, 41|6, 55, N/A, 146.09, 45|
01:42:41 0, 53, N/A, 43.56, 88|1, 51, N/A, 83.28, 85|2, 53, N/A, 82.60, 83|3, 53, N/A, 50.38, 36|4, 53, N/A, 54.82, 36|5, 57, N/A, 51.65, 43|6, 53, N/A, 52.33, 37|
01:42:43 0, 53, N/A, 48.70, 74|1, 51, N/A, 50.20, 85|2, 53, N/A, 54.11, 84|3, 54, N/A, 79.54, 40|4, 53, N/A, 45.01, 44|5, 57, N/A, 68.50, 46|6, 53, N/A, 76.06, 43|
01:42:45 0, 53, N/A, 53.86, 88|1, 51, N/A, 53.15, 83|2, 53, N/A, 57.81, 85|3, 54, N/A, 43.75, 36|4, 53, N/A, 45.99, 46|5, 57, N/A, 45.75, 47|6, 53, N/A, 46.95, 43|
01:42:48 0, 53, N/A, 59.27, 92|1, 51, N/A, 53.89, 52|2, 53, N/A, 58.57, 91|3, 53, N/A, 44.02, 24|4, 53, N/A, 45.50, 49|5, 57, N/A, 44.54, 20|6, 54, N/A, 85.83, 58|
01:42:50 0, 53, N/A, 60.22, 90|1, 51, N/A, 57.05, 75|2, 53, N/A, 60.99, 85|3, 53, N/A, 44.24, 27|4, 53, N/A, 47.69, 61|5, 57, N/A, 45.99, 49|6, 53, N/A, 49.38, 20|
01:42:52 0, 53, N/A, 54.36, 93|1, 50, N/A, 49.95, 58|2, 53, N/A, 54.85, 90|3, 54, N/A, 80.73, 58|4, 53, N/A, 44.25, 25|5, 57, N/A, 59.70, 56|6, 53, N/A, 84.85, 31|
01:42:54 0, 52, N/A, 69.56, 48|1, 50, N/A, 65.67, 83|2, 52, N/A, 65.67, 51|3, 53, N/A, 45.74, 40|4, 53, N/A, 50.88, 30|5, 56, N/A, 47.22, 46|6, 53, N/A, 49.41, 36|
01:42:56 0, 53, N/A, 47.22, 89|1, 50, N/A, 47.49, 82|2, 53, N/A, 55.34, 79|3, 53, N/A, 72.91, 41|4, 52, N/A, 45.23, 40|5, 56, N/A, 78.28, 46|6, 53, N/A, 67.27, 40|
01:42:58 0, 53, N/A, 47.96, 88|1, 51, N/A, 49.43, 87|2, 53, N/A, 54.60, 84|3, 53, N/A, 48.17, 40|4, 52, N/A, 44.25, 37|5, 57, N/A, 43.78, 41|6, 53, N/A, 80.63, 35|
01:43:00 0, 53, N/A, 75.17, 67|1, 51, N/A, 72.27, 91|2, 53, N/A, 73.29, 72|3, 53, N/A, 47.69, 42|4, 53, N/A, 52.35, 40|5, 57, N/A, 49.69, 58|6, 53, N/A, 49.90, 42|
01:43:02 0, 53, N/A, 46.51, 53|1, 51, N/A, 47.74, 87|2, 53, N/A, 59.52, 86|3, 53, N/A, 49.43, 31|4, 53, N/A, 65.63, 66|5, 57, N/A, 49.71, 18|6, 54, N/A, 51.13, 67|
01:43:04 0, 54, N/A, 50.94, 89|1, 51, N/A, 48.76, 85|2, 54, N/A, 56.61, 85|3, 53, N/A, 62.43, 26|4, 54, N/A, 45.50, 53|5, 57, N/A, 83.98, 23|6, 54, N/A, 62.89, 52|
01:43:06 0, 54, N/A, 50.69, 90|1, 51, N/A, 54.11, 71|2, 54, N/A, 98.26, 85|3, 53, N/A, 54.07, 38|4, 54, N/A, 63.18, 57|5, 57, N/A, 57.07, 51|6, 53, N/A, 54.05, 18|
01:43:09 0, 53, N/A, 44.05, 94|1, 51, N/A, 46.05, 84|2, 53, N/A, 77.68, 90|3, 54, N/A, 53.58, 36|4, 53, N/A, 66.13, 61|5, 57, N/A, 56.58, 44|6, 54, N/A, 56.05, 60|
01:43:11 0, 53, N/A, 47.99, 90|1, 51, N/A, 47.01, 56|2, 53, N/A, 53.16, 79|3, 53, N/A, 68.53, 21|4, 54, N/A, 70.39, 37|5, 57, N/A, 64.90, 53|6, 53, N/A, 64.08, 39|
01:43:13 0, 54, N/A, 48.45, 88|1, 51, N/A, 51.43, 83|2, 54, N/A, 54.88, 83|3, 54, N/A, 53.31, 54|4, 53, N/A, 44.76, 24|5, 57, N/A, 44.05, 46|6, 54, N/A, 70.63, 23|
01:43:15 0, 53, N/A, 41.53, 88|1, 52, N/A, 179.67, 85|2, 53, N/A, 50.65, 80|3, 55, N/A, 99.25, 63|4, 53, N/A, 43.50, 38|5, 58, N/A, 109.58, 39|6, 55, N/A, 97.55, 43|
01:43:17 0, 54, N/A, 42.27, 87|1, 51, N/A, 155.29, 84|2, 54, N/A, 51.12, 72|3, 55, N/A, 166.67, 39|4, 53, N/A, 169.86, 48|5, 57, N/A, 43.25, 37|6, 55, N/A, 185.18, 41|
01:43:19 0, 54, N/A, 46.48, 86|1, 51, N/A, 48.45, 84|2, 54, N/A, 54.11, 82|3, 54, N/A, 44.24, 36|4, 54, N/A, 79.26, 47|5, 57, N/A, 44.73, 42|6, 54, N/A, 128.46, 40|
01:43:21 0, 53, N/A, 45.03, 86|1, 52, N/A, 51.89, 83|2, 54, N/A, 78.42, 78|3, 54, N/A, 49.16, 36|4, 54, N/A, 67.36, 47|5, 58, N/A, 51.40, 38|6, 54, N/A, 52.57, 45|
01:43:23 0, 54, N/A, 45.25, 61|1, 52, N/A, 46.76, 84|2, 54, N/A, 86.66, 85|3, 54, N/A, 50.88, 31|4, 54, N/A, 57.52, 58|5, 57, N/A, 51.40, 30|6, 55, N/A, 53.56, 60|
01:43:25 0, 54, N/A, 53.37, 90|1, 52, N/A, 51.65, 57|2, 54, N/A, 58.29, 85|3, 54, N/A, 43.99, 39|4, 54, N/A, 46.48, 57|5, 57, N/A, 45.74, 29|6, 55, N/A, 47.66, 60|
01:43:27 0, 55, N/A, 45.01, 85|1, 52, N/A, 49.43, 52|2, 54, N/A, 79.14, 81|3, 54, N/A, 48.39, 22|4, 54, N/A, 55.79, 53|5, 58, N/A, 50.66, 65|6, 54, N/A, 56.74, 42|
01:43:30 0, 54, N/A, 47.49, 89|1, 52, N/A, 47.01, 84|2, 54, N/A, 54.15, 82|3, 54, N/A, 68.04, 36|4, 54, N/A, 65.84, 43|5, 57, N/A, 70.76, 44|6, 55, N/A, 65.06, 40|
01:43:32 0, 54, N/A, 47.47, 89|1, 52, N/A, 48.45, 86|2, 54, N/A, 55.10, 82|3, 54, N/A, 57.72, 35|4, 54, N/A, 67.76, 40|5, 58, N/A, 60.23, 35|6, 54, N/A, 59.69, 40|
01:43:34 0, 54, N/A, 66.13, 94|1, 52, N/A, 63.45, 53|2, 55, N/A, 62.72, 88|3, 55, N/A, 45.72, 38|4, 54, N/A, 48.94, 33|5, 58, N/A, 46.51, 65|6, 55, N/A, 48.92, 34|
01:43:36 0, 54, N/A, 42.82, 73|1, 53, N/A, 65.43, 84|2, 54, N/A, 52.42, 58|3, 55, N/A, 72.71, 38|4, 54, N/A, 60.68, 25|5, 59, N/A, 88.40, 50|6, 55, N/A, 74.16, 59|
01:43:38 0, 54, N/A, 42.05, 87|1, 53, N/A, 144.95, 84|2, 54, N/A, 51.19, 84|3, 56, N/A, 62.89, 47|4, 55, N/A, 79.85, 45|5, 58, N/A, 43.07, 23|6, 56, N/A, 61.17, 42|
01:43:40 0, 54, N/A, 42.05, 89|1, 53, N/A, 175.87, 85|2, 55, N/A, 201.16, 84|3, 55, N/A, 42.27, 43|4, 55, N/A, 180.24, 49|5, 58, N/A, 43.28, 47|6, 56, N/A, 192.14, 53|
01:43:42 0, 54, N/A, 45.06, 80|1, 52, N/A, 47.03, 86|2, 55, N/A, 64.45, 83|3, 55, N/A, 60.46, 38|4, 54, N/A, 74.24, 42|5, 58, N/A, 62.48, 39|6, 55, N/A, 59.00, 37|
01:43:44 0, 54, N/A, 44.08, 52|1, 53, N/A, 77.18, 86|2, 55, N/A, 85.54, 87|3, 55, N/A, 51.16, 36|4, 55, N/A, 59.49, 68|5, 58, N/A, 52.91, 21|6, 55, N/A, 55.06, 67|
01:43:46 0, 55, N/A, 50.48, 87|1, 52, N/A, 50.24, 48|2, 55, N/A, 56.40, 86|3, 55, N/A, 43.56, 24|4, 55, N/A, 45.78, 50|5, 58, N/A, 45.31, 22|6, 55, N/A, 63.63, 52|
01:43:48 0, 55, N/A, 46.54, 89|1, 53, N/A, 46.54, 73|2, 56, N/A, 69.11, 83|3, 55, N/A, 48.91, 26|4, 55, N/A, 56.82, 59|5, 58, N/A, 50.70, 51|6, 55, N/A, 56.29, 19|
01:43:51 0, 55, N/A, 48.27, 87|1, 52, N/A, 47.53, 83|2, 55, N/A, 53.20, 76|3, 55, N/A, 62.92, 38|4, 55, N/A, 72.28, 40|5, 58, N/A, 65.19, 42|6, 55, N/A, 62.69, 41|
01:43:53 0, 55, N/A, 56.12, 90|1, 53, N/A, 60.09, 70|2, 55, N/A, 58.61, 83|3, 55, N/A, 45.53, 36|4, 55, N/A, 47.04, 45|5, 58, N/A, 45.56, 49|6, 55, N/A, 47.96, 43|
01:43:55 0, 55, N/A, 51.22, 87|1, 53, N/A, 50.23, 81|2, 55, N/A, 56.15, 81|3, 55, N/A, 65.14, 57|4, 54, N/A, 45.53, 44|5, 58, N/A, 59.28, 42|6, 55, N/A, 66.09, 46|
01:43:57 0, 55, N/A, 42.05, 88|1, 53, N/A, 181.29, 86|2, 55, N/A, 51.67, 78|3, 56, N/A, 86.12, 43|4, 55, N/A, 44.02, 39|5, 60, N/A, 89.67, 60|6, 57, N/A, 80.54, 34|
01:43:59 0, 55, N/A, 42.79, 90|1, 52, N/A, 165.09, 85|2, 55, N/A, 52.13, 86|3, 56, N/A, 169.84, 36|4, 56, N/A, 175.24, 44|5, 58, N/A, 43.50, 45|6, 56, N/A, 190.34, 39|
01:44:01 0, 55, N/A, 46.26, 87|1, 53, N/A, 48.48, 82|2, 55, N/A, 54.39, 82|3, 55, N/A, 44.76, 38|4, 55, N/A, 86.63, 41|5, 58, N/A, 45.49, 48|6, 55, N/A, 134.57, 44|
01:44:03 0, 55, N/A, 44.02, 87|1, 53, N/A, 66.37, 85|2, 55, N/A, 68.12, 79|3, 55, N/A, 46.94, 40|4, 55, N/A, 57.77, 39|5, 59, N/A, 48.94, 39|6, 56, N/A, 50.86, 40|
01:44:05 0, 55, N/A, 49.19, 53|1, 53, N/A, 51.43, 88|2, 56, N/A, 57.30, 87|3, 55, N/A, 44.22, 26|4, 55, N/A, 47.44, 52|5, 59, N/A, 44.76, 18|6, 56, N/A, 67.20, 52|
01:44:07 0, 56, N/A, 50.88, 88|1, 53, N/A, 66.86, 85|2, 56, N/A, 69.85, 85|3, 55, N/A, 46.21, 19|4, 56, N/A, 50.14, 69|5, 59, N/A, 51.65, 42|6, 56, N/A, 50.36, 69|
01:44:09 0, 56, N/A, 51.65, 89|1, 53, N/A, 49.43, 68|2, 56, N/A, 100.23, 80|3, 55, N/A, 55.76, 36|4, 56, N/A, 67.32, 64|5, 59, N/A, 59.73, 53|6, 56, N/A, 55.77, 26|
01:44:12 0, 55, N/A, 70.29, 92|1, 53, N/A, 68.37, 49|2, 56, N/A, 70.55, 90|3, 55, N/A, 46.21, 38|4, 55, N/A, 51.87, 57|5, 59, N/A, 48.70, 47|6, 56, N/A, 50.86, 56|
01:44:14 0, 55, N/A, 51.41, 89|1, 53, N/A, 48.72, 66|2, 56, N/A, 54.85, 78|3, 55, N/A, 74.39, 26|4, 55, N/A, 52.57, 46|5, 59, N/A, 83.97, 51|6, 56, N/A, 77.04, 45|
01:44:16 0, 55, N/A, 52.14, 92|1, 53, N/A, 79.84, 85|2, 56, N/A, 72.27, 87|3, 56, N/A, 47.69, 57|4, 55, N/A, 51.87, 23|5, 59, N/A, 49.20, 45|6, 56, N/A, 51.10, 23|
01:44:18 0, 55, N/A, 44.05, 90|1, 53, N/A, 128.84, 86|2, 56, N/A, 53.40, 84|3, 55, N/A, 160.16, 35|4, 55, N/A, 44.73, 49|5, 59, N/A, 168.26, 47|6, 57, N/A, 184.19, 45|
01:44:20 0, 55, N/A, 69.16, 89|1, 53, N/A, 64.72, 86|2, 56, N/A, 65.51, 81|3, 56, N/A, 46.51, 40|4, 55, N/A, 49.23, 42|5, 59, N/A, 47.28, 39|6, 56, N/A, 48.70, 39|
01:44:22 0, 56, N/A, 59.31, 84|1, 54, N/A, 57.83, 84|2, 56, N/A, 60.55, 79|3, 56, N/A, 46.51, 40|4, 55, N/A, 47.50, 40|5, 59, N/A, 45.31, 37|6, 56, N/A, 47.96, 45|
01:44:24 0, 55, N/A, 47.50, 86|1, 54, N/A, 48.76, 84|2, 56, N/A, 55.40, 78|3, 56, N/A, 82.55, 54|4, 55, N/A, 45.53, 38|5, 59, N/A, 63.18, 44|6, 56, N/A, 88.58, 36|
01:44:26 0, 55, N/A, 43.06, 90|1, 55, N/A, 60.05, 88|2, 57, N/A, 64.20, 87|3, 56, N/A, 66.33, 25|4, 56, N/A, 73.94, 50|5, 59, N/A, 77.14, 41|6, 57, N/A, 67.56, 53|
01:44:28 0, 57, N/A, 173.00, 84|1, 54, N/A, 45.25, 84|2, 57, N/A, 205.68, 79|3, 56, N/A, 42.49, 38|4, 57, N/A, 183.54, 59|5, 59, N/A, 43.77, 41|6, 57, N/A, 119.31, 60|
01:44:30 0, 56, N/A, 151.38, 87|1, 54, N/A, 46.01, 70|2, 57, N/A, 165.13, 85|3, 56, N/A, 42.76, 37|4, 57, N/A, 172.90, 43|5, 60, N/A, 172.66, 51|6, 56, N/A, 47.16, 43|
01:44:33 0, 56, N/A, 45.53, 93|1, 54, N/A, 47.99, 45|2, 57, N/A, 55.13, 88|3, 56, N/A, 66.82, 29|4, 56, N/A, 75.63, 60|5, 59, N/A, 73.70, 30|6, 57, N/A, 65.35, 60|
01:44:35 0, 57, N/A, 59.28, 87|1, 54, N/A, 55.58, 54|2, 57, N/A, 62.23, 82|3, 56, N/A, 44.98, 23|4, 56, N/A, 48.18, 51|5, 60, N/A, 46.48, 62|6, 56, N/A, 48.40, 40|
01:44:37 0, 57, N/A, 93.31, 85|1, 54, N/A, 46.26, 82|2, 58, N/A, 77.89, 80|3, 57, N/A, 83.63, 38|4, 56, N/A, 44.96, 34|5, 60, N/A, 80.04, 43|6, 56, N/A, 72.39, 34|
01:44:39 0, 56, N/A, 70.98, 24|1, 54, N/A, 75.70, 65|2, 56, N/A, 67.60, 16|3, 56, N/A, 45.72, 26|4, 56, N/A, 47.69, 17|5, 59, N/A, 45.50, 33|6, 56, N/A, 53.76, 17|
01:44:41 0, 56, N/A, 45.77, 92|1, 54, N/A, 49.95, 50|2, 57, N/A, 55.12, 87|3, 56, N/A, 69.76, 36|4, 56, N/A, 85.63, 33|5, 59, N/A, 70.02, 66|6, 56, N/A, 69.48, 35|
01:44:43 0, 56, N/A, 51.37, 92|1, 54, N/A, 69.60, 91|2, 56, N/A, 86.96, 77|3, 56, N/A, 47.93, 65|4, 56, N/A, 52.85, 45|5, 60, N/A, 48.20, 54|6, 57, N/A, 50.36, 47|
01:44:45 0, 56, N/A, 44.54, 79|1, 55, N/A, 55.09, 86|2, 57, N/A, 98.97, 67|3, 56, N/A, 48.45, 59|4, 56, N/A, 55.06, 31|5, 60, N/A, 51.16, 45|6, 57, N/A, 52.82, 66|
01:44:47 0, 56, N/A, 44.51, 89|1, 54, N/A, 71.77, 84|2, 56, N/A, 91.34, 80|3, 56, N/A, 51.58, 39|4, 56, N/A, 58.71, 40|5, 59, N/A, 54.57, 44|6, 57, N/A, 55.49, 37|
01:44:49 0, 56, N/A, 59.48, 63|1, 54, N/A, 57.79, 85|2, 57, N/A, 60.99, 67|3, 56, N/A, 45.22, 45|4, 56, N/A, 51.13, 41|5, 60, N/A, 46.48, 47|6, 57, N/A, 49.13, 42|
01:44:51 0, 56, N/A, 50.18, 87|1, 54, N/A, 50.45, 83|2, 57, N/A, 57.06, 83|3, 56, N/A, 58.22, 43|4, 56, N/A, 61.59, 38|5, 60, N/A, 75.39, 34|6, 57, N/A, 58.19, 37|
01:44:54 0, 57, N/A, 75.66, 88|1, 54, N/A, 46.76, 60|2, 58, N/A, 71.53, 84|3, 56, N/A, 67.51, 39|4, 57, N/A, 91.27, 42|5, 59, N/A, 71.73, 29|6, 58, N/A, 71.90, 43|
01:44:56 0, 57, N/A, 172.01, 85|1, 54, N/A, 45.71, 83|2, 58, N/A, 206.06, 81|3, 56, N/A, 42.71, 29|4, 57, N/A, 182.48, 39|5, 61, N/A, 180.28, 41|6, 57, N/A, 47.37, 40|
01:44:58 0, 56, N/A, 46.26, 88|1, 54, N/A, 48.72, 82|2, 57, N/A, 70.06, 83|3, 56, N/A, 142.65, 41|4, 56, N/A, 46.70, 36|5, 60, N/A, 139.31, 44|6, 57, N/A, 48.36, 37|
01:45:00 0, 56, N/A, 44.79, 45|1, 54, N/A, 47.01, 39|2, 57, N/A, 62.23, 35|3, 56, N/A, 58.46, 16|4, 56, N/A, 68.54, 17|5, 59, N/A, 59.49, 17|6, 57, N/A, 60.19, 17|
01:45:02 0, 57, N/A, 45.53, 92|1, 54, N/A, 60.50, 51|2, 58, N/A, 70.59, 86|3, 57, N/A, 47.47, 55|4, 56, N/A, 50.91, 28|5, 60, N/A, 48.73, 66|6, 57, N/A, 50.88, 31|
01:45:04 0, 57, N/A, 79.84, 90|1, 55, N/A, 74.24, 84|2, 57, N/A, 67.39, 84|3, 57, N/A, 48.94, 63|4, 56, N/A, 52.38, 39|5, 60, N/A, 49.96, 46|6, 57, N/A, 51.62, 39|
01:45:06 0, 56, N/A, 43.50, 90|1, 54, N/A, 169.39, 84|2, 57, N/A, 53.33, 84|3, 57, N/A, 171.44, 38|4, 56, N/A, 44.94, 42|5, 61, N/A, 178.32, 51|6, 58, N/A, 192.01, 53|
01:45:08 0, 57, N/A, 54.07, 90|1, 55, N/A, 68.29, 89|2, 57, N/A, 85.49, 48|3, 57, N/A, 47.44, 48|4, 56, N/A, 52.85, 23|5, 60, N/A, 49.68, 46|6, 57, N/A, 51.59, 30|
01:45:10 0, 56, N/A, 49.68, 50|1, 55, N/A, 52.17, 91|2, 57, N/A, 57.55, 49|3, 57, N/A, 77.33, 56|4, 56, N/A, 45.70, 27|5, 60, N/A, 75.58, 59|6, 57, N/A, 75.28, 69|
01:45:12 0, 56, N/A, 47.25, 88|1, 55, N/A, 49.46, 86|2, 57, N/A, 67.36, 82|3, 57, N/A, 56.74, 59|4, 57, N/A, 57.77, 53|5, 60, N/A, 52.14, 20|6, 58, N/A, 53.56, 51|
01:45:15 0, 56, N/A, 47.25, 88|1, 55, N/A, 49.95, 87|2, 57, N/A, 55.84, 81|3, 57, N/A, 56.01, 39|4, 56, N/A, 77.83, 38|5, 60, N/A, 57.03, 47|6, 57, N/A, 56.26, 36|
01:45:17 0, 56, N/A, 45.03, 87|1, 55, N/A, 47.74, 81|2, 57, N/A, 85.45, 82|3, 57, N/A, 56.50, 56|4, 57, N/A, 69.03, 64|5, 60, N/A, 58.75, 41|6, 57, N/A, 59.42, 63|
01:45:19 0, 56, N/A, 45.03, 53|1, 55, N/A, 72.06, 87|2, 58, N/A, 72.51, 90|3, 57, N/A, 48.42, 40|4, 57, N/A, 53.83, 61|5, 60, N/A, 55.09, 28|6, 58, N/A, 52.33, 60|
01:45:21 0, 57, N/A, 45.53, 90|1, 55, N/A, 47.25, 47|2, 58, N/A, 55.13, 89|3, 57, N/A, 43.04, 31|4, 57, N/A, 45.50, 62|5, 60, N/A, 44.30, 27|6, 58, N/A, 47.93, 63|
01:45:23 0, 57, N/A, 48.45, 86|1, 55, N/A, 49.71, 83|2, 58, N/A, 56.07, 82|3, 57, N/A, 66.08, 41|4, 57, N/A, 81.41, 37|5, 60, N/A, 72.47, 33|6, 58, N/A, 68.25, 35|
01:45:25 0, 57, N/A, 47.71, 88|1, 55, N/A, 50.66, 80|2, 58, N/A, 57.55, 81|3, 57, N/A, 58.71, 28|4, 57, N/A, 61.41, 42|5, 60, N/A, 54.32, 44|6, 58, N/A, 53.55, 42|
01:45:27 0, 56, N/A, 43.31, 93|1, 54, N/A, 65.42, 84|2, 57, N/A, 71.78, 85|3, 57, N/A, 44.98, 33|4, 57, N/A, 51.62, 65|5, 60, N/A, 48.21, 39|6, 57, N/A, 50.14, 25|
01:45:29 0, 57, N/A, 173.23, 86|1, 55, N/A, 181.05, 84|2, 57, N/A, 53.08, 80|3, 58, N/A, 148.41, 63|4, 56, N/A, 44.70, 43|5, 61, N/A, 180.14, 41|6, 57, N/A, 47.37, 43|
01:45:31 0, 56, N/A, 45.25, 90|1, 54, N/A, 74.47, 85|2, 57, N/A, 56.56, 79|3, 56, N/A, 144.76, 38|4, 56, N/A, 45.93, 45|5, 60, N/A, 141.43, 41|6, 57, N/A, 161.94, 47|
01:45:33 0, 56, N/A, 45.99, 88|1, 54, N/A, 48.23, 81|2, 57, N/A, 56.07, 78|3, 56, N/A, 60.14, 42|4, 56, N/A, 75.83, 40|5, 60, N/A, 66.82, 42|6, 57, N/A, 61.13, 39|
01:45:36 0, 55, N/A, 43.06, 53|1, 55, N/A, 63.70, 91|2, 56, N/A, 54.14, 52|3, 57, N/A, 72.22, 46|4, 56, N/A, 57.98, 44|5, 60, N/A, 88.83, 66|6, 57, N/A, 80.74, 44|
01:45:38 0, 55, N/A, 42.76, 89|1, 54, N/A, 180.40, 84|2, 56, N/A, 52.62, 85|3, 57, N/A, 159.40, 55|4, 57, N/A, 182.48, 37|5, 59, N/A, 43.74, 46|6, 58, N/A, 181.90, 37|
01:45:40 0, 56, N/A, 45.25, 90|1, 53, N/A, 64.89, 85|2, 56, N/A, 98.95, 85|3, 56, N/A, 43.97, 40|4, 55, N/A, 137.28, 39|5, 59, N/A, 44.48, 42|6, 56, N/A, 165.61, 50|
01:45:42 0, 55, N/A, 65.38, 82|1, 53, N/A, 57.55, 87|2, 56, N/A, 59.77, 83|3, 56, N/A, 44.98, 38|4, 56, N/A, 50.14, 42|5, 59, N/A, 46.24, 54|6, 56, N/A, 48.89, 46|
01:45:44 0, 55, N/A, 45.77, 53|1, 54, N/A, 48.72, 90|2, 56, N/A, 65.42, 88|3, 56, N/A, 51.12, 36|4, 56, N/A, 72.96, 63|5, 59, N/A, 54.35, 19|6, 57, N/A, 54.29, 62|
01:45:46 0, 56, N/A, 174.85, 86|1, 53, N/A, 45.24, 83|2, 57, N/A, 196.48, 83|3, 55, N/A, 42.24, 36|4, 57, N/A, 116.43, 46|5, 59, N/A, 43.53, 47|6, 57, N/A, 81.47, 47|
01:45:48 0, 55, N/A, 45.25, 88|1, 53, N/A, 49.95, 83|2, 56, N/A, 87.46, 81|3, 55, N/A, 43.23, 43|4, 55, N/A, 129.26, 39|5, 59, N/A, 138.57, 43|6, 56, N/A, 47.62, 37|
01:45:50 0, 55, N/A, 48.97, 89|1, 53, N/A, 49.22, 46|2, 56, N/A, 56.36, 87|3, 55, N/A, 79.06, 20|4, 56, N/A, 45.74, 69|5, 59, N/A, 58.99, 26|6, 56, N/A, 86.82, 66|
01:45:52 0, 56, N/A, 68.82, 90|1, 53, N/A, 60.99, 68|2, 56, N/A, 63.95, 84|3, 55, N/A, 46.21, 36|4, 56, N/A, 50.64, 61|5, 59, N/A, 48.21, 52|6, 56, N/A, 49.14, 21|
01:45:54 0, 56, N/A, 174.57, 83|1, 53, N/A, 45.77, 53|2, 57, N/A, 112.46, 76|3, 56, N/A, 55.55, 46|4, 55, N/A, 44.02, 44|5, 59, N/A, 56.32, 68|6, 55, N/A, 46.70, 45|
01:45:56 0, 54, N/A, 44.54, 17|1, 52, N/A, 52.14, 19|2, 55, N/A, 68.87, 24|3, 55, N/A, 47.47, 25|4, 55, N/A, 51.62, 30|5, 58, N/A, 49.47, 13|6, 55, N/A, 50.88, 29|
01:45:59 0, 55, N/A, 52.17, 87|1, 53, N/A, 48.48, 49|2, 56, N/A, 55.37, 88|3, 55, N/A, 82.50, 67|4, 55, N/A, 45.01, 31|5, 59, N/A, 63.88, 65|6, 55, N/A, 88.34, 30|
01:46:01 0, 56, N/A, 56.32, 86|1, 54, N/A, 91.87, 83|2, 55, N/A, 81.12, 77|3, 56, N/A, 53.58, 64|4, 54, N/A, 59.98, 35|5, 59, N/A, 55.35, 43|6, 55, N/A, 55.52, 34|
01:46:03 0, 54, N/A, 46.24, 89|1, 52, N/A, 86.67, 84|2, 55, N/A, 53.61, 83|3, 55, N/A, 150.13, 34|4, 54, N/A, 44.95, 40|5, 58, N/A, 149.50, 48|6, 55, N/A, 171.71, 49|
01:46:05 0, 55, N/A, 52.14, 92|1, 53, N/A, 49.22, 89|2, 55, N/A, 54.38, 49|3, 55, N/A, 55.27, 57|4, 54, N/A, 63.13, 19|5, 58, N/A, 56.07, 42|6, 55, N/A, 55.27, 20|
01:46:07 0, 54, N/A, 48.97, 49|1, 52, N/A, 50.45, 92|2, 55, N/A, 58.30, 51|3, 55, N/A, 43.78, 50|4, 54, N/A, 45.25, 25|5, 58, N/A, 44.79, 62|6, 55, N/A, 61.38, 64|
01:46:09 0, 54, N/A, 50.18, 88|1, 52, N/A, 50.69, 88|2, 55, N/A, 56.07, 84|3, 55, N/A, 80.97, 64|4, 55, N/A, 45.99, 50|5, 58, N/A, 67.36, 19|6, 55, N/A, 66.04, 46|
01:46:11 0, 54, N/A, 44.27, 63|1, 52, N/A, 47.25, 90|2, 54, N/A, 52.63, 68|3, 55, N/A, 61.12, 42|4, 53, N/A, 69.97, 38|5, 58, N/A, 63.88, 61|6, 55, N/A, 62.36, 39|
01:46:13 0, 54, N/A, 47.71, 67|1, 52, N/A, 49.71, 86|2, 54, N/A, 54.88, 68|3, 55, N/A, 57.76, 64|4, 54, N/A, 76.56, 38|5, 58, N/A, 58.75, 24|6, 55, N/A, 59.17, 40|
01:46:15 0, 54, N/A, 47.47, 61|1, 52, N/A, 48.97, 88|2, 55, N/A, 54.60, 89|3, 54, N/A, 81.22, 28|4, 54, N/A, 45.72, 63|5, 57, N/A, 72.67, 32|6, 55, N/A, 78.47, 65|
01:46:18 0, 55, N/A, 117.95, 88|1, 51, N/A, 44.78, 85|2, 55, N/A, 92.86, 87|3, 54, N/A, 78.28, 42|4, 55, N/A, 61.67, 67|5, 57, N/A, 78.03, 40|6, 56, N/A, 88.53, 67|
01:46:20 0, 54, N/A, 72.96, 50|1, 52, N/A, 65.87, 80|2, 54, N/A, 64.40, 88|3, 54, N/A, 45.96, 43|4, 54, N/A, 50.14, 56|5, 57, N/A, 47.96, 46|6, 55, N/A, 49.38, 55|
01:46:22 0, 54, N/A, 45.03, 93|1, 51, N/A, 55.09, 45|2, 54, N/A, 77.42, 90|3, 54, N/A, 48.91, 24|4, 54, N/A, 54.33, 49|5, 57, N/A, 50.17, 28|6, 55, N/A, 56.74, 52|
01:46:24 0, 54, N/A, 57.52, 87|1, 51, N/A, 56.32, 48|2, 54, N/A, 61.00, 81|3, 54, N/A, 44.24, 24|4, 54, N/A, 47.96, 64|5, 58, N/A, 45.75, 67|6, 54, N/A, 49.87, 30|
01:46:26 0, 54, N/A, 45.99, 89|1, 51, N/A, 49.22, 67|2, 54, N/A, 53.62, 82|3, 54, N/A, 55.76, 37|4, 54, N/A, 63.38, 36|5, 57, N/A, 56.07, 34|6, 54, N/A, 55.98, 35|
01:46:28 0, 54, N/A, 50.67, 88|1, 51, N/A, 47.99, 84|2, 54, N/A, 54.36, 81|3, 54, N/A, 78.07, 25|4, 54, N/A, 44.74, 62|5, 57, N/A, 70.96, 42|6, 54, N/A, 76.80, 47|
01:46:30 0, 54, N/A, 52.60, 94|1, 51, N/A, 52.63, 51|2, 54, N/A, 57.06, 91|3, 54, N/A, 63.34, 54|4, 53, N/A, 44.98, 28|5, 57, N/A, 59.66, 65|6, 54, N/A, 63.31, 27|
01:46:32 0, 53, N/A, 70.46, 87|1, 51, N/A, 74.96, 86|2, 53, N/A, 73.99, 83|3, 54, N/A, 46.94, 27|4, 53, N/A, 52.60, 47|5, 57, N/A, 49.93, 41|6, 54, N/A, 50.12, 43|
01:46:34 0, 53, N/A, 45.25, 93|1, 51, N/A, 46.76, 52|2, 54, N/A, 80.08, 89|3, 54, N/A, 48.17, 45|4, 53, N/A, 53.59, 35|5, 57, N/A, 49.68, 49|6, 54, N/A, 50.85, 41|
01:46:36 0, 53, N/A, 58.01, 91|1, 51, N/A, 56.32, 89|2, 53, N/A, 64.65, 58|3, 54, N/A, 44.73, 64|4, 53, N/A, 46.46, 36|5, 57, N/A, 44.27, 60|6, 53, N/A, 46.92, 36|
01:46:39 0, 53, N/A, 43.78, 88|1, 51, N/A, 58.75, 89|2, 53, N/A, 85.74, 79|3, 54, N/A, 47.93, 61|4, 53, N/A, 51.62, 34|5, 57, N/A, 48.94, 64|6, 54, N/A, 49.87, 53|
01:46:41 0, 54, N/A, 44.51, 88|1, 51, N/A, 46.51, 84|2, 53, N/A, 61.70, 84|3, 54, N/A, 60.42, 37|4, 53, N/A, 70.96, 37|5, 57, N/A, 65.38, 46|6, 54, N/A, 63.59, 40|
01:46:43 0, 53, N/A, 53.37, 90|1, 51, N/A, 54.14, 86|2, 53, N/A, 57.80, 84|3, 54, N/A, 44.27, 49|4, 53, N/A, 45.99, 25|5, 57, N/A, 47.22, 47|6, 54, N/A, 73.40, 38|
01:46:45 0, 53, N/A, 46.73, 50|1, 52, N/A, 47.71, 86|2, 54, N/A, 54.85, 47|3, 54, N/A, 77.09, 41|4, 53, N/A, 50.85, 61|5, 57, N/A, 79.54, 38|6, 54, N/A, 77.00, 64|
01:46:47 0, 53, N/A, 47.25, 86|1, 52, N/A, 48.23, 86|2, 54, N/A, 53.89, 81|3, 54, N/A, 43.99, 42|4, 53, N/A, 78.52, 45|5, 57, N/A, 44.76, 37|6, 54, N/A, 131.39, 42|
01:46:49 0, 54, N/A, 58.96, 56|1, 52, N/A, 62.67, 85|2, 54, N/A, 66.61, 58|3, 54, N/A, 46.43, 41|4, 54, N/A, 50.38, 55|5, 57, N/A, 49.93, 41|6, 54, N/A, 49.13, 55|
01:46:51 0, 54, N/A, 45.50, 59|1, 52, N/A, 47.99, 85|2, 54, N/A, 53.86, 85|3, 54, N/A, 66.77, 36|4, 54, N/A, 85.89, 45|5, 58, N/A, 68.54, 22|6, 54, N/A, 64.08, 47|
01:46:53 0, 54, N/A, 43.28, 88|1, 52, N/A, 44.79, 46|2, 55, N/A, 51.90, 80|3, 54, N/A, 42.03, 27|4, 54, N/A, 44.02, 47|5, 57, N/A, 42.80, 21|6, 55, N/A, 46.43, 54|
01:46:55 0, 54, N/A, 49.68, 85|1, 52, N/A, 50.45, 82|2, 54, N/A, 56.32, 82|3, 54, N/A, 43.26, 41|4, 54, N/A, 45.25, 42|5, 58, N/A, 44.03, 38|6, 55, N/A, 57.67, 42|
01:46:57 0, 54, N/A, 64.89, 87|1, 52, N/A, 63.94, 77|2, 54, N/A, 64.93, 80|3, 55, N/A, 44.98, 27|4, 54, N/A, 49.43, 48|5, 58, N/A, 47.01, 48|6, 55, N/A, 49.14, 44|
01:47:00 0, 54, N/A, 52.88, 92|1, 52, N/A, 49.95, 49|2, 55, N/A, 55.83, 81|3, 54, N/A, 43.01, 26|4, 54, N/A, 45.50, 62|5, 58, N/A, 44.27, 41|6, 55, N/A, 46.92, 20|
01:47:02 0, 54, N/A, 61.49, 86|1, 52, N/A, 51.44, 83|2, 55, N/A, 58.33, 78|3, 54, N/A, 43.53, 30|4, 54, N/A, 46.00, 43|5, 58, N/A, 44.30, 37|6, 55, N/A, 47.69, 41|
01:47:04 0, 55, N/A, 44.76, 93|1, 52, N/A, 53.58, 86|2, 55, N/A, 89.87, 85|3, 55, N/A, 51.83, 36|4, 54, N/A, 55.56, 54|5, 58, N/A, 53.12, 40|6, 55, N/A, 53.80, 22|
01:47:06 0, 55, N/A, 47.47, 93|1, 52, N/A, 48.23, 50|2, 55, N/A, 54.85, 88|3, 55, N/A, 54.78, 41|4, 54, N/A, 62.64, 30|5, 58, N/A, 52.35, 61|6, 55, N/A, 53.06, 27|
01:47:08 0, 54, N/A, 51.65, 87|1, 52, N/A, 53.37, 83|2, 55, N/A, 57.06, 79|3, 55, N/A, 43.75, 35|4, 54, N/A, 46.21, 29|5, 58, N/A, 44.76, 42|6, 55, N/A, 73.81, 34|
01:47:10 0, 55, N/A, 48.66, 90|1, 52, N/A, 67.34, 63|2, 55, N/A, 83.54, 83|3, 55, N/A, 46.45, 40|4, 54, N/A, 48.92, 42|5, 58, N/A, 46.97, 55|6, 55, N/A, 49.13, 49|
01:47:12 0, 55, N/A, 56.53, 89|1, 53, N/A, 55.58, 90|2, 55, N/A, 64.93, 74|3, 55, N/A, 45.47, 62|4, 55, N/A, 47.19, 45|5, 58, N/A, 45.50, 51|6, 55, N/A, 47.65, 40|
01:47:14 0, 55, N/A, 56.81, 88|1, 53, N/A, 54.88, 89|2, 55, N/A, 59.31, 81|3, 55, N/A, 45.01, 63|4, 55, N/A, 46.49, 37|5, 59, N/A, 45.53, 63|6, 56, N/A, 48.42, 52|
01:47:16 0, 55, N/A, 46.27, 87|1, 53, N/A, 47.52, 87|2, 55, N/A, 64.20, 81|3, 55, N/A, 58.50, 43|4, 55, N/A, 59.27, 43|5, 59, N/A, 53.40, 38|6, 55, N/A, 53.09, 40|
01:47:19 0, 55, N/A, 52.39, 88|1, 53, N/A, 52.45, 86|2, 55, N/A, 57.84, 83|3, 55, N/A, 45.25, 55|4, 55, N/A, 46.02, 21|5, 59, N/A, 45.04, 41|6, 56, N/A, 55.27, 64|
01:47:21 0, 55, N/A, 74.97, 50|1, 53, N/A, 73.54, 90|2, 55, N/A, 73.54, 44|3, 56, N/A, 48.45, 55|4, 55, N/A, 52.63, 64|5, 58, N/A, 49.47, 19|6, 56, N/A, 51.37, 66|
01:47:23 0, 55, N/A, 54.36, 91|1, 53, N/A, 53.15, 85|2, 55, N/A, 58.04, 86|3, 55, N/A, 44.76, 42|4, 55, N/A, 46.95, 41|5, 59, N/A, 45.04, 48|6, 56, N/A, 52.54, 40|
01:47:25 0, 55, N/A, 44.02, 50|1, 53, N/A, 61.69, 82|2, 55, N/A, 97.96, 47|3, 56, N/A, 55.27, 45|4, 55, N/A, 60.93, 54|5, 59, N/A, 54.35, 47|6, 56, N/A, 56.26, 53|
01:47:27 0, 55, N/A, 74.68, 51|1, 53, N/A, 73.75, 88|2, 56, N/A, 78.42, 92|3, 55, N/A, 49.16, 26|4, 55, N/A, 55.31, 53|5, 59, N/A, 50.18, 20|6, 56, N/A, 52.82, 56|
01:47:29 0, 57, N/A, 84.96, 89|1, 53, N/A, 46.76, 50|2, 57, N/A, 77.68, 86|3, 55, N/A, 68.99, 37|4, 57, N/A, 90.44, 38|5, 59, N/A, 75.91, 19|6, 57, N/A, 76.80, 44|
01:47:31 0, 55, N/A, 45.01, 80|1, 53, N/A, 47.49, 87|2, 56, N/A, 72.96, 87|3, 55, N/A, 58.95, 43|4, 55, N/A, 69.48, 46|5, 59, N/A, 63.42, 28|6, 56, N/A, 57.45, 44|
01:47:33 0, 55, N/A, 53.86, 91|1, 53, N/A, 53.65, 58|2, 56, N/A, 58.58, 91|3, 55, N/A, 44.27, 22|4, 56, N/A, 46.98, 67|5, 59, N/A, 45.28, 34|6, 56, N/A, 88.54, 64|
01:47:35 0, 56, N/A, 47.99, 90|1, 53, N/A, 48.76, 65|2, 57, N/A, 55.13, 87|3, 55, N/A, 57.06, 22|4, 56, N/A, 50.67, 64|5, 59, N/A, 67.88, 59|6, 56, N/A, 73.91, 19|
01:47:37 0, 55, N/A, 47.52, 88|1, 53, N/A, 48.51, 77|2, 56, N/A, 56.39, 81|3, 55, N/A, 75.42, 21|4, 55, N/A, 45.28, 63|5, 59, N/A, 64.40, 42|6, 56, N/A, 89.08, 40|
01:47:40 0, 55, N/A, 46.79, 92|1, 53, N/A, 47.52, 54|2, 56, N/A, 54.67, 82|3, 55, N/A, 63.17, 22|4, 56, N/A, 88.40, 70|5, 59, N/A, 72.52, 69|6, 56, N/A, 66.82, 24|
01:47:42 0, 56, N/A, 65.68, 94|1, 53, N/A, 78.21, 58|2, 57, N/A, 84.37, 91|3, 56, N/A, 51.16, 41|4, 55, N/A, 54.61, 26|5, 60, N/A, 54.15, 69|6, 56, N/A, 53.10, 28|
01:47:44 0, 55, N/A, 63.25, 21|1, 53, N/A, 51.44, 34|2, 56, N/A, 57.35, 16|3, 56, N/A, 44.03, 26|4, 55, N/A, 45.78, 17|5, 59, N/A, 44.55, 31|6, 56, N/A, 65.06, 18|
01:47:46 0, 56, N/A, 63.42, 92|1, 53, N/A, 73.78, 47|2, 57, N/A, 80.43, 89|3, 56, N/A, 49.93, 64|4, 55, N/A, 55.35, 23|5, 59, N/A, 52.42, 64|6, 56, N/A, 52.35, 23|
01:47:48 0, 57, N/A, 54.63, 88|1, 54, N/A, 55.37, 87|2, 56, N/A, 56.36, 82|3, 56, N/A, 64.15, 60|4, 55, N/A, 70.02, 40|5, 60, N/A, 61.25, 64|6, 56, N/A, 58.01, 44|
01:47:50 0, 56, N/A, 47.50, 90|1, 53, N/A, 48.76, 84|2, 56, N/A, 55.62, 85|3, 56, N/A, 120.83, 37|4, 56, N/A, 46.95, 48|5, 59, N/A, 103.50, 38|6, 56, N/A, 127.81, 49|
01:47:52 0, 56, N/A, 54.39, 92|1, 54, N/A, 59.84, 90|2, 56, N/A, 58.58, 48|3, 56, N/A, 44.52, 64|4, 56, N/A, 46.51, 25|5, 60, N/A, 45.28, 64|6, 56, N/A, 50.39, 24|
01:47:54 0, 56, N/A, 43.58, 90|1, 55, N/A, 63.01, 86|2, 56, N/A, 53.16, 83|3, 57, N/A, 69.07, 62|4, 55, N/A, 78.78, 40|5, 60, N/A, 73.51, 44|6, 57, N/A, 68.79, 49|
01:47:56 0, 56, N/A, 42.79, 87|1, 54, N/A, 175.38, 80|2, 56, N/A, 52.63, 81|3, 57, N/A, 173.02, 39|4, 56, N/A, 180.64, 54|5, 59, N/A, 43.99, 48|6, 58, N/A, 193.36, 53|
01:47:58 0, 55, N/A, 62.72, 71|1, 54, N/A, 61.53, 85|2, 56, N/A, 75.76, 62|3, 56, N/A, 45.99, 67|4, 56, N/A, 49.93, 22|5, 60, N/A, 47.99, 51|6, 57, N/A, 49.90, 66|
01:48:01 0, 56, N/A, 42.57, 72|1, 55, N/A, 84.60, 84|2, 56, N/A, 53.93, 64|3, 57, N/A, 52.11, 42|4, 58, N/A, 53.37, 67|5, 59, N/A, 43.81, 39|6, 58, N/A, 87.75, 67|
01:48:03 0, 56, N/A, 46.27, 88|1, 54, N/A, 77.68, 86|2, 56, N/A, 118.77, 82|3, 56, N/A, 43.50, 38|4, 56, N/A, 137.10, 41|5, 60, N/A, 44.76, 40|6, 57, N/A, 164.73, 38|
01:48:05 0, 56, N/A, 43.81, 85|1, 54, N/A, 77.14, 85|2, 56, N/A, 87.70, 81|3, 56, N/A, 50.38, 64|4, 56, N/A, 56.05, 42|5, 60, N/A, 53.37, 46|6, 57, N/A, 54.05, 37|
01:48:07 0, 56, N/A, 42.79, 88|1, 55, N/A, 183.01, 88|2, 58, N/A, 208.26, 82|3, 56, N/A, 42.73, 42|4, 57, N/A, 126.24, 44|5, 59, N/A, 44.02, 31|6, 58, N/A, 86.38, 44|
01:48:09 0, 56, N/A, 50.45, 90|1, 54, N/A, 50.70, 84|2, 57, N/A, 57.59, 83|3, 56, N/A, 45.50, 37|4, 56, N/A, 46.76, 41|5, 60, N/A, 47.50, 43|6, 57, N/A, 120.29, 39|
01:48:11 0, 56, N/A, 44.79, 54|1, 54, N/A, 68.86, 83|2, 57, N/A, 69.61, 81|3, 56, N/A, 47.93, 42|4, 56, N/A, 52.14, 52|5, 60, N/A, 52.63, 40|6, 57, N/A, 50.39, 55|
01:48:13 0, 57, N/A, 171.76, 87|1, 54, N/A, 45.98, 84|2, 58, N/A, 205.19, 82|3, 56, N/A, 42.73, 32|4, 57, N/A, 182.72, 38|5, 60, N/A, 43.74, 42|6, 58, N/A, 194.21, 38|
01:48:15 0, 56, N/A, 47.00, 88|1, 54, N/A, 47.74, 83|2, 57, N/A, 90.89, 84|3, 57, N/A, 56.78, 39|4, 56, N/A, 66.13, 42|5, 60, N/A, 59.53, 43|6, 57, N/A, 57.24, 40|
01:48:17 0, 56, N/A, 83.82, 68|1, 55, N/A, 74.03, 86|2, 57, N/A, 72.56, 81|3, 56, N/A, 48.45, 36|4, 56, N/A, 54.12, 41|5, 60, N/A, 51.44, 24|6, 57, N/A, 51.86, 39|
01:48:19 0, 56, N/A, 43.34, 89|1, 54, N/A, 46.05, 44|2, 57, N/A, 53.20, 77|3, 56, N/A, 42.58, 25|4, 56, N/A, 45.04, 55|5, 60, N/A, 43.59, 25|6, 57, N/A, 47.47, 46|
01:48:21 0, 56, N/A, 49.00, 86|1, 54, N/A, 49.74, 82|2, 57, N/A, 56.15, 80|3, 56, N/A, 77.87, 40|4, 56, N/A, 45.78, 42|5, 60, N/A, 66.86, 40|6, 57, N/A, 91.77, 38|
01:48:24 0, 56, N/A, 78.91, 88|1, 54, N/A, 75.30, 68|2, 57, N/A, 76.50, 80|3, 57, N/A, 46.51, 19|4, 57, N/A, 50.70, 37|5, 60, N/A, 48.51, 36|6, 57, N/A, 50.91, 35|
01:48:26 0, 56, N/A, 51.44, 87|1, 54, N/A, 50.48, 70|2, 57, N/A, 57.35, 79|3, 57, N/A, 44.05, 22|4, 57, N/A, 46.51, 70|5, 60, N/A, 45.07, 48|6, 57, N/A, 48.21, 23|
01:48:28 0, 56, N/A, 45.04, 89|1, 54, N/A, 80.09, 70|2, 57, N/A, 87.02, 82|3, 57, N/A, 51.62, 42|4, 56, N/A, 57.77, 40|5, 60, N/A, 54.63, 45|6, 57, N/A, 55.56, 43|
01:48:30 0, 56, N/A, 72.76, 89|1, 54, N/A, 65.67, 71|2, 57, N/A, 69.86, 82|3, 57, N/A, 47.47, 36|4, 57, N/A, 51.65, 38|5, 60, N/A, 49.71, 46|6, 57, N/A, 51.37, 37|
01:48:32 0, 57, N/A, 54.63, 93|1, 54, N/A, 54.14, 66|2, 57, N/A, 59.31, 89|3, 57, N/A, 45.47, 68|4, 56, N/A, 46.49, 25|5, 60, N/A, 45.50, 49|6, 57, N/A, 74.39, 25|
01:48:34 0, 56, N/A, 67.34, 60|1, 54, N/A, 73.99, 41|2, 57, N/A, 65.92, 54|3, 56, N/A, 45.72, 43|4, 56, N/A, 49.43, 42|5, 59, N/A, 47.01, 33|6, 57, N/A, 49.63, 38|
01:48:36 0, 56, N/A, 57.27, 89|1, 54, N/A, 66.62, 70|2, 57, N/A, 60.50, 80|3, 56, N/A, 45.22, 68|4, 56, N/A, 47.69, 23|5, 60, N/A, 46.24, 44|6, 57, N/A, 48.64, 35|
01:48:38 0, 56, N/A, 52.88, 94|1, 54, N/A, 55.37, 88|2, 56, N/A, 56.32, 50|3, 56, N/A, 45.22, 68|4, 56, N/A, 45.99, 25|5, 60, N/A, 45.26, 60|6, 57, N/A, 93.92, 24|
01:48:40 0, 55, N/A, 43.25, 90|1, 53, N/A, 169.99, 87|2, 56, N/A, 52.86, 84|3, 57, N/A, 171.80, 35|4, 56, N/A, 44.70, 34|5, 60, N/A, 177.45, 41|6, 57, N/A, 191.31, 52|
01:48:43 0, 56, N/A, 44.30, 93|1, 54, N/A, 78.16, 87|2, 56, N/A, 81.86, 47|3, 56, N/A, 51.13, 68|4, 55, N/A, 55.56, 24|5, 60, N/A, 51.16, 68|6, 56, N/A, 50.88, 27|
01:48:45 0, 55, N/A, 61.20, 53|1, 54, N/A, 64.40, 89|2, 56, N/A, 63.67, 48|3, 57, N/A, 47.19, 37|4, 55, N/A, 49.16, 23|5, 60, N/A, 47.96, 65|6, 56, N/A, 49.62, 66|
01:48:47 0, 55, N/A, 42.27, 90|1, 54, N/A, 180.65, 87|2, 56, N/A, 52.35, 83|3, 57, N/A, 174.13, 39|4, 56, N/A, 183.94, 36|5, 59, N/A, 43.74, 30|6, 57, N/A, 194.70, 35|
01:48:49 0, 55, N/A, 47.96, 46|1, 53, N/A, 48.94, 91|2, 56, N/A, 58.29, 45|3, 56, N/A, 73.90, 52|4, 55, N/A, 45.25, 20|5, 59, N/A, 71.41, 66|6, 56, N/A, 73.12, 68|
01:48:51 0, 55, N/A, 42.30, 87|1, 54, N/A, 85.49, 90|2, 56, N/A, 53.61, 46|3, 57, N/A, 63.62, 45|4, 57, N/A, 52.35, 48|5, 58, N/A, 47.69, 24|6, 57, N/A, 94.55, 47|
01:48:53 0, 55, N/A, 46.73, 89|1, 53, N/A, 49.71, 84|2, 55, N/A, 55.34, 83|3, 55, N/A, 44.49, 37|4, 55, N/A, 78.07, 41|5, 59, N/A, 45.00, 48|6, 55, N/A, 128.27, 40|
01:48:55 0, 55, N/A, 44.79, 87|1, 53, N/A, 47.01, 86|2, 55, N/A, 67.36, 80|3, 56, N/A, 61.66, 55|4, 55, N/A, 72.71, 20|5, 59, N/A, 64.65, 38|6, 56, N/A, 62.89, 44|
01:48:57 0, 55, N/A, 42.76, 87|1, 53, N/A, 158.72, 84|2, 55, N/A, 185.96, 83|3, 55, N/A, 42.49, 40|4, 55, N/A, 172.06, 45|5, 58, N/A, 43.74, 41|6, 56, N/A, 186.28, 40|
01:48:59 0, 54, N/A, 58.50, 90|1, 53, N/A, 57.55, 84|2, 55, N/A, 60.50, 85|3, 55, N/A, 45.96, 39|4, 55, N/A, 49.41, 32|5, 59, N/A, 45.74, 48|6, 55, N/A, 48.39, 42|
01:49:01 0, 54, N/A, 47.47, 48|1, 53, N/A, 48.94, 89|2, 55, N/A, 55.10, 49|3, 55, N/A, 77.58, 42|4, 55, N/A, 56.47, 54|5, 58, N/A, 80.77, 17|6, 55, N/A, 78.51, 55|
01:49:04 0, 54, N/A, 47.71, 87|1, 52, N/A, 81.79, 86|2, 55, N/A, 79.39, 81|3, 55, N/A, 49.89, 42|4, 54, N/A, 55.79, 43|5, 58, N/A, 47.22, 41|6, 55, N/A, 50.36, 40|
01:49:06 0, 54, N/A, 82.49, 47|1, 52, N/A, 72.26, 86|2, 55, N/A, 76.44, 48|3, 55, N/A, 48.66, 44|4, 55, N/A, 54.32, 55|5, 58, N/A, 49.43, 42|6, 55, N/A, 51.83, 54|
01:49:08 0, 54, N/A, 70.29, 49|1, 53, N/A, 64.19, 90|2, 55, N/A, 66.65, 92|3, 55, N/A, 46.94, 24|4, 55, N/A, 49.65, 56|5, 58, N/A, 46.73, 18|6, 55, N/A, 49.38, 58|
01:49:10 0, 55, N/A, 175.81, 88|1, 52, N/A, 44.75, 57|2, 56, N/A, 207.01, 82|3, 55, N/A, 41.97, 40|4, 56, N/A, 145.91, 38|5, 58, N/A, 43.28, 28|6, 56, N/A, 68.46, 40|
01:49:12 0, 54, N/A, 45.25, 46|1, 52, N/A, 47.00, 88|2, 55, N/A, 68.83, 88|3, 55, N/A, 50.36, 44|4, 55, N/A, 57.28, 55|5, 58, N/A, 59.73, 20|6, 55, N/A, 53.31, 55|
01:49:14 0, 55, N/A, 48.46, 93|1, 52, N/A, 69.11, 42|2, 55, N/A, 71.08, 92|3, 54, N/A, 46.73, 26|4, 54, N/A, 49.44, 51|5, 58, N/A, 48.73, 20|6, 55, N/A, 49.16, 52|
01:49:16 0, 55, N/A, 171.52, 87|1, 52, N/A, 44.75, 83|2, 56, N/A, 203.47, 85|3, 54, N/A, 42.00, 32|4, 55, N/A, 181.59, 37|5, 59, N/A, 179.40, 44|6, 55, N/A, 46.39, 39|
01:49:18 0, 54, N/A, 54.85, 89|1, 52, N/A, 56.11, 88|2, 54, N/A, 57.35, 86|3, 55, N/A, 44.51, 67|4, 54, N/A, 45.50, 36|5, 58, N/A, 44.54, 48|6, 55, N/A, 47.19, 41|
01:49:20 0, 54, N/A, 47.99, 50|1, 52, N/A, 50.70, 89|2, 54, N/A, 54.88, 50|3, 55, N/A, 45.99, 70|4, 54, N/A, 45.50, 68|5, 58, N/A, 44.05, 31|6, 55, N/A, 80.43, 65|
01:49:22 0, 54, N/A, 42.33, 60|1, 53, N/A, 65.91, 83|2, 55, N/A, 65.67, 85|3, 54, N/A, 70.01, 43|4, 55, N/A, 58.22, 69|5, 57, N/A, 83.48, 38|6, 55, N/A, 75.87, 68|
01:49:25 0, 53, N/A, 61.24, 86|1, 52, N/A, 57.34, 83|2, 54, N/A, 63.71, 81|3, 54, N/A, 45.50, 41|4, 54, N/A, 47.96, 42|5, 58, N/A, 45.78, 45|6, 54, N/A, 48.42, 39|
01:49:27 0, 54, N/A, 76.97, 47|1, 52, N/A, 76.73, 47|2, 55, N/A, 88.06, 46|3, 55, N/A, 72.18, 43|4, 55, N/A, 75.92, 41|5, 58, N/A, 77.43, 40|6, 55, N/A, 82.99, 42|
01:49:29 0, 55, N/A, 79.65, 43|1, 52, N/A, 84.37, 42|2, 55, N/A, 98.29, 43|3, 55, N/A, 84.02, 43|4, 55, N/A, 90.90, 38|5, 58, N/A, 83.29, 36|6, 55, N/A, 89.42, 40|
01:49:31 0, 55, N/A, 85.56, 48|1, 52, N/A, 80.00, 47|2, 55, N/A, 89.10, 47|3, 55, N/A, 77.19, 44|4, 55, N/A, 82.32, 41|5, 58, N/A, 82.56, 40|6, 55, N/A, 91.85, 42|
01:49:33 0, 55, N/A, 80.93, 48|1, 53, N/A, 80.52, 47|2, 55, N/A, 92.75, 47|3, 55, N/A, 78.17, 45|4, 55, N/A, 80.88, 40|5, 58, N/A, 85.55, 41|6, 55, N/A, 92.77, 42|
01:49:35 0, 55, N/A, 79.21, 48|1, 52, N/A, 81.42, 48|2, 55, N/A, 91.52, 46|3, 55, N/A, 78.62, 45|4, 55, N/A, 85.60, 41|5, 58, N/A, 87.82, 40|6, 55, N/A, 100.32, 42|
01:49:37 0, 55, N/A, 79.49, 47|1, 53, N/A, 84.86, 47|2, 55, N/A, 94.21, 48|3, 55, N/A, 78.07, 45|4, 55, N/A, 76.21, 40|5, 58, N/A, 83.13, 41|6, 55, N/A, 86.92, 43|
01:49:39 0, 55, N/A, 78.75, 47|1, 53, N/A, 86.09, 47|2, 55, N/A, 95.39, 46|3, 55, N/A, 74.73, 45|4, 55, N/A, 80.38, 40|5, 59, N/A, 81.86, 40|6, 55, N/A, 88.85, 42|
01:49:41 0, 55, N/A, 81.62, 47|1, 53, N/A, 87.57, 48|2, 55, N/A, 96.41, 47|3, 55, N/A, 78.17, 44|4, 55, N/A, 81.33, 41|5, 59, N/A, 81.67, 40|6, 55, N/A, 89.68, 42|
01:49:43 0, 55, N/A, 81.86, 47|1, 53, N/A, 88.60, 47|2, 55, N/A, 99.52, 47|3, 55, N/A, 84.75, 44|4, 55, N/A, 86.00, 41|5, 59, N/A, 84.13, 40|6, 55, N/A, 86.69, 43|
01:49:45 0, 55, N/A, 82.46, 47|1, 53, N/A, 88.16, 48|2, 55, N/A, 98.70, 48|3, 55, N/A, 82.60, 45|4, 55, N/A, 83.35, 41|5, 59, N/A, 83.75, 41|6, 55, N/A, 91.89, 42|
01:49:47 0, 55, N/A, 73.56, 47|1, 53, N/A, 80.52, 47|2, 55, N/A, 94.27, 46|3, 56, N/A, 80.88, 43|4, 55, N/A, 80.89, 40|5, 59, N/A, 80.89, 40|6, 55, N/A, 89.09, 42|
01:49:50 0, 55, N/A, 79.21, 47|1, 53, N/A, 85.40, 47|2, 55, N/A, 102.96, 47|3, 56, N/A, 78.66, 45|4, 55, N/A, 79.94, 40|5, 59, N/A, 80.93, 41|6, 56, N/A, 93.31, 43|
01:49:52 0, 55, N/A, 77.73, 46|1, 53, N/A, 85.64, 46|2, 55, N/A, 102.26, 46|3, 55, N/A, 74.20, 44|4, 55, N/A, 78.44, 40|5, 59, N/A, 77.90, 40|6, 56, N/A, 87.41, 42|
01:49:54 0, 55, N/A, 79.70, 47|1, 53, N/A, 86.09, 46|2, 55, N/A, 96.42, 46|3, 56, N/A, 80.34, 45|4, 55, N/A, 82.85, 40|5, 59, N/A, 79.70, 40|6, 56, N/A, 92.58, 42|
01:49:56 0, 55, N/A, 79.94, 48|1, 53, N/A, 79.00, 48|2, 55, N/A, 90.09, 47|3, 55, N/A, 75.46, 45|4, 55, N/A, 77.93, 41|5, 59, N/A, 76.75, 41|6, 56, N/A, 84.43, 42|
01:49:58 0, 55, N/A, 75.55, 47|1, 53, N/A, 83.19, 46|2, 55, N/A, 93.67, 47|3, 56, N/A, 81.61, 45|4, 55, N/A, 86.44, 41|5, 59, N/A, 85.56, 40|6, 56, N/A, 88.85, 42|
01:50:00 0, 55, N/A, 81.67, 47|1, 53, N/A, 87.87, 47|2, 55, N/A, 100.36, 47|3, 56, N/A, 77.68, 44|4, 55, N/A, 84.32, 40|5, 59, N/A, 81.38, 40|6, 56, N/A, 88.90, 42|
01:50:02 0, 55, N/A, 82.16, 47|1, 53, N/A, 83.67, 47|2, 55, N/A, 93.77, 47|3, 56, N/A, 79.89, 45|4, 55, N/A, 85.31, 40|5, 59, N/A, 77.45, 40|6, 56, N/A, 84.52, 43|
01:50:04 0, 55, N/A, 78.19, 47|1, 53, N/A, 84.67, 47|2, 55, N/A, 95.69, 46|3, 56, N/A, 75.75, 44|4, 55, N/A, 80.14, 39|5, 59, N/A, 80.69, 40|6, 56, N/A, 85.50, 42|
01:50:06 0, 55, N/A, 77.48, 48|1, 53, N/A, 87.32, 48|2, 55, N/A, 96.92, 47|3, 56, N/A, 79.85, 45|4, 55, N/A, 78.18, 41|5, 59, N/A, 78.47, 41|6, 56, N/A, 88.40, 43|
01:50:08 0, 55, N/A, 74.32, 47|1, 53, N/A, 79.98, 47|2, 55, N/A, 89.59, 48|3, 56, N/A, 77.93, 45|4, 55, N/A, 78.18, 41|5, 59, N/A, 79.41, 40|6, 56, N/A, 89.87, 43|
01:50:10 0, 55, N/A, 82.40, 47|1, 53, N/A, 85.85, 48|2, 55, N/A, 91.70, 47|3, 56, N/A, 79.56, 44|4, 55, N/A, 77.16, 41|5, 59, N/A, 77.74, 40|6, 56, N/A, 85.20, 42|
01:50:12 0, 55, N/A, 82.16, 48|1, 53, N/A, 79.95, 47|2, 55, N/A, 92.45, 47|3, 56, N/A, 77.67, 44|4, 55, N/A, 81.37, 41|5, 59, N/A, 83.55, 40|6, 56, N/A, 96.74, 43|
01:50:15 0, 55, N/A, 81.12, 48|1, 53, N/A, 88.60, 48|2, 55, N/A, 98.10, 48|3, 56, N/A, 84.02, 45|4, 55, N/A, 86.49, 41|5, 59, N/A, 86.79, 41|6, 56, N/A, 91.39, 43|
01:50:17 0, 55, N/A, 76.70, 47|1, 53, N/A, 85.16, 47|2, 55, N/A, 95.93, 47|3, 56, N/A, 81.61, 45|4, 55, N/A, 81.61, 41|5, 59, N/A, 80.88, 40|6, 56, N/A, 87.76, 42|
01:50:19 0, 55, N/A, 74.29, 48|1, 53, N/A, 82.44, 48|2, 55, N/A, 92.69, 48|3, 56, N/A, 81.32, 45|4, 55, N/A, 82.60, 40|5, 59, N/A, 76.26, 41|6, 56, N/A, 82.26, 43|
01:50:21 0, 55, N/A, 78.96, 48|1, 53, N/A, 83.14, 47|2, 55, N/A, 94.70, 47|3, 56, N/A, 83.54, 44|4, 55, N/A, 87.48, 41|5, 59, N/A, 91.40, 40|6, 56, N/A, 93.80, 43|
01:50:23 0, 55, N/A, 86.77, 48|1, 53, N/A, 80.23, 48|2, 56, N/A, 88.02, 47|3, 56, N/A, 78.86, 45|4, 55, N/A, 77.40, 40|5, 59, N/A, 75.52, 41|6, 56, N/A, 87.17, 42|
01:50:25 0, 55, N/A, 77.98, 48|1, 53, N/A, 84.92, 48|2, 55, N/A, 97.16, 48|3, 56, N/A, 81.11, 44|4, 55, N/A, 87.03, 41|5, 59, N/A, 80.93, 40|6, 56, N/A, 84.51, 42|
01:50:27 0, 55, N/A, 83.14, 48|1, 53, N/A, 87.86, 48|2, 56, N/A, 93.29, 48|3, 56, N/A, 83.28, 45|4, 55, N/A, 86.29, 41|5, 59, N/A, 83.05, 41|6, 56, N/A, 95.52, 44|
01:50:29 0, 55, N/A, 76.51, 47|1, 53, N/A, 85.59, 47|2, 55, N/A, 95.44, 46|3, 56, N/A, 78.13, 44|4, 56, N/A, 84.77, 41|5, 59, N/A, 83.59, 41|6, 56, N/A, 87.32, 42|
01:50:31 0, 55, N/A, 82.16, 48|1, 53, N/A, 89.33, 48|2, 56, N/A, 98.10, 48|3, 56, N/A, 83.78, 45|4, 55, N/A, 81.53, 40|5, 59, N/A, 85.55, 41|6, 56, N/A, 94.30, 43|
01:50:33 0, 56, N/A, 80.68, 47|1, 53, N/A, 83.18, 48|2, 56, N/A, 95.15, 48|3, 56, N/A, 79.36, 44|4, 56, N/A, 76.41, 41|5, 59, N/A, 78.22, 40|6, 56, N/A, 85.94, 42|
01:50:35 0, 56, N/A, 85.36, 48|1, 53, N/A, 88.81, 48|2, 56, N/A, 95.44, 48|3, 56, N/A, 80.38, 45|4, 56, N/A, 85.50, 41|5, 59, N/A, 85.12, 40|6, 56, N/A, 92.04, 43|
01:50:37 0, 55, N/A, 86.78, 47|1, 53, N/A, 85.10, 48|2, 56, N/A, 88.81, 48|3, 56, N/A, 74.73, 43|4, 56, N/A, 78.92, 41|5, 59, N/A, 77.04, 40|6, 56, N/A, 86.98, 42|
01:50:40 0, 54, N/A, 41.64, 0|1, 52, N/A, 45.10, 0|2, 55, N/A, 51.01, 0|3, 55, N/A, 41.86, 0|4, 54, N/A, 43.83, 0|5, 58, N/A, 43.12, 0|6, 55, N/A, 46.27, 0|
01:50:42 0, 53, N/A, 34.99, 0|1, 51, N/A, 38.19, 0|2, 53, N/A, 40.91, 0|3, 54, N/A, 35.95, 0|4, 54, N/A, 36.94, 0|5, 57, N/A, 37.21, 0|6, 54, N/A, 39.38, 0|
01:50:44 0, 53, N/A, 35.73, 3|1, 51, N/A, 38.19, 1|2, 53, N/A, 41.15, 0|3, 54, N/A, 35.95, 3|4, 53, N/A, 36.94, 1|5, 57, N/A, 37.21, 3|6, 54, N/A, 38.89, 0|
01:50:46 0, 53, N/A, 35.48, 1|1, 50, N/A, 37.95, 0|2, 52, N/A, 40.91, 2|3, 53, N/A, 35.95, 3|4, 53, N/A, 36.94, 3|5, 57, N/A, 37.21, 3|6, 53, N/A, 38.89, 0|
01:50:48 0, 53, N/A, 35.98, 39|1, 50, N/A, 38.69, 24|2, 52, N/A, 40.91, 39|3, 53, N/A, 36.20, 34|4, 53, N/A, 37.19, 32|5, 57, N/A, 37.21, 18|6, 53, N/A, 39.38, 32|
01:50:50 0, 53, N/A, 44.08, 86|1, 51, N/A, 47.74, 80|2, 53, N/A, 49.74, 77|3, 53, N/A, 62.15, 42|4, 53, N/A, 74.44, 39|5, 57, N/A, 58.29, 44|6, 53, N/A, 67.32, 38|
01:50:52 0, 53, N/A, 81.31, 83|1, 51, N/A, 71.53, 79|2, 53, N/A, 71.53, 78|3, 54, N/A, 48.42, 45|4, 53, N/A, 53.83, 40|5, 57, N/A, 50.42, 42|6, 53, N/A, 51.62, 45|
01:50:54 0, 53, N/A, 58.26, 28|1, 50, N/A, 64.72, 20|2, 52, N/A, 67.08, 27|3, 53, N/A, 60.25, 27|4, 53, N/A, 63.42, 21|5, 57, N/A, 63.49, 17|6, 53, N/A, 68.30, 22|
01:50:56 0, 53, N/A, 63.66, 37|1, 51, N/A, 68.86, 37|2, 53, N/A, 77.14, 36|3, 54, N/A, 65.10, 34|4, 53, N/A, 66.54, 30|5, 57, N/A, 66.12, 30|6, 54, N/A, 69.69, 30|
01:50:58 0, 53, N/A, 62.92, 37|1, 51, N/A, 66.62, 37|2, 53, N/A, 74.93, 36|3, 54, N/A, 64.35, 34|4, 53, N/A, 67.03, 30|5, 57, N/A, 66.15, 30|6, 54, N/A, 71.94, 30|
01:51:01 0, 53, N/A, 43.04, 84|1, 51, N/A, 68.05, 83|2, 53, N/A, 95.31, 84|3, 54, N/A, 51.58, 43|4, 53, N/A, 61.66, 39|5, 57, N/A, 53.12, 45|6, 54, N/A, 53.55, 42|
01:51:03 0, 53, N/A, 53.62, 86|1, 51, N/A, 53.62, 85|2, 53, N/A, 55.83, 77|3, 54, N/A, 59.90, 43|4, 53, N/A, 45.48, 41|5, 57, N/A, 44.24, 42|6, 54, N/A, 72.14, 41|
01:51:05 0, 53, N/A, 43.53, 70|1, 51, N/A, 51.89, 66|2, 53, N/A, 93.29, 65|3, 53, N/A, 51.83, 39|4, 53, N/A, 63.13, 40|5, 57, N/A, 56.29, 35|6, 54, N/A, 55.52, 38|
01:51:07 0, 53, N/A, 44.79, 91|1, 51, N/A, 68.37, 85|2, 53, N/A, 51.90, 88|3, 54, N/A, 47.22, 36|4, 53, N/A, 49.41, 39|5, 57, N/A, 43.07, 48|6, 54, N/A, 48.42, 38|
01:51:09 0, 53, N/A, 51.90, 84|1, 51, N/A, 50.20, 81|2, 53, N/A, 53.90, 78|3, 54, N/A, 67.31, 37|4, 53, N/A, 44.51, 45|5, 57, N/A, 52.60, 37|6, 54, N/A, 92.20, 45|
01:51:11 0, 53, N/A, 73.49, 84|1, 51, N/A, 69.32, 82|2, 53, N/A, 71.08, 80|3, 53, N/A, 47.44, 41|4, 53, N/A, 51.40, 38|5, 57, N/A, 48.97, 46|6, 54, N/A, 50.39, 41|
01:51:13 0, 53, N/A, 43.31, 81|1, 51, N/A, 63.18, 84|2, 53, N/A, 78.42, 76|3, 54, N/A, 49.40, 37|4, 53, N/A, 55.80, 43|5, 57, N/A, 49.93, 40|6, 54, N/A, 50.61, 44|
01:51:15 0, 53, N/A, 46.48, 87|1, 51, N/A, 48.20, 84|2, 53, N/A, 54.10, 78|3, 53, N/A, 55.27, 37|4, 53, N/A, 44.73, 42|5, 57, N/A, 57.77, 43|6, 54, N/A, 56.50, 37|
01:51:17 0, 53, N/A, 55.06, 81|1, 51, N/A, 65.17, 81|2, 53, N/A, 64.44, 79|3, 54, N/A, 44.98, 42|4, 53, N/A, 48.67, 40|5, 57, N/A, 50.67, 39|6, 54, N/A, 48.65, 43|
01:51:19 0, 53, N/A, 46.24, 86|1, 51, N/A, 48.23, 84|2, 53, N/A, 75.91, 79|3, 54, N/A, 48.64, 38|4, 53, N/A, 55.55, 38|5, 57, N/A, 51.89, 39|6, 54, N/A, 51.59, 38|
01:51:22 0, 53, N/A, 44.27, 87|1, 51, N/A, 60.46, 83|2, 53, N/A, 76.69, 83|3, 54, N/A, 47.19, 45|4, 53, N/A, 53.10, 44|5, 57, N/A, 47.96, 46|6, 54, N/A, 50.12, 46|
01:51:24 0, 54, N/A, 63.18, 36|1, 52, N/A, 69.35, 36|2, 54, N/A, 74.68, 36|3, 54, N/A, 64.14, 33|4, 54, N/A, 65.77, 29|5, 57, N/A, 66.36, 30|6, 54, N/A, 72.46, 30|
01:51:26 0, 54, N/A, 65.17, 36|1, 52, N/A, 68.86, 36|2, 54, N/A, 77.71, 36|3, 54, N/A, 62.11, 33|4, 54, N/A, 65.80, 30|5, 58, N/A, 66.86, 29|6, 54, N/A, 71.13, 30|
01:51:28 0, 54, N/A, 49.22, 86|1, 51, N/A, 50.70, 86|2, 54, N/A, 57.84, 79|3, 54, N/A, 43.04, 41|4, 53, N/A, 44.76, 44|5, 57, N/A, 44.05, 40|6, 54, N/A, 61.91, 40|
01:51:30 0, 54, N/A, 53.12, 86|1, 51, N/A, 51.92, 86|2, 54, N/A, 57.30, 84|3, 54, N/A, 43.78, 39|4, 53, N/A, 45.50, 47|5, 57, N/A, 45.28, 39|6, 54, N/A, 58.67, 48|
01:51:32 0, 53, N/A, 46.97, 85|1, 52, N/A, 49.46, 82|2, 53, N/A, 53.89, 82|3, 54, N/A, 61.16, 37|4, 53, N/A, 45.72, 47|5, 57, N/A, 68.30, 44|6, 54, N/A, 64.82, 46|
01:51:34 0, 54, N/A, 53.86, 86|1, 51, N/A, 53.12, 83|2, 53, N/A, 56.32, 85|3, 54, N/A, 43.72, 44|4, 53, N/A, 45.74, 39|5, 57, N/A, 54.82, 44|6, 54, N/A, 82.94, 43|
01:51:36 0, 54, N/A, 44.76, 84|1, 51, N/A, 58.28, 84|2, 53, N/A, 89.91, 76|3, 54, N/A, 47.19, 42|4, 53, N/A, 52.10, 37|5, 57, N/A, 48.70, 44|6, 54, N/A, 50.85, 36|
01:51:38 0, 54, N/A, 47.22, 87|1, 51, N/A, 48.72, 79|2, 54, N/A, 54.57, 85|3, 54, N/A, 43.01, 42|4, 53, N/A, 45.01, 43|5, 57, N/A, 44.02, 42|6, 54, N/A, 46.92, 43|
01:51:40 0, 53, N/A, 72.75, 89|1, 51, N/A, 67.11, 87|2, 53, N/A, 69.57, 83|3, 54, N/A, 45.72, 40|4, 54, N/A, 50.88, 38|5, 57, N/A, 47.96, 44|6, 54, N/A, 49.38, 41|
01:51:42 0, 54, N/A, 43.56, 86|1, 51, N/A, 60.26, 80|2, 53, N/A, 92.37, 81|3, 54, N/A, 51.37, 38|4, 53, N/A, 59.45, 44|5, 57, N/A, 54.60, 37|6, 54, N/A, 53.55, 45|
01:51:45 0, 54, N/A, 56.32, 90|1, 51, N/A, 55.86, 85|2, 53, N/A, 59.77, 82|3, 54, N/A, 44.02, 39|4, 53, N/A, 45.74, 44|5, 57, N/A, 44.54, 37|6, 54, N/A, 57.72, 38|
01:51:47 0, 54, N/A, 62.68, 84|1, 51, N/A, 58.04, 82|2, 53, N/A, 60.50, 79|3, 54, N/A, 44.49, 39|4, 53, N/A, 47.22, 39|5, 57, N/A, 45.53, 39|6, 54, N/A, 47.69, 42|
01:51:49 0, 53, N/A, 51.89, 89|1, 51, N/A, 50.94, 84|2, 54, N/A, 55.59, 83|3, 54, N/A, 63.62, 43|4, 54, N/A, 64.36, 41|5, 57, N/A, 55.06, 47|6, 54, N/A, 51.59, 42|
01:51:51 0, 54, N/A, 43.80, 87|1, 51, N/A, 49.43, 82|2, 54, N/A, 93.09, 84|3, 54, N/A, 55.27, 37|4, 54, N/A, 65.10, 42|5, 57, N/A, 58.51, 41|6, 54, N/A, 53.55, 42|
01:51:53 0, 53, N/A, 43.31, 84|1, 52, N/A, 52.38, 86|2, 54, N/A, 51.90, 79|3, 54, N/A, 65.79, 36|4, 53, N/A, 77.50, 40|5, 57, N/A, 71.49, 37|6, 54, N/A, 65.55, 39|
01:51:55 0, 53, N/A, 53.37, 87|1, 52, N/A, 50.69, 78|2, 54, N/A, 55.34, 78|3, 54, N/A, 43.75, 39|4, 54, N/A, 45.23, 36|5, 57, N/A, 59.20, 41|6, 54, N/A, 87.54, 38|
01:51:57 0, 53, N/A, 67.52, 87|1, 52, N/A, 77.87, 82|2, 54, N/A, 73.49, 81|3, 54, N/A, 48.91, 41|4, 53, N/A, 55.56, 39|5, 58, N/A, 50.42, 41|6, 54, N/A, 52.08, 41|
01:51:59 0, 54, N/A, 49.93, 90|1, 51, N/A, 45.77, 86|2, 54, N/A, 79.30, 86|3, 54, N/A, 53.54, 38|4, 54, N/A, 62.64, 38|5, 57, N/A, 56.78, 39|6, 54, N/A, 57.45, 34|
01:52:01 0, 54, N/A, 53.86, 89|1, 52, N/A, 58.53, 86|2, 54, N/A, 57.55, 85|3, 54, N/A, 43.75, 37|4, 54, N/A, 45.50, 41|5, 57, N/A, 44.02, 38|6, 54, N/A, 54.01, 45|
01:52:04 0, 53, N/A, 51.89, 84|1, 52, N/A, 52.91, 81|2, 54, N/A, 55.87, 83|3, 54, N/A, 61.42, 41|4, 53, N/A, 49.41, 41|5, 57, N/A, 79.06, 37|6, 54, N/A, 63.10, 44|
01:52:06 0, 54, N/A, 54.60, 87|1, 52, N/A, 54.38, 82|2, 54, N/A, 56.84, 80|3, 54, N/A, 44.00, 42|4, 54, N/A, 45.99, 46|5, 57, N/A, 44.54, 40|6, 54, N/A, 61.63, 46|
01:52:08 0, 54, N/A, 46.48, 88|1, 52, N/A, 48.48, 86|2, 54, N/A, 54.36, 86|3, 54, N/A, 70.70, 37|4, 54, N/A, 68.75, 43|5, 57, N/A, 75.13, 40|6, 54, N/A, 71.40, 46|
01:52:10 0, 54, N/A, 48.20, 86|1, 52, N/A, 48.94, 81|2, 54, N/A, 55.34, 79|3, 54, N/A, 58.95, 44|4, 54, N/A, 59.91, 40|5, 57, N/A, 59.20, 40|6, 54, N/A, 58.19, 44|
01:52:12 0, 54, N/A, 60.95, 85|1, 52, N/A, 55.83, 84|2, 54, N/A, 59.52, 83|3, 54, N/A, 44.49, 38|4, 54, N/A, 46.46, 45|5, 57, N/A, 45.01, 42|6, 54, N/A, 61.38, 44|
01:52:14 0, 54, N/A, 53.37, 70|1, 52, N/A, 62.47, 82|2, 54, N/A, 56.32, 64|3, 54, N/A, 43.53, 35|4, 53, N/A, 45.50, 36|5, 57, N/A, 44.27, 47|6, 54, N/A, 46.92, 38|
01:52:16 0, 53, N/A, 54.11, 84|1, 52, N/A, 66.62, 82|2, 54, N/A, 66.86, 83|3, 54, N/A, 46.70, 41|4, 54, N/A, 57.77, 51|5, 57, N/A, 48.70, 36|6, 54, N/A, 50.12, 52|
01:52:18 0, 54, N/A, 49.93, 87|1, 52, N/A, 49.95, 82|2, 54, N/A, 54.85, 78|3, 54, N/A, 59.44, 37|4, 54, N/A, 55.27, 37|5, 57, N/A, 59.24, 43|6, 54, N/A, 55.76, 37|
01:52:20 0, 53, N/A, 62.40, 85|1, 52, N/A, 63.69, 83|2, 54, N/A, 64.44, 77|3, 54, N/A, 45.22, 40|4, 54, N/A, 52.85, 38|5, 57, N/A, 46.73, 44|6, 54, N/A, 48.39, 39|
01:52:22 0, 54, N/A, 51.16, 87|1, 52, N/A, 53.12, 81|2, 54, N/A, 55.61, 76|3, 54, N/A, 63.87, 41|4, 54, N/A, 45.25, 37|5, 57, N/A, 58.99, 44|6, 54, N/A, 64.33, 36|
01:52:25 0, 54, N/A, 71.24, 89|1, 52, N/A, 60.99, 83|2, 54, N/A, 64.40, 83|3, 54, N/A, 46.45, 42|4, 54, N/A, 48.67, 47|5, 57, N/A, 45.99, 33|6, 54, N/A, 48.15, 42|
01:52:27 0, 54, N/A, 58.01, 88|1, 52, N/A, 63.69, 84|2, 54, N/A, 65.92, 83|3, 54, N/A, 45.96, 38|4, 54, N/A, 49.90, 41|5, 57, N/A, 47.22, 46|6, 54, N/A, 48.15, 37|
01:52:29 0, 54, N/A, 46.51, 82|1, 52, N/A, 48.97, 86|2, 54, N/A, 54.36, 79|3, 54, N/A, 64.81, 43|4, 54, N/A, 59.94, 41|5, 57, N/A, 54.85, 45|6, 54, N/A, 54.53, 46|
01:52:31 0, 54, N/A, 50.91, 87|1, 52, N/A, 52.42, 79|2, 54, N/A, 55.83, 81|3, 54, N/A, 51.09, 35|4, 54, N/A, 45.50, 47|5, 57, N/A, 51.13, 45|6, 54, N/A, 89.01, 35|
01:52:33 0, 54, N/A, 45.50, 90|1, 52, N/A, 47.25, 86|2, 54, N/A, 68.09, 84|3, 54, N/A, 56.25, 40|4, 54, N/A, 55.31, 36|5, 57, N/A, 51.40, 41|6, 54, N/A, 51.84, 45|
01:52:35 0, 54, N/A, 47.47, 87|1, 52, N/A, 85.69, 86|2, 54, N/A, 81.56, 86|3, 54, N/A, 51.86, 36|4, 54, N/A, 59.24, 46|5, 57, N/A, 53.62, 38|6, 54, N/A, 53.55, 47|
01:52:37 0, 54, N/A, 44.51, 87|1, 52, N/A, 52.85, 85|2, 54, N/A, 53.62, 79|3, 54, N/A, 67.02, 35|4, 54, N/A, 45.25, 42|5, 57, N/A, 70.80, 39|6, 54, N/A, 66.54, 47|
01:52:39 0, 54, N/A, 45.28, 83|1, 52, N/A, 47.25, 84|2, 54, N/A, 59.52, 79|3, 54, N/A, 61.65, 39|4, 54, N/A, 71.94, 39|5, 57, N/A, 62.44, 39|6, 54, N/A, 58.47, 39|
01:52:41 0, 54, N/A, 56.53, 89|1, 52, N/A, 65.14, 84|2, 54, N/A, 58.78, 80|3, 54, N/A, 44.24, 43|4, 54, N/A, 46.95, 35|5, 58, N/A, 45.25, 47|6, 54, N/A, 47.65, 35|
01:52:43 0, 54, N/A, 49.19, 86|1, 52, N/A, 50.17, 84|2, 54, N/A, 55.34, 79|3, 54, N/A, 44.74, 37|4, 54, N/A, 74.39, 35|5, 57, N/A, 45.00, 43|6, 54, N/A, 95.15, 34|
01:52:46 0, 54, N/A, 52.60, 88|1, 52, N/A, 80.62, 81|2, 54, N/A, 63.95, 82|3, 54, N/A, 44.73, 38|4, 54, N/A, 48.92, 35|5, 57, N/A, 46.97, 45|6, 54, N/A, 48.89, 35|
01:52:48 0, 54, N/A, 60.22, 84|1, 52, N/A, 56.57, 82|2, 54, N/A, 60.96, 84|3, 54, N/A, 43.99, 41|4, 54, N/A, 46.46, 46|5, 57, N/A, 45.01, 44|6, 54, N/A, 73.85, 43|
01:52:50 0, 54, N/A, 75.91, 70|1, 52, N/A, 71.03, 60|2, 54, N/A, 71.53, 63|3, 54, N/A, 47.19, 33|4, 54, N/A, 50.64, 34|5, 57, N/A, 47.47, 44|6, 54, N/A, 49.62, 35|
01:52:52 0, 54, N/A, 43.04, 86|1, 52, N/A, 52.42, 83|2, 54, N/A, 65.14, 82|3, 54, N/A, 60.91, 41|4, 54, N/A, 66.54, 43|5, 58, N/A, 61.70, 42|6, 54, N/A, 56.99, 47|
01:52:54 0, 54, N/A, 51.65, 87|1, 52, N/A, 52.38, 82|2, 54, N/A, 56.07, 80|3, 54, N/A, 57.48, 39|4, 54, N/A, 63.59, 49|5, 57, N/A, 57.77, 52|6, 55, N/A, 57.45, 44|
01:52:56 0, 54, N/A, 48.48, 86|1, 52, N/A, 49.95, 82|2, 54, N/A, 55.37, 84|3, 54, N/A, 58.99, 35|4, 54, N/A, 67.56, 36|5, 57, N/A, 59.00, 37|6, 54, N/A, 67.27, 35|
01:52:58 0, 54, N/A, 45.03, 86|1, 52, N/A, 48.97, 82|2, 54, N/A, 61.46, 79|3, 54, N/A, 60.14, 40|4, 54, N/A, 72.67, 40|5, 58, N/A, 61.46, 43|6, 54, N/A, 60.64, 37|
01:53:00 0, 54, N/A, 71.52, 88|1, 52, N/A, 65.67, 82|2, 54, N/A, 67.39, 82|3, 54, N/A, 47.19, 38|4, 54, N/A, 50.91, 37|5, 57, N/A, 47.47, 44|6, 54, N/A, 49.63, 36|
01:53:02 0, 54, N/A, 65.92, 37|1, 53, N/A, 69.61, 37|2, 55, N/A, 77.47, 36|3, 55, N/A, 64.15, 34|4, 55, N/A, 68.31, 30|5, 58, N/A, 67.61, 30|6, 55, N/A, 70.67, 31|
01:53:04 0, 55, N/A, 65.67, 37|1, 53, N/A, 68.66, 37|2, 55, N/A, 78.18, 36|3, 55, N/A, 64.64, 34|4, 54, N/A, 57.28, 33|5, 58, N/A, 59.06, 33|6, 55, N/A, 61.91, 33|
01:53:07 0, 54, N/A, 62.97, 24|1, 52, N/A, 67.92, 26|2, 54, N/A, 75.02, 24|3, 55, N/A, 61.45, 17|4, 54, N/A, 53.34, 16|5, 57, N/A, 56.88, 22|6, 54, N/A, 57.45, 17|
01:53:09 0, 54, N/A, 63.01, 29|1, 53, N/A, 68.70, 27|2, 55, N/A, 77.03, 31|3, 55, N/A, 62.68, 26|4, 54, N/A, 59.80, 28|5, 58, N/A, 60.20, 22|6, 55, N/A, 72.69, 26|
01:53:11 0, 55, N/A, 64.42, 35|1, 53, N/A, 69.37, 35|2, 55, N/A, 76.25, 36|3, 55, N/A, 64.44, 33|4, 54, N/A, 61.95, 31|5, 58, N/A, 62.94, 30|6, 55, N/A, 70.44, 30|
01:53:13 0, 55, N/A, 64.72, 36|1, 53, N/A, 65.64, 36|2, 55, N/A, 78.25, 35|3, 55, N/A, 54.51, 36|4, 54, N/A, 66.37, 31|5, 58, N/A, 63.96, 30|6, 55, N/A, 75.42, 30|
01:53:15 0, 55, N/A, 64.93, 36|1, 53, N/A, 68.87, 36|2, 55, N/A, 77.45, 35|3, 55, N/A, 54.57, 36|4, 54, N/A, 60.93, 30|5, 58, N/A, 62.47, 30|6, 55, N/A, 70.18, 30|
01:53:17 0, 55, N/A, 61.21, 36|1, 53, N/A, 70.87, 36|2, 55, N/A, 79.21, 36|3, 55, N/A, 52.82, 36|4, 54, N/A, 60.44, 31|5, 58, N/A, 59.99, 31|6, 55, N/A, 72.26, 30|
01:53:19 0, 55, N/A, 73.24, 36|1, 53, N/A, 74.32, 36|2, 56, N/A, 80.11, 35|3, 55, N/A, 58.74, 36|4, 55, N/A, 61.41, 31|5, 58, N/A, 62.94, 31|6, 56, N/A, 70.01, 30|
01:53:21 0, 55, N/A, 62.16, 35|1, 53, N/A, 68.83, 35|2, 56, N/A, 74.96, 35|3, 55, N/A, 54.78, 35|4, 55, N/A, 59.69, 30|5, 58, N/A, 62.68, 30|6, 56, N/A, 69.44, 29|
01:53:23 0, 55, N/A, 64.89, 36|1, 54, N/A, 68.09, 36|2, 56, N/A, 77.68, 35|3, 55, N/A, 55.51, 36|4, 55, N/A, 60.68, 31|5, 58, N/A, 62.68, 30|6, 56, N/A, 71.90, 30|
01:53:25 0, 55, N/A, 64.39, 36|1, 54, N/A, 70.09, 36|2, 56, N/A, 76.16, 36|3, 55, N/A, 55.27, 36|4, 55, N/A, 61.66, 31|5, 58, N/A, 61.67, 31|6, 56, N/A, 69.64, 30|
01:53:27 0, 55, N/A, 68.29, 36|1, 54, N/A, 71.28, 37|2, 56, N/A, 78.61, 36|3, 55, N/A, 56.50, 36|4, 55, N/A, 60.40, 31|5, 58, N/A, 61.45, 31|6, 56, N/A, 67.69, 30|
01:53:30 0, 55, N/A, 63.41, 36|1, 54, N/A, 68.58, 36|2, 56, N/A, 80.42, 36|3, 55, N/A, 56.01, 36|4, 55, N/A, 63.38, 31|5, 58, N/A, 63.62, 30|6, 56, N/A, 74.10, 30|
01:53:32 0, 56, N/A, 64.16, 36|1, 54, N/A, 68.57, 36|2, 56, N/A, 77.93, 35|3, 55, N/A, 54.81, 36|4, 55, N/A, 61.91, 30|5, 59, N/A, 63.45, 30|6, 56, N/A, 69.16, 29|
01:53:34 0, 56, N/A, 64.68, 35|1, 54, N/A, 69.89, 36|2, 56, N/A, 77.19, 35|3, 55, N/A, 54.01, 36|4, 55, N/A, 61.38, 30|5, 59, N/A, 65.70, 30|6, 56, N/A, 77.29, 29|
01:53:36 0, 56, N/A, 66.15, 36|1, 54, N/A, 69.59, 36|2, 56, N/A, 77.60, 35|3, 55, N/A, 54.96, 36|4, 55, N/A, 65.06, 30|5, 59, N/A, 64.61, 30|6, 56, N/A, 75.29, 30|
01:53:38 0, 56, N/A, 66.36, 36|1, 54, N/A, 70.29, 36|2, 56, N/A, 77.18, 36|3, 55, N/A, 54.29, 36|4, 55, N/A, 62.88, 31|5, 59, N/A, 60.72, 31|6, 56, N/A, 71.19, 30|
01:53:40 0, 56, N/A, 63.91, 36|1, 54, N/A, 70.34, 36|2, 56, N/A, 77.40, 36|3, 55, N/A, 55.52, 36|4, 55, N/A, 62.43, 31|5, 59, N/A, 62.19, 31|6, 56, N/A, 72.39, 30|
01:53:42 0, 56, N/A, 64.93, 36|1, 54, N/A, 67.63, 36|2, 56, N/A, 78.14, 35|3, 55, N/A, 55.30, 36|4, 55, N/A, 62.96, 31|5, 59, N/A, 62.43, 30|6, 56, N/A, 70.46, 30|
01:53:44 0, 56, N/A, 72.55, 36|1, 54, N/A, 75.26, 36|2, 57, N/A, 80.59, 36|3, 55, N/A, 56.99, 36|4, 55, N/A, 62.43, 31|5, 59, N/A, 62.94, 30|6, 56, N/A, 71.65, 30|
01:53:46 0, 56, N/A, 66.57, 35|1, 54, N/A, 68.05, 36|2, 57, N/A, 77.14, 35|3, 55, N/A, 53.82, 35|4, 55, N/A, 58.71, 30|5, 59, N/A, 61.42, 30|6, 56, N/A, 70.42, 29|
01:53:48 0, 56, N/A, 67.10, 36|1, 54, N/A, 69.06, 36|2, 57, N/A, 80.13, 35|3, 55, N/A, 55.27, 36|4, 55, N/A, 59.66, 30|5, 59, N/A, 60.43, 30|6, 57, N/A, 69.19, 29|
01:53:50 0, 56, N/A, 64.64, 36|1, 54, N/A, 70.31, 36|2, 57, N/A, 79.15, 36|3, 55, N/A, 56.50, 36|4, 55, N/A, 61.23, 32|5, 59, N/A, 62.96, 31|6, 56, N/A, 63.31, 32|
01:53:52 0, 56, N/A, 64.45, 36|1, 55, N/A, 69.08, 36|2, 57, N/A, 77.98, 36|3, 55, N/A, 54.57, 36|4, 55, N/A, 58.04, 32|5, 59, N/A, 58.54, 32|6, 56, N/A, 62.36, 33|
01:53:55 0, 56, N/A, 66.90, 36|1, 54, N/A, 68.87, 36|2, 57, N/A, 78.18, 36|3, 55, N/A, 54.08, 36|4, 55, N/A, 57.80, 32|5, 59, N/A, 57.34, 31|6, 56, N/A, 60.96, 32|
01:53:57 0, 56, N/A, 62.69, 36|1, 55, N/A, 69.57, 36|2, 57, N/A, 87.48, 35|3, 55, N/A, 59.52, 36|4, 55, N/A, 58.72, 32|5, 59, N/A, 59.77, 32|6, 56, N/A, 63.42, 32|
01:53:59 0, 56, N/A, 64.65, 35|1, 55, N/A, 72.59, 35|2, 57, N/A, 77.89, 35|3, 55, N/A, 55.83, 35|4, 55, N/A, 56.32, 31|5, 59, N/A, 56.33, 31|6, 56, N/A, 60.65, 31|
01:54:01 0, 56, N/A, 64.90, 37|1, 55, N/A, 70.58, 36|2, 57, N/A, 78.42, 35|3, 55, N/A, 56.01, 36|4, 55, N/A, 59.25, 32|5, 59, N/A, 63.42, 32|6, 56, N/A, 64.85, 32|
01:54:03 0, 57, N/A, 64.93, 36|1, 55, N/A, 67.57, 36|2, 57, N/A, 75.93, 36|3, 55, N/A, 52.84, 36|4, 55, N/A, 57.30, 32|5, 59, N/A, 58.29, 32|6, 56, N/A, 58.92, 32|
01:54:05 0, 57, N/A, 68.02, 36|1, 55, N/A, 71.57, 36|2, 57, N/A, 81.61, 35|3, 55, N/A, 56.04, 36|4, 55, N/A, 59.73, 32|5, 59, N/A, 58.54, 32|6, 56, N/A, 57.94, 32|
01:54:07 0, 57, N/A, 65.92, 36|1, 55, N/A, 72.14, 36|2, 57, N/A, 78.46, 35|3, 55, N/A, 53.83, 36|4, 55, N/A, 58.26, 32|5, 59, N/A, 58.57, 32|6, 56, N/A, 62.15, 32|
01:54:09 0, 57, N/A, 65.92, 34|1, 55, N/A, 70.13, 34|2, 57, N/A, 77.73, 34|3, 55, N/A, 53.83, 35|4, 55, N/A, 56.05, 31|5, 59, N/A, 57.31, 30|6, 56, N/A, 59.98, 31|
01:54:11 0, 57, N/A, 69.61, 32|1, 55, N/A, 73.34, 33|2, 57, N/A, 80.19, 31|3, 55, N/A, 55.31, 31|4, 55, N/A, 56.36, 28|5, 59, N/A, 57.81, 28|6, 56, N/A, 58.23, 28|
01:54:13 0, 57, N/A, 64.94, 36|1, 55, N/A, 70.40, 36|2, 58, N/A, 80.16, 35|3, 55, N/A, 54.60, 36|4, 55, N/A, 56.08, 31|5, 59, N/A, 56.82, 32|6, 56, N/A, 61.49, 32|
01:54:15 0, 57, N/A, 64.97, 36|1, 55, N/A, 69.12, 36|2, 58, N/A, 77.73, 35|3, 55, N/A, 55.31, 36|4, 55, N/A, 58.29, 32|5, 59, N/A, 58.58, 32|6, 56, N/A, 60.71, 32|
01:54:17 0, 57, N/A, 71.81, 36|1, 55, N/A, 73.58, 36|2, 58, N/A, 79.45, 36|3, 55, N/A, 54.57, 36|4, 55, N/A, 57.34, 32|5, 59, N/A, 56.58, 32|6, 56, N/A, 59.94, 32|
01:54:20 0, 57, N/A, 67.92, 36|1, 55, N/A, 69.57, 36|2, 58, N/A, 78.47, 35|3, 55, N/A, 54.57, 35|4, 55, N/A, 58.78, 32|5, 59, N/A, 58.82, 31|6, 56, N/A, 60.47, 32|
01:54:22 0, 57, N/A, 64.23, 36|1, 55, N/A, 68.39, 36|2, 58, N/A, 79.24, 35|3, 55, N/A, 56.39, 36|4, 55, N/A, 57.31, 31|5, 59, N/A, 59.81, 31|6, 56, N/A, 68.06, 32|
01:54:24 0, 57, N/A, 65.23, 36|1, 55, N/A, 70.18, 36|2, 58, N/A, 79.01, 35|3, 55, N/A, 54.61, 35|4, 55, N/A, 60.55, 32|5, 59, N/A, 58.36, 31|6, 56, N/A, 67.85, 32|
01:54:26 0, 57, N/A, 64.69, 36|1, 55, N/A, 72.35, 36|2, 58, N/A, 80.69, 36|3, 55, N/A, 55.10, 36|4, 55, N/A, 58.05, 32|5, 59, N/A, 57.81, 32|6, 56, N/A, 60.41, 32|
01:54:28 0, 57, N/A, 68.87, 36|1, 55, N/A, 70.84, 36|2, 58, N/A, 82.65, 36|3, 55, N/A, 55.80, 36|4, 55, N/A, 56.30, 32|5, 59, N/A, 57.59, 32|6, 56, N/A, 58.44, 32|
01:54:30 0, 57, N/A, 64.66, 36|1, 56, N/A, 68.63, 36|2, 58, N/A, 78.95, 35|3, 55, N/A, 54.81, 36|4, 56, N/A, 58.76, 32|5, 59, N/A, 59.28, 32|6, 56, N/A, 64.33, 32|
01:54:32 0, 57, N/A, 62.51, 36|1, 56, N/A, 69.15, 36|2, 58, N/A, 77.73, 35|3, 55, N/A, 53.13, 36|4, 55, N/A, 54.86, 32|5, 59, N/A, 56.09, 32|6, 56, N/A, 59.76, 32|
01:54:34 0, 57, N/A, 65.68, 36|1, 56, N/A, 70.63, 36|2, 58, N/A, 80.43, 35|3, 55, N/A, 54.85, 36|4, 55, N/A, 58.33, 32|5, 59, N/A, 65.18, 31|6, 56, N/A, 65.39, 32|
01:54:36 0, 57, N/A, 66.91, 36|1, 56, N/A, 71.59, 36|2, 58, N/A, 86.05, 35|3, 55, N/A, 58.78, 36|4, 56, N/A, 60.26, 32|5, 59, N/A, 58.55, 32|6, 56, N/A, 61.67, 32|
01:54:38 0, 57, N/A, 68.87, 29|1, 56, N/A, 69.40, 36|2, 58, N/A, 80.43, 34|3, 55, N/A, 59.00, 34|4, 55, N/A, 55.81, 31|5, 59, N/A, 56.33, 32|6, 56, N/A, 60.96, 31|
01:54:40 0, 57, N/A, 64.94, 36|1, 56, N/A, 67.61, 36|2, 58, N/A, 79.12, 35|3, 55, N/A, 57.98, 35|4, 55, N/A, 58.26, 32|5, 59, N/A, 61.98, 32|6, 56, N/A, 63.88, 32|
01:54:42 0, 57, N/A, 65.18, 36|1, 56, N/A, 69.61, 36|2, 58, N/A, 78.22, 35|3, 55, N/A, 60.01, 35|4, 55, N/A, 57.03, 32|5, 59, N/A, 56.60, 32|6, 56, N/A, 61.70, 32|
01:54:45 0, 57, N/A, 64.68, 36|1, 56, N/A, 66.66, 36|2, 58, N/A, 76.70, 35|3, 56, N/A, 58.50, 35|4, 55, N/A, 57.03, 32|5, 59, N/A, 55.10, 32|6, 56, N/A, 58.50, 32|
01:54:47 0, 57, N/A, 62.44, 36|1, 56, N/A, 64.41, 35|2, 58, N/A, 74.48, 35|3, 55, N/A, 56.78, 34|4, 55, N/A, 55.34, 32|5, 59, N/A, 53.13, 30|6, 56, N/A, 57.98, 32|
01:54:49 0, 58, N/A, 62.48, 36|1, 56, N/A, 68.63, 36|2, 59, N/A, 76.95, 35|3, 56, N/A, 56.53, 35|4, 55, N/A, 56.33, 31|5, 59, N/A, 54.85, 31|6, 56, N/A, 59.67, 31|
01:54:51 0, 58, N/A, 63.96, 36|1, 56, N/A, 69.65, 36|2, 59, N/A, 84.08, 35|3, 56, N/A, 59.76, 35|4, 55, N/A, 56.08, 32|5, 59, N/A, 56.60, 31|6, 56, N/A, 59.48, 32|
01:54:53 0, 58, N/A, 66.69, 36|1, 56, N/A, 70.14, 36|2, 59, N/A, 80.97, 35|3, 56, N/A, 60.23, 34|4, 55, N/A, 60.01, 31|5, 59, N/A, 61.53, 31|6, 56, N/A, 65.14, 32|
01:54:55 0, 58, N/A, 64.69, 37|1, 56, N/A, 71.16, 36|2, 59, N/A, 80.69, 36|3, 56, N/A, 60.26, 35|4, 55, N/A, 55.81, 32|5, 59, N/A, 55.35, 32|6, 56, N/A, 60.44, 33|
01:54:57 0, 58, N/A, 64.94, 36|1, 56, N/A, 69.37, 36|2, 59, N/A, 79.21, 35|3, 56, N/A, 58.51, 35|4, 55, N/A, 58.27, 32|5, 59, N/A, 57.34, 32|6, 56, N/A, 61.42, 32|
01:54:59 0, 58, N/A, 66.93, 36|1, 56, N/A, 67.85, 36|2, 59, N/A, 78.68, 35|3, 56, N/A, 60.50, 35|4, 55, N/A, 59.00, 32|5, 59, N/A, 58.54, 32|6, 56, N/A, 66.79, 32|
01:55:01 0, 58, N/A, 66.20, 36|1, 56, N/A, 67.90, 36|2, 59, N/A, 78.75, 36|3, 56, N/A, 59.73, 35|4, 56, N/A, 58.54, 32|5, 59, N/A, 59.03, 32|6, 56, N/A, 64.37, 32|
01:55:03 0, 58, N/A, 65.23, 36|1, 56, N/A, 71.66, 36|2, 59, N/A, 78.73, 36|3, 56, N/A, 58.78, 35|4, 56, N/A, 59.06, 32|5, 59, N/A, 56.39, 32|6, 56, N/A, 59.46, 32|
01:55:05 0, 58, N/A, 66.24, 36|1, 56, N/A, 68.14, 36|2, 59, N/A, 79.50, 36|3, 56, N/A, 58.51, 35|4, 56, N/A, 59.56, 32|5, 59, N/A, 56.58, 32|6, 56, N/A, 63.18, 33|
01:55:08 0, 58, N/A, 68.41, 36|1, 56, N/A, 74.89, 36|2, 59, N/A, 86.54, 36|3, 56, N/A, 64.20, 34|4, 55, N/A, 61.00, 32|5, 59, N/A, 56.83, 32|6, 56, N/A, 60.23, 32|
01:55:10 0, 58, N/A, 65.92, 36|1, 56, N/A, 69.15, 36|2, 59, N/A, 81.21, 35|3, 56, N/A, 58.75, 35|4, 56, N/A, 57.78, 32|5, 59, N/A, 59.59, 32|6, 56, N/A, 63.18, 32|
01:55:12 0, 58, N/A, 64.66, 35|1, 56, N/A, 71.36, 35|2, 59, N/A, 79.44, 35|3, 56, N/A, 59.24, 34|4, 56, N/A, 58.54, 31|5, 59, N/A, 57.86, 31|6, 56, N/A, 60.65, 32|
01:55:14 0, 58, N/A, 66.65, 36|1, 56, N/A, 69.15, 36|2, 59, N/A, 80.93, 35|3, 56, N/A, 57.00, 35|4, 56, N/A, 58.53, 32|5, 59, N/A, 55.83, 32|6, 56, N/A, 60.19, 32|
01:55:16 0, 58, N/A, 64.93, 36|1, 57, N/A, 72.60, 36|2, 59, N/A, 81.17, 35|3, 56, N/A, 60.92, 34|4, 56, N/A, 65.85, 32|5, 59, N/A, 59.77, 31|6, 56, N/A, 65.14, 32|
01:55:18 0, 58, N/A, 66.17, 36|1, 57, N/A, 70.38, 36|2, 59, N/A, 79.90, 35|3, 56, N/A, 59.52, 35|4, 56, N/A, 57.77, 32|5, 59, N/A, 58.29, 32|6, 56, N/A, 61.18, 32|
01:55:20 0, 58, N/A, 67.15, 36|1, 57, N/A, 70.60, 36|2, 59, N/A, 79.70, 36|3, 56, N/A, 58.53, 35|4, 56, N/A, 58.29, 32|5, 59, N/A, 57.31, 32|6, 56, N/A, 62.47, 32|
01:55:22 0, 58, N/A, 62.98, 36|1, 57, N/A, 71.66, 36|2, 59, N/A, 81.93, 36|3, 56, N/A, 61.24, 35|4, 56, N/A, 61.74, 32|5, 59, N/A, 60.01, 32|6, 56, N/A, 62.90, 33|
01:55:24 0, 58, N/A, 67.68, 36|1, 57, N/A, 74.12, 36|2, 59, N/A, 80.20, 35|3, 56, N/A, 56.78, 34|4, 56, N/A, 57.35, 32|5, 59, N/A, 54.39, 32|6, 56, N/A, 60.47, 32|
01:55:26 0, 58, N/A, 65.68, 36|1, 57, N/A, 70.60, 36|2, 59, N/A, 79.37, 36|3, 56, N/A, 58.96, 35|4, 56, N/A, 57.74, 32|5, 59, N/A, 57.31, 32|6, 56, N/A, 59.97, 32|
01:55:28 0, 58, N/A, 65.42, 36|1, 57, N/A, 70.83, 36|2, 59, N/A, 80.63, 35|3, 56, N/A, 60.99, 35|4, 56, N/A, 61.42, 32|5, 59, N/A, 59.99, 32|6, 56, N/A, 62.15, 32|
01:55:30 0, 58, N/A, 67.40, 35|1, 57, N/A, 73.79, 36|2, 59, N/A, 91.24, 35|3, 56, N/A, 60.71, 35|4, 56, N/A, 60.72, 32|5, 59, N/A, 57.55, 31|6, 56, N/A, 59.94, 32|
01:55:33 0, 58, N/A, 63.92, 36|1, 57, N/A, 70.32, 36|2, 59, N/A, 79.42, 36|3, 56, N/A, 61.74, 35|4, 56, N/A, 58.54, 32|5, 59, N/A, 58.78, 32|6, 56, N/A, 62.93, 32|
01:55:35 0, 58, N/A, 63.71, 36|1, 57, N/A, 73.13, 36|2, 60, N/A, 79.44, 36|3, 56, N/A, 60.78, 35|4, 56, N/A, 56.05, 32|5, 60, N/A, 58.08, 32|6, 56, N/A, 60.01, 33|
01:55:37 0, 58, N/A, 66.17, 36|1, 57, N/A, 71.33, 36|2, 60, N/A, 80.91, 35|3, 56, N/A, 58.71, 35|4, 56, N/A, 57.28, 32|5, 59, N/A, 56.79, 32|6, 56, N/A, 63.11, 32|
01:55:39 0, 58, N/A, 65.17, 36|1, 57, N/A, 72.80, 36|2, 60, N/A, 80.63, 36|3, 56, N/A, 59.94, 35|4, 56, N/A, 64.15, 32|5, 59, N/A, 59.77, 32|6, 56, N/A, 62.37, 32|
01:55:41 0, 58, N/A, 65.42, 36|1, 57, N/A, 71.90, 36|2, 60, N/A, 79.94, 36|3, 56, N/A, 59.98, 34|4, 56, N/A, 58.04, 32|5, 59, N/A, 57.34, 32|6, 56, N/A, 60.68, 32|
01:55:43 0, 59, N/A, 68.40, 36|1, 57, N/A, 69.85, 36|2, 60, N/A, 77.68, 36|3, 56, N/A, 59.45, 35|4, 56, N/A, 58.26, 32|5, 60, N/A, 56.78, 32|6, 56, N/A, 59.17, 32|
01:55:45 0, 59, N/A, 65.63, 36|1, 57, N/A, 72.51, 36|2, 60, N/A, 83.63, 35|3, 56, N/A, 66.29, 35|4, 56, N/A, 61.17, 32|5, 59, N/A, 61.98, 32|6, 56, N/A, 64.11, 32|
01:55:47 0, 59, N/A, 65.67, 36|1, 57, N/A, 69.11, 36|2, 60, N/A, 77.43, 35|3, 57, N/A, 58.22, 34|4, 56, N/A, 57.03, 32|5, 59, N/A, 56.57, 32|6, 56, N/A, 59.14, 32|
01:55:49 0, 58, N/A, 63.42, 33|1, 57, N/A, 70.09, 33|2, 60, N/A, 77.88, 34|3, 57, N/A, 58.99, 33|4, 56, N/A, 57.73, 30|5, 59, N/A, 56.53, 29|6, 56, N/A, 60.88, 30|
01:55:51 0, 59, N/A, 72.27, 36|1, 57, N/A, 75.26, 36|2, 60, N/A, 84.33, 36|3, 57, N/A, 59.24, 35|4, 56, N/A, 57.99, 32|5, 60, N/A, 57.10, 32|6, 56, N/A, 62.72, 32|
01:55:53 0, 59, N/A, 66.94, 36|1, 57, N/A, 70.14, 36|2, 60, N/A, 80.19, 36|3, 57, N/A, 59.52, 35|4, 56, N/A, 57.52, 32|5, 59, N/A, 59.10, 32|6, 57, N/A, 61.17, 32|
01:55:55 0, 59, N/A, 65.18, 36|1, 57, N/A, 71.83, 36|2, 60, N/A, 80.63, 36|3, 57, N/A, 59.73, 35|4, 56, N/A, 58.51, 32|5, 60, N/A, 59.31, 32|6, 56, N/A, 60.22, 32|
01:55:58 0, 59, N/A, 70.84, 36|1, 57, N/A, 76.04, 36|2, 60, N/A, 82.40, 36|3, 57, N/A, 59.21, 35|4, 56, N/A, 56.83, 32|5, 59, N/A, 58.08, 32|6, 56, N/A, 59.73, 33|
01:56:00 0, 59, N/A, 65.18, 35|1, 58, N/A, 69.65, 35|2, 60, N/A, 80.92, 35|3, 57, N/A, 58.54, 33|4, 56, N/A, 56.55, 31|5, 59, N/A, 57.35, 31|6, 56, N/A, 59.27, 32|
01:56:02 0, 59, N/A, 65.71, 32|1, 57, N/A, 70.60, 33|2, 60, N/A, 81.17, 32|3, 57, N/A, 58.54, 31|4, 56, N/A, 56.78, 28|5, 59, N/A, 58.54, 30|6, 57, N/A, 57.98, 28|
01:56:04 0, 59, N/A, 68.90, 36|1, 57, N/A, 72.53, 36|2, 60, N/A, 82.68, 35|3, 57, N/A, 59.97, 35|4, 56, N/A, 57.80, 31|5, 60, N/A, 58.54, 31|6, 56, N/A, 61.95, 32|
01:56:06 0, 59, N/A, 66.42, 36|1, 57, N/A, 72.11, 36|2, 60, N/A, 82.40, 35|3, 57, N/A, 61.20, 35|4, 56, N/A, 60.26, 32|5, 60, N/A, 62.47, 32|6, 57, N/A, 61.45, 32|
01:56:08 0, 59, N/A, 67.59, 36|1, 57, N/A, 70.79, 36|2, 60, N/A, 80.04, 35|3, 57, N/A, 65.34, 33|4, 56, N/A, 57.72, 32|5, 59, N/A, 57.76, 32|6, 56, N/A, 59.38, 32|
01:56:10 0, 59, N/A, 70.26, 36|1, 57, N/A, 75.67, 36|2, 60, N/A, 82.54, 35|3, 57, N/A, 57.48, 35|4, 56, N/A, 56.97, 31|5, 60, N/A, 57.03, 31|6, 56, N/A, 59.41, 32|
01:56:12 0, 59, N/A, 65.39, 36|1, 58, N/A, 70.83, 36|2, 60, N/A, 77.42, 35|3, 57, N/A, 55.52, 36|4, 56, N/A, 56.26, 32|5, 60, N/A, 55.80, 32|6, 56, N/A, 59.66, 32|
01:56:14 0, 59, N/A, 65.87, 36|1, 57, N/A, 70.79, 36|2, 60, N/A, 79.61, 35|3, 57, N/A, 55.55, 36|4, 56, N/A, 59.48, 32|5, 60, N/A, 56.07, 32|6, 57, N/A, 62.12, 32|
01:56:16 0, 59, N/A, 64.65, 36|1, 58, N/A, 70.06, 36|2, 60, N/A, 81.41, 35|3, 57, N/A, 56.04, 36|4, 56, N/A, 57.27, 32|5, 60, N/A, 55.31, 32|6, 56, N/A, 60.92, 32|
01:56:18 0, 59, N/A, 68.83, 36|1, 58, N/A, 76.74, 36|2, 60, N/A, 82.60, 36|3, 56, N/A, 58.78, 36|4, 56, N/A, 58.78, 32|5, 59, N/A, 58.54, 32|6, 57, N/A, 60.96, 33|
01:56:20 0, 59, N/A, 66.38, 36|1, 58, N/A, 72.03, 36|2, 60, N/A, 83.67, 35|3, 57, N/A, 54.87, 36|4, 56, N/A, 57.31, 32|5, 60, N/A, 56.82, 31|6, 57, N/A, 60.19, 32|
01:56:23 0, 59, N/A, 66.44, 36|1, 58, N/A, 71.09, 36|2, 60, N/A, 82.16, 36|3, 57, N/A, 55.56, 36|4, 56, N/A, 59.31, 32|5, 60, N/A, 57.07, 32|6, 57, N/A, 62.37, 33|
01:56:25 0, 59, N/A, 68.42, 36|1, 58, N/A, 71.58, 36|2, 60, N/A, 83.15, 35|3, 57, N/A, 56.60, 36|4, 56, N/A, 57.32, 31|5, 60, N/A, 58.64, 32|6, 56, N/A, 59.21, 32|
01:56:27 0, 59, N/A, 71.09, 36|1, 58, N/A, 76.29, 36|2, 60, N/A, 83.88, 36|3, 56, N/A, 55.10, 36|4, 56, N/A, 58.82, 32|5, 60, N/A, 58.58, 32|6, 57, N/A, 59.71, 32|
01:56:29 0, 59, N/A, 66.69, 36|1, 58, N/A, 71.37, 36|2, 61, N/A, 83.43, 35|3, 57, N/A, 56.82, 36|4, 56, N/A, 59.77, 32|5, 60, N/A, 58.54, 32|6, 56, N/A, 64.90, 32|
01:56:31 0, 59, N/A, 67.18, 37|1, 58, N/A, 72.86, 36|2, 61, N/A, 81.68, 36|3, 57, N/A, 55.59, 36|4, 56, N/A, 58.55, 32|5, 60, N/A, 57.84, 32|6, 57, N/A, 60.01, 32|
01:56:33 0, 59, N/A, 72.11, 36|1, 58, N/A, 75.77, 36|2, 61, N/A, 84.08, 36|3, 57, N/A, 55.10, 37|4, 56, N/A, 56.79, 32|5, 60, N/A, 58.30, 32|6, 57, N/A, 59.69, 33|
01:56:35 0, 59, N/A, 65.18, 36|1, 58, N/A, 72.11, 36|2, 61, N/A, 82.40, 35|3, 57, N/A, 58.04, 36|4, 56, N/A, 59.77, 31|5, 60, N/A, 64.69, 31|6, 57, N/A, 64.61, 32|
01:56:37 0, 59, N/A, 66.39, 36|1, 58, N/A, 70.80, 36|2, 61, N/A, 78.68, 35|3, 57, N/A, 53.83, 36|4, 56, N/A, 56.57, 32|5, 60, N/A, 56.63, 31|6, 57, N/A, 60.19, 32|
01:56:39 0, 59, N/A, 67.88, 36|1, 58, N/A, 72.32, 36|2, 61, N/A, 79.86, 35|3, 57, N/A, 56.29, 36|4, 56, N/A, 59.99, 32|5, 60, N/A, 58.54, 32|6, 57, N/A, 60.43, 32|
01:56:41 0, 59, N/A, 65.89, 36|1, 58, N/A, 70.88, 36|2, 60, N/A, 80.89, 36|3, 56, N/A, 56.81, 36|4, 56, N/A, 57.28, 32|5, 60, N/A, 58.30, 32|6, 56, N/A, 59.64, 32|
01:56:43 0, 59, N/A, 69.12, 36|1, 57, N/A, 73.79, 36|2, 60, N/A, 84.37, 36|3, 56, N/A, 56.85, 37|4, 56, N/A, 58.30, 32|5, 59, N/A, 58.82, 32|6, 56, N/A, 58.75, 32|
01:56:46 0, 59, N/A, 66.94, 36|1, 57, N/A, 70.35, 37|2, 60, N/A, 80.68, 36|3, 56, N/A, 56.57, 37|4, 56, N/A, 58.29, 32|5, 59, N/A, 63.49, 32|6, 56, N/A, 64.89, 33|
01:56:48 0, 59, N/A, 67.44, 36|1, 57, N/A, 71.13, 36|2, 60, N/A, 80.68, 35|3, 56, N/A, 55.34, 36|4, 55, N/A, 56.83, 32|5, 59, N/A, 57.59, 31|6, 56, N/A, 60.26, 32|
01:56:50 0, 58, N/A, 67.64, 36|1, 57, N/A, 74.53, 36|2, 60, N/A, 83.92, 35|3, 56, N/A, 56.82, 36|4, 55, N/A, 60.05, 32|5, 59, N/A, 57.56, 32|6, 56, N/A, 61.74, 32|
01:56:52 0, 58, N/A, 67.89, 36|1, 57, N/A, 70.88, 36|2, 59, N/A, 80.93, 36|3, 56, N/A, 55.06, 36|4, 55, N/A, 57.56, 32|5, 59, N/A, 57.31, 32|6, 55, N/A, 61.98, 32|
01:56:54 0, 58, N/A, 67.88, 36|1, 57, N/A, 72.55, 36|2, 59, N/A, 88.70, 36|3, 55, N/A, 59.97, 36|4, 55, N/A, 60.93, 32|5, 59, N/A, 59.00, 32|6, 55, N/A, 61.14, 33|
01:56:56 0, 58, N/A, 65.88, 37|1, 56, N/A, 71.57, 37|2, 59, N/A, 82.88, 36|3, 55, N/A, 56.78, 37|4, 55, N/A, 58.01, 32|5, 59, N/A, 59.31, 32|6, 55, N/A, 67.23, 33|
01:56:58 0, 58, N/A, 65.91, 36|1, 56, N/A, 70.10, 35|2, 59, N/A, 80.88, 35|3, 55, N/A, 54.81, 36|4, 55, N/A, 56.29, 32|5, 58, N/A, 59.31, 32|6, 55, N/A, 60.19, 32|
01:57:00 0, 58, N/A, 65.43, 36|1, 56, N/A, 70.09, 36|2, 59, N/A, 81.37, 36|3, 55, N/A, 54.32, 36|4, 54, N/A, 58.50, 32|5, 58, N/A, 57.31, 32|6, 55, N/A, 61.20, 32|
01:57:02 0, 57, N/A, 66.11, 36|1, 56, N/A, 72.30, 36|2, 59, N/A, 83.05, 35|3, 55, N/A, 57.48, 35|4, 54, N/A, 57.72, 31|5, 58, N/A, 57.80, 31|6, 55, N/A, 59.69, 32|
01:57:04 0, 57, N/A, 69.32, 36|1, 56, N/A, 70.80, 36|2, 58, N/A, 80.88, 36|3, 55, N/A, 56.26, 36|4, 54, N/A, 57.24, 31|5, 58, N/A, 58.04, 32|6, 54, N/A, 60.19, 32|
01:57:06 0, 57, N/A, 66.89, 37|1, 56, N/A, 71.56, 37|2, 58, N/A, 79.81, 36|3, 55, N/A, 54.80, 36|4, 54, N/A, 59.48, 32|5, 58, N/A, 63.63, 32|6, 54, N/A, 63.83, 33|
01:57:08 0, 57, N/A, 65.35, 36|1, 56, N/A, 68.09, 36|2, 58, N/A, 77.87, 35|3, 55, N/A, 56.01, 36|4, 54, N/A, 59.24, 32|5, 58, N/A, 57.76, 31|6, 54, N/A, 60.67, 32|
01:57:11 0, 57, N/A, 65.91, 36|1, 55, N/A, 70.83, 36|2, 58, N/A, 80.10, 36|3, 55, N/A, 57.23, 36|4, 54, N/A, 62.92, 32|5, 58, N/A, 60.44, 32|6, 54, N/A, 63.83, 32|
01:57:13 0, 57, N/A, 65.66, 36|1, 55, N/A, 68.37, 36|2, 58, N/A, 79.65, 35|3, 54, N/A, 56.53, 36|4, 54, N/A, 57.49, 32|5, 58, N/A, 57.80, 32|6, 54, N/A, 61.38, 32|
01:57:15 0, 57, N/A, 65.63, 36|1, 55, N/A, 69.32, 36|2, 58, N/A, 78.66, 35|3, 54, N/A, 56.07, 36|4, 54, N/A, 57.02, 32|5, 58, N/A, 57.76, 32|6, 54, N/A, 62.36, 32|
01:57:17 0, 57, N/A, 67.36, 36|1, 55, N/A, 71.78, 36|2, 57, N/A, 84.71, 36|3, 54, N/A, 58.46, 36|4, 54, N/A, 60.22, 32|5, 57, N/A, 57.27, 32|6, 54, N/A, 62.09, 32|
01:57:19 0, 57, N/A, 66.36, 37|1, 55, N/A, 70.31, 37|2, 57, N/A, 79.40, 36|3, 54, N/A, 55.79, 36|4, 53, N/A, 57.24, 32|5, 57, N/A, 58.75, 32|6, 54, N/A, 63.17, 33|
01:57:21 0, 56, N/A, 64.64, 36|1, 55, N/A, 68.82, 36|2, 57, N/A, 80.59, 35|3, 54, N/A, 54.78, 36|4, 53, N/A, 57.51, 32|5, 57, N/A, 57.27, 32|6, 54, N/A, 59.20, 32|
01:57:23 0, 56, N/A, 65.11, 36|1, 55, N/A, 74.77, 36|2, 57, N/A, 78.35, 36|3, 54, N/A, 58.95, 35|4, 53, N/A, 59.70, 32|5, 57, N/A, 58.50, 32|6, 54, N/A, 59.90, 33|
01:57:25 0, 56, N/A, 64.65, 36|1, 55, N/A, 71.04, 36|2, 57, N/A, 78.87, 35|3, 54, N/A, 54.78, 36|4, 53, N/A, 58.25, 32|5, 57, N/A, 58.01, 32|6, 53, N/A, 57.69, 32|
01:57:27 0, 56, N/A, 67.07, 36|1, 54, N/A, 71.73, 36|2, 57, N/A, 79.35, 36|3, 54, N/A, 56.99, 36|4, 53, N/A, 57.98, 32|5, 57, N/A, 57.02, 32|6, 53, N/A, 58.95, 32|
01:57:29 0, 56, N/A, 67.07, 36|1, 54, N/A, 72.03, 36|2, 57, N/A, 78.37, 36|3, 54, N/A, 55.76, 36|4, 53, N/A, 57.03, 32|5, 57, N/A, 56.78, 32|6, 53, N/A, 59.88, 32|
01:57:31 0, 56, N/A, 66.11, 36|1, 54, N/A, 72.48, 36|2, 57, N/A, 86.53, 36|3, 54, N/A, 57.24, 36|4, 53, N/A, 59.24, 32|5, 57, N/A, 57.52, 32|6, 53, N/A, 59.17, 32|
01:57:33 0, 56, N/A, 66.64, 36|1, 55, N/A, 72.80, 36|2, 57, N/A, 79.15, 36|3, 54, N/A, 55.09, 36|4, 53, N/A, 56.53, 32|5, 57, N/A, 57.30, 32|6, 53, N/A, 60.67, 32|
01:57:36 0, 56, N/A, 45.03, 46|1, 54, N/A, 48.72, 36|2, 57, N/A, 55.34, 14|3, 53, N/A, 38.12, 21|4, 53, N/A, 39.35, 13|5, 57, N/A, 42.82, 59|6, 53, N/A, 41.29, 16|
01:57:38 0, 55, N/A, 41.84, 0|1, 54, N/A, 44.05, 0|2, 56, N/A, 51.93, 0|3, 53, N/A, 40.33, 0|4, 53, N/A, 41.35, 0|5, 57, N/A, 41.59, 0|6, 53, N/A, 43.26, 0|
