tag	run	eval_tps	prompt_tps	prompt_n	predicted_n	gpu0_used	gpu1_used	gpu2_used	gpu3_used
M_f16_fa0_ctx1024_warmup	1	14.284782426860657	9.887509126767585	58	256	2843MiB	10235MiB	10223MiB	3109MiB
M_f16_fa0_ctx1024_warmup	2	14.273452020432224	10.139468387672435	58	256	2843MiB	10235MiB	10223MiB	3109MiB
M_f16_fa0_ctx1024_warmup	3	14.284808730875097	10.113235103597017	58	256	2843MiB	10235MiB	10223MiB	3109MiB
M_f16_fa0_ctx2048_1k	1	14.23700972966143	67.65813741474307	1079	256	2971MiB	10817MiB	10797MiB	4157MiB
M_f16_fa0_ctx2048_1k	2	14.226819856172408	67.85041216452876	1079	256	2971MiB	10817MiB	10797MiB	4157MiB
M_f16_fa0_ctx2048_1k	3	14.226219789983208	67.7626037972053	1079	256	2971MiB	10817MiB	10797MiB	4157MiB
M_f16_fa0_ctx2048_warmup	1	14.764723269578758	9.778064900725667	58	256	2923MiB	10773MiB	10749MiB	4121MiB
M_f16_fa0_ctx2048_warmup	2	14.780909393140897	10.186572341348526	58	256	2923MiB	10773MiB	10749MiB	4121MiB
M_f16_fa0_ctx2048_warmup	3	14.78310727402216	10.150118502633518	58	256	2923MiB	10773MiB	10749MiB	4121MiB
