00:11:37 0, 54, N/A, 40.14, 0|1, 51, N/A, 43.58, 0|2, 55, N/A, 47.99, 0|3, 54, N/A, 41.07, 0|4, 56, N/A, 44.05, 0|5, 58, N/A, 42.35, 0|6, 58, N/A, 46.46, 0|
00:11:39 0, 54, N/A, 40.14, 0|1, 51, N/A, 43.34, 0|2, 54, N/A, 48.02, 0|3, 53, N/A, 40.61, 0|4, 56, N/A, 44.30, 0|5, 57, N/A, 42.11, 0|6, 57, N/A, 46.24, 0|
00:11:41 0, 53, N/A, 40.14, 10|1, 51, N/A, 43.59, 9|2, 54, N/A, 47.78, 5|3, 53, N/A, 40.85, 10|4, 56, N/A, 44.31, 6|5, 57, N/A, 42.11, 8|6, 57, N/A, 46.24, 7|
00:11:43 0, 53, N/A, 40.16, 6|1, 50, N/A, 43.37, 7|2, 54, N/A, 47.53, 7|3, 53, N/A, 40.63, 8|4, 55, N/A, 44.33, 8|5, 57, N/A, 42.11, 6|6, 56, N/A, 46.24, 9|
00:11:45 0, 52, N/A, 39.92, 9|1, 50, N/A, 43.12, 8|2, 54, N/A, 47.31, 9|3, 53, N/A, 40.63, 8|4, 55, N/A, 44.08, 9|5, 56, N/A, 42.14, 11|6, 56, N/A, 46.02, 6|
00:11:47 0, 53, N/A, 52.45, 10|1, 50, N/A, 51.25, 14|2, 54, N/A, 53.94, 12|3, 53, N/A, 45.28, 8|4, 55, N/A, 46.54, 9|5, 57, N/A, 44.58, 11|6, 56, N/A, 48.46, 18|
00:11:49 0, 52, N/A, 40.90, 0|1, 50, N/A, 43.86, 0|2, 53, N/A, 48.54, 0|3, 52, N/A, 40.63, 0|4, 54, N/A, 43.34, 0|5, 56, N/A, 42.38, 0|6, 55, N/A, 46.27, 0|
00:11:51 0, 52, N/A, 40.66, 0|1, 49, N/A, 43.86, 0|2, 53, N/A, 48.27, 0|3, 52, N/A, 40.88, 0|4, 54, N/A, 43.10, 0|5, 56, N/A, 42.13, 0|6, 55, N/A, 46.27, 0|
00:11:53 0, 53, N/A, 73.09, 40|1, 50, N/A, 74.08, 40|2, 53, N/A, 81.95, 39|3, 53, N/A, 63.91, 36|4, 55, N/A, 70.31, 32|5, 56, N/A, 70.40, 33|6, 56, N/A, 76.90, 32|
00:11:56 0, 53, N/A, 64.42, 40|1, 51, N/A, 72.68, 40|2, 54, N/A, 86.12, 39|3, 53, N/A, 62.89, 36|4, 55, N/A, 69.08, 32|5, 57, N/A, 80.43, 33|6, 56, N/A, 84.72, 32|
00:11:58 0, 53, N/A, 67.22, 40|1, 51, N/A, 71.95, 40|2, 54, N/A, 78.55, 39|3, 53, N/A, 60.72, 36|4, 56, N/A, 72.85, 32|5, 57, N/A, 66.14, 33|6, 56, N/A, 77.44, 32|
00:12:00 0, 54, N/A, 70.11, 41|1, 51, N/A, 73.63, 40|2, 54, N/A, 82.21, 39|3, 54, N/A, 61.17, 37|4, 56, N/A, 72.03, 32|5, 58, N/A, 69.09, 33|6, 56, N/A, 77.14, 33|
00:12:02 0, 54, N/A, 80.39, 40|1, 52, N/A, 81.11, 40|2, 54, N/A, 88.05, 39|3, 54, N/A, 72.93, 36|4, 56, N/A, 75.22, 32|5, 58, N/A, 69.32, 33|6, 57, N/A, 74.36, 32|
00:12:04 0, 54, N/A, 66.08, 40|1, 52, N/A, 73.82, 40|2, 55, N/A, 86.98, 40|3, 54, N/A, 81.06, 36|4, 56, N/A, 81.27, 32|5, 58, N/A, 73.99, 33|6, 57, N/A, 81.47, 32|
00:12:06 0, 54, N/A, 78.85, 40|1, 52, N/A, 77.42, 41|2, 55, N/A, 81.29, 39|3, 54, N/A, 73.73, 36|4, 56, N/A, 75.17, 32|5, 58, N/A, 72.50, 33|6, 57, N/A, 76.07, 32|
00:12:08 0, 54, N/A, 66.85, 40|1, 52, N/A, 75.01, 40|2, 55, N/A, 85.26, 39|3, 54, N/A, 70.74, 36|4, 56, N/A, 82.14, 32|5, 58, N/A, 73.38, 32|6, 57, N/A, 80.86, 32|
00:12:10 0, 54, N/A, 69.35, 40|1, 52, N/A, 73.99, 41|2, 55, N/A, 78.45, 40|3, 54, N/A, 69.20, 36|4, 56, N/A, 71.24, 32|5, 58, N/A, 66.79, 33|6, 57, N/A, 77.79, 32|
00:12:12 0, 55, N/A, 71.28, 40|1, 52, N/A, 74.27, 41|2, 55, N/A, 76.89, 39|3, 55, N/A, 65.05, 36|4, 57, N/A, 77.68, 32|5, 58, N/A, 64.06, 33|6, 57, N/A, 81.51, 33|
00:12:14 0, 55, N/A, 72.72, 40|1, 52, N/A, 81.06, 40|2, 55, N/A, 84.96, 39|3, 55, N/A, 77.82, 36|4, 56, N/A, 71.47, 34|5, 58, N/A, 66.08, 35|6, 57, N/A, 68.21, 35|
00:12:16 0, 55, N/A, 68.05, 41|1, 52, N/A, 67.60, 40|2, 56, N/A, 80.34, 40|3, 55, N/A, 64.60, 37|4, 56, N/A, 60.96, 35|5, 58, N/A, 58.78, 35|6, 57, N/A, 62.64, 34|
00:12:18 0, 55, N/A, 72.60, 40|1, 53, N/A, 78.47, 40|2, 56, N/A, 93.71, 38|3, 55, N/A, 73.24, 36|4, 56, N/A, 63.96, 34|5, 58, N/A, 66.16, 35|6, 57, N/A, 72.97, 35|
00:12:20 0, 55, N/A, 69.32, 40|1, 53, N/A, 74.98, 40|2, 56, N/A, 86.78, 38|3, 55, N/A, 65.10, 36|4, 56, N/A, 65.91, 34|5, 58, N/A, 58.98, 35|6, 57, N/A, 71.03, 35|
00:12:23 0, 55, N/A, 71.33, 40|1, 53, N/A, 69.11, 39|2, 56, N/A, 84.21, 39|3, 55, N/A, 71.08, 36|4, 56, N/A, 57.28, 34|5, 58, N/A, 56.55, 35|6, 57, N/A, 61.64, 35|
00:12:25 0, 55, N/A, 74.50, 40|1, 53, N/A, 79.19, 39|2, 56, N/A, 90.67, 39|3, 55, N/A, 77.43, 36|4, 56, N/A, 62.43, 34|5, 58, N/A, 61.74, 35|6, 57, N/A, 68.79, 34|
00:12:27 0, 55, N/A, 72.98, 40|1, 53, N/A, 74.98, 39|2, 56, N/A, 84.33, 39|3, 55, N/A, 65.38, 36|4, 56, N/A, 63.25, 35|5, 58, N/A, 58.33, 35|6, 57, N/A, 64.86, 35|
00:12:29 0, 55, N/A, 70.83, 41|1, 53, N/A, 73.54, 40|2, 56, N/A, 86.57, 40|3, 55, N/A, 73.00, 36|4, 56, N/A, 67.14, 35|5, 58, N/A, 70.79, 35|6, 57, N/A, 70.26, 35|
00:12:31 0, 56, N/A, 67.63, 40|1, 53, N/A, 75.47, 40|2, 57, N/A, 77.93, 38|3, 55, N/A, 72.48, 36|4, 56, N/A, 61.18, 34|5, 58, N/A, 60.51, 35|6, 57, N/A, 62.61, 34|
00:12:33 0, 56, N/A, 68.87, 39|1, 53, N/A, 77.52, 40|2, 57, N/A, 77.43, 38|3, 56, N/A, 66.40, 36|4, 56, N/A, 57.30, 33|5, 58, N/A, 64.76, 35|6, 57, N/A, 63.64, 35|
00:12:35 0, 55, N/A, 44.85, 68|1, 53, N/A, 50.24, 72|2, 56, N/A, 79.49, 71|3, 55, N/A, 50.20, 41|4, 56, N/A, 59.77, 32|5, 58, N/A, 46.79, 34|6, 57, N/A, 46.49, 33|
00:12:37 0, 55, N/A, 46.24, 82|1, 53, N/A, 79.65, 81|2, 56, N/A, 91.69, 78|3, 55, N/A, 58.29, 42|4, 56, N/A, 61.95, 42|5, 58, N/A, 57.83, 45|6, 57, N/A, 58.02, 43|
00:12:39 0, 55, N/A, 75.95, 85|1, 53, N/A, 80.14, 63|2, 56, N/A, 78.71, 63|3, 55, N/A, 52.14, 36|4, 56, N/A, 54.85, 33|5, 58, N/A, 51.93, 39|6, 57, N/A, 53.34, 38|
00:12:41 0, 55, N/A, 55.58, 84|1, 53, N/A, 70.58, 83|2, 56, N/A, 72.03, 79|3, 55, N/A, 48.91, 42|4, 56, N/A, 57.03, 40|5, 58, N/A, 48.95, 46|6, 57, N/A, 51.84, 44|
00:12:43 0, 55, N/A, 59.00, 71|1, 53, N/A, 63.94, 63|2, 56, N/A, 60.75, 65|3, 55, N/A, 60.67, 36|4, 56, N/A, 47.44, 38|5, 58, N/A, 64.61, 39|6, 57, N/A, 92.65, 34|
00:12:46 0, 55, N/A, 57.02, 84|1, 53, N/A, 54.85, 82|2, 56, N/A, 60.50, 81|3, 55, N/A, 46.21, 43|4, 56, N/A, 71.41, 40|5, 58, N/A, 46.48, 47|6, 57, N/A, 75.82, 44|
00:12:48 0, 55, N/A, 56.28, 82|1, 53, N/A, 55.83, 60|2, 56, N/A, 60.26, 77|3, 55, N/A, 76.80, 40|4, 56, N/A, 48.66, 41|5, 58, N/A, 78.07, 43|6, 57, N/A, 73.86, 34|
00:12:50 0, 55, N/A, 72.47, 82|1, 53, N/A, 48.72, 83|2, 56, N/A, 69.07, 81|3, 55, N/A, 78.07, 45|4, 56, N/A, 72.67, 43|5, 58, N/A, 80.78, 43|6, 57, N/A, 79.46, 40|
00:12:52 0, 55, N/A, 46.24, 54|1, 53, N/A, 49.22, 35|2, 56, N/A, 54.36, 56|3, 55, N/A, 58.92, 37|4, 56, N/A, 83.13, 36|5, 58, N/A, 98.33, 39|6, 57, N/A, 93.81, 22|
00:12:54 0, 55, N/A, 76.60, 85|1, 53, N/A, 81.56, 80|2, 56, N/A, 80.38, 80|3, 55, N/A, 50.63, 42|4, 56, N/A, 57.52, 45|5, 58, N/A, 52.38, 42|6, 57, N/A, 54.78, 35|
00:12:56 0, 55, N/A, 51.64, 83|1, 53, N/A, 53.12, 82|2, 56, N/A, 80.53, 79|3, 55, N/A, 62.85, 45|4, 56, N/A, 58.47, 39|5, 58, N/A, 53.34, 41|6, 57, N/A, 55.27, 42|
00:12:58 0, 55, N/A, 47.96, 84|1, 53, N/A, 70.01, 78|2, 56, N/A, 78.40, 77|3, 55, N/A, 51.09, 40|4, 56, N/A, 57.24, 41|5, 58, N/A, 51.62, 44|6, 57, N/A, 54.04, 39|
00:13:00 0, 55, N/A, 50.91, 82|1, 53, N/A, 51.65, 82|2, 56, N/A, 58.53, 77|3, 55, N/A, 77.28, 42|4, 56, N/A, 83.38, 42|5, 58, N/A, 79.30, 45|6, 57, N/A, 73.61, 42|
00:13:02 0, 55, N/A, 54.11, 84|1, 53, N/A, 52.17, 81|2, 56, N/A, 57.80, 77|3, 55, N/A, 71.45, 43|4, 56, N/A, 83.19, 43|5, 58, N/A, 74.44, 42|6, 57, N/A, 72.18, 35|
00:13:04 0, 55, N/A, 79.34, 82|1, 53, N/A, 74.47, 83|2, 56, N/A, 73.99, 77|3, 55, N/A, 50.14, 45|4, 56, N/A, 52.35, 38|5, 58, N/A, 49.93, 42|6, 57, N/A, 63.80, 41|
00:13:06 0, 55, N/A, 86.91, 85|1, 53, N/A, 71.28, 80|2, 56, N/A, 74.48, 78|3, 55, N/A, 50.85, 43|4, 56, N/A, 53.33, 46|5, 59, N/A, 49.90, 42|6, 57, N/A, 55.70, 35|
00:13:09 0, 55, N/A, 58.00, 82|1, 53, N/A, 72.26, 83|2, 56, N/A, 75.46, 78|3, 55, N/A, 50.14, 44|4, 56, N/A, 61.66, 39|5, 58, N/A, 50.66, 44|6, 57, N/A, 53.28, 43|
00:13:11 0, 55, N/A, 44.76, 86|1, 53, N/A, 61.73, 82|2, 56, N/A, 55.83, 79|3, 55, N/A, 85.15, 45|4, 56, N/A, 55.24, 37|5, 58, N/A, 79.50, 43|6, 57, N/A, 86.56, 43|
00:13:13 0, 56, N/A, 79.59, 85|1, 53, N/A, 73.49, 80|2, 57, N/A, 72.26, 81|3, 55, N/A, 49.89, 42|4, 56, N/A, 54.82, 44|5, 59, N/A, 50.42, 45|6, 57, N/A, 51.83, 39|
00:13:15 0, 55, N/A, 44.25, 87|1, 53, N/A, 54.60, 83|2, 56, N/A, 63.38, 82|3, 55, N/A, 68.45, 43|4, 57, N/A, 80.98, 42|5, 58, N/A, 64.15, 45|6, 57, N/A, 68.01, 41|
00:13:17 0, 56, N/A, 79.79, 84|1, 53, N/A, 72.26, 80|2, 56, N/A, 72.03, 79|3, 55, N/A, 50.63, 42|4, 56, N/A, 55.06, 45|5, 59, N/A, 50.42, 44|6, 57, N/A, 51.59, 36|
00:13:19 0, 56, N/A, 45.74, 86|1, 53, N/A, 75.21, 83|2, 56, N/A, 56.07, 81|3, 56, N/A, 50.63, 46|4, 56, N/A, 55.31, 38|5, 58, N/A, 44.27, 42|6, 57, N/A, 65.27, 43|
00:13:21 0, 55, N/A, 65.38, 84|1, 54, N/A, 48.23, 80|2, 57, N/A, 66.13, 82|3, 55, N/A, 78.07, 45|4, 56, N/A, 90.49, 44|5, 59, N/A, 79.30, 42|6, 57, N/A, 68.71, 35|
00:13:23 0, 56, N/A, 49.44, 86|1, 53, N/A, 54.59, 81|2, 57, N/A, 58.53, 80|3, 55, N/A, 71.19, 45|4, 56, N/A, 82.74, 40|5, 59, N/A, 45.74, 45|6, 57, N/A, 69.73, 40|
00:13:25 0, 55, N/A, 99.43, 85|1, 54, N/A, 50.17, 79|2, 57, N/A, 84.75, 81|3, 55, N/A, 43.99, 42|4, 56, N/A, 60.43, 41|5, 59, N/A, 54.08, 43|6, 57, N/A, 48.12, 40|
00:13:27 0, 56, N/A, 48.97, 85|1, 54, N/A, 61.98, 82|2, 57, N/A, 79.40, 78|3, 55, N/A, 52.35, 41|4, 56, N/A, 69.28, 44|5, 59, N/A, 53.37, 43|6, 57, N/A, 54.54, 40|
00:13:29 0, 56, N/A, 86.47, 86|1, 54, N/A, 64.43, 81|2, 57, N/A, 66.37, 82|3, 55, N/A, 47.93, 45|4, 56, N/A, 50.88, 39|5, 59, N/A, 48.20, 42|6, 57, N/A, 50.85, 40|
00:13:32 0, 55, N/A, 70.01, 87|1, 54, N/A, 66.61, 82|2, 57, N/A, 66.86, 79|3, 55, N/A, 52.56, 43|4, 57, N/A, 51.13, 44|5, 59, N/A, 57.27, 43|6, 57, N/A, 74.59, 40|
00:13:34 0, 56, N/A, 50.42, 84|1, 54, N/A, 51.40, 79|2, 57, N/A, 82.54, 77|3, 56, N/A, 54.04, 42|4, 56, N/A, 60.46, 45|5, 59, N/A, 55.34, 45|6, 57, N/A, 57.00, 39|
00:13:36 0, 56, N/A, 44.02, 86|1, 54, N/A, 57.06, 82|2, 57, N/A, 76.65, 77|3, 55, N/A, 63.33, 42|4, 56, N/A, 80.98, 39|5, 59, N/A, 67.32, 42|6, 57, N/A, 64.82, 42|
00:13:38 0, 56, N/A, 78.61, 83|1, 54, N/A, 74.47, 79|2, 57, N/A, 76.94, 78|3, 55, N/A, 50.38, 45|4, 56, N/A, 52.60, 41|5, 59, N/A, 51.37, 41|6, 57, N/A, 52.30, 37|
00:13:40 0, 56, N/A, 45.74, 86|1, 54, N/A, 88.68, 82|2, 57, N/A, 87.46, 77|3, 55, N/A, 43.99, 41|4, 57, N/A, 61.17, 41|5, 59, N/A, 44.02, 44|6, 57, N/A, 56.50, 39|
00:13:42 0, 56, N/A, 100.11, 84|1, 54, N/A, 48.94, 81|2, 57, N/A, 82.35, 78|3, 56, N/A, 59.44, 45|4, 56, N/A, 45.48, 41|5, 59, N/A, 54.08, 40|6, 57, N/A, 84.55, 42|
00:13:44 0, 56, N/A, 52.38, 81|1, 54, N/A, 54.08, 82|2, 57, N/A, 84.51, 81|3, 55, N/A, 52.81, 41|4, 57, N/A, 57.76, 46|5, 59, N/A, 59.73, 38|6, 57, N/A, 55.27, 40|
00:13:46 0, 56, N/A, 60.47, 87|1, 54, N/A, 68.12, 82|2, 57, N/A, 63.18, 81|3, 56, N/A, 46.46, 42|4, 56, N/A, 48.92, 42|5, 59, N/A, 46.48, 45|6, 57, N/A, 83.57, 40|
00:13:48 0, 56, N/A, 78.81, 85|1, 54, N/A, 76.65, 83|2, 57, N/A, 88.68, 81|3, 55, N/A, 53.06, 41|4, 57, N/A, 58.96, 44|5, 59, N/A, 53.09, 42|6, 57, N/A, 55.73, 43|
00:13:50 0, 56, N/A, 65.62, 84|1, 54, N/A, 64.43, 83|2, 57, N/A, 64.16, 78|3, 56, N/A, 56.74, 45|4, 56, N/A, 50.14, 41|5, 59, N/A, 58.23, 41|6, 57, N/A, 72.18, 39|
00:13:52 0, 56, N/A, 99.62, 86|1, 54, N/A, 49.89, 83|2, 57, N/A, 112.44, 82|3, 56, N/A, 44.24, 43|4, 56, N/A, 71.94, 42|5, 59, N/A, 44.76, 43|6, 57, N/A, 63.55, 43|
00:13:55 0, 56, N/A, 67.07, 84|1, 54, N/A, 115.57, 80|2, 57, N/A, 55.58, 77|3, 56, N/A, 61.66, 38|4, 56, N/A, 45.97, 48|5, 59, N/A, 62.92, 43|6, 57, N/A, 48.39, 41|
00:13:57 0, 56, N/A, 48.70, 85|1, 54, N/A, 50.91, 84|2, 57, N/A, 103.07, 77|3, 56, N/A, 61.16, 42|4, 57, N/A, 69.03, 43|5, 59, N/A, 58.51, 43|6, 58, N/A, 61.38, 41|
00:13:59 0, 56, N/A, 52.38, 84|1, 54, N/A, 50.42, 77|2, 57, N/A, 72.50, 81|3, 56, N/A, 67.26, 40|4, 56, N/A, 72.67, 42|5, 59, N/A, 68.05, 38|6, 57, N/A, 62.61, 42|
00:14:01 0, 56, N/A, 64.89, 63|1, 54, N/A, 61.49, 61|2, 57, N/A, 61.49, 56|3, 56, N/A, 47.93, 39|4, 57, N/A, 50.17, 35|5, 59, N/A, 48.20, 41|6, 57, N/A, 50.63, 35|
00:14:03 0, 56, N/A, 46.24, 86|1, 54, N/A, 75.45, 83|2, 57, N/A, 89.67, 78|3, 56, N/A, 57.20, 41|4, 57, N/A, 65.31, 45|5, 59, N/A, 57.03, 45|6, 57, N/A, 58.92, 38|
00:14:05 0, 56, N/A, 56.57, 81|1, 54, N/A, 58.29, 84|2, 57, N/A, 62.23, 79|3, 56, N/A, 52.81, 46|4, 57, N/A, 51.37, 41|5, 59, N/A, 55.27, 43|6, 57, N/A, 96.32, 43|
00:14:07 0, 56, N/A, 48.94, 86|1, 54, N/A, 63.63, 79|2, 57, N/A, 100.65, 80|3, 56, N/A, 60.67, 41|4, 57, N/A, 66.33, 44|5, 59, N/A, 61.21, 44|6, 57, N/A, 60.15, 37|
00:14:09 0, 56, N/A, 62.43, 79|1, 54, N/A, 63.21, 82|2, 57, N/A, 66.16, 75|3, 56, N/A, 51.12, 45|4, 57, N/A, 50.64, 38|5, 59, N/A, 47.71, 44|6, 58, N/A, 50.85, 43|
00:14:11 0, 56, N/A, 46.73, 85|1, 54, N/A, 76.63, 78|2, 57, N/A, 95.31, 82|3, 56, N/A, 55.51, 44|4, 57, N/A, 64.36, 42|5, 59, N/A, 58.51, 42|6, 57, N/A, 58.68, 36|
00:14:13 0, 56, N/A, 56.54, 80|1, 54, N/A, 57.06, 82|2, 57, N/A, 65.88, 77|3, 56, N/A, 57.94, 46|4, 57, N/A, 48.18, 38|5, 59, N/A, 62.39, 46|6, 58, N/A, 89.02, 44|
00:14:16 0, 56, N/A, 90.83, 80|1, 54, N/A, 74.72, 81|2, 57, N/A, 73.49, 79|3, 56, N/A, 49.62, 47|4, 57, N/A, 55.55, 42|5, 60, N/A, 51.37, 40|6, 57, N/A, 52.08, 40|
00:14:18 0, 56, N/A, 44.02, 85|1, 54, N/A, 62.92, 77|2, 57, N/A, 99.19, 79|3, 56, N/A, 61.65, 41|4, 57, N/A, 68.99, 42|5, 60, N/A, 63.91, 43|6, 58, N/A, 63.10, 43|
00:14:20 0, 56, N/A, 76.89, 78|1, 54, N/A, 67.59, 81|2, 57, N/A, 71.29, 79|3, 56, N/A, 49.89, 47|4, 57, N/A, 50.39, 41|5, 59, N/A, 49.68, 40|6, 58, N/A, 73.61, 40|
00:14:22 0, 56, N/A, 44.51, 87|1, 54, N/A, 61.24, 78|2, 57, N/A, 58.75, 83|3, 56, N/A, 65.30, 44|4, 57, N/A, 69.28, 42|5, 59, N/A, 57.52, 43|6, 58, N/A, 60.64, 46|
00:14:24 0, 56, N/A, 60.19, 79|1, 54, N/A, 92.11, 80|2, 57, N/A, 87.95, 82|3, 56, N/A, 54.53, 44|4, 57, N/A, 63.14, 46|5, 59, N/A, 57.55, 38|6, 58, N/A, 57.98, 45|
00:14:26 0, 56, N/A, 58.01, 87|1, 54, N/A, 58.53, 76|2, 58, N/A, 69.07, 81|3, 56, N/A, 46.43, 45|4, 57, N/A, 49.16, 39|5, 59, N/A, 49.65, 47|6, 58, N/A, 87.49, 44|
00:14:28 0, 56, N/A, 59.97, 86|1, 54, N/A, 57.80, 82|2, 58, N/A, 62.97, 80|3, 56, N/A, 46.21, 40|4, 57, N/A, 49.16, 45|5, 59, N/A, 60.92, 39|6, 58, N/A, 87.05, 45|
00:14:30 0, 56, N/A, 52.63, 86|1, 54, N/A, 53.12, 80|2, 58, N/A, 69.80, 79|3, 56, N/A, 53.79, 47|4, 57, N/A, 60.92, 40|5, 59, N/A, 53.37, 46|6, 57, N/A, 55.02, 41|
00:14:32 0, 56, N/A, 55.58, 86|1, 55, N/A, 56.81, 82|2, 58, N/A, 62.47, 83|3, 56, N/A, 61.16, 41|4, 57, N/A, 82.50, 41|5, 59, N/A, 62.89, 40|6, 58, N/A, 63.10, 39|
00:14:34 0, 56, N/A, 57.03, 83|1, 54, N/A, 77.62, 77|2, 58, N/A, 101.16, 77|3, 56, N/A, 58.21, 42|4, 57, N/A, 61.91, 44|5, 60, N/A, 60.23, 45|6, 58, N/A, 58.47, 41|
00:14:36 0, 56, N/A, 122.61, 81|1, 55, N/A, 49.92, 84|2, 58, N/A, 106.74, 77|3, 56, N/A, 43.75, 42|4, 57, N/A, 67.03, 38|5, 59, N/A, 44.51, 45|6, 58, N/A, 92.40, 45|
00:14:39 0, 57, N/A, 52.63, 88|1, 55, N/A, 53.15, 84|2, 58, N/A, 61.23, 84|3, 56, N/A, 121.98, 43|4, 57, N/A, 47.40, 39|5, 59, N/A, 110.60, 42|6, 58, N/A, 49.13, 41|
00:14:41 0, 56, N/A, 50.67, 87|1, 55, N/A, 53.12, 85|2, 57, N/A, 59.28, 83|3, 56, N/A, 73.60, 46|4, 57, N/A, 86.37, 39|5, 59, N/A, 70.50, 43|6, 58, N/A, 69.93, 43|
00:14:43 0, 57, N/A, 49.44, 88|1, 55, N/A, 74.96, 86|2, 58, N/A, 83.82, 78|3, 56, N/A, 49.65, 47|4, 57, N/A, 53.10, 42|5, 59, N/A, 48.70, 45|6, 58, N/A, 54.97, 37|
00:14:45 0, 56, N/A, 71.47, 74|1, 55, N/A, 84.06, 32|2, 57, N/A, 76.20, 74|3, 56, N/A, 50.85, 36|4, 57, N/A, 55.55, 41|5, 59, N/A, 51.89, 45|6, 58, N/A, 54.04, 15|
00:14:47 0, 57, N/A, 57.02, 79|1, 55, N/A, 73.24, 85|2, 58, N/A, 75.71, 74|3, 56, N/A, 50.63, 45|4, 57, N/A, 60.43, 38|5, 60, N/A, 49.93, 45|6, 58, N/A, 53.31, 45|
00:14:49 0, 57, N/A, 58.74, 63|1, 55, N/A, 59.03, 67|2, 58, N/A, 59.28, 56|3, 57, N/A, 46.70, 38|4, 57, N/A, 49.41, 35|5, 60, N/A, 47.71, 35|6, 58, N/A, 50.61, 45|
00:14:51 0, 57, N/A, 74.48, 40|1, 55, N/A, 79.19, 40|2, 58, N/A, 81.56, 39|3, 57, N/A, 66.29, 36|4, 58, N/A, 73.24, 33|5, 60, N/A, 76.20, 33|6, 58, N/A, 77.29, 33|
00:14:53 0, 57, N/A, 70.03, 40|1, 55, N/A, 79.98, 40|2, 59, N/A, 82.84, 39|3, 57, N/A, 74.97, 37|4, 57, N/A, 66.16, 34|5, 60, N/A, 65.22, 36|6, 58, N/A, 63.88, 35|
00:14:55 0, 57, N/A, 67.35, 42|1, 55, N/A, 82.19, 41|2, 59, N/A, 88.74, 40|3, 57, N/A, 79.15, 38|4, 57, N/A, 75.71, 35|5, 60, N/A, 61.15, 36|6, 58, N/A, 70.93, 36|
00:14:57 0, 58, N/A, 68.42, 41|1, 56, N/A, 74.53, 41|2, 59, N/A, 81.17, 39|3, 57, N/A, 66.33, 37|4, 57, N/A, 63.18, 36|5, 60, N/A, 65.22, 37|6, 58, N/A, 64.86, 36|
00:14:59 0, 58, N/A, 72.08, 41|1, 56, N/A, 81.96, 41|2, 59, N/A, 84.67, 39|3, 57, N/A, 72.07, 37|4, 57, N/A, 63.47, 35|5, 60, N/A, 65.71, 36|6, 58, N/A, 67.78, 35|
00:15:02 0, 58, N/A, 73.79, 40|1, 56, N/A, 85.90, 40|2, 59, N/A, 84.42, 40|3, 58, N/A, 74.24, 37|4, 57, N/A, 62.98, 35|5, 60, N/A, 62.30, 36|6, 58, N/A, 66.65, 35|
00:15:04 0, 58, N/A, 69.16, 41|1, 56, N/A, 76.80, 41|2, 59, N/A, 83.14, 39|3, 58, N/A, 66.41, 37|4, 57, N/A, 60.24, 35|5, 60, N/A, 60.05, 36|6, 58, N/A, 64.40, 35|
00:15:06 0, 58, N/A, 71.61, 41|1, 56, N/A, 75.27, 41|2, 59, N/A, 86.07, 39|3, 58, N/A, 73.99, 36|4, 57, N/A, 61.49, 35|5, 60, N/A, 64.21, 36|6, 58, N/A, 68.83, 35|
00:15:08 0, 58, N/A, 75.96, 40|1, 56, N/A, 79.68, 41|2, 59, N/A, 89.23, 38|3, 58, N/A, 78.09, 37|4, 57, N/A, 70.55, 34|5, 60, N/A, 71.08, 36|6, 58, N/A, 67.32, 36|
00:15:10 0, 58, N/A, 71.79, 41|1, 56, N/A, 74.98, 40|2, 59, N/A, 85.56, 39|3, 58, N/A, 73.54, 37|4, 57, N/A, 64.69, 35|5, 60, N/A, 60.02, 36|6, 58, N/A, 66.83, 36|
00:15:12 0, 58, N/A, 77.04, 40|1, 57, N/A, 81.56, 41|2, 59, N/A, 91.22, 39|3, 58, N/A, 69.99, 36|4, 57, N/A, 71.05, 35|5, 60, N/A, 64.45, 36|6, 58, N/A, 72.72, 35|
00:15:14 0, 58, N/A, 75.27, 40|1, 57, N/A, 81.07, 41|2, 60, N/A, 84.08, 39|3, 58, N/A, 65.08, 37|4, 57, N/A, 61.00, 34|5, 60, N/A, 58.55, 35|6, 58, N/A, 67.11, 35|
00:15:16 0, 58, N/A, 78.23, 41|1, 57, N/A, 84.91, 40|2, 60, N/A, 91.85, 40|3, 58, N/A, 69.04, 37|4, 58, N/A, 59.50, 36|5, 61, N/A, 60.79, 36|6, 58, N/A, 64.90, 36|
00:15:18 0, 58, N/A, 69.36, 41|1, 57, N/A, 70.58, 40|2, 60, N/A, 84.08, 39|3, 58, N/A, 71.32, 36|4, 57, N/A, 66.65, 35|5, 60, N/A, 66.21, 36|6, 58, N/A, 63.63, 35|
00:15:20 0, 58, N/A, 79.78, 41|1, 57, N/A, 79.44, 41|2, 60, N/A, 89.54, 40|3, 58, N/A, 80.91, 37|4, 58, N/A, 64.45, 35|5, 60, N/A, 66.94, 36|6, 58, N/A, 68.83, 36|
00:15:22 0, 59, N/A, 70.56, 40|1, 57, N/A, 72.56, 40|2, 60, N/A, 82.19, 38|3, 58, N/A, 74.03, 36|4, 58, N/A, 62.65, 35|5, 60, N/A, 61.49, 36|6, 58, N/A, 64.58, 36|
00:15:24 0, 59, N/A, 84.12, 41|1, 57, N/A, 83.67, 40|2, 60, N/A, 88.51, 39|3, 58, N/A, 74.03, 37|4, 58, N/A, 62.23, 35|5, 60, N/A, 57.28, 35|6, 58, N/A, 65.14, 35|
00:15:27 0, 59, N/A, 75.48, 41|1, 57, N/A, 78.01, 40|2, 60, N/A, 82.65, 40|3, 58, N/A, 73.50, 36|4, 58, N/A, 63.70, 36|5, 61, N/A, 64.23, 37|6, 58, N/A, 64.83, 35|
00:15:29 0, 59, N/A, 69.36, 40|1, 57, N/A, 78.26, 40|2, 60, N/A, 88.26, 39|3, 59, N/A, 76.24, 37|4, 58, N/A, 67.11, 35|5, 60, N/A, 72.35, 36|6, 58, N/A, 75.18, 37|
00:15:31 0, 58, N/A, 43.37, 11|1, 57, N/A, 47.07, 21|2, 60, N/A, 54.43, 9|3, 58, N/A, 43.34, 13|4, 57, N/A, 38.69, 8|5, 60, N/A, 38.44, 5|6, 58, N/A, 41.35, 0|
00:15:33 0, 58, N/A, 66.20, 79|1, 57, N/A, 65.99, 82|2, 60, N/A, 67.93, 74|3, 58, N/A, 48.24, 44|4, 58, N/A, 49.47, 46|5, 60, N/A, 50.73, 38|6, 58, N/A, 68.27, 45|
00:15:35 0, 58, N/A, 60.55, 86|1, 57, N/A, 59.84, 83|2, 60, N/A, 64.24, 78|3, 58, N/A, 81.31, 40|4, 58, N/A, 51.16, 47|5, 60, N/A, 84.47, 43|6, 58, N/A, 114.47, 40|
00:15:37 0, 58, N/A, 85.04, 79|1, 57, N/A, 78.21, 83|2, 60, N/A, 82.89, 73|3, 58, N/A, 53.83, 48|4, 58, N/A, 59.28, 48|5, 60, N/A, 52.91, 37|6, 58, N/A, 55.31, 45|
00:15:39 0, 58, N/A, 47.49, 84|1, 57, N/A, 70.54, 75|2, 60, N/A, 74.24, 80|3, 58, N/A, 49.89, 41|4, 58, N/A, 53.58, 45|5, 60, N/A, 50.91, 45|6, 58, N/A, 52.82, 36|
00:15:41 0, 58, N/A, 56.07, 86|1, 57, N/A, 58.04, 82|2, 60, N/A, 63.21, 81|3, 58, N/A, 77.29, 42|4, 58, N/A, 71.94, 44|5, 60, N/A, 62.19, 38|6, 58, N/A, 62.85, 47|
00:15:43 0, 59, N/A, 65.87, 80|1, 57, N/A, 49.68, 83|2, 60, N/A, 98.15, 76|3, 58, N/A, 63.37, 41|4, 58, N/A, 72.92, 45|5, 61, N/A, 63.18, 37|6, 58, N/A, 58.19, 42|
00:15:45 0, 58, N/A, 51.41, 87|1, 57, N/A, 54.35, 83|2, 60, N/A, 63.67, 81|3, 58, N/A, 70.94, 46|4, 57, N/A, 85.39, 40|5, 60, N/A, 69.77, 49|6, 58, N/A, 65.80, 44|
00:15:47 0, 58, N/A, 58.25, 82|1, 57, N/A, 57.80, 81|2, 60, N/A, 63.90, 83|3, 58, N/A, 62.36, 49|4, 57, N/A, 65.55, 42|5, 60, N/A, 70.02, 42|6, 58, N/A, 59.42, 45|
00:15:50 0, 58, N/A, 49.16, 86|1, 56, N/A, 74.68, 83|2, 59, N/A, 94.78, 75|3, 58, N/A, 51.58, 47|4, 57, N/A, 55.55, 38|5, 60, N/A, 53.12, 46|6, 58, N/A, 54.04, 37|
00:15:52 0, 58, N/A, 50.67, 77|1, 56, N/A, 52.38, 82|2, 59, N/A, 60.51, 80|3, 58, N/A, 64.60, 40|4, 57, N/A, 68.05, 46|5, 60, N/A, 59.49, 36|6, 58, N/A, 61.17, 42|
00:15:54 0, 58, N/A, 122.79, 87|1, 56, N/A, 126.36, 84|2, 59, N/A, 56.28, 83|3, 58, N/A, 64.11, 41|4, 57, N/A, 45.47, 39|5, 60, N/A, 62.65, 44|6, 57, N/A, 53.27, 42|
00:15:56 0, 57, N/A, 82.98, 88|1, 56, N/A, 79.10, 85|2, 59, N/A, 81.56, 82|3, 57, N/A, 53.30, 42|4, 57, N/A, 53.34, 45|5, 60, N/A, 50.91, 42|6, 57, N/A, 52.54, 39|
00:15:58 0, 57, N/A, 69.03, 85|1, 56, N/A, 66.11, 72|2, 59, N/A, 67.31, 80|3, 57, N/A, 49.13, 38|4, 57, N/A, 50.88, 49|5, 60, N/A, 49.43, 37|6, 57, N/A, 54.26, 46|
00:16:00 0, 57, N/A, 50.18, 88|1, 56, N/A, 54.35, 84|2, 58, N/A, 72.22, 76|3, 57, N/A, 67.51, 48|4, 56, N/A, 74.64, 40|5, 60, N/A, 62.68, 47|6, 57, N/A, 64.08, 44|
00:16:02 0, 57, N/A, 48.70, 78|1, 55, N/A, 54.35, 82|2, 58, N/A, 111.89, 75|3, 57, N/A, 46.18, 47|4, 56, N/A, 130.24, 40|5, 59, N/A, 45.72, 44|6, 57, N/A, 115.12, 39|
00:16:04 0, 57, N/A, 53.37, 85|1, 55, N/A, 51.89, 73|2, 58, N/A, 57.80, 79|3, 56, N/A, 69.72, 43|4, 56, N/A, 73.17, 40|5, 59, N/A, 69.04, 43|6, 57, N/A, 67.52, 47|
00:16:06 0, 57, N/A, 46.51, 61|1, 55, N/A, 48.97, 72|2, 58, N/A, 54.88, 50|3, 57, N/A, 43.78, 45|4, 56, N/A, 44.76, 32|5, 59, N/A, 44.54, 44|6, 57, N/A, 47.69, 38|
00:16:08 0, 57, N/A, 70.49, 87|1, 55, N/A, 85.48, 79|2, 57, N/A, 84.02, 79|3, 56, N/A, 52.32, 39|4, 56, N/A, 59.23, 45|5, 59, N/A, 53.83, 48|6, 57, N/A, 55.73, 39|
00:16:10 0, 56, N/A, 79.54, 85|1, 55, N/A, 84.02, 84|2, 57, N/A, 79.89, 79|3, 56, N/A, 52.32, 41|4, 56, N/A, 52.35, 41|5, 59, N/A, 51.13, 44|6, 56, N/A, 52.82, 43|
00:16:13 0, 56, N/A, 49.16, 86|1, 54, N/A, 50.91, 81|2, 57, N/A, 93.97, 83|3, 56, N/A, 65.05, 45|4, 55, N/A, 72.43, 43|5, 59, N/A, 64.61, 42|6, 56, N/A, 60.15, 43|
00:16:15 0, 56, N/A, 49.19, 86|1, 54, N/A, 83.47, 75|2, 57, N/A, 93.06, 78|3, 56, N/A, 56.98, 38|4, 56, N/A, 60.92, 46|5, 59, N/A, 58.75, 46|6, 56, N/A, 58.43, 34|
00:16:17 0, 56, N/A, 65.38, 77|1, 54, N/A, 62.67, 83|2, 57, N/A, 64.90, 73|3, 56, N/A, 51.61, 48|4, 55, N/A, 49.41, 49|5, 59, N/A, 47.47, 38|6, 56, N/A, 50.61, 42|
00:16:19 0, 56, N/A, 61.94, 86|1, 54, N/A, 78.06, 76|2, 57, N/A, 97.71, 83|3, 56, N/A, 56.74, 45|4, 55, N/A, 67.27, 41|5, 59, N/A, 57.52, 44|6, 56, N/A, 54.51, 40|
00:16:21 0, 56, N/A, 56.81, 87|1, 54, N/A, 57.06, 76|2, 57, N/A, 66.90, 84|3, 55, N/A, 51.86, 44|4, 55, N/A, 47.19, 45|5, 58, N/A, 61.20, 43|6, 55, N/A, 88.24, 41|
00:16:23 0, 56, N/A, 48.45, 79|1, 54, N/A, 50.94, 83|2, 56, N/A, 98.94, 77|3, 56, N/A, 61.62, 51|4, 55, N/A, 70.96, 45|5, 58, N/A, 57.03, 36|6, 56, N/A, 58.96, 50|
00:16:25 0, 56, N/A, 47.71, 88|1, 54, N/A, 75.20, 84|2, 56, N/A, 88.64, 74|3, 56, N/A, 56.98, 48|4, 55, N/A, 62.89, 37|5, 58, N/A, 56.78, 46|6, 55, N/A, 58.92, 42|
00:16:27 0, 55, N/A, 61.70, 86|1, 54, N/A, 63.66, 82|2, 56, N/A, 66.65, 80|3, 55, N/A, 57.97, 44|4, 55, N/A, 50.14, 42|5, 58, N/A, 55.55, 44|6, 55, N/A, 72.14, 45|
00:16:29 0, 55, N/A, 52.63, 85|1, 53, N/A, 52.63, 72|2, 56, N/A, 102.37, 79|3, 55, N/A, 59.90, 39|4, 55, N/A, 64.08, 43|5, 58, N/A, 61.95, 43|6, 55, N/A, 60.64, 48|
00:16:31 0, 55, N/A, 70.29, 87|1, 53, N/A, 64.93, 83|2, 56, N/A, 69.11, 74|3, 55, N/A, 47.93, 50|4, 54, N/A, 49.41, 36|5, 58, N/A, 56.78, 48|6, 55, N/A, 68.25, 39|
00:16:33 0, 55, N/A, 60.22, 86|1, 53, N/A, 57.80, 82|2, 56, N/A, 62.23, 84|3, 55, N/A, 49.16, 41|4, 55, N/A, 47.68, 48|5, 58, N/A, 54.32, 36|6, 55, N/A, 88.24, 47|
00:16:36 0, 55, N/A, 62.18, 86|1, 53, N/A, 75.17, 83|2, 55, N/A, 93.59, 80|3, 55, N/A, 62.88, 40|4, 54, N/A, 63.87, 40|5, 58, N/A, 60.72, 46|6, 55, N/A, 58.22, 42|
00:16:38 0, 55, N/A, 51.90, 75|1, 53, N/A, 55.13, 83|2, 55, N/A, 59.80, 70|3, 55, N/A, 60.96, 48|4, 54, N/A, 84.47, 37|5, 58, N/A, 60.51, 46|6, 55, N/A, 59.46, 43|
00:16:40 0, 55, N/A, 68.54, 87|1, 53, N/A, 67.85, 72|2, 55, N/A, 65.14, 84|3, 55, N/A, 46.94, 44|4, 54, N/A, 48.42, 51|5, 58, N/A, 47.22, 39|6, 55, N/A, 59.91, 49|
00:16:42 0, 55, N/A, 44.79, 73|1, 53, N/A, 47.74, 43|2, 55, N/A, 52.88, 58|3, 55, N/A, 43.04, 49|4, 54, N/A, 44.02, 37|5, 58, N/A, 43.81, 43|6, 54, N/A, 46.68, 30|
00:16:44 0, 54, N/A, 55.62, 78|1, 53, N/A, 56.36, 81|2, 55, N/A, 59.31, 76|3, 55, N/A, 46.73, 50|4, 54, N/A, 89.56, 47|5, 57, N/A, 112.08, 33|6, 54, N/A, 49.87, 41|
00:16:46 0, 54, N/A, 60.01, 88|1, 52, N/A, 56.85, 73|2, 55, N/A, 62.48, 81|3, 55, N/A, 67.80, 37|4, 54, N/A, 55.06, 50|5, 57, N/A, 67.36, 46|6, 54, N/A, 64.37, 43|
00:16:48 0, 54, N/A, 49.22, 87|1, 52, N/A, 52.17, 83|2, 55, N/A, 56.85, 82|3, 55, N/A, 76.35, 43|4, 54, N/A, 83.72, 45|5, 57, N/A, 72.23, 44|6, 54, N/A, 68.01, 47|
00:16:50 0, 55, N/A, 67.36, 85|1, 52, N/A, 46.51, 83|2, 55, N/A, 85.26, 81|3, 55, N/A, 65.33, 45|4, 54, N/A, 78.13, 40|5, 57, N/A, 67.60, 48|6, 54, N/A, 57.24, 34|
00:16:52 0, 54, N/A, 48.20, 88|1, 52, N/A, 62.96, 73|2, 55, N/A, 96.61, 80|3, 55, N/A, 51.61, 51|4, 54, N/A, 55.31, 36|5, 57, N/A, 52.14, 46|6, 54, N/A, 53.34, 38|
00:16:54 0, 55, N/A, 56.32, 79|1, 53, N/A, 72.26, 84|2, 55, N/A, 74.23, 76|3, 55, N/A, 47.68, 50|4, 54, N/A, 55.56, 47|5, 57, N/A, 48.70, 37|6, 55, N/A, 50.12, 46|
00:16:57 0, 55, N/A, 101.10, 76|1, 53, N/A, 47.22, 82|2, 55, N/A, 85.00, 86|3, 55, N/A, 88.82, 49|4, 54, N/A, 66.28, 47|5, 58, N/A, 91.48, 41|6, 54, N/A, 76.02, 42|
00:16:59 0, 55, N/A, 46.97, 87|1, 53, N/A, 54.84, 73|2, 55, N/A, 103.85, 81|3, 55, N/A, 55.76, 48|4, 54, N/A, 63.38, 41|5, 58, N/A, 57.77, 44|6, 55, N/A, 56.96, 41|
00:17:01 0, 55, N/A, 48.70, 86|1, 53, N/A, 73.98, 73|2, 55, N/A, 74.43, 83|3, 55, N/A, 50.36, 39|4, 54, N/A, 52.35, 44|5, 58, N/A, 49.93, 38|6, 55, N/A, 55.24, 49|
00:17:03 0, 55, N/A, 56.53, 86|1, 53, N/A, 88.88, 84|2, 55, N/A, 70.54, 75|3, 55, N/A, 49.37, 44|4, 54, N/A, 52.85, 39|5, 58, N/A, 50.42, 48|6, 55, N/A, 51.83, 39|
00:17:05 0, 55, N/A, 54.59, 76|1, 53, N/A, 56.57, 84|2, 55, N/A, 60.75, 71|3, 55, N/A, 57.72, 44|4, 54, N/A, 49.90, 37|5, 58, N/A, 59.24, 48|6, 55, N/A, 92.88, 50|
00:17:07 0, 55, N/A, 55.10, 86|1, 53, N/A, 55.83, 83|2, 56, N/A, 60.50, 84|3, 55, N/A, 59.20, 38|4, 54, N/A, 47.19, 49|5, 58, N/A, 60.46, 37|6, 55, N/A, 96.32, 47|
00:17:09 0, 55, N/A, 43.53, 59|1, 53, N/A, 84.30, 73|2, 56, N/A, 53.86, 55|3, 56, N/A, 89.56, 47|4, 54, N/A, 50.60, 31|5, 58, N/A, 91.96, 33|6, 55, N/A, 88.78, 34|
00:17:11 0, 55, N/A, 49.44, 78|1, 53, N/A, 52.63, 86|2, 56, N/A, 57.30, 75|3, 55, N/A, 74.09, 51|4, 55, N/A, 87.84, 35|5, 58, N/A, 68.79, 43|6, 55, N/A, 68.01, 42|
00:17:13 0, 55, N/A, 45.72, 83|1, 53, N/A, 81.31, 65|2, 56, N/A, 91.59, 78|3, 55, N/A, 56.01, 28|4, 55, N/A, 62.89, 46|5, 58, N/A, 57.52, 38|6, 55, N/A, 55.98, 46|
00:17:15 0, 55, N/A, 43.04, 86|1, 54, N/A, 67.59, 72|2, 56, N/A, 83.91, 83|3, 56, N/A, 63.09, 42|4, 54, N/A, 63.13, 45|5, 59, N/A, 61.91, 45|6, 56, N/A, 60.89, 49|
00:17:17 0, 55, N/A, 70.70, 75|1, 54, N/A, 80.82, 85|2, 56, N/A, 82.54, 72|3, 55, N/A, 53.30, 45|4, 55, N/A, 58.71, 38|5, 58, N/A, 50.66, 49|6, 55, N/A, 53.55, 46|
00:17:20 0, 56, N/A, 53.10, 86|1, 54, N/A, 50.66, 72|2, 56, N/A, 70.50, 78|3, 55, N/A, 67.75, 46|4, 55, N/A, 72.67, 36|5, 58, N/A, 68.29, 49|6, 55, N/A, 65.06, 35|
00:17:22 0, 55, N/A, 43.28, 87|1, 54, N/A, 97.04, 82|2, 56, N/A, 53.86, 81|3, 56, N/A, 57.23, 48|4, 55, N/A, 61.42, 39|5, 58, N/A, 45.01, 48|6, 56, N/A, 99.76, 42|
00:17:24 0, 55, N/A, 59.76, 75|1, 54, N/A, 56.81, 79|2, 56, N/A, 61.49, 82|3, 56, N/A, 55.02, 39|4, 55, N/A, 47.44, 51|5, 58, N/A, 62.15, 33|6, 55, N/A, 82.65, 43|
00:17:26 0, 56, N/A, 50.91, 86|1, 54, N/A, 61.70, 82|2, 56, N/A, 75.22, 82|3, 56, N/A, 50.38, 50|4, 55, N/A, 53.34, 39|5, 59, N/A, 51.16, 44|6, 55, N/A, 52.33, 43|
00:17:28 0, 56, N/A, 70.05, 89|1, 54, N/A, 67.11, 84|2, 56, N/A, 69.81, 75|3, 56, N/A, 53.30, 52|4, 55, N/A, 51.37, 34|5, 58, N/A, 48.70, 46|6, 56, N/A, 50.12, 39|
00:17:30 0, 56, N/A, 53.86, 87|1, 54, N/A, 54.35, 84|2, 56, N/A, 60.50, 85|3, 56, N/A, 62.15, 40|4, 55, N/A, 70.01, 45|5, 58, N/A, 71.98, 44|6, 56, N/A, 60.40, 47|
00:17:32 0, 56, N/A, 48.70, 86|1, 54, N/A, 73.94, 82|2, 56, N/A, 58.04, 80|3, 56, N/A, 138.48, 38|4, 55, N/A, 45.69, 43|5, 59, N/A, 141.26, 43|6, 56, N/A, 48.60, 41|
00:17:34 0, 56, N/A, 75.42, 89|1, 54, N/A, 67.60, 86|2, 56, N/A, 71.04, 79|3, 56, N/A, 48.42, 48|4, 55, N/A, 51.13, 42|5, 59, N/A, 49.19, 50|6, 56, N/A, 65.52, 35|
00:17:36 0, 56, N/A, 43.28, 65|1, 54, N/A, 47.00, 57|2, 56, N/A, 52.38, 47|3, 56, N/A, 42.77, 42|4, 55, N/A, 43.53, 31|5, 59, N/A, 43.78, 46|6, 56, N/A, 46.43, 31|
00:17:38 0, 56, N/A, 64.12, 86|1, 54, N/A, 70.82, 71|2, 57, N/A, 65.39, 78|3, 56, N/A, 47.44, 43|4, 55, N/A, 48.92, 41|5, 59, N/A, 46.73, 49|6, 56, N/A, 80.68, 36|
00:17:40 0, 56, N/A, 60.95, 75|1, 54, N/A, 62.47, 85|2, 57, N/A, 65.43, 70|3, 56, N/A, 64.11, 50|4, 55, N/A, 48.92, 37|5, 59, N/A, 68.04, 46|6, 56, N/A, 70.96, 51|
00:17:43 0, 56, N/A, 49.44, 76|1, 54, N/A, 52.63, 80|2, 57, N/A, 110.18, 70|3, 56, N/A, 44.46, 43|4, 55, N/A, 138.81, 45|5, 59, N/A, 150.23, 35|6, 56, N/A, 48.12, 51|
00:17:45 0, 56, N/A, 49.93, 88|1, 54, N/A, 63.90, 77|2, 57, N/A, 101.39, 80|3, 56, N/A, 59.41, 37|4, 55, N/A, 65.35, 45|5, 59, N/A, 60.96, 53|6, 56, N/A, 59.91, 40|
00:17:47 0, 56, N/A, 45.00, 87|1, 55, N/A, 74.47, 82|2, 57, N/A, 54.60, 82|3, 57, N/A, 81.45, 48|4, 56, N/A, 95.10, 47|5, 59, N/A, 65.35, 47|6, 57, N/A, 70.92, 40|
00:17:49 0, 56, N/A, 70.50, 75|1, 54, N/A, 65.63, 81|2, 57, N/A, 69.81, 72|3, 56, N/A, 49.16, 52|4, 55, N/A, 51.62, 46|5, 59, N/A, 53.62, 36|6, 56, N/A, 51.34, 45|
00:17:51 0, 57, N/A, 68.57, 78|1, 54, N/A, 62.47, 81|2, 57, N/A, 69.85, 84|3, 56, N/A, 58.50, 53|4, 55, N/A, 48.92, 36|5, 59, N/A, 58.75, 42|6, 56, N/A, 71.16, 40|
00:17:53 0, 56, N/A, 46.48, 88|1, 54, N/A, 84.70, 83|2, 57, N/A, 94.52, 84|3, 56, N/A, 55.76, 52|4, 56, N/A, 62.64, 38|5, 59, N/A, 55.06, 41|6, 56, N/A, 54.78, 45|
00:17:55 0, 56, N/A, 61.69, 86|1, 55, N/A, 67.60, 83|2, 57, N/A, 79.39, 82|3, 56, N/A, 52.32, 48|4, 56, N/A, 62.89, 45|5, 59, N/A, 51.40, 48|6, 57, N/A, 78.68, 40|
00:17:57 0, 56, N/A, 42.33, 2|1, 54, N/A, 46.02, 5|2, 57, N/A, 52.38, 2|3, 56, N/A, 42.30, 2|4, 55, N/A, 44.02, 2|5, 59, N/A, 43.53, 2|6, 56, N/A, 46.68, 2|
00:17:59 0, 56, N/A, 47.74, 85|1, 55, N/A, 75.21, 70|2, 57, N/A, 76.45, 80|3, 56, N/A, 51.37, 36|4, 56, N/A, 55.06, 49|5, 59, N/A, 51.90, 45|6, 56, N/A, 53.07, 35|
00:18:01 0, 56, N/A, 46.73, 84|1, 55, N/A, 97.71, 84|2, 57, N/A, 84.75, 80|3, 57, N/A, 55.76, 41|4, 56, N/A, 58.96, 45|5, 60, N/A, 56.05, 45|6, 57, N/A, 56.74, 45|
00:18:03 0, 57, N/A, 72.71, 41|1, 55, N/A, 77.14, 42|2, 58, N/A, 91.40, 40|3, 57, N/A, 73.15, 38|4, 56, N/A, 74.36, 33|5, 60, N/A, 85.48, 34|6, 57, N/A, 81.71, 34|
00:18:05 0, 57, N/A, 78.70, 43|1, 55, N/A, 83.71, 42|2, 58, N/A, 82.99, 40|3, 57, N/A, 74.72, 38|4, 57, N/A, 74.16, 34|5, 60, N/A, 72.20, 35|6, 57, N/A, 81.72, 34|
00:18:08 0, 57, N/A, 73.02, 41|1, 56, N/A, 83.18, 42|2, 58, N/A, 93.49, 39|3, 57, N/A, 73.42, 38|4, 57, N/A, 76.42, 33|5, 60, N/A, 75.23, 35|6, 57, N/A, 92.32, 35|
00:18:10 0, 57, N/A, 79.98, 42|1, 56, N/A, 90.57, 42|2, 58, N/A, 83.39, 41|3, 57, N/A, 78.46, 38|4, 57, N/A, 75.20, 34|5, 60, N/A, 76.74, 35|6, 57, N/A, 80.05, 35|
00:18:12 0, 58, N/A, 76.13, 42|1, 56, N/A, 77.12, 42|2, 58, N/A, 85.07, 40|3, 57, N/A, 68.54, 38|4, 57, N/A, 79.94, 34|5, 60, N/A, 78.20, 34|6, 58, N/A, 81.62, 34|
00:18:14 0, 58, N/A, 72.39, 41|1, 56, N/A, 73.55, 41|2, 58, N/A, 87.32, 39|3, 57, N/A, 71.74, 38|4, 57, N/A, 73.39, 33|5, 61, N/A, 74.54, 34|6, 58, N/A, 82.56, 34|
00:18:16 0, 58, N/A, 71.33, 29|1, 56, N/A, 78.06, 29|2, 58, N/A, 89.88, 28|3, 58, N/A, 70.79, 30|4, 57, N/A, 70.81, 24|5, 61, N/A, 72.56, 24|6, 58, N/A, 78.62, 24|
00:18:18 0, 58, N/A, 75.77, 42|1, 56, N/A, 82.96, 42|2, 59, N/A, 90.54, 40|3, 58, N/A, 70.05, 39|4, 57, N/A, 77.44, 34|5, 61, N/A, 73.72, 34|6, 58, N/A, 79.08, 35|
00:18:20 0, 58, N/A, 72.58, 42|1, 56, N/A, 79.49, 41|2, 59, N/A, 92.06, 41|3, 58, N/A, 77.97, 37|4, 57, N/A, 74.78, 34|5, 61, N/A, 73.55, 35|6, 58, N/A, 80.34, 34|
00:18:22 0, 58, N/A, 69.07, 42|1, 56, N/A, 85.25, 42|2, 59, N/A, 91.40, 41|3, 58, N/A, 74.40, 37|4, 58, N/A, 79.57, 33|5, 61, N/A, 82.06, 35|6, 58, N/A, 84.27, 34|
00:18:24 0, 58, N/A, 81.42, 41|1, 56, N/A, 88.31, 42|2, 59, N/A, 90.78, 40|3, 58, N/A, 78.86, 38|4, 58, N/A, 76.17, 33|5, 61, N/A, 72.00, 34|6, 58, N/A, 81.81, 34|
00:18:26 0, 58, N/A, 67.56, 42|1, 57, N/A, 79.36, 42|2, 59, N/A, 89.72, 40|3, 58, N/A, 77.41, 37|4, 58, N/A, 84.18, 34|5, 61, N/A, 80.83, 35|6, 58, N/A, 78.73, 34|
00:18:28 0, 58, N/A, 74.45, 41|1, 57, N/A, 88.01, 42|2, 59, N/A, 91.91, 40|3, 58, N/A, 75.67, 38|4, 58, N/A, 74.21, 33|5, 61, N/A, 78.38, 34|6, 58, N/A, 83.74, 34|
00:18:30 0, 58, N/A, 76.95, 42|1, 56, N/A, 73.75, 41|2, 59, N/A, 87.58, 41|3, 58, N/A, 75.50, 38|4, 57, N/A, 79.16, 34|5, 61, N/A, 70.81, 35|6, 58, N/A, 77.93, 34|
00:18:33 0, 58, N/A, 80.89, 42|1, 56, N/A, 84.71, 42|2, 59, N/A, 87.66, 41|3, 58, N/A, 79.40, 37|4, 57, N/A, 80.15, 34|5, 61, N/A, 79.24, 35|6, 58, N/A, 80.05, 34|
00:18:35 0, 58, N/A, 85.85, 36|1, 56, N/A, 79.94, 30|2, 59, N/A, 86.14, 34|3, 58, N/A, 74.77, 26|4, 57, N/A, 75.44, 30|5, 61, N/A, 75.49, 25|6, 58, N/A, 77.89, 24|
00:18:37 0, 58, N/A, 81.18, 42|1, 56, N/A, 85.61, 42|2, 58, N/A, 82.28, 41|3, 58, N/A, 72.21, 37|4, 57, N/A, 79.44, 34|5, 61, N/A, 71.33, 35|6, 58, N/A, 78.59, 34|
00:18:39 0, 58, N/A, 73.51, 42|1, 56, N/A, 86.85, 42|2, 58, N/A, 79.20, 40|3, 58, N/A, 78.01, 38|4, 57, N/A, 79.21, 33|5, 61, N/A, 79.70, 34|6, 58, N/A, 86.23, 35|
00:18:41 0, 58, N/A, 71.86, 41|1, 56, N/A, 87.58, 41|2, 58, N/A, 96.03, 39|3, 58, N/A, 79.14, 37|4, 57, N/A, 79.58, 33|5, 61, N/A, 78.42, 35|6, 58, N/A, 84.67, 34|
00:18:43 0, 57, N/A, 54.39, 86|1, 55, N/A, 54.17, 72|2, 58, N/A, 60.30, 81|3, 57, N/A, 58.00, 53|4, 57, N/A, 63.42, 44|5, 60, N/A, 57.31, 50|6, 57, N/A, 59.00, 33|
00:18:45 0, 57, N/A, 45.28, 88|1, 55, N/A, 67.68, 75|2, 57, N/A, 70.58, 82|3, 57, N/A, 72.91, 43|4, 57, N/A, 86.19, 44|5, 60, N/A, 65.64, 39|6, 57, N/A, 70.22, 51|
00:18:47 0, 57, N/A, 56.60, 76|1, 55, N/A, 58.57, 85|2, 57, N/A, 62.02, 87|3, 56, N/A, 69.03, 40|4, 56, N/A, 48.46, 48|5, 60, N/A, 74.44, 37|6, 57, N/A, 82.74, 46|
00:18:49 0, 57, N/A, 59.31, 86|1, 55, N/A, 57.87, 79|2, 57, N/A, 64.48, 82|3, 57, N/A, 61.70, 45|4, 56, N/A, 72.52, 37|5, 60, N/A, 64.69, 47|6, 56, N/A, 61.46, 37|
00:18:51 0, 56, N/A, 73.54, 87|1, 54, N/A, 68.17, 83|2, 57, N/A, 71.87, 69|3, 56, N/A, 48.48, 43|4, 56, N/A, 51.44, 40|5, 60, N/A, 48.98, 46|6, 56, N/A, 66.82, 36|
00:18:53 0, 56, N/A, 58.79, 74|1, 55, N/A, 59.31, 84|2, 57, N/A, 62.51, 84|3, 56, N/A, 49.93, 39|4, 56, N/A, 51.41, 47|5, 59, N/A, 58.05, 39|6, 56, N/A, 94.96, 51|
00:18:56 0, 56, N/A, 84.27, 87|1, 54, N/A, 65.71, 69|2, 57, N/A, 67.19, 85|3, 56, N/A, 48.20, 41|4, 56, N/A, 50.91, 46|5, 59, N/A, 48.24, 37|6, 56, N/A, 50.88, 50|
00:18:58 0, 56, N/A, 77.73, 89|1, 54, N/A, 69.15, 83|2, 56, N/A, 69.17, 73|3, 56, N/A, 48.95, 50|4, 56, N/A, 52.18, 39|5, 59, N/A, 49.01, 52|6, 56, N/A, 61.67, 34|
00:19:00 0, 56, N/A, 105.82, 55|1, 54, N/A, 137.90, 67|2, 56, N/A, 78.41, 42|3, 56, N/A, 146.62, 45|4, 55, N/A, 58.22, 27|5, 59, N/A, 165.19, 54|6, 56, N/A, 56.01, 28|
00:19:02 0, 56, N/A, 58.58, 87|1, 54, N/A, 58.85, 81|2, 56, N/A, 62.52, 80|3, 56, N/A, 46.27, 40|4, 55, N/A, 48.97, 51|5, 59, N/A, 47.04, 52|6, 56, N/A, 79.02, 29|
00:19:04 0, 56, N/A, 58.53, 86|1, 54, N/A, 57.10, 81|2, 56, N/A, 62.02, 77|3, 56, N/A, 84.21, 40|4, 55, N/A, 49.43, 42|5, 59, N/A, 83.48, 49|6, 56, N/A, 121.93, 36|
00:19:06 0, 55, N/A, 48.73, 75|1, 54, N/A, 50.97, 85|2, 56, N/A, 64.94, 71|3, 56, N/A, 69.27, 51|4, 55, N/A, 73.46, 49|5, 59, N/A, 69.82, 34|6, 56, N/A, 65.84, 48|
00:19:08 0, 55, N/A, 101.65, 75|1, 54, N/A, 49.71, 83|2, 56, N/A, 153.54, 73|3, 55, N/A, 43.99, 45|4, 55, N/A, 154.02, 52|5, 59, N/A, 159.33, 38|6, 55, N/A, 47.68, 48|
00:19:10 0, 56, N/A, 50.70, 88|1, 53, N/A, 58.54, 82|2, 56, N/A, 100.49, 83|3, 55, N/A, 58.01, 53|4, 55, N/A, 58.05, 38|5, 58, N/A, 54.39, 49|6, 55, N/A, 54.82, 38|
00:19:12 0, 55, N/A, 46.51, 90|1, 53, N/A, 126.87, 84|2, 55, N/A, 54.38, 86|3, 56, N/A, 125.24, 44|4, 55, N/A, 156.79, 34|5, 58, N/A, 44.30, 52|6, 55, N/A, 104.48, 34|
00:19:14 0, 55, N/A, 48.26, 74|1, 53, N/A, 53.43, 83|2, 55, N/A, 97.59, 84|3, 55, N/A, 61.94, 40|4, 55, N/A, 71.01, 50|5, 58, N/A, 60.29, 37|6, 55, N/A, 61.70, 46|
00:19:16 0, 55, N/A, 83.97, 73|1, 53, N/A, 48.69, 80|2, 55, N/A, 146.83, 84|3, 55, N/A, 151.78, 44|4, 54, N/A, 45.47, 38|5, 58, N/A, 160.12, 32|6, 55, N/A, 47.41, 49|
00:19:19 0, 55, N/A, 51.47, 86|1, 53, N/A, 57.13, 86|2, 55, N/A, 58.86, 80|3, 55, N/A, 60.72, 42|4, 54, N/A, 68.59, 43|5, 59, N/A, 62.48, 54|6, 55, N/A, 61.95, 46|
00:19:21 0, 55, N/A, 50.48, 73|1, 53, N/A, 51.22, 86|2, 55, N/A, 62.51, 70|3, 55, N/A, 69.03, 42|4, 54, N/A, 81.81, 43|5, 58, N/A, 63.71, 46|6, 55, N/A, 66.33, 50|
00:19:23 0, 55, N/A, 42.11, 87|1, 53, N/A, 45.58, 52|2, 55, N/A, 51.72, 84|3, 55, N/A, 41.84, 42|4, 54, N/A, 43.81, 52|5, 58, N/A, 43.10, 37|6, 55, N/A, 75.38, 47|
00:19:25 0, 55, N/A, 57.83, 88|1, 53, N/A, 64.72, 70|2, 55, N/A, 60.58, 80|3, 55, N/A, 46.02, 44|4, 54, N/A, 47.74, 40|5, 58, N/A, 54.85, 52|6, 54, N/A, 89.57, 30|
00:19:27 0, 54, N/A, 49.50, 74|1, 53, N/A, 52.48, 86|2, 55, N/A, 58.62, 71|3, 55, N/A, 67.31, 43|4, 54, N/A, 84.27, 38|5, 58, N/A, 71.29, 52|6, 54, N/A, 60.48, 52|
00:19:29 0, 54, N/A, 62.02, 74|1, 53, N/A, 55.40, 84|2, 55, N/A, 59.60, 71|3, 55, N/A, 80.08, 44|4, 54, N/A, 47.25, 44|5, 58, N/A, 90.66, 33|6, 54, N/A, 76.36, 52|
00:19:31 0, 55, N/A, 74.68, 86|1, 52, N/A, 76.73, 70|2, 55, N/A, 71.83, 78|3, 55, N/A, 47.71, 40|4, 54, N/A, 52.89, 50|5, 58, N/A, 49.96, 52|6, 54, N/A, 51.62, 30|
00:19:33 0, 54, N/A, 50.45, 87|1, 52, N/A, 51.96, 70|2, 55, N/A, 60.55, 81|3, 55, N/A, 71.49, 44|4, 54, N/A, 85.39, 41|5, 58, N/A, 75.92, 44|6, 54, N/A, 66.09, 38|
00:19:35 0, 54, N/A, 72.03, 74|1, 52, N/A, 72.31, 82|2, 54, N/A, 73.30, 70|3, 55, N/A, 50.17, 49|4, 54, N/A, 51.65, 52|5, 57, N/A, 48.73, 35|6, 54, N/A, 65.35, 47|
00:19:37 0, 54, N/A, 72.52, 86|1, 52, N/A, 70.58, 68|2, 54, N/A, 69.11, 81|3, 54, N/A, 47.71, 37|4, 54, N/A, 50.43, 48|5, 58, N/A, 47.99, 40|6, 54, N/A, 66.99, 49|
00:19:39 0, 55, N/A, 50.45, 86|1, 52, N/A, 65.18, 85|2, 54, N/A, 76.49, 79|3, 55, N/A, 52.63, 42|4, 53, N/A, 56.82, 45|5, 58, N/A, 52.91, 44|6, 54, N/A, 52.85, 38|
00:19:42 0, 54, N/A, 48.98, 73|1, 52, N/A, 50.20, 85|2, 54, N/A, 65.63, 69|3, 54, N/A, 69.23, 48|4, 54, N/A, 72.22, 35|5, 57, N/A, 66.37, 47|6, 54, N/A, 65.35, 44|
00:19:44 0, 55, N/A, 84.75, 84|1, 52, N/A, 65.42, 73|2, 55, N/A, 78.42, 79|3, 54, N/A, 48.67, 43|4, 54, N/A, 54.08, 41|5, 57, N/A, 48.24, 41|6, 54, N/A, 72.43, 40|
00:19:46 0, 54, N/A, 62.93, 55|1, 52, N/A, 54.11, 56|2, 54, N/A, 58.29, 51|3, 54, N/A, 82.00, 25|4, 54, N/A, 48.42, 30|5, 57, N/A, 77.04, 29|6, 54, N/A, 82.20, 29|
00:19:48 0, 54, N/A, 44.05, 86|1, 53, N/A, 66.65, 82|2, 54, N/A, 68.87, 79|3, 55, N/A, 69.72, 40|4, 54, N/A, 76.11, 42|5, 58, N/A, 72.97, 42|6, 55, N/A, 68.01, 44|
00:19:50 0, 54, N/A, 75.67, 72|1, 53, N/A, 81.61, 85|2, 55, N/A, 82.84, 67|3, 55, N/A, 53.34, 48|4, 54, N/A, 56.29, 34|5, 58, N/A, 53.62, 45|6, 54, N/A, 53.83, 39|
00:19:52 0, 55, N/A, 119.51, 77|1, 53, N/A, 47.74, 82|2, 55, N/A, 167.34, 80|3, 55, N/A, 42.76, 56|4, 55, N/A, 163.46, 48|5, 58, N/A, 135.32, 40|6, 54, N/A, 46.70, 43|
00:19:54 0, 55, N/A, 56.12, 88|1, 53, N/A, 51.96, 68|2, 55, N/A, 57.10, 79|3, 55, N/A, 74.19, 37|4, 54, N/A, 83.48, 47|5, 58, N/A, 76.95, 53|6, 54, N/A, 69.28, 33|
00:19:56 0, 55, N/A, 51.93, 88|1, 53, N/A, 52.17, 84|2, 55, N/A, 81.12, 68|3, 55, N/A, 64.39, 49|4, 54, N/A, 56.05, 40|5, 58, N/A, 52.67, 50|6, 54, N/A, 53.83, 38|
00:19:58 0, 55, N/A, 49.71, 72|1, 53, N/A, 52.91, 83|2, 55, N/A, 84.81, 83|3, 55, N/A, 53.58, 37|4, 55, N/A, 72.03, 47|5, 58, N/A, 54.39, 36|6, 55, N/A, 55.06, 52|
00:20:00 0, 55, N/A, 55.84, 88|1, 53, N/A, 58.82, 67|2, 55, N/A, 60.55, 86|3, 55, N/A, 58.75, 42|4, 55, N/A, 48.24, 53|5, 58, N/A, 84.51, 37|6, 55, N/A, 84.71, 49|
00:20:02 0, 55, N/A, 131.71, 87|1, 53, N/A, 109.39, 69|2, 55, N/A, 52.94, 82|3, 56, N/A, 83.24, 44|4, 54, N/A, 52.11, 40|5, 59, N/A, 96.24, 48|6, 55, N/A, 80.74, 38|
00:20:05 0, 55, N/A, 48.73, 88|1, 53, N/A, 51.46, 86|2, 55, N/A, 98.76, 82|3, 55, N/A, 59.97, 50|4, 55, N/A, 66.86, 42|5, 58, N/A, 60.02, 43|6, 55, N/A, 57.77, 46|
00:20:07 0, 55, N/A, 50.94, 86|1, 53, N/A, 50.97, 84|2, 55, N/A, 79.66, 81|3, 55, N/A, 46.72, 41|4, 55, N/A, 112.52, 46|5, 58, N/A, 45.74, 46|6, 55, N/A, 150.23, 43|
00:20:09 0, 55, N/A, 42.36, 85|1, 53, N/A, 45.58, 67|2, 55, N/A, 51.96, 81|3, 55, N/A, 42.08, 21|4, 55, N/A, 45.28, 42|5, 58, N/A, 66.16, 37|6, 55, N/A, 74.64, 54|
00:20:11 0, 55, N/A, 50.45, 89|1, 53, N/A, 56.60, 67|2, 56, N/A, 80.63, 80|3, 55, N/A, 50.66, 33|4, 55, N/A, 54.85, 52|5, 59, N/A, 51.93, 45|6, 55, N/A, 52.85, 41|
00:20:13 0, 55, N/A, 47.50, 85|1, 54, N/A, 65.68, 83|2, 55, N/A, 96.31, 78|3, 56, N/A, 51.65, 52|4, 55, N/A, 56.33, 43|5, 59, N/A, 52.91, 45|6, 55, N/A, 53.84, 42|
00:20:15 0, 55, N/A, 51.19, 74|1, 54, N/A, 53.19, 83|2, 56, N/A, 76.95, 88|3, 55, N/A, 55.58, 42|4, 55, N/A, 75.19, 51|5, 59, N/A, 55.87, 34|6, 55, N/A, 56.54, 55|
00:20:17 0, 55, N/A, 54.15, 71|1, 54, N/A, 54.17, 83|2, 56, N/A, 59.56, 85|3, 55, N/A, 80.05, 45|4, 55, N/A, 57.03, 54|5, 59, N/A, 85.69, 32|6, 55, N/A, 82.00, 54|
00:20:19 0, 56, N/A, 145.85, 87|1, 54, N/A, 164.22, 66|2, 56, N/A, 53.12, 80|3, 56, N/A, 95.20, 42|4, 55, N/A, 44.76, 44|5, 59, N/A, 96.01, 42|6, 55, N/A, 46.95, 42|
00:20:21 0, 56, N/A, 54.36, 89|1, 54, N/A, 56.85, 86|2, 56, N/A, 64.94, 70|3, 56, N/A, 73.70, 49|4, 55, N/A, 46.98, 39|5, 59, N/A, 73.21, 52|6, 55, N/A, 78.81, 35|
00:20:23 0, 56, N/A, 59.55, 79|1, 54, N/A, 58.33, 86|2, 56, N/A, 63.25, 73|3, 56, N/A, 46.73, 53|4, 55, N/A, 52.39, 34|5, 59, N/A, 47.01, 43|6, 56, N/A, 73.86, 41|
00:20:25 0, 56, N/A, 56.32, 85|1, 54, N/A, 72.80, 78|2, 56, N/A, 75.71, 79|3, 56, N/A, 51.13, 35|4, 56, N/A, 55.58, 44|5, 59, N/A, 54.36, 43|6, 56, N/A, 51.35, 40|
00:20:28 0, 56, N/A, 73.99, 55|1, 54, N/A, 57.80, 66|2, 56, N/A, 62.47, 52|3, 56, N/A, 46.48, 21|4, 55, N/A, 48.45, 39|5, 59, N/A, 46.73, 28|6, 56, N/A, 68.22, 28|
00:20:30 0, 56, N/A, 43.99, 88|1, 54, N/A, 163.13, 83|2, 56, N/A, 53.58, 81|3, 56, N/A, 102.93, 52|4, 55, N/A, 44.97, 50|5, 60, N/A, 105.22, 48|6, 56, N/A, 94.91, 40|
00:20:32 0, 56, N/A, 55.79, 71|1, 54, N/A, 57.06, 83|2, 56, N/A, 60.99, 68|3, 56, N/A, 56.01, 52|4, 56, N/A, 50.39, 37|5, 59, N/A, 86.38, 53|6, 56, N/A, 80.97, 50|
00:20:34 0, 56, N/A, 48.70, 72|1, 54, N/A, 50.39, 85|2, 56, N/A, 98.70, 84|3, 56, N/A, 63.33, 34|4, 56, N/A, 64.36, 46|5, 59, N/A, 58.51, 33|6, 56, N/A, 55.98, 54|
00:20:36 0, 57, N/A, 90.36, 82|1, 54, N/A, 48.20, 68|2, 57, N/A, 82.34, 79|3, 57, N/A, 74.58, 42|4, 56, N/A, 73.65, 40|5, 60, N/A, 75.42, 42|6, 56, N/A, 66.25, 43|
00:20:38 0, 56, N/A, 49.44, 85|1, 55, N/A, 53.89, 83|2, 56, N/A, 70.80, 78|3, 56, N/A, 67.26, 55|4, 56, N/A, 70.22, 32|5, 59, N/A, 60.23, 45|6, 56, N/A, 61.63, 43|
00:20:40 0, 56, N/A, 81.06, 89|1, 54, N/A, 78.16, 84|2, 56, N/A, 78.16, 71|3, 56, N/A, 52.35, 53|4, 56, N/A, 54.82, 37|5, 59, N/A, 52.63, 46|6, 56, N/A, 53.55, 41|
00:20:42 0, 56, N/A, 136.02, 71|1, 54, N/A, 47.00, 83|2, 57, N/A, 110.74, 85|3, 56, N/A, 58.67, 42|4, 56, N/A, 73.21, 52|5, 59, N/A, 56.53, 52|6, 57, N/A, 111.28, 45|
00:20:44 0, 56, N/A, 53.40, 86|1, 54, N/A, 53.40, 64|2, 57, N/A, 59.56, 82|3, 56, N/A, 72.22, 36|4, 56, N/A, 89.81, 49|5, 59, N/A, 77.39, 35|6, 57, N/A, 76.36, 51|
00:20:46 0, 56, N/A, 61.94, 65|1, 55, N/A, 68.09, 39|2, 57, N/A, 63.95, 66|3, 56, N/A, 47.19, 32|4, 56, N/A, 48.70, 34|5, 59, N/A, 46.98, 20|6, 56, N/A, 68.00, 40|
00:20:48 0, 56, N/A, 47.96, 86|1, 55, N/A, 72.50, 87|2, 57, N/A, 98.26, 84|3, 57, N/A, 52.84, 42|4, 56, N/A, 54.82, 42|5, 60, N/A, 50.17, 54|6, 57, N/A, 51.83, 55|
00:20:51 0, 56, N/A, 57.51, 86|1, 55, N/A, 58.78, 85|2, 57, N/A, 60.75, 80|3, 56, N/A, 82.93, 44|4, 56, N/A, 53.83, 42|5, 60, N/A, 83.48, 42|6, 56, N/A, 79.99, 42|
00:20:53 0, 56, N/A, 59.97, 68|1, 55, N/A, 57.30, 79|2, 57, N/A, 61.73, 82|3, 56, N/A, 59.69, 37|4, 56, N/A, 48.42, 52|5, 60, N/A, 62.61, 29|6, 57, N/A, 96.57, 50|
00:20:55 0, 57, N/A, 53.86, 87|1, 55, N/A, 53.86, 81|2, 58, N/A, 74.19, 80|3, 57, N/A, 53.30, 54|4, 56, N/A, 57.27, 33|5, 60, N/A, 54.60, 48|6, 56, N/A, 53.55, 34|
00:20:57 0, 57, N/A, 52.88, 88|1, 55, N/A, 53.86, 86|2, 57, N/A, 71.04, 67|3, 57, N/A, 55.27, 45|4, 56, N/A, 61.95, 38|5, 60, N/A, 56.78, 52|6, 56, N/A, 56.99, 36|
00:20:59 0, 57, N/A, 50.18, 87|1, 55, N/A, 56.81, 86|2, 57, N/A, 92.12, 81|3, 57, N/A, 45.47, 44|4, 56, N/A, 120.78, 43|5, 60, N/A, 46.48, 43|6, 57, N/A, 159.12, 42|
00:21:01 0, 57, N/A, 95.25, 86|1, 55, N/A, 47.99, 82|2, 58, N/A, 84.06, 80|3, 56, N/A, 68.73, 46|4, 57, N/A, 88.33, 40|5, 60, N/A, 68.29, 41|6, 57, N/A, 74.84, 38|
00:21:03 0, 57, N/A, 49.19, 87|1, 55, N/A, 51.68, 67|2, 57, N/A, 71.98, 82|3, 57, N/A, 65.05, 39|4, 57, N/A, 78.77, 52|5, 60, N/A, 68.79, 36|6, 57, N/A, 68.25, 48|
00:21:05 0, 57, N/A, 64.15, 53|1, 55, N/A, 76.15, 51|2, 57, N/A, 65.88, 51|3, 57, N/A, 47.93, 20|4, 56, N/A, 50.39, 41|5, 60, N/A, 47.96, 27|6, 57, N/A, 50.36, 28|
00:21:07 0, 57, N/A, 70.26, 71|1, 55, N/A, 76.19, 83|2, 57, N/A, 71.04, 68|3, 57, N/A, 49.65, 46|4, 56, N/A, 51.13, 39|5, 60, N/A, 52.60, 49|6, 57, N/A, 73.12, 57|
00:21:09 0, 57, N/A, 58.74, 70|1, 55, N/A, 57.80, 86|2, 57, N/A, 62.23, 67|3, 57, N/A, 60.18, 56|4, 56, N/A, 73.70, 37|5, 60, N/A, 55.80, 54|6, 57, N/A, 55.73, 50|
00:21:12 0, 57, N/A, 55.31, 68|1, 55, N/A, 56.81, 83|2, 57, N/A, 62.72, 86|3, 57, N/A, 84.70, 38|4, 57, N/A, 62.61, 54|5, 60, N/A, 86.12, 30|6, 57, N/A, 70.17, 49|
00:21:14 0, 57, N/A, 113.30, 68|1, 55, N/A, 49.43, 81|2, 58, N/A, 165.51, 83|3, 57, N/A, 160.39, 48|4, 57, N/A, 45.69, 37|5, 60, N/A, 166.54, 33|6, 57, N/A, 48.11, 46|
00:21:16 0, 57, N/A, 70.79, 86|1, 56, N/A, 90.83, 70|2, 57, N/A, 91.57, 80|3, 57, N/A, 60.18, 44|4, 56, N/A, 63.38, 41|5, 61, N/A, 60.72, 53|6, 57, N/A, 56.47, 40|
00:21:18 0, 57, N/A, 51.16, 88|1, 56, N/A, 53.40, 85|2, 58, N/A, 61.98, 69|3, 57, N/A, 68.73, 50|4, 56, N/A, 72.47, 35|5, 60, N/A, 64.40, 51|6, 57, N/A, 62.12, 34|
00:21:20 0, 57, N/A, 48.94, 70|1, 55, N/A, 66.11, 82|2, 58, N/A, 73.94, 64|3, 57, N/A, 49.89, 54|4, 56, N/A, 59.73, 35|5, 60, N/A, 50.17, 50|6, 57, N/A, 51.34, 48|
00:21:22 0, 58, N/A, 100.11, 79|1, 55, N/A, 73.24, 82|2, 59, N/A, 89.18, 77|3, 57, N/A, 52.35, 35|4, 57, N/A, 57.77, 55|5, 60, N/A, 51.86, 41|6, 58, N/A, 56.26, 43|
00:21:24 0, 57, N/A, 50.67, 83|1, 55, N/A, 52.88, 31|2, 58, N/A, 58.29, 75|3, 57, N/A, 70.94, 35|4, 57, N/A, 88.78, 52|5, 60, N/A, 73.45, 24|6, 57, N/A, 71.19, 43|
00:21:26 0, 57, N/A, 57.76, 88|1, 55, N/A, 81.56, 67|2, 58, N/A, 76.20, 82|3, 57, N/A, 51.09, 41|4, 57, N/A, 55.79, 42|5, 60, N/A, 52.38, 51|6, 57, N/A, 53.55, 28|
00:21:28 0, 57, N/A, 69.48, 86|1, 56, N/A, 97.02, 86|2, 58, N/A, 82.54, 80|3, 58, N/A, 55.27, 42|4, 56, N/A, 58.00, 41|5, 61, N/A, 56.78, 42|6, 58, N/A, 57.94, 44|
00:21:30 0, 57, N/A, 50.91, 86|1, 56, N/A, 53.37, 84|2, 58, N/A, 98.69, 81|3, 57, N/A, 46.18, 43|4, 57, N/A, 123.94, 44|5, 61, N/A, 46.94, 43|6, 58, N/A, 156.57, 43|
00:21:32 0, 57, N/A, 48.70, 75|1, 56, N/A, 52.14, 85|2, 58, N/A, 72.71, 83|3, 57, N/A, 62.60, 44|4, 57, N/A, 68.29, 44|5, 60, N/A, 54.11, 32|6, 58, N/A, 56.50, 50|
00:21:35 0, 57, N/A, 71.03, 88|1, 56, N/A, 65.67, 74|2, 58, N/A, 69.57, 85|3, 57, N/A, 48.42, 32|4, 57, N/A, 50.63, 48|5, 61, N/A, 48.21, 36|6, 58, N/A, 65.76, 53|
00:21:37 0, 58, N/A, 50.41, 88|1, 56, N/A, 55.55, 83|2, 58, N/A, 59.48, 83|3, 57, N/A, 133.91, 34|4, 57, N/A, 48.39, 49|5, 60, N/A, 136.85, 39|6, 58, N/A, 49.58, 49|
00:21:39 0, 57, N/A, 44.97, 87|1, 56, N/A, 157.50, 49|2, 58, N/A, 55.05, 80|3, 57, N/A, 153.06, 40|4, 57, N/A, 45.44, 42|5, 61, N/A, 140.55, 45|6, 58, N/A, 120.78, 43|
00:21:41 0, 57, N/A, 83.22, 81|1, 56, N/A, 80.58, 87|2, 58, N/A, 84.51, 77|3, 58, N/A, 52.32, 43|4, 57, N/A, 57.98, 42|5, 61, N/A, 55.56, 53|6, 58, N/A, 60.15, 54|
00:21:43 0, 57, N/A, 66.11, 81|1, 56, N/A, 64.92, 84|2, 58, N/A, 67.11, 78|3, 57, N/A, 47.93, 55|4, 57, N/A, 55.06, 33|5, 61, N/A, 48.70, 43|6, 58, N/A, 63.30, 42|
00:21:45 0, 58, N/A, 55.31, 69|1, 56, N/A, 54.10, 82|2, 58, N/A, 126.24, 66|3, 58, N/A, 45.19, 43|4, 57, N/A, 158.22, 52|5, 61, N/A, 161.16, 31|6, 58, N/A, 48.33, 52|
00:21:47 0, 58, N/A, 51.16, 87|1, 56, N/A, 53.62, 81|2, 59, N/A, 59.28, 81|3, 57, N/A, 64.80, 34|4, 58, N/A, 77.33, 49|5, 61, N/A, 63.88, 49|6, 58, N/A, 62.85, 28|
00:21:49 0, 58, N/A, 165.27, 86|1, 57, N/A, 145.67, 83|2, 58, N/A, 54.38, 83|3, 58, N/A, 69.76, 51|4, 57, N/A, 45.01, 31|5, 61, N/A, 69.33, 41|6, 58, N/A, 73.85, 41|
00:21:51 0, 58, N/A, 56.07, 88|1, 56, N/A, 58.08, 83|2, 58, N/A, 61.03, 66|3, 58, N/A, 62.43, 55|4, 57, N/A, 66.82, 36|5, 61, N/A, 59.52, 56|6, 58, N/A, 58.72, 31|
00:21:53 0, 58, N/A, 56.32, 79|1, 56, N/A, 57.80, 88|2, 58, N/A, 62.23, 70|3, 58, N/A, 57.73, 55|4, 57, N/A, 48.70, 36|5, 61, N/A, 63.17, 54|6, 58, N/A, 96.37, 52|
00:21:56 0, 58, N/A, 55.34, 84|1, 56, N/A, 55.37, 81|2, 58, N/A, 62.02, 72|3, 58, N/A, 46.97, 51|4, 57, N/A, 80.01, 35|5, 61, N/A, 47.96, 45|6, 58, N/A, 141.12, 43|
00:21:58 0, 58, N/A, 55.37, 85|1, 56, N/A, 52.94, 83|2, 59, N/A, 61.78, 85|3, 57, N/A, 45.25, 37|4, 58, N/A, 48.46, 55|5, 61, N/A, 46.27, 44|6, 58, N/A, 50.14, 43|
00:22:00 0, 57, N/A, 53.86, 86|1, 56, N/A, 54.14, 65|2, 58, N/A, 59.06, 80|3, 57, N/A, 70.50, 42|4, 57, N/A, 86.18, 45|5, 61, N/A, 75.92, 54|6, 57, N/A, 72.92, 29|
00:22:02 0, 57, N/A, 60.50, 88|1, 55, N/A, 57.30, 65|2, 58, N/A, 64.69, 79|3, 57, N/A, 62.89, 37|4, 57, N/A, 69.48, 42|5, 60, N/A, 62.68, 51|6, 57, N/A, 61.66, 43|
00:22:04 0, 57, N/A, 49.93, 89|1, 55, N/A, 51.92, 83|2, 58, N/A, 88.43, 86|3, 57, N/A, 60.91, 55|4, 57, N/A, 71.24, 34|5, 60, N/A, 64.40, 49|6, 57, N/A, 59.66, 34|
00:22:06 0, 57, N/A, 75.90, 67|1, 56, N/A, 73.73, 81|2, 57, N/A, 71.04, 63|3, 57, N/A, 51.12, 54|4, 57, N/A, 54.82, 55|5, 60, N/A, 49.19, 29|6, 57, N/A, 63.06, 52|
00:22:08 0, 57, N/A, 53.79, 67|1, 55, N/A, 86.17, 83|2, 57, N/A, 90.16, 63|3, 57, N/A, 56.74, 54|4, 56, N/A, 64.61, 30|5, 60, N/A, 57.03, 47|6, 57, N/A, 57.94, 47|
00:22:10 0, 57, N/A, 76.15, 89|1, 55, N/A, 61.97, 83|2, 58, N/A, 69.07, 88|3, 57, N/A, 69.76, 39|4, 56, N/A, 55.49, 52|5, 60, N/A, 82.25, 30|6, 57, N/A, 68.25, 50|
00:22:12 0, 56, N/A, 50.88, 87|1, 55, N/A, 67.83, 42|2, 57, N/A, 72.02, 85|3, 56, N/A, 59.20, 36|4, 56, N/A, 51.87, 53|5, 60, N/A, 48.45, 32|6, 57, N/A, 52.33, 52|
00:22:14 0, 56, N/A, 83.97, 86|1, 55, N/A, 72.80, 66|2, 57, N/A, 74.97, 79|3, 57, N/A, 51.37, 35|4, 56, N/A, 53.59, 57|5, 60, N/A, 50.91, 46|6, 56, N/A, 52.33, 41|
00:22:16 0, 56, N/A, 52.88, 87|1, 55, N/A, 53.40, 83|2, 57, N/A, 58.04, 79|3, 56, N/A, 133.65, 32|4, 56, N/A, 47.16, 50|5, 60, N/A, 153.58, 45|6, 56, N/A, 171.88, 45|
00:22:19 0, 56, N/A, 43.50, 83|1, 54, N/A, 174.28, 71|2, 57, N/A, 53.33, 81|3, 57, N/A, 97.10, 41|4, 57, N/A, 120.84, 43|5, 59, N/A, 44.02, 39|6, 57, N/A, 90.25, 47|
00:22:21 0, 56, N/A, 65.10, 78|1, 55, N/A, 90.65, 84|2, 57, N/A, 90.16, 80|3, 57, N/A, 56.50, 44|4, 56, N/A, 60.19, 42|5, 59, N/A, 56.81, 33|6, 56, N/A, 57.49, 54|
00:22:23 0, 56, N/A, 68.33, 67|1, 54, N/A, 64.43, 84|2, 57, N/A, 66.37, 84|3, 56, N/A, 53.79, 32|4, 56, N/A, 50.39, 51|5, 59, N/A, 73.90, 35|6, 56, N/A, 67.48, 55|
00:22:25 0, 56, N/A, 50.42, 66|1, 54, N/A, 52.91, 82|2, 56, N/A, 58.04, 85|3, 56, N/A, 69.76, 46|4, 55, N/A, 90.05, 57|5, 59, N/A, 77.88, 30|6, 56, N/A, 74.15, 55|
00:22:27 0, 56, N/A, 58.50, 50|1, 54, N/A, 60.99, 62|2, 56, N/A, 61.98, 45|3, 56, N/A, 65.10, 49|4, 55, N/A, 70.22, 22|5, 59, N/A, 60.96, 26|6, 56, N/A, 60.40, 25|
00:22:29 0, 56, N/A, 47.46, 87|1, 54, N/A, 77.33, 68|2, 56, N/A, 88.68, 79|3, 56, N/A, 57.44, 42|4, 55, N/A, 63.63, 43|5, 59, N/A, 56.54, 56|6, 56, N/A, 57.94, 30|
00:22:31 0, 56, N/A, 43.04, 87|1, 54, N/A, 83.82, 86|2, 56, N/A, 53.65, 82|3, 57, N/A, 76.84, 39|4, 55, N/A, 80.29, 38|5, 60, N/A, 77.39, 38|6, 56, N/A, 71.94, 37|
00:22:33 0, 56, N/A, 52.88, 86|1, 54, N/A, 55.09, 83|2, 56, N/A, 78.40, 64|3, 56, N/A, 52.10, 56|4, 55, N/A, 47.93, 57|5, 59, N/A, 63.34, 33|6, 56, N/A, 90.49, 53|
00:22:35 0, 55, N/A, 64.90, 68|1, 54, N/A, 61.73, 83|2, 56, N/A, 65.18, 65|3, 56, N/A, 55.27, 55|4, 55, N/A, 50.39, 55|5, 59, N/A, 51.13, 31|6, 55, N/A, 72.88, 51|
00:22:37 0, 55, N/A, 52.63, 75|1, 54, N/A, 53.62, 85|2, 56, N/A, 79.35, 86|3, 56, N/A, 52.56, 35|4, 55, N/A, 57.48, 54|5, 59, N/A, 53.83, 39|6, 55, N/A, 59.66, 46|
00:22:40 0, 55, N/A, 158.88, 79|1, 53, N/A, 46.72, 82|2, 56, N/A, 196.14, 84|3, 56, N/A, 91.46, 56|4, 55, N/A, 44.24, 33|5, 59, N/A, 89.37, 40|6, 55, N/A, 46.67, 41|
00:22:42 0, 55, N/A, 167.47, 86|1, 53, N/A, 139.81, 64|2, 55, N/A, 53.65, 80|3, 56, N/A, 69.27, 44|4, 55, N/A, 44.27, 40|5, 59, N/A, 69.77, 44|6, 55, N/A, 87.54, 41|
00:22:44 0, 55, N/A, 63.41, 86|1, 54, N/A, 63.70, 86|2, 55, N/A, 64.20, 79|3, 56, N/A, 59.72, 56|4, 55, N/A, 49.90, 37|5, 59, N/A, 58.01, 47|6, 55, N/A, 68.46, 39|
00:22:46 0, 55, N/A, 42.33, 57|1, 53, N/A, 45.78, 55|2, 55, N/A, 51.44, 39|3, 55, N/A, 53.06, 46|4, 54, N/A, 79.26, 27|5, 59, N/A, 93.44, 43|6, 55, N/A, 88.96, 26|
00:22:48 0, 55, N/A, 47.96, 86|1, 54, N/A, 74.96, 84|2, 55, N/A, 71.78, 81|3, 55, N/A, 55.06, 56|4, 55, N/A, 54.33, 55|5, 58, N/A, 49.93, 46|6, 55, N/A, 50.85, 44|
00:22:50 0, 55, N/A, 47.71, 69|1, 53, N/A, 75.21, 82|2, 55, N/A, 94.58, 66|3, 55, N/A, 57.47, 56|4, 55, N/A, 65.35, 57|5, 58, N/A, 57.03, 31|6, 55, N/A, 57.94, 54|
00:22:52 0, 55, N/A, 50.14, 66|1, 53, N/A, 86.66, 84|2, 55, N/A, 85.49, 83|3, 55, N/A, 56.74, 34|4, 55, N/A, 62.61, 47|5, 58, N/A, 58.01, 31|6, 55, N/A, 55.24, 53|
00:22:54 0, 55, N/A, 47.69, 85|1, 53, N/A, 50.90, 82|2, 55, N/A, 105.83, 78|3, 55, N/A, 140.92, 37|4, 54, N/A, 46.67, 47|5, 58, N/A, 143.46, 44|6, 55, N/A, 47.87, 42|
00:22:56 0, 55, N/A, 51.19, 88|1, 53, N/A, 50.94, 68|2, 55, N/A, 57.55, 80|3, 55, N/A, 127.87, 42|4, 54, N/A, 46.70, 39|5, 58, N/A, 131.31, 32|6, 55, N/A, 48.39, 50|
00:22:58 0, 55, N/A, 53.90, 88|1, 53, N/A, 53.90, 88|2, 55, N/A, 70.10, 78|3, 55, N/A, 55.80, 42|4, 54, N/A, 61.49, 41|5, 58, N/A, 55.10, 54|6, 54, N/A, 55.81, 40|
00:23:00 0, 54, N/A, 54.88, 64|1, 53, N/A, 58.82, 83|2, 55, N/A, 58.82, 62|3, 55, N/A, 64.90, 56|4, 54, N/A, 69.28, 33|5, 58, N/A, 64.20, 37|6, 55, N/A, 62.40, 55|
00:23:03 0, 54, N/A, 62.23, 67|1, 53, N/A, 62.02, 87|2, 54, N/A, 64.48, 63|3, 55, N/A, 50.91, 56|4, 54, N/A, 49.69, 30|5, 58, N/A, 47.25, 55|6, 54, N/A, 49.41, 58|
00:23:05 0, 55, N/A, 45.77, 85|1, 53, N/A, 82.04, 86|2, 54, N/A, 92.12, 80|3, 55, N/A, 55.06, 43|4, 54, N/A, 53.83, 41|5, 58, N/A, 50.67, 40|6, 54, N/A, 109.50, 42|
00:23:07 0, 54, N/A, 52.11, 87|1, 53, N/A, 53.86, 86|2, 55, N/A, 58.29, 84|3, 55, N/A, 78.56, 44|4, 54, N/A, 86.12, 45|5, 58, N/A, 68.05, 39|6, 54, N/A, 67.72, 46|
00:23:09 0, 54, N/A, 59.51, 65|1, 53, N/A, 59.03, 84|2, 54, N/A, 60.01, 83|3, 55, N/A, 58.95, 34|4, 54, N/A, 65.84, 58|5, 58, N/A, 58.99, 33|6, 54, N/A, 65.06, 52|
00:23:11 0, 54, N/A, 55.34, 87|1, 52, N/A, 56.07, 63|2, 54, N/A, 59.03, 85|3, 54, N/A, 58.21, 39|4, 54, N/A, 64.36, 41|5, 58, N/A, 58.51, 31|6, 54, N/A, 57.97, 53|
00:23:13 0, 54, N/A, 129.34, 86|1, 52, N/A, 152.84, 62|2, 54, N/A, 53.08, 78|3, 55, N/A, 163.25, 39|4, 54, N/A, 44.45, 39|5, 58, N/A, 171.08, 45|6, 54, N/A, 46.39, 40|
00:23:15 0, 54, N/A, 46.48, 47|1, 52, N/A, 117.06, 62|2, 54, N/A, 54.84, 44|3, 54, N/A, 153.07, 43|4, 54, N/A, 44.73, 41|5, 58, N/A, 158.23, 29|6, 54, N/A, 175.54, 27|
00:23:17 0, 54, N/A, 46.73, 69|1, 53, N/A, 73.70, 85|2, 54, N/A, 77.18, 67|3, 55, N/A, 47.93, 43|4, 54, N/A, 50.88, 41|5, 58, N/A, 48.94, 52|6, 54, N/A, 50.36, 52|
00:23:19 0, 54, N/A, 56.53, 82|1, 52, N/A, 68.33, 85|2, 54, N/A, 69.32, 59|3, 55, N/A, 52.08, 53|4, 54, N/A, 51.62, 31|5, 58, N/A, 48.70, 49|6, 54, N/A, 50.36, 51|
00:23:21 0, 54, N/A, 58.50, 66|1, 52, N/A, 58.29, 85|2, 54, N/A, 60.75, 63|3, 54, N/A, 49.41, 57|4, 54, N/A, 50.39, 58|5, 57, N/A, 83.72, 29|6, 54, N/A, 82.15, 54|
00:23:24 0, 54, N/A, 61.20, 66|1, 52, N/A, 89.18, 85|2, 54, N/A, 81.85, 84|3, 54, N/A, 54.29, 44|4, 54, N/A, 60.47, 45|5, 57, N/A, 55.34, 31|6, 54, N/A, 53.31, 39|
00:23:26 0, 55, N/A, 71.52, 85|1, 52, N/A, 66.90, 60|2, 54, N/A, 69.81, 77|3, 54, N/A, 48.42, 42|4, 54, N/A, 49.66, 43|5, 57, N/A, 50.66, 37|6, 54, N/A, 67.48, 48|
00:23:28 0, 54, N/A, 48.18, 88|1, 52, N/A, 65.10, 62|2, 54, N/A, 98.69, 83|3, 54, N/A, 57.23, 31|4, 53, N/A, 68.01, 53|5, 57, N/A, 58.26, 40|6, 54, N/A, 56.47, 49|
00:23:30 0, 54, N/A, 75.17, 60|1, 52, N/A, 60.00, 43|2, 54, N/A, 61.21, 63|3, 54, N/A, 45.47, 24|4, 53, N/A, 47.69, 48|5, 57, N/A, 67.27, 19|6, 54, N/A, 82.40, 44|
00:23:32 0, 54, N/A, 47.71, 87|1, 52, N/A, 52.17, 63|2, 54, N/A, 72.72, 81|3, 54, N/A, 64.81, 38|4, 53, N/A, 74.88, 47|5, 57, N/A, 63.18, 42|6, 53, N/A, 64.57, 41|
00:23:34 0, 54, N/A, 43.50, 86|1, 52, N/A, 161.90, 84|2, 54, N/A, 52.10, 79|3, 54, N/A, 149.63, 34|4, 53, N/A, 43.96, 49|5, 58, N/A, 150.98, 41|6, 54, N/A, 133.85, 46|
00:23:36 0, 54, N/A, 42.76, 87|1, 52, N/A, 172.35, 70|2, 54, N/A, 51.61, 82|3, 55, N/A, 125.33, 43|4, 54, N/A, 144.37, 45|5, 57, N/A, 43.28, 40|6, 55, N/A, 98.78, 44|
00:23:38 0, 54, N/A, 62.92, 86|1, 53, N/A, 62.22, 85|2, 54, N/A, 64.69, 81|3, 55, N/A, 50.88, 57|4, 54, N/A, 48.42, 44|5, 57, N/A, 46.73, 43|6, 54, N/A, 56.22, 43|
00:23:40 0, 55, N/A, 45.74, 55|1, 53, N/A, 48.97, 57|2, 54, N/A, 51.90, 34|3, 55, N/A, 43.50, 46|4, 54, N/A, 44.02, 25|5, 58, N/A, 44.02, 46|6, 54, N/A, 46.19, 24|
00:23:42 0, 54, N/A, 59.94, 66|1, 53, N/A, 59.27, 85|2, 54, N/A, 63.70, 84|3, 54, N/A, 46.94, 34|4, 54, N/A, 48.66, 51|5, 58, N/A, 49.93, 31|6, 54, N/A, 84.31, 54|
00:23:44 0, 54, N/A, 47.71, 83|1, 53, N/A, 49.71, 85|2, 54, N/A, 101.10, 84|3, 55, N/A, 58.46, 33|4, 54, N/A, 68.25, 57|5, 58, N/A, 60.72, 41|6, 54, N/A, 60.15, 40|
00:23:47 0, 55, N/A, 82.33, 2|1, 52, N/A, 84.42, 3|2, 54, N/A, 97.38, 0|3, 55, N/A, 83.75, 20|4, 54, N/A, 89.32, 17|5, 58, N/A, 84.57, 5|6, 54, N/A, 93.54, 0|
00:23:49 0, 55, N/A, 74.48, 44|1, 53, N/A, 82.11, 42|2, 55, N/A, 81.66, 42|3, 55, N/A, 68.53, 39|4, 55, N/A, 72.97, 34|5, 59, N/A, 75.47, 37|6, 55, N/A, 84.42, 36|
00:23:51 0, 56, N/A, 86.38, 45|1, 54, N/A, 90.02, 44|2, 55, N/A, 87.85, 43|3, 56, N/A, 79.81, 40|4, 55, N/A, 70.23, 35|5, 59, N/A, 72.94, 37|6, 55, N/A, 82.18, 37|
00:23:53 0, 56, N/A, 74.96, 44|1, 54, N/A, 83.93, 44|2, 56, N/A, 95.40, 43|3, 56, N/A, 87.46, 39|4, 55, N/A, 85.84, 35|5, 59, N/A, 83.84, 37|6, 56, N/A, 77.80, 36|
00:23:55 0, 56, N/A, 84.43, 44|1, 54, N/A, 73.37, 44|2, 56, N/A, 96.49, 43|3, 56, N/A, 70.23, 40|4, 55, N/A, 84.60, 35|5, 59, N/A, 80.04, 37|6, 56, N/A, 85.50, 36|
00:23:57 0, 56, N/A, 73.38, 45|1, 54, N/A, 89.89, 45|2, 56, N/A, 94.56, 44|3, 56, N/A, 75.05, 40|4, 55, N/A, 77.65, 36|5, 59, N/A, 79.33, 38|6, 56, N/A, 83.74, 37|
00:23:59 0, 56, N/A, 85.32, 44|1, 54, N/A, 84.08, 43|2, 56, N/A, 91.75, 41|3, 56, N/A, 89.96, 40|4, 56, N/A, 86.20, 36|5, 60, N/A, 79.61, 36|6, 56, N/A, 93.11, 36|
00:24:01 0, 56, N/A, 77.27, 43|1, 55, N/A, 74.71, 43|2, 56, N/A, 99.42, 41|3, 56, N/A, 90.95, 41|4, 56, N/A, 83.95, 35|5, 60, N/A, 93.93, 36|6, 56, N/A, 94.26, 36|
00:24:03 0, 57, N/A, 75.66, 44|1, 55, N/A, 84.46, 43|2, 57, N/A, 85.00, 41|3, 57, N/A, 81.19, 41|4, 56, N/A, 85.74, 34|5, 60, N/A, 86.28, 37|6, 56, N/A, 86.13, 36|
00:24:05 0, 57, N/A, 77.51, 43|1, 55, N/A, 91.61, 43|2, 57, N/A, 95.73, 40|3, 57, N/A, 77.03, 40|4, 56, N/A, 75.18, 36|5, 60, N/A, 74.50, 36|6, 57, N/A, 87.71, 36|
00:24:07 0, 57, N/A, 76.54, 44|1, 55, N/A, 84.66, 43|2, 57, N/A, 85.07, 41|3, 57, N/A, 72.96, 40|4, 56, N/A, 78.17, 35|5, 60, N/A, 79.94, 37|6, 57, N/A, 87.41, 37|
00:24:10 0, 57, N/A, 74.86, 43|1, 55, N/A, 81.81, 43|2, 57, N/A, 98.06, 41|3, 57, N/A, 72.58, 39|4, 56, N/A, 92.24, 35|5, 60, N/A, 83.81, 36|6, 57, N/A, 86.88, 36|
00:24:12 0, 57, N/A, 83.60, 45|1, 55, N/A, 77.19, 43|2, 57, N/A, 88.48, 42|3, 57, N/A, 69.92, 40|4, 56, N/A, 77.09, 35|5, 60, N/A, 88.85, 37|6, 57, N/A, 86.68, 36|
00:24:14 0, 57, N/A, 78.93, 43|1, 55, N/A, 80.44, 43|2, 57, N/A, 85.16, 40|3, 57, N/A, 73.91, 40|4, 57, N/A, 84.32, 36|5, 61, N/A, 79.00, 36|6, 57, N/A, 86.49, 35|
00:24:16 0, 57, N/A, 77.42, 43|1, 56, N/A, 86.49, 44|2, 58, N/A, 90.94, 41|3, 57, N/A, 73.61, 40|4, 57, N/A, 80.85, 35|5, 61, N/A, 76.54, 37|6, 57, N/A, 86.73, 36|
00:24:18 0, 58, N/A, 88.80, 44|1, 56, N/A, 88.65, 42|2, 58, N/A, 89.20, 41|3, 57, N/A, 81.17, 39|4, 57, N/A, 72.78, 36|5, 61, N/A, 74.75, 36|6, 57, N/A, 83.01, 36|
00:24:20 0, 58, N/A, 68.66, 44|1, 56, N/A, 75.79, 43|2, 58, N/A, 91.85, 43|3, 58, N/A, 73.11, 39|4, 57, N/A, 87.28, 35|5, 61, N/A, 73.79, 37|6, 57, N/A, 82.99, 36|
00:24:22 0, 58, N/A, 73.82, 44|1, 56, N/A, 81.82, 43|2, 58, N/A, 96.28, 42|3, 58, N/A, 85.59, 39|4, 57, N/A, 75.68, 35|5, 61, N/A, 89.00, 37|6, 58, N/A, 90.17, 36|
00:24:24 0, 58, N/A, 75.48, 44|1, 56, N/A, 85.89, 43|2, 58, N/A, 94.46, 43|3, 58, N/A, 76.94, 39|4, 57, N/A, 80.39, 35|5, 61, N/A, 76.99, 37|6, 58, N/A, 86.48, 36|
00:24:26 0, 58, N/A, 75.96, 45|1, 56, N/A, 74.81, 43|2, 58, N/A, 87.86, 43|3, 57, N/A, 84.37, 40|4, 57, N/A, 78.64, 35|5, 61, N/A, 80.42, 37|6, 58, N/A, 79.08, 37|
00:24:28 0, 56, N/A, 42.13, 7|1, 54, N/A, 46.08, 8|2, 56, N/A, 51.96, 0|3, 56, N/A, 42.35, 6|4, 56, N/A, 44.33, 0|5, 60, N/A, 43.61, 7|6, 56, N/A, 46.73, 1|
00:24:30 0, 57, N/A, 57.10, 87|1, 55, N/A, 53.16, 63|2, 57, N/A, 58.58, 81|3, 57, N/A, 77.63, 33|4, 56, N/A, 80.54, 58|5, 60, N/A, 75.44, 56|6, 57, N/A, 71.25, 40|
00:24:32 0, 57, N/A, 58.04, 87|1, 55, N/A, 67.40, 83|2, 57, N/A, 61.78, 82|3, 56, N/A, 46.24, 31|4, 56, N/A, 48.45, 57|5, 60, N/A, 79.79, 47|6, 56, N/A, 79.02, 36|
00:24:35 0, 56, N/A, 51.92, 88|1, 54, N/A, 53.65, 62|2, 57, N/A, 62.51, 83|3, 57, N/A, 72.43, 43|4, 56, N/A, 85.88, 42|5, 60, N/A, 79.85, 45|6, 56, N/A, 69.97, 42|
00:24:37 0, 56, N/A, 43.28, 88|1, 55, N/A, 174.92, 84|2, 56, N/A, 53.15, 82|3, 57, N/A, 121.50, 49|4, 56, N/A, 145.54, 38|5, 60, N/A, 44.29, 42|6, 57, N/A, 108.16, 41|
00:24:39 0, 56, N/A, 51.19, 90|1, 54, N/A, 52.69, 86|2, 56, N/A, 83.58, 83|3, 56, N/A, 46.23, 43|4, 56, N/A, 116.44, 43|5, 59, N/A, 46.97, 42|6, 56, N/A, 151.38, 43|
00:24:41 0, 56, N/A, 43.80, 88|1, 55, N/A, 73.54, 86|2, 57, N/A, 90.17, 83|3, 56, N/A, 64.11, 44|4, 56, N/A, 87.61, 43|5, 59, N/A, 65.88, 42|6, 57, N/A, 68.51, 41|
00:24:43 0, 56, N/A, 148.27, 66|1, 54, N/A, 47.74, 84|2, 56, N/A, 187.79, 81|3, 56, N/A, 43.01, 42|4, 55, N/A, 173.64, 41|5, 59, N/A, 44.27, 36|6, 57, N/A, 186.04, 51|
00:24:45 0, 57, N/A, 60.26, 86|1, 54, N/A, 54.17, 60|2, 57, N/A, 62.51, 82|3, 56, N/A, 58.71, 44|4, 56, N/A, 67.11, 45|5, 59, N/A, 74.49, 38|6, 56, N/A, 60.93, 43|
00:24:47 0, 56, N/A, 42.35, 85|1, 54, N/A, 46.05, 61|2, 56, N/A, 52.17, 51|3, 56, N/A, 42.55, 22|4, 55, N/A, 44.54, 47|5, 59, N/A, 43.81, 13|6, 56, N/A, 46.95, 37|
00:24:49 0, 56, N/A, 64.40, 64|1, 54, N/A, 61.98, 80|2, 56, N/A, 63.71, 84|3, 56, N/A, 68.78, 34|4, 55, N/A, 64.61, 58|5, 59, N/A, 62.22, 29|6, 56, N/A, 72.19, 55|
00:24:51 0, 55, N/A, 51.89, 63|1, 54, N/A, 55.09, 84|2, 56, N/A, 59.52, 81|3, 56, N/A, 104.16, 46|4, 55, N/A, 48.64, 41|5, 59, N/A, 105.39, 33|6, 55, N/A, 50.32, 43|
00:24:53 0, 55, N/A, 51.89, 88|1, 53, N/A, 57.27, 81|2, 56, N/A, 101.34, 83|3, 56, N/A, 62.11, 33|4, 55, N/A, 66.54, 59|5, 59, N/A, 60.96, 35|6, 56, N/A, 60.40, 54|
00:24:55 0, 55, N/A, 163.69, 87|1, 54, N/A, 177.22, 80|2, 55, N/A, 52.35, 71|3, 57, N/A, 105.13, 45|4, 55, N/A, 44.24, 43|5, 59, N/A, 93.25, 55|6, 55, N/A, 46.67, 35|
00:24:58 0, 55, N/A, 47.96, 61|1, 53, N/A, 64.39, 85|2, 55, N/A, 56.81, 54|3, 55, N/A, 131.95, 25|4, 55, N/A, 46.91, 25|5, 58, N/A, 152.60, 34|6, 56, N/A, 173.10, 34|
00:25:00 0, 55, N/A, 79.05, 88|1, 54, N/A, 93.29, 83|2, 55, N/A, 79.84, 61|3, 56, N/A, 55.51, 52|4, 55, N/A, 55.27, 38|5, 59, N/A, 56.78, 56|6, 56, N/A, 56.22, 60|
00:25:02 0, 55, N/A, 51.41, 70|1, 54, N/A, 52.66, 85|2, 55, N/A, 60.26, 67|3, 56, N/A, 71.19, 40|4, 54, N/A, 87.35, 44|5, 59, N/A, 74.19, 55|6, 55, N/A, 67.48, 54|
00:25:04 0, 55, N/A, 58.29, 64|1, 53, N/A, 71.78, 84|2, 55, N/A, 70.80, 61|3, 56, N/A, 56.01, 57|4, 55, N/A, 53.83, 56|5, 58, N/A, 49.93, 31|6, 55, N/A, 51.84, 55|
00:25:06 0, 55, N/A, 60.26, 66|1, 53, N/A, 57.34, 85|2, 55, N/A, 59.80, 64|3, 56, N/A, 51.37, 55|4, 55, N/A, 49.69, 57|5, 58, N/A, 60.44, 29|6, 55, N/A, 92.45, 57|
00:25:08 0, 55, N/A, 55.06, 87|1, 53, N/A, 57.06, 87|2, 54, N/A, 59.52, 83|3, 55, N/A, 54.53, 49|4, 54, N/A, 49.90, 34|5, 59, N/A, 54.04, 44|6, 55, N/A, 79.70, 44|
00:25:10 0, 55, N/A, 105.94, 82|1, 53, N/A, 48.93, 83|2, 55, N/A, 158.73, 73|3, 55, N/A, 43.72, 57|4, 54, N/A, 156.26, 32|5, 58, N/A, 44.48, 47|6, 55, N/A, 177.48, 46|
00:25:12 0, 55, N/A, 142.39, 86|1, 53, N/A, 45.99, 83|2, 56, N/A, 115.33, 80|3, 55, N/A, 81.94, 45|4, 55, N/A, 100.93, 42|5, 58, N/A, 77.33, 34|6, 56, N/A, 89.76, 56|
00:25:14 0, 55, N/A, 163.20, 86|1, 53, N/A, 46.22, 84|2, 55, N/A, 199.32, 83|3, 55, N/A, 42.49, 52|4, 55, N/A, 139.06, 53|5, 59, N/A, 115.26, 43|6, 55, N/A, 46.42, 40|
00:25:16 0, 55, N/A, 65.62, 89|1, 53, N/A, 59.76, 82|2, 55, N/A, 66.16, 83|3, 55, N/A, 65.30, 40|4, 55, N/A, 50.39, 51|5, 59, N/A, 71.00, 56|6, 54, N/A, 82.69, 32|
00:25:18 0, 55, N/A, 160.34, 85|1, 52, N/A, 45.98, 82|2, 55, N/A, 195.89, 80|3, 55, N/A, 126.55, 34|4, 54, N/A, 43.97, 56|5, 58, N/A, 119.93, 45|6, 54, N/A, 46.43, 38|
00:25:21 0, 56, N/A, 59.48, 88|1, 53, N/A, 55.09, 82|2, 55, N/A, 61.74, 84|3, 55, N/A, 59.41, 53|4, 54, N/A, 66.04, 37|5, 59, N/A, 61.45, 57|6, 54, N/A, 58.68, 33|
00:25:23 0, 55, N/A, 162.79, 85|1, 52, N/A, 175.51, 84|2, 54, N/A, 51.88, 79|3, 56, N/A, 123.18, 32|4, 54, N/A, 43.99, 31|5, 59, N/A, 93.01, 45|6, 54, N/A, 46.43, 41|
00:25:25 0, 55, N/A, 52.14, 89|1, 53, N/A, 61.94, 83|2, 54, N/A, 79.89, 61|3, 55, N/A, 53.33, 53|4, 54, N/A, 56.01, 38|5, 58, N/A, 53.37, 55|6, 54, N/A, 53.06, 33|
00:25:27 0, 55, N/A, 169.32, 57|1, 53, N/A, 180.89, 59|2, 54, N/A, 54.07, 35|3, 55, N/A, 167.65, 44|4, 54, N/A, 44.97, 20|5, 59, N/A, 104.48, 48|6, 54, N/A, 47.14, 25|
00:25:29 0, 54, N/A, 72.71, 90|1, 53, N/A, 69.36, 60|2, 54, N/A, 65.67, 87|3, 55, N/A, 47.44, 58|4, 53, N/A, 49.90, 31|5, 58, N/A, 47.45, 52|6, 54, N/A, 76.31, 33|
00:25:31 0, 54, N/A, 77.14, 90|1, 52, N/A, 65.42, 78|2, 54, N/A, 66.65, 86|3, 55, N/A, 46.92, 43|4, 54, N/A, 50.14, 41|5, 58, N/A, 51.40, 55|6, 54, N/A, 85.09, 30|
00:25:33 0, 55, N/A, 59.03, 89|1, 52, N/A, 58.29, 87|2, 54, N/A, 61.74, 61|3, 55, N/A, 84.45, 59|4, 53, N/A, 57.00, 34|5, 58, N/A, 69.53, 54|6, 54, N/A, 64.82, 33|
00:25:35 0, 54, N/A, 78.86, 89|1, 52, N/A, 81.86, 84|2, 54, N/A, 80.68, 60|3, 54, N/A, 52.88, 43|4, 54, N/A, 54.85, 43|5, 58, N/A, 52.42, 56|6, 54, N/A, 52.85, 33|
00:25:37 0, 54, N/A, 66.90, 64|1, 52, N/A, 65.18, 85|2, 54, N/A, 66.20, 61|3, 54, N/A, 48.20, 56|4, 53, N/A, 49.19, 30|5, 57, N/A, 47.96, 58|6, 54, N/A, 75.58, 55|
00:25:39 0, 54, N/A, 54.60, 62|1, 52, N/A, 86.51, 87|2, 54, N/A, 89.23, 59|3, 54, N/A, 55.79, 42|4, 54, N/A, 62.93, 42|5, 58, N/A, 54.36, 57|6, 54, N/A, 55.56, 40|
00:25:42 0, 54, N/A, 51.65, 87|1, 52, N/A, 54.60, 82|2, 54, N/A, 113.86, 80|3, 54, N/A, 44.46, 52|4, 54, N/A, 133.67, 34|5, 57, N/A, 45.22, 45|6, 54, N/A, 162.04, 40|
00:25:44 0, 54, N/A, 45.74, 63|1, 52, N/A, 89.61, 85|2, 54, N/A, 79.10, 81|3, 54, N/A, 54.53, 44|4, 54, N/A, 60.92, 41|5, 57, N/A, 54.57, 40|6, 54, N/A, 53.79, 41|
00:25:46 0, 54, N/A, 126.22, 85|1, 52, N/A, 47.95, 81|2, 53, N/A, 170.41, 80|3, 54, N/A, 42.98, 54|4, 53, N/A, 163.75, 55|5, 58, N/A, 165.79, 42|6, 54, N/A, 46.39, 42|
00:25:48 0, 54, N/A, 134.56, 66|1, 52, N/A, 45.28, 83|2, 54, N/A, 200.29, 86|3, 54, N/A, 70.95, 43|4, 54, N/A, 74.15, 44|5, 57, N/A, 68.25, 29|6, 54, N/A, 96.57, 55|
00:25:50 0, 55, N/A, 53.62, 86|1, 52, N/A, 74.02, 59|2, 54, N/A, 76.94, 83|3, 54, N/A, 50.14, 45|4, 54, N/A, 56.05, 44|5, 57, N/A, 57.76, 38|6, 54, N/A, 52.58, 43|
00:25:52 0, 55, N/A, 42.79, 85|1, 52, N/A, 45.53, 81|2, 54, N/A, 51.90, 70|3, 54, N/A, 42.27, 30|4, 54, N/A, 44.27, 57|5, 57, N/A, 42.80, 23|6, 54, N/A, 45.94, 51|
00:25:54 0, 55, N/A, 69.32, 85|1, 52, N/A, 60.99, 60|2, 55, N/A, 67.15, 81|3, 55, N/A, 55.76, 44|4, 55, N/A, 51.87, 42|5, 58, N/A, 58.50, 45|6, 54, N/A, 91.71, 41|
00:25:56 0, 55, N/A, 46.02, 85|1, 52, N/A, 87.46, 77|2, 55, N/A, 85.05, 79|3, 55, N/A, 51.86, 33|4, 54, N/A, 59.49, 55|5, 58, N/A, 48.97, 57|6, 54, N/A, 49.90, 28|
00:25:58 0, 56, N/A, 81.36, 85|1, 52, N/A, 66.65, 74|2, 55, N/A, 76.95, 80|3, 55, N/A, 51.16, 44|4, 54, N/A, 48.46, 41|5, 58, N/A, 63.18, 43|6, 54, N/A, 69.00, 44|
00:26:00 0, 55, N/A, 51.19, 87|1, 53, N/A, 49.47, 81|2, 55, N/A, 89.67, 83|3, 55, N/A, 61.94, 58|4, 54, N/A, 67.60, 30|5, 58, N/A, 55.59, 58|6, 54, N/A, 55.56, 30|
00:26:02 0, 56, N/A, 113.68, 85|1, 54, N/A, 96.12, 84|2, 54, N/A, 52.45, 80|3, 56, N/A, 88.14, 58|4, 54, N/A, 86.19, 32|5, 59, N/A, 86.04, 45|6, 54, N/A, 70.48, 40|
00:26:05 0, 56, N/A, 56.60, 89|1, 53, N/A, 54.39, 81|2, 54, N/A, 78.42, 62|3, 55, N/A, 50.17, 45|4, 54, N/A, 53.13, 42|5, 59, N/A, 51.19, 59|6, 55, N/A, 51.62, 31|
00:26:07 0, 55, N/A, 81.81, 47|1, 53, N/A, 97.47, 55|2, 54, N/A, 97.72, 17|3, 55, N/A, 124.17, 42|4, 54, N/A, 68.24, 18|5, 59, N/A, 152.45, 46|6, 55, N/A, 57.44, 16|
00:26:09 0, 56, N/A, 76.15, 88|1, 53, N/A, 69.84, 81|2, 55, N/A, 71.29, 84|3, 55, N/A, 49.89, 57|4, 54, N/A, 49.65, 33|5, 59, N/A, 57.76, 58|6, 55, N/A, 70.46, 32|
00:26:11 0, 55, N/A, 48.45, 88|1, 53, N/A, 53.37, 59|2, 55, N/A, 71.03, 82|3, 56, N/A, 67.02, 59|4, 54, N/A, 75.38, 32|5, 59, N/A, 64.15, 56|6, 55, N/A, 64.08, 39|
00:26:13 0, 56, N/A, 48.94, 91|1, 54, N/A, 53.37, 86|2, 55, N/A, 82.05, 63|3, 56, N/A, 62.88, 45|4, 54, N/A, 70.46, 40|5, 59, N/A, 61.21, 58|6, 55, N/A, 61.63, 34|
00:26:15 0, 56, N/A, 48.94, 87|1, 54, N/A, 70.74, 88|2, 55, N/A, 96.30, 57|3, 56, N/A, 52.10, 58|4, 55, N/A, 55.55, 32|5, 59, N/A, 52.38, 56|6, 55, N/A, 53.31, 33|
00:26:17 0, 55, N/A, 51.87, 80|1, 54, N/A, 62.19, 87|2, 55, N/A, 84.52, 80|3, 56, N/A, 48.66, 41|4, 55, N/A, 51.62, 40|5, 59, N/A, 49.93, 45|6, 56, N/A, 50.36, 42|
00:26:19 0, 55, N/A, 72.01, 61|1, 54, N/A, 65.42, 84|2, 55, N/A, 69.61, 59|3, 56, N/A, 48.17, 57|4, 55, N/A, 50.88, 30|5, 59, N/A, 49.90, 59|6, 56, N/A, 74.84, 58|
00:26:21 0, 55, N/A, 52.38, 61|1, 54, N/A, 52.17, 86|2, 56, N/A, 76.20, 58|3, 56, N/A, 61.20, 52|4, 55, N/A, 57.03, 34|5, 59, N/A, 53.37, 58|6, 56, N/A, 53.07, 58|
00:26:23 0, 55, N/A, 47.99, 62|1, 54, N/A, 66.12, 83|2, 56, N/A, 73.75, 60|3, 56, N/A, 55.31, 52|4, 56, N/A, 53.62, 49|5, 59, N/A, 49.71, 29|6, 56, N/A, 52.11, 56|
00:26:26 0, 56, N/A, 46.76, 82|1, 54, N/A, 66.87, 85|2, 56, N/A, 95.87, 80|3, 56, N/A, 55.80, 59|4, 55, N/A, 59.76, 59|5, 59, N/A, 56.36, 39|6, 56, N/A, 56.29, 43|
00:26:28 0, 56, N/A, 48.49, 62|1, 54, N/A, 51.93, 81|2, 56, N/A, 101.21, 58|3, 56, N/A, 56.53, 53|4, 55, N/A, 63.42, 40|5, 60, N/A, 58.54, 58|6, 56, N/A, 56.26, 58|
00:26:30 0, 56, N/A, 57.28, 78|1, 54, N/A, 58.81, 87|2, 56, N/A, 61.00, 64|3, 56, N/A, 49.16, 58|4, 55, N/A, 48.20, 29|5, 60, N/A, 71.69, 46|6, 56, N/A, 85.10, 55|
00:26:32 0, 56, N/A, 47.96, 62|1, 54, N/A, 51.19, 87|2, 56, N/A, 100.41, 60|3, 56, N/A, 61.40, 58|4, 55, N/A, 66.57, 29|5, 60, N/A, 63.18, 57|6, 56, N/A, 60.64, 57|
00:26:34 0, 56, N/A, 46.76, 60|1, 55, N/A, 64.68, 83|2, 56, N/A, 100.92, 56|3, 57, N/A, 61.65, 58|4, 56, N/A, 65.84, 60|5, 59, N/A, 61.24, 29|6, 56, N/A, 60.43, 58|
00:26:36 0, 56, N/A, 51.65, 62|1, 55, N/A, 54.38, 84|2, 56, N/A, 71.32, 59|3, 57, N/A, 57.27, 52|4, 56, N/A, 77.83, 53|5, 60, N/A, 56.54, 30|6, 56, N/A, 58.22, 59|
00:26:38 0, 56, N/A, 43.80, 62|1, 55, N/A, 80.82, 83|2, 57, N/A, 116.07, 86|3, 56, N/A, 58.71, 40|4, 57, N/A, 77.83, 47|5, 60, N/A, 60.47, 30|6, 57, N/A, 62.61, 58|
00:26:40 0, 56, N/A, 53.62, 84|1, 55, N/A, 58.04, 88|2, 57, N/A, 64.65, 84|3, 56, N/A, 58.70, 44|4, 56, N/A, 79.51, 42|5, 60, N/A, 57.52, 42|6, 57, N/A, 57.23, 43|
00:26:42 0, 56, N/A, 75.95, 85|1, 55, N/A, 53.40, 88|2, 56, N/A, 148.54, 80|3, 56, N/A, 44.24, 43|4, 56, N/A, 152.45, 42|5, 60, N/A, 45.25, 44|6, 57, N/A, 174.17, 41|
00:26:44 0, 56, N/A, 150.09, 86|1, 55, N/A, 47.95, 84|2, 57, N/A, 189.14, 81|3, 56, N/A, 43.47, 49|4, 56, N/A, 174.01, 33|5, 60, N/A, 44.48, 41|6, 57, N/A, 188.35, 39|
00:26:46 0, 57, N/A, 170.16, 63|1, 54, N/A, 46.50, 84|2, 57, N/A, 204.83, 81|3, 56, N/A, 42.76, 44|4, 57, N/A, 115.04, 42|5, 60, N/A, 44.05, 29|6, 57, N/A, 89.57, 55|
00:26:49 0, 57, N/A, 46.24, 86|1, 55, N/A, 125.62, 84|2, 56, N/A, 156.14, 75|3, 57, N/A, 43.99, 57|4, 56, N/A, 155.38, 31|5, 60, N/A, 45.00, 44|6, 57, N/A, 176.11, 41|
00:26:51 0, 57, N/A, 44.51, 90|1, 55, N/A, 161.77, 83|2, 57, N/A, 186.81, 82|3, 57, N/A, 43.50, 43|4, 57, N/A, 172.41, 44|5, 60, N/A, 44.51, 37|6, 57, N/A, 187.61, 44|
00:26:53 0, 57, N/A, 70.10, 62|1, 55, N/A, 63.46, 87|2, 57, N/A, 65.92, 60|3, 57, N/A, 57.52, 58|4, 56, N/A, 49.44, 30|5, 60, N/A, 57.55, 59|6, 57, N/A, 71.45, 58|
00:26:55 0, 57, N/A, 49.71, 61|1, 55, N/A, 56.60, 87|2, 57, N/A, 84.61, 81|3, 57, N/A, 54.08, 49|4, 56, N/A, 71.98, 34|5, 60, N/A, 54.36, 43|6, 57, N/A, 54.32, 42|
00:26:57 0, 57, N/A, 53.12, 60|1, 55, N/A, 56.36, 85|2, 57, N/A, 60.26, 58|3, 57, N/A, 62.18, 58|4, 56, N/A, 86.44, 31|5, 60, N/A, 60.51, 60|6, 57, N/A, 60.68, 58|
00:26:59 0, 57, N/A, 73.00, 87|1, 55, N/A, 74.03, 86|2, 57, N/A, 74.03, 57|3, 57, N/A, 51.62, 59|4, 57, N/A, 53.37, 58|5, 60, N/A, 49.96, 29|6, 57, N/A, 66.29, 58|
00:27:01 0, 57, N/A, 48.24, 63|1, 55, N/A, 71.77, 86|2, 57, N/A, 74.77, 60|3, 57, N/A, 50.17, 54|4, 57, N/A, 59.25, 56|5, 60, N/A, 49.22, 29|6, 57, N/A, 51.13, 58|
00:27:03 0, 57, N/A, 57.30, 60|1, 56, N/A, 108.34, 82|2, 58, N/A, 103.91, 85|3, 57, N/A, 54.35, 40|4, 57, N/A, 68.09, 47|5, 60, N/A, 56.60, 30|6, 58, N/A, 59.46, 60|
00:27:05 0, 57, N/A, 83.28, 86|1, 56, N/A, 88.44, 86|2, 58, N/A, 81.37, 80|3, 57, N/A, 50.14, 43|4, 57, N/A, 57.28, 44|5, 60, N/A, 50.42, 44|6, 58, N/A, 53.56, 40|
00:27:07 0, 59, N/A, 176.90, 50|1, 56, N/A, 159.46, 58|2, 57, N/A, 54.59, 34|3, 58, N/A, 111.20, 37|4, 56, N/A, 45.22, 18|5, 62, N/A, 105.88, 46|6, 57, N/A, 78.48, 27|
00:27:09 0, 57, N/A, 43.25, 87|1, 56, N/A, 183.01, 83|2, 57, N/A, 53.33, 82|3, 59, N/A, 100.23, 45|4, 57, N/A, 123.71, 38|5, 60, N/A, 44.27, 45|6, 58, N/A, 93.93, 42|
00:27:12 0, 57, N/A, 43.25, 90|1, 56, N/A, 152.68, 83|2, 57, N/A, 53.83, 66|3, 58, N/A, 76.06, 44|4, 57, N/A, 91.04, 41|5, 61, N/A, 44.27, 29|6, 58, N/A, 71.41, 53|
00:27:14 0, 57, N/A, 60.95, 90|1, 55, N/A, 58.53, 83|2, 58, N/A, 62.72, 59|3, 57, N/A, 50.38, 60|4, 57, N/A, 48.92, 31|5, 61, N/A, 47.47, 60|6, 57, N/A, 82.88, 33|
00:27:16 0, 57, N/A, 49.68, 87|1, 55, N/A, 50.94, 88|2, 57, N/A, 86.18, 82|3, 57, N/A, 64.60, 48|4, 57, N/A, 69.77, 35|5, 61, N/A, 63.42, 41|6, 57, N/A, 62.36, 41|
00:27:18 0, 57, N/A, 60.95, 60|1, 56, N/A, 58.78, 88|2, 57, N/A, 61.74, 56|3, 57, N/A, 78.81, 45|4, 56, N/A, 71.69, 40|5, 61, N/A, 63.63, 59|6, 57, N/A, 62.61, 57|
00:27:20 0, 57, N/A, 49.46, 60|1, 55, N/A, 60.99, 85|2, 57, N/A, 81.90, 57|3, 57, N/A, 61.70, 58|4, 56, N/A, 57.52, 30|5, 61, N/A, 53.62, 60|6, 57, N/A, 55.06, 58|
00:27:22 0, 56, N/A, 56.57, 60|1, 55, N/A, 57.34, 88|2, 57, N/A, 61.53, 58|3, 57, N/A, 80.32, 50|4, 56, N/A, 73.46, 38|5, 61, N/A, 64.41, 60|6, 57, N/A, 61.17, 57|
00:27:24 0, 57, N/A, 44.54, 60|1, 56, N/A, 70.34, 81|2, 57, N/A, 87.71, 59|3, 57, N/A, 69.03, 44|4, 57, N/A, 81.07, 45|5, 60, N/A, 61.00, 30|6, 58, N/A, 67.56, 53|
00:27:26 0, 56, N/A, 73.99, 86|1, 56, N/A, 78.95, 83|2, 57, N/A, 73.79, 80|3, 57, N/A, 54.57, 44|4, 57, N/A, 57.81, 60|5, 60, N/A, 49.71, 43|6, 57, N/A, 54.82, 41|
00:27:28 0, 57, N/A, 45.03, 87|1, 55, N/A, 151.08, 40|2, 56, N/A, 53.65, 81|3, 57, N/A, 163.11, 35|4, 55, N/A, 45.22, 36|5, 61, N/A, 169.01, 43|6, 57, N/A, 184.69, 41|
00:27:30 0, 56, N/A, 47.00, 87|1, 55, N/A, 133.99, 83|2, 56, N/A, 54.88, 82|3, 56, N/A, 156.83, 29|4, 56, N/A, 45.47, 38|5, 60, N/A, 166.56, 42|6, 57, N/A, 182.25, 32|
00:27:32 0, 56, N/A, 52.67, 86|1, 55, N/A, 54.63, 66|2, 56, N/A, 59.31, 81|3, 56, N/A, 129.33, 41|4, 56, N/A, 48.66, 40|5, 60, N/A, 130.33, 43|6, 56, N/A, 153.83, 35|
00:27:35 0, 56, N/A, 72.22, 88|1, 54, N/A, 86.53, 56|2, 56, N/A, 80.14, 85|3, 56, N/A, 53.09, 62|4, 55, N/A, 55.56, 41|5, 60, N/A, 50.91, 59|6, 56, N/A, 53.31, 32|
00:27:37 0, 56, N/A, 71.57, 88|1, 54, N/A, 66.65, 58|2, 56, N/A, 69.12, 84|3, 56, N/A, 48.70, 59|4, 55, N/A, 50.67, 31|5, 60, N/A, 48.48, 50|6, 56, N/A, 65.56, 31|
00:27:39 0, 57, N/A, 59.03, 87|1, 55, N/A, 59.31, 85|2, 56, N/A, 59.31, 82|3, 57, N/A, 58.74, 59|4, 55, N/A, 62.40, 31|5, 60, N/A, 54.61, 42|6, 56, N/A, 54.33, 42|
00:27:41 0, 57, N/A, 51.43, 91|1, 54, N/A, 72.80, 83|2, 56, N/A, 76.20, 59|3, 57, N/A, 53.09, 48|4, 55, N/A, 55.09, 39|5, 60, N/A, 52.17, 59|6, 56, N/A, 52.85, 31|
00:27:43 0, 56, N/A, 54.11, 38|1, 54, N/A, 55.12, 54|2, 56, N/A, 58.81, 34|3, 56, N/A, 115.68, 41|4, 55, N/A, 47.93, 44|5, 59, N/A, 123.46, 23|6, 56, N/A, 146.49, 24|
00:27:45 0, 56, N/A, 52.38, 86|1, 54, N/A, 53.89, 83|2, 56, N/A, 58.75, 80|3, 56, N/A, 120.82, 40|4, 56, N/A, 47.93, 47|5, 59, N/A, 119.85, 42|6, 56, N/A, 144.29, 42|
00:27:47 0, 56, N/A, 50.67, 89|1, 54, N/A, 51.65, 79|2, 56, N/A, 57.27, 84|3, 56, N/A, 133.17, 42|4, 55, N/A, 47.65, 42|5, 59, N/A, 139.71, 59|6, 56, N/A, 159.99, 29|
00:27:49 0, 56, N/A, 55.83, 89|1, 54, N/A, 55.09, 74|2, 56, N/A, 59.28, 84|3, 56, N/A, 60.18, 29|4, 55, N/A, 61.17, 59|5, 59, N/A, 57.03, 32|6, 56, N/A, 57.73, 58|
00:27:51 0, 56, N/A, 50.67, 89|1, 54, N/A, 53.40, 55|2, 56, N/A, 83.33, 87|3, 56, N/A, 49.65, 38|4, 55, N/A, 53.10, 49|5, 59, N/A, 49.96, 29|6, 56, N/A, 52.11, 42|
00:27:53 0, 55, N/A, 58.08, 67|1, 53, N/A, 57.87, 23|2, 55, N/A, 62.77, 71|3, 55, N/A, 51.19, 27|4, 55, N/A, 48.24, 61|5, 59, N/A, 46.79, 15|6, 55, N/A, 76.12, 52|
00:27:56 0, 56, N/A, 58.29, 84|1, 53, N/A, 55.37, 72|2, 56, N/A, 60.55, 80|3, 56, N/A, 58.75, 30|4, 55, N/A, 48.21, 59|5, 59, N/A, 62.65, 58|6, 55, N/A, 93.93, 28|
00:27:58 0, 56, N/A, 64.23, 87|1, 54, N/A, 63.25, 54|2, 56, N/A, 65.71, 81|3, 56, N/A, 46.98, 45|4, 56, N/A, 49.96, 42|5, 59, N/A, 48.27, 57|6, 55, N/A, 52.36, 35|
00:28:00 0, 55, N/A, 50.98, 85|1, 54, N/A, 52.95, 84|2, 55, N/A, 64.49, 79|3, 55, N/A, 122.63, 42|4, 55, N/A, 47.22, 45|5, 59, N/A, 126.33, 45|6, 55, N/A, 48.66, 42|
00:28:02 0, 55, N/A, 52.91, 77|1, 53, N/A, 56.39, 82|2, 55, N/A, 59.80, 87|3, 55, N/A, 100.31, 30|4, 54, N/A, 48.70, 62|5, 59, N/A, 108.66, 39|6, 55, N/A, 49.62, 52|
00:28:04 0, 55, N/A, 53.16, 90|1, 53, N/A, 68.14, 65|2, 55, N/A, 69.86, 86|3, 55, N/A, 48.45, 29|4, 55, N/A, 51.65, 60|5, 59, N/A, 49.22, 30|6, 55, N/A, 54.08, 58|
00:28:06 0, 55, N/A, 49.00, 88|1, 53, N/A, 76.00, 54|2, 55, N/A, 74.78, 86|3, 55, N/A, 50.66, 39|4, 55, N/A, 55.35, 49|5, 59, N/A, 51.69, 28|6, 55, N/A, 56.54, 61|
00:28:08 0, 55, N/A, 42.11, 57|1, 53, N/A, 45.80, 68|2, 55, N/A, 51.93, 60|3, 55, N/A, 42.06, 24|4, 55, N/A, 44.05, 62|5, 58, N/A, 43.31, 15|6, 55, N/A, 46.73, 47|
00:28:10 0, 55, N/A, 43.31, 85|1, 54, N/A, 78.46, 85|2, 56, N/A, 91.15, 79|3, 55, N/A, 64.85, 43|4, 55, N/A, 90.60, 41|5, 58, N/A, 66.62, 42|6, 55, N/A, 69.00, 41|
00:28:12 0, 55, N/A, 42.32, 88|1, 54, N/A, 116.13, 82|2, 56, N/A, 106.88, 86|3, 55, N/A, 52.11, 40|4, 56, N/A, 67.61, 43|5, 58, N/A, 81.81, 30|6, 56, N/A, 84.42, 53|
00:28:14 0, 55, N/A, 54.88, 59|1, 53, N/A, 56.36, 87|2, 54, N/A, 59.80, 55|3, 55, N/A, 57.76, 61|4, 54, N/A, 73.95, 43|5, 58, N/A, 56.60, 59|6, 55, N/A, 56.29, 62|
00:28:16 0, 55, N/A, 53.40, 78|1, 53, N/A, 55.65, 88|2, 55, N/A, 59.06, 67|3, 55, N/A, 56.78, 59|4, 54, N/A, 73.01, 29|5, 59, N/A, 55.87, 47|6, 55, N/A, 56.05, 51|
00:28:19 0, 55, N/A, 46.02, 58|1, 53, N/A, 79.65, 87|2, 54, N/A, 93.90, 54|3, 55, N/A, 58.00, 46|4, 54, N/A, 62.68, 33|5, 58, N/A, 58.05, 59|6, 55, N/A, 57.74, 58|
00:28:21 0, 55, N/A, 48.94, 60|1, 53, N/A, 76.44, 83|2, 54, N/A, 72.52, 55|3, 56, N/A, 55.51, 52|4, 54, N/A, 53.34, 45|5, 58, N/A, 50.17, 27|6, 55, N/A, 52.08, 59|
00:28:23 0, 55, N/A, 51.16, 87|1, 53, N/A, 54.85, 85|2, 54, N/A, 82.34, 82|3, 55, N/A, 61.66, 61|4, 55, N/A, 58.71, 63|5, 58, N/A, 53.86, 43|6, 55, N/A, 55.03, 42|
00:28:25 0, 55, N/A, 68.05, 87|1, 53, N/A, 63.66, 84|2, 54, N/A, 62.19, 80|3, 55, N/A, 48.42, 54|4, 54, N/A, 63.62, 32|5, 58, N/A, 48.42, 42|6, 54, N/A, 124.05, 39|
00:28:27 0, 55, N/A, 73.49, 90|1, 53, N/A, 73.73, 86|2, 54, N/A, 68.58, 56|3, 55, N/A, 48.17, 42|4, 54, N/A, 48.92, 42|5, 58, N/A, 50.66, 59|6, 54, N/A, 87.06, 40|
00:28:29 0, 56, N/A, 45.53, 47|1, 53, N/A, 48.24, 61|2, 54, N/A, 51.93, 26|3, 55, N/A, 43.04, 33|4, 54, N/A, 44.03, 20|5, 58, N/A, 43.81, 46|6, 54, N/A, 45.97, 23|
00:28:31 0, 55, N/A, 48.48, 86|1, 53, N/A, 69.07, 57|2, 54, N/A, 77.93, 88|3, 55, N/A, 52.10, 59|4, 54, N/A, 55.56, 31|5, 58, N/A, 52.39, 59|6, 54, N/A, 53.31, 29|
00:28:33 0, 55, N/A, 53.12, 88|1, 52, N/A, 52.17, 56|2, 54, N/A, 68.83, 83|3, 55, N/A, 57.72, 57|4, 54, N/A, 62.68, 37|5, 58, N/A, 52.14, 61|6, 54, N/A, 52.58, 27|
00:28:35 0, 54, N/A, 161.00, 89|1, 52, N/A, 174.77, 67|2, 54, N/A, 51.61, 74|3, 55, N/A, 169.98, 42|4, 54, N/A, 43.96, 45|5, 59, N/A, 176.36, 56|6, 54, N/A, 46.39, 40|
00:28:37 0, 54, N/A, 108.64, 87|1, 52, N/A, 137.09, 83|2, 54, N/A, 53.37, 83|3, 55, N/A, 157.70, 31|4, 54, N/A, 45.22, 61|5, 58, N/A, 164.83, 44|6, 54, N/A, 46.64, 49|
00:28:39 0, 54, N/A, 52.85, 40|1, 52, N/A, 70.80, 31|2, 54, N/A, 72.06, 34|3, 54, N/A, 49.19, 18|4, 54, N/A, 53.59, 26|5, 58, N/A, 49.93, 25|6, 54, N/A, 51.37, 24|
00:28:42 0, 55, N/A, 51.65, 91|1, 52, N/A, 60.01, 57|2, 54, N/A, 76.40, 88|3, 54, N/A, 51.61, 31|4, 54, N/A, 56.29, 59|5, 58, N/A, 51.65, 60|6, 54, N/A, 53.07, 28|
00:28:44 0, 54, N/A, 68.57, 91|1, 52, N/A, 66.36, 75|2, 54, N/A, 69.32, 83|3, 54, N/A, 46.45, 30|4, 54, N/A, 50.39, 60|5, 58, N/A, 47.71, 58|6, 54, N/A, 48.88, 25|
00:28:46 0, 54, N/A, 148.18, 76|1, 52, N/A, 46.47, 82|2, 55, N/A, 186.20, 81|3, 55, N/A, 166.91, 53|4, 53, N/A, 44.21, 39|5, 58, N/A, 174.01, 41|6, 54, N/A, 46.39, 55|
00:28:48 0, 54, N/A, 47.22, 83|1, 52, N/A, 50.88, 85|2, 54, N/A, 93.54, 77|3, 54, N/A, 136.03, 41|4, 54, N/A, 46.67, 48|5, 58, N/A, 139.06, 45|6, 54, N/A, 47.62, 41|
00:28:50 0, 54, N/A, 59.48, 58|1, 52, N/A, 85.68, 66|2, 53, N/A, 104.52, 31|3, 55, N/A, 104.83, 32|4, 53, N/A, 77.53, 20|5, 58, N/A, 138.00, 52|6, 53, N/A, 58.14, 20|
00:28:52 0, 54, N/A, 59.97, 58|1, 53, N/A, 62.96, 82|2, 53, N/A, 63.70, 54|3, 55, N/A, 57.48, 63|4, 54, N/A, 49.16, 62|5, 58, N/A, 55.55, 30|6, 54, N/A, 73.61, 60|
00:28:54 0, 54, N/A, 48.20, 74|1, 53, N/A, 50.42, 87|2, 54, N/A, 89.12, 77|3, 55, N/A, 59.19, 63|4, 54, N/A, 63.38, 63|5, 57, N/A, 58.51, 38|6, 54, N/A, 54.04, 43|
00:28:56 0, 54, N/A, 47.22, 86|1, 52, N/A, 101.64, 83|2, 53, N/A, 147.56, 81|3, 54, N/A, 43.01, 41|4, 53, N/A, 157.59, 36|5, 57, N/A, 44.27, 44|6, 54, N/A, 177.33, 41|
00:28:58 0, 54, N/A, 57.80, 92|1, 52, N/A, 76.94, 86|2, 53, N/A, 62.76, 56|3, 54, N/A, 49.68, 42|4, 53, N/A, 49.69, 41|5, 58, N/A, 49.46, 59|6, 54, N/A, 113.91, 43|
00:29:00 0, 54, N/A, 47.77, 56|1, 52, N/A, 50.23, 81|2, 53, N/A, 71.33, 52|3, 55, N/A, 64.85, 57|4, 53, N/A, 77.43, 39|5, 58, N/A, 67.36, 64|6, 54, N/A, 61.67, 59|
00:29:03 0, 54, N/A, 55.13, 85|1, 52, N/A, 69.85, 83|2, 53, N/A, 87.82, 79|3, 55, N/A, 48.94, 59|4, 53, N/A, 51.90, 28|5, 58, N/A, 50.21, 43|6, 54, N/A, 50.88, 63|
00:29:05 0, 54, N/A, 41.83, 84|1, 53, N/A, 112.52, 87|2, 53, N/A, 52.67, 82|3, 55, N/A, 96.44, 40|4, 53, N/A, 53.83, 43|5, 58, N/A, 102.83, 42|6, 54, N/A, 93.49, 41|
00:29:07 0, 54, N/A, 69.85, 90|1, 52, N/A, 65.92, 56|2, 54, N/A, 74.32, 85|3, 54, N/A, 48.21, 45|4, 53, N/A, 49.69, 34|5, 57, N/A, 46.76, 59|6, 54, N/A, 49.17, 44|
00:29:09 0, 55, N/A, 53.65, 90|1, 52, N/A, 55.65, 73|2, 54, N/A, 58.86, 87|3, 55, N/A, 60.47, 61|4, 54, N/A, 65.39, 29|5, 58, N/A, 59.32, 63|6, 54, N/A, 59.49, 27|
00:29:11 0, 55, N/A, 42.11, 46|1, 53, N/A, 45.31, 61|2, 53, N/A, 50.23, 20|3, 55, N/A, 42.08, 53|4, 53, N/A, 43.31, 25|5, 58, N/A, 43.34, 46|6, 54, N/A, 46.00, 16|
00:29:13 0, 55, N/A, 168.67, 84|1, 52, N/A, 45.74, 71|2, 55, N/A, 201.62, 79|3, 55, N/A, 42.24, 44|4, 55, N/A, 179.63, 45|5, 59, N/A, 178.43, 44|6, 54, N/A, 46.18, 40|
00:29:15 0, 55, N/A, 82.06, 60|1, 53, N/A, 49.95, 83|2, 54, N/A, 154.92, 55|3, 55, N/A, 43.01, 43|4, 55, N/A, 161.26, 42|5, 58, N/A, 164.94, 27|6, 54, N/A, 46.91, 36|
00:29:17 0, 55, N/A, 83.54, 56|1, 53, N/A, 74.27, 86|2, 55, N/A, 77.48, 86|3, 55, N/A, 52.38, 32|4, 54, N/A, 55.84, 53|5, 58, N/A, 50.70, 31|6, 55, N/A, 53.58, 61|
00:29:19 0, 55, N/A, 60.75, 88|1, 54, N/A, 56.60, 85|2, 55, N/A, 59.80, 86|3, 55, N/A, 74.89, 29|4, 55, N/A, 48.92, 62|5, 58, N/A, 72.19, 43|6, 55, N/A, 82.21, 63|
00:29:21 0, 55, N/A, 51.65, 78|1, 53, N/A, 85.98, 84|2, 55, N/A, 84.32, 67|3, 55, N/A, 53.33, 60|4, 54, N/A, 60.23, 27|5, 58, N/A, 53.62, 49|6, 55, N/A, 55.28, 56|
00:29:23 0, 55, N/A, 47.01, 56|1, 53, N/A, 72.81, 88|2, 55, N/A, 72.32, 83|3, 55, N/A, 50.42, 48|4, 54, N/A, 62.23, 32|5, 59, N/A, 50.21, 64|6, 55, N/A, 51.38, 41|
00:29:26 0, 55, N/A, 53.90, 56|1, 54, N/A, 55.13, 90|2, 55, N/A, 59.06, 54|3, 56, N/A, 83.29, 60|4, 55, N/A, 46.74, 30|5, 59, N/A, 87.90, 62|6, 55, N/A, 82.95, 62|
00:29:28 0, 55, N/A, 42.30, 89|1, 54, N/A, 183.95, 82|2, 55, N/A, 51.67, 57|3, 57, N/A, 88.58, 44|4, 56, N/A, 110.68, 41|5, 58, N/A, 43.56, 30|6, 56, N/A, 82.02, 55|
00:29:30 0, 55, N/A, 45.50, 87|1, 53, N/A, 133.74, 85|2, 55, N/A, 54.87, 84|3, 56, N/A, 157.81, 54|4, 55, N/A, 160.05, 27|5, 59, N/A, 44.51, 45|6, 56, N/A, 178.83, 42|
00:29:32 0, 56, N/A, 61.24, 73|1, 54, N/A, 62.26, 68|2, 55, N/A, 63.98, 35|3, 56, N/A, 50.14, 20|4, 54, N/A, 48.94, 27|5, 59, N/A, 53.37, 20|6, 55, N/A, 68.25, 19|
00:29:34 0, 56, N/A, 55.34, 88|1, 54, N/A, 54.63, 52|2, 56, N/A, 60.79, 82|3, 56, N/A, 81.03, 45|4, 56, N/A, 51.38, 40|5, 59, N/A, 85.24, 57|6, 55, N/A, 83.93, 35|
00:29:36 0, 57, N/A, 69.57, 86|1, 54, N/A, 59.06, 84|2, 56, N/A, 66.66, 83|3, 56, N/A, 69.28, 32|4, 56, N/A, 51.63, 57|5, 60, N/A, 73.46, 63|6, 55, N/A, 82.99, 25|
00:29:38 0, 56, N/A, 50.69, 55|1, 54, N/A, 61.73, 83|2, 56, N/A, 82.10, 87|3, 56, N/A, 53.33, 28|4, 55, N/A, 58.01, 64|5, 59, N/A, 54.61, 27|6, 56, N/A, 60.93, 62|
00:29:40 0, 56, N/A, 47.47, 73|1, 54, N/A, 82.04, 88|2, 56, N/A, 88.19, 85|3, 56, N/A, 56.25, 31|4, 55, N/A, 62.89, 62|5, 59, N/A, 58.04, 32|6, 56, N/A, 55.77, 57|
00:29:42 0, 56, N/A, 168.83, 86|1, 54, N/A, 46.44, 82|2, 56, N/A, 202.36, 79|3, 56, N/A, 42.71, 48|4, 56, N/A, 180.74, 57|5, 59, N/A, 43.96, 41|6, 57, N/A, 171.73, 39|
00:29:44 0, 56, N/A, 74.64, 87|1, 54, N/A, 52.87, 88|2, 56, N/A, 132.92, 84|3, 56, N/A, 44.95, 44|4, 55, N/A, 144.61, 41|5, 59, N/A, 45.47, 45|6, 56, N/A, 181.62, 43|
00:29:46 0, 56, N/A, 55.80, 55|1, 54, N/A, 57.55, 85|2, 56, N/A, 60.75, 53|3, 56, N/A, 54.29, 44|4, 55, N/A, 51.13, 43|5, 60, N/A, 60.96, 64|6, 56, N/A, 93.14, 64|
00:29:49 0, 56, N/A, 49.19, 57|1, 55, N/A, 63.41, 84|2, 56, N/A, 74.23, 57|3, 57, N/A, 59.94, 55|4, 56, N/A, 53.59, 49|5, 59, N/A, 54.35, 29|6, 57, N/A, 52.57, 65|
00:29:51 0, 56, N/A, 43.53, 86|1, 55, N/A, 76.68, 83|2, 56, N/A, 58.01, 80|3, 57, N/A, 79.73, 61|4, 57, N/A, 82.93, 67|5, 59, N/A, 62.89, 45|6, 57, N/A, 68.71, 47|
00:29:53 0, 57, N/A, 49.93, 37|1, 55, N/A, 66.57, 66|2, 56, N/A, 97.17, 37|3, 56, N/A, 60.88, 22|4, 55, N/A, 67.52, 24|5, 60, N/A, 59.49, 24|6, 56, N/A, 55.76, 21|
00:29:55 0, 57, N/A, 50.91, 89|1, 54, N/A, 53.65, 53|2, 57, N/A, 83.52, 84|3, 56, N/A, 53.33, 26|4, 56, N/A, 59.46, 65|5, 60, N/A, 53.37, 57|6, 56, N/A, 52.82, 33|
00:29:57 0, 57, N/A, 48.98, 90|1, 55, N/A, 51.19, 53|2, 56, N/A, 57.10, 83|3, 56, N/A, 69.56, 33|4, 56, N/A, 84.66, 51|5, 60, N/A, 72.76, 63|6, 56, N/A, 67.32, 27|
00:29:59 0, 56, N/A, 49.22, 55|1, 55, N/A, 51.46, 85|2, 56, N/A, 71.04, 88|3, 56, N/A, 64.60, 43|4, 55, N/A, 74.19, 40|5, 59, N/A, 63.67, 29|6, 56, N/A, 63.63, 43|
00:30:01 0, 56, N/A, 79.89, 56|1, 55, N/A, 75.02, 83|2, 56, N/A, 72.85, 88|3, 56, N/A, 50.42, 28|4, 56, N/A, 49.93, 65|5, 59, N/A, 58.09, 29|6, 56, N/A, 55.56, 58|
00:30:03 0, 57, N/A, 175.06, 71|1, 54, N/A, 46.26, 82|2, 57, N/A, 175.26, 84|3, 56, N/A, 42.54, 40|4, 57, N/A, 104.79, 42|5, 59, N/A, 43.81, 29|6, 57, N/A, 80.30, 54|
00:30:05 0, 56, N/A, 116.81, 87|1, 54, N/A, 48.47, 84|2, 55, N/A, 175.18, 79|3, 56, N/A, 43.50, 57|4, 56, N/A, 166.06, 50|5, 59, N/A, 44.27, 43|6, 56, N/A, 183.20, 47|
00:30:07 0, 55, N/A, 57.09, 86|1, 54, N/A, 58.08, 88|2, 55, N/A, 60.79, 82|3, 56, N/A, 55.06, 51|4, 55, N/A, 51.16, 30|5, 59, N/A, 82.51, 42|6, 56, N/A, 80.98, 45|
00:30:10 0, 56, N/A, 57.02, 80|1, 54, N/A, 70.05, 87|2, 55, N/A, 72.52, 79|3, 56, N/A, 55.27, 64|4, 55, N/A, 53.59, 61|5, 59, N/A, 50.17, 39|6, 56, N/A, 52.33, 42|
00:30:12 0, 55, N/A, 43.53, 65|1, 55, N/A, 106.07, 83|2, 55, N/A, 53.65, 65|3, 57, N/A, 97.84, 43|4, 56, N/A, 71.94, 44|5, 59, N/A, 80.24, 29|6, 56, N/A, 95.10, 45|
00:30:14 0, 56, N/A, 82.80, 50|1, 54, N/A, 63.45, 36|2, 55, N/A, 64.20, 37|3, 56, N/A, 53.80, 26|4, 54, N/A, 65.60, 23|5, 59, N/A, 64.90, 38|6, 55, N/A, 57.00, 35|
00:30:16 0, 56, N/A, 72.22, 90|1, 54, N/A, 82.10, 53|2, 55, N/A, 81.61, 83|3, 56, N/A, 50.88, 32|4, 55, N/A, 57.52, 57|5, 59, N/A, 53.16, 63|6, 55, N/A, 54.82, 25|
00:30:18 0, 56, N/A, 57.34, 83|1, 54, N/A, 54.14, 79|2, 56, N/A, 59.80, 80|3, 55, N/A, 56.04, 27|4, 56, N/A, 63.18, 64|5, 59, N/A, 58.54, 65|6, 55, N/A, 66.09, 27|
00:30:20 0, 55, N/A, 65.18, 53|1, 54, N/A, 63.00, 82|2, 55, N/A, 63.49, 85|3, 55, N/A, 62.68, 29|4, 55, N/A, 50.67, 66|5, 59, N/A, 66.87, 30|6, 55, N/A, 84.66, 59|
00:30:22 0, 55, N/A, 60.50, 74|1, 54, N/A, 59.06, 88|2, 55, N/A, 63.01, 85|3, 55, N/A, 69.52, 26|4, 55, N/A, 47.72, 66|5, 59, N/A, 88.94, 31|6, 55, N/A, 73.90, 65|
00:30:24 0, 55, N/A, 48.49, 79|1, 53, N/A, 51.68, 84|2, 55, N/A, 103.87, 69|3, 55, N/A, 45.96, 60|4, 55, N/A, 126.17, 45|5, 59, N/A, 45.25, 47|6, 55, N/A, 159.36, 55|
00:30:26 0, 55, N/A, 63.45, 86|1, 53, N/A, 66.20, 86|2, 55, N/A, 65.18, 80|3, 55, N/A, 48.20, 54|4, 55, N/A, 56.08, 25|5, 59, N/A, 48.48, 43|6, 55, N/A, 50.88, 44|
00:30:28 0, 55, N/A, 49.71, 54|1, 53, N/A, 61.98, 88|2, 55, N/A, 82.84, 51|3, 55, N/A, 57.27, 53|4, 54, N/A, 54.36, 26|5, 59, N/A, 52.42, 62|6, 55, N/A, 52.60, 60|
00:30:31 0, 55, N/A, 43.28, 86|1, 53, N/A, 168.03, 62|2, 55, N/A, 52.62, 82|3, 55, N/A, 168.87, 43|4, 54, N/A, 174.99, 43|5, 58, N/A, 43.74, 45|6, 56, N/A, 188.96, 44|
00:30:33 0, 55, N/A, 49.71, 91|1, 53, N/A, 50.48, 75|2, 55, N/A, 69.78, 86|3, 55, N/A, 63.38, 43|4, 54, N/A, 77.39, 42|5, 58, N/A, 68.10, 62|6, 55, N/A, 62.89, 27|
00:30:35 0, 55, N/A, 42.60, 83|1, 54, N/A, 46.29, 42|2, 54, N/A, 51.19, 41|3, 55, N/A, 43.04, 60|4, 54, N/A, 44.05, 17|5, 59, N/A, 43.81, 58|6, 54, N/A, 45.73, 30|
00:30:37 0, 55, N/A, 64.90, 68|1, 53, N/A, 64.68, 81|2, 54, N/A, 63.71, 64|3, 55, N/A, 48.45, 44|4, 55, N/A, 67.56, 40|5, 58, N/A, 87.66, 32|6, 55, N/A, 49.87, 65|
00:30:39 0, 55, N/A, 52.66, 80|1, 53, N/A, 52.91, 87|2, 54, N/A, 83.82, 74|3, 55, N/A, 54.78, 62|4, 54, N/A, 59.49, 66|5, 58, N/A, 64.20, 40|6, 55, N/A, 54.79, 58|
00:30:41 0, 55, N/A, 42.52, 86|1, 53, N/A, 181.54, 83|2, 55, N/A, 203.23, 80|3, 55, N/A, 42.24, 31|4, 55, N/A, 180.86, 55|5, 58, N/A, 43.50, 43|6, 55, N/A, 179.55, 40|
00:30:43 0, 55, N/A, 60.22, 87|1, 53, N/A, 59.76, 89|2, 54, N/A, 62.97, 83|3, 55, N/A, 48.42, 41|4, 54, N/A, 52.33, 34|5, 58, N/A, 49.43, 42|6, 55, N/A, 111.65, 40|
00:30:45 0, 54, N/A, 63.90, 87|1, 53, N/A, 72.03, 87|2, 54, N/A, 67.15, 81|3, 56, N/A, 50.63, 35|4, 54, N/A, 49.41, 31|5, 59, N/A, 50.14, 43|6, 55, N/A, 75.53, 40|
00:30:47 0, 54, N/A, 42.78, 77|1, 53, N/A, 177.01, 70|2, 54, N/A, 51.88, 80|3, 56, N/A, 171.55, 43|4, 54, N/A, 43.97, 43|5, 59, N/A, 177.69, 48|6, 55, N/A, 190.82, 44|
00:30:49 0, 55, N/A, 59.27, 90|1, 53, N/A, 65.42, 81|2, 54, N/A, 62.76, 86|3, 55, N/A, 45.99, 43|4, 54, N/A, 47.72, 43|5, 58, N/A, 54.33, 56|6, 54, N/A, 89.76, 26|
00:30:51 0, 56, N/A, 106.50, 92|1, 53, N/A, 77.91, 82|2, 55, N/A, 95.81, 86|3, 56, N/A, 58.46, 49|4, 54, N/A, 54.33, 42|5, 59, N/A, 58.04, 62|6, 54, N/A, 53.06, 35|
00:30:54 0, 54, N/A, 147.88, 85|1, 53, N/A, 46.72, 81|2, 55, N/A, 191.83, 83|3, 55, N/A, 169.35, 56|4, 54, N/A, 43.96, 38|5, 59, N/A, 175.97, 40|6, 54, N/A, 46.39, 51|
00:30:56 0, 55, N/A, 42.57, 70|1, 53, N/A, 46.27, 40|2, 53, N/A, 51.19, 28|3, 55, N/A, 42.79, 55|4, 53, N/A, 43.29, 16|5, 58, N/A, 43.56, 53|6, 54, N/A, 45.72, 25|
00:30:58 0, 54, N/A, 42.76, 87|1, 53, N/A, 175.05, 84|2, 54, N/A, 51.63, 82|3, 56, N/A, 171.07, 53|4, 55, N/A, 177.35, 56|5, 58, N/A, 43.50, 44|6, 55, N/A, 190.55, 41|
00:31:00 0, 54, N/A, 68.79, 90|1, 52, N/A, 83.77, 51|2, 54, N/A, 78.86, 81|3, 55, N/A, 50.63, 47|4, 54, N/A, 55.56, 34|5, 58, N/A, 51.65, 44|6, 54, N/A, 51.83, 43|
00:31:02 0, 55, N/A, 98.40, 86|1, 53, N/A, 84.51, 86|2, 54, N/A, 64.09, 80|3, 56, N/A, 72.61, 43|4, 54, N/A, 70.95, 42|5, 59, N/A, 70.01, 42|6, 54, N/A, 61.84, 40|
00:31:04 0, 55, N/A, 120.58, 88|1, 53, N/A, 145.74, 56|2, 54, N/A, 53.33, 82|3, 55, N/A, 160.79, 43|4, 54, N/A, 44.45, 42|5, 58, N/A, 165.95, 45|6, 54, N/A, 46.86, 44|
00:31:06 0, 54, N/A, 41.83, 82|1, 52, N/A, 45.03, 26|2, 54, N/A, 50.91, 83|3, 54, N/A, 41.56, 27|4, 53, N/A, 65.84, 20|5, 57, N/A, 57.52, 23|6, 54, N/A, 63.10, 65|
00:31:08 0, 54, N/A, 153.10, 55|1, 53, N/A, 46.47, 83|2, 54, N/A, 191.62, 80|3, 55, N/A, 42.49, 44|4, 54, N/A, 175.48, 42|5, 58, N/A, 174.27, 47|6, 54, N/A, 46.39, 37|
00:31:10 0, 54, N/A, 59.77, 61|1, 53, N/A, 57.34, 82|2, 54, N/A, 60.55, 52|3, 55, N/A, 46.21, 66|4, 54, N/A, 48.20, 41|5, 58, N/A, 53.87, 27|6, 54, N/A, 81.43, 62|
00:31:12 0, 54, N/A, 42.05, 89|1, 53, N/A, 183.25, 82|2, 55, N/A, 204.45, 85|3, 54, N/A, 42.00, 44|4, 55, N/A, 180.23, 43|5, 57, N/A, 43.28, 31|6, 55, N/A, 125.18, 49|
00:31:14 0, 54, N/A, 66.65, 88|1, 52, N/A, 65.70, 83|2, 54, N/A, 66.66, 62|3, 54, N/A, 48.20, 66|4, 53, N/A, 49.44, 41|5, 58, N/A, 51.19, 48|6, 54, N/A, 81.27, 28|
00:31:16 0, 54, N/A, 131.38, 51|1, 53, N/A, 157.84, 63|2, 53, N/A, 64.68, 35|3, 54, N/A, 163.83, 48|4, 53, N/A, 47.19, 14|5, 59, N/A, 177.94, 33|6, 54, N/A, 46.91, 16|
00:31:19 0, 54, N/A, 69.61, 68|1, 52, N/A, 71.08, 82|2, 54, N/A, 70.84, 89|3, 54, N/A, 49.19, 45|4, 54, N/A, 52.63, 44|5, 57, N/A, 49.22, 33|6, 54, N/A, 51.84, 66|
00:31:21 0, 54, N/A, 54.60, 70|1, 52, N/A, 55.87, 88|2, 54, N/A, 58.33, 85|3, 54, N/A, 62.19, 26|4, 54, N/A, 63.42, 66|5, 58, N/A, 58.29, 31|6, 54, N/A, 66.58, 65|
00:31:23 0, 54, N/A, 130.47, 72|1, 52, N/A, 48.23, 82|2, 54, N/A, 173.46, 64|3, 54, N/A, 43.01, 42|4, 54, N/A, 167.77, 44|5, 57, N/A, 43.53, 49|6, 54, N/A, 184.19, 52|
00:31:25 0, 54, N/A, 67.60, 79|1, 52, N/A, 66.44, 88|2, 53, N/A, 67.89, 71|3, 54, N/A, 48.20, 62|4, 53, N/A, 56.08, 25|5, 58, N/A, 48.98, 48|6, 54, N/A, 50.14, 58|
00:31:27 0, 54, N/A, 79.59, 68|1, 52, N/A, 82.10, 91|2, 53, N/A, 82.15, 72|3, 55, N/A, 49.93, 66|4, 53, N/A, 54.12, 26|5, 58, N/A, 51.19, 54|6, 54, N/A, 51.86, 58|
00:31:29 0, 54, N/A, 46.51, 86|1, 52, N/A, 59.52, 83|2, 54, N/A, 103.38, 81|3, 54, N/A, 58.25, 58|4, 53, N/A, 63.91, 27|5, 58, N/A, 59.03, 43|6, 54, N/A, 56.26, 34|
00:31:31 0, 54, N/A, 53.86, 91|1, 52, N/A, 57.59, 52|2, 54, N/A, 59.31, 84|3, 54, N/A, 83.03, 59|4, 53, N/A, 58.96, 27|5, 58, N/A, 83.48, 65|6, 53, N/A, 71.69, 32|
00:31:33 0, 54, N/A, 82.35, 85|1, 52, N/A, 64.72, 81|2, 54, N/A, 70.60, 81|3, 54, N/A, 48.20, 30|4, 53, N/A, 50.91, 65|5, 57, N/A, 49.22, 44|6, 54, N/A, 52.08, 49|
00:31:35 0, 54, N/A, 47.50, 90|1, 52, N/A, 83.53, 49|2, 54, N/A, 90.95, 88|3, 54, N/A, 54.81, 30|4, 54, N/A, 64.20, 63|5, 57, N/A, 55.87, 23|6, 54, N/A, 56.79, 49|
00:31:37 0, 54, N/A, 43.34, 89|1, 52, N/A, 45.80, 34|2, 54, N/A, 52.21, 86|3, 54, N/A, 41.84, 39|4, 54, N/A, 44.05, 47|5, 57, N/A, 43.10, 27|6, 54, N/A, 46.49, 58|
00:31:40 0, 54, N/A, 48.23, 90|1, 52, N/A, 67.88, 87|2, 53, N/A, 86.04, 64|3, 55, N/A, 48.20, 65|4, 53, N/A, 50.66, 24|5, 58, N/A, 48.48, 60|6, 54, N/A, 49.65, 27|
00:31:42 0, 55, N/A, 58.78, 90|1, 53, N/A, 56.85, 88|2, 53, N/A, 56.36, 65|3, 55, N/A, 56.28, 44|4, 53, N/A, 61.46, 44|5, 58, N/A, 55.59, 59|6, 54, N/A, 55.28, 39|
00:31:44 0, 54, N/A, 54.60, 66|1, 52, N/A, 50.66, 25|2, 53, N/A, 55.34, 46|3, 54, N/A, 64.56, 20|4, 53, N/A, 72.67, 18|5, 57, N/A, 67.07, 36|6, 54, N/A, 62.85, 24|
00:31:46 0, 55, N/A, 62.44, 89|1, 52, N/A, 59.03, 50|2, 54, N/A, 65.67, 84|3, 54, N/A, 45.72, 45|4, 54, N/A, 48.92, 42|5, 58, N/A, 47.22, 61|6, 54, N/A, 78.72, 36|
00:31:48 0, 55, N/A, 172.50, 69|1, 52, N/A, 45.49, 82|2, 54, N/A, 203.47, 83|3, 54, N/A, 42.24, 45|4, 55, N/A, 181.71, 40|5, 58, N/A, 179.77, 59|6, 54, N/A, 46.15, 34|
00:31:50 0, 54, N/A, 62.96, 53|1, 53, N/A, 62.22, 88|2, 54, N/A, 64.44, 86|3, 54, N/A, 46.24, 41|4, 54, N/A, 52.35, 42|5, 58, N/A, 46.98, 31|6, 54, N/A, 60.88, 51|
00:31:52 0, 55, N/A, 42.27, 88|1, 53, N/A, 181.29, 81|2, 55, N/A, 202.40, 86|3, 54, N/A, 42.24, 43|4, 55, N/A, 180.61, 42|5, 58, N/A, 43.25, 31|6, 55, N/A, 192.26, 51|
00:31:54 0, 54, N/A, 55.30, 58|1, 53, N/A, 71.52, 88|2, 54, N/A, 85.49, 62|3, 55, N/A, 49.16, 42|4, 54, N/A, 53.09, 43|5, 58, N/A, 49.93, 61|6, 55, N/A, 52.08, 46|
00:31:56 0, 55, N/A, 42.76, 89|1, 53, N/A, 177.96, 83|2, 54, N/A, 51.61, 67|3, 56, N/A, 171.44, 43|4, 54, N/A, 43.96, 44|5, 59, N/A, 177.82, 55|6, 55, N/A, 190.79, 43|
00:31:58 0, 55, N/A, 56.78, 90|1, 53, N/A, 64.44, 83|2, 54, N/A, 60.75, 85|3, 55, N/A, 85.43, 26|4, 54, N/A, 46.95, 62|5, 58, N/A, 79.26, 55|6, 54, N/A, 83.91, 28|
00:32:00 0, 55, N/A, 46.02, 53|1, 53, N/A, 74.68, 90|2, 54, N/A, 93.31, 83|3, 55, N/A, 57.23, 43|4, 54, N/A, 58.72, 38|5, 58, N/A, 53.37, 42|6, 55, N/A, 54.78, 43|
00:32:03 0, 55, N/A, 60.01, 51|1, 53, N/A, 58.82, 90|2, 55, N/A, 62.76, 49|3, 55, N/A, 48.94, 65|4, 54, N/A, 47.96, 32|5, 59, N/A, 47.01, 66|6, 55, N/A, 62.36, 62|
00:32:05 0, 55, N/A, 42.33, 86|1, 54, N/A, 104.47, 84|2, 54, N/A, 52.67, 52|3, 57, N/A, 83.18, 53|4, 54, N/A, 80.54, 38|5, 59, N/A, 76.46, 65|6, 56, N/A, 71.70, 58|
00:32:07 0, 56, N/A, 52.17, 91|1, 53, N/A, 51.93, 52|2, 55, N/A, 73.29, 88|3, 56, N/A, 55.31, 56|4, 55, N/A, 60.23, 38|5, 59, N/A, 55.84, 67|6, 55, N/A, 56.54, 28|
00:32:09 0, 57, N/A, 108.11, 83|1, 53, N/A, 47.28, 81|2, 56, N/A, 97.06, 84|3, 57, N/A, 82.98, 54|4, 55, N/A, 73.70, 40|5, 60, N/A, 81.13, 61|6, 55, N/A, 65.60, 30|
00:32:11 0, 56, N/A, 49.96, 91|1, 53, N/A, 51.68, 50|2, 56, N/A, 75.18, 88|3, 55, N/A, 63.87, 42|4, 55, N/A, 75.88, 42|5, 59, N/A, 67.11, 31|6, 56, N/A, 62.40, 54|
00:32:13 0, 56, N/A, 173.07, 74|1, 54, N/A, 46.23, 83|2, 56, N/A, 205.29, 86|3, 56, N/A, 42.73, 43|4, 56, N/A, 182.32, 41|5, 59, N/A, 43.77, 28|6, 57, N/A, 183.21, 50|
00:32:15 0, 56, N/A, 53.12, 53|1, 54, N/A, 56.57, 88|2, 55, N/A, 60.01, 51|3, 56, N/A, 57.48, 63|4, 55, N/A, 76.65, 27|5, 59, N/A, 57.06, 68|6, 56, N/A, 57.49, 67|
00:32:17 0, 56, N/A, 43.77, 90|1, 54, N/A, 169.35, 73|2, 56, N/A, 52.90, 71|3, 57, N/A, 169.44, 42|4, 55, N/A, 176.00, 42|5, 59, N/A, 44.02, 33|6, 56, N/A, 190.92, 42|
00:32:19 0, 56, N/A, 54.12, 91|1, 54, N/A, 55.62, 66|2, 56, N/A, 58.58, 87|3, 56, N/A, 59.20, 63|4, 55, N/A, 66.86, 44|5, 59, N/A, 58.54, 68|6, 56, N/A, 58.96, 27|
00:32:21 0, 58, N/A, 82.80, 72|1, 56, N/A, 62.51, 48|2, 55, N/A, 52.17, 18|3, 57, N/A, 71.73, 32|4, 55, N/A, 70.71, 26|5, 60, N/A, 75.67, 54|6, 55, N/A, 71.45, 17|
00:32:23 0, 56, N/A, 66.61, 51|1, 55, N/A, 65.42, 84|2, 56, N/A, 66.90, 51|3, 57, N/A, 48.91, 60|4, 56, N/A, 50.39, 70|5, 59, N/A, 71.98, 22|6, 56, N/A, 67.76, 53|
00:32:26 0, 56, N/A, 42.79, 54|1, 55, N/A, 125.87, 84|2, 56, N/A, 53.62, 60|3, 58, N/A, 68.04, 44|4, 57, N/A, 75.87, 43|5, 59, N/A, 43.78, 29|6, 57, N/A, 101.90, 49|
00:32:28 0, 57, N/A, 59.52, 88|1, 55, N/A, 63.96, 87|2, 56, N/A, 60.79, 66|3, 57, N/A, 66.57, 65|4, 55, N/A, 47.72, 31|5, 60, N/A, 63.35, 55|6, 56, N/A, 87.30, 42|
00:32:30 0, 57, N/A, 161.35, 87|1, 55, N/A, 175.05, 65|2, 56, N/A, 53.11, 76|3, 57, N/A, 171.31, 44|4, 56, N/A, 44.95, 41|5, 61, N/A, 177.94, 48|6, 56, N/A, 47.37, 44|
00:32:32 0, 57, N/A, 42.33, 87|1, 54, N/A, 46.02, 29|2, 56, N/A, 52.17, 88|3, 56, N/A, 42.30, 31|4, 56, N/A, 44.51, 31|5, 60, N/A, 43.56, 23|6, 56, N/A, 47.19, 63|
00:32:34 0, 56, N/A, 51.68, 86|1, 55, N/A, 55.13, 89|2, 56, N/A, 90.17, 84|3, 57, N/A, 45.22, 45|4, 56, N/A, 134.17, 47|5, 60, N/A, 142.25, 41|6, 57, N/A, 49.10, 40|
00:32:36 0, 56, N/A, 50.45, 51|1, 55, N/A, 52.94, 86|2, 56, N/A, 57.35, 50|3, 57, N/A, 76.15, 65|4, 56, N/A, 91.54, 51|5, 60, N/A, 71.29, 21|6, 57, N/A, 70.02, 60|
00:32:38 0, 57, N/A, 49.71, 86|1, 55, N/A, 52.69, 89|2, 56, N/A, 89.91, 79|3, 57, N/A, 61.94, 49|4, 56, N/A, 66.09, 31|5, 60, N/A, 61.49, 42|6, 57, N/A, 58.47, 41|
00:32:40 0, 57, N/A, 51.65, 92|1, 55, N/A, 61.73, 88|2, 57, N/A, 91.59, 54|3, 57, N/A, 52.32, 58|4, 56, N/A, 56.78, 27|5, 60, N/A, 53.13, 64|6, 57, N/A, 53.80, 34|
00:32:42 0, 58, N/A, 113.44, 48|1, 56, N/A, 103.19, 24|2, 57, N/A, 75.76, 18|3, 58, N/A, 66.37, 19|4, 56, N/A, 57.31, 10|5, 61, N/A, 58.54, 54|6, 57, N/A, 55.84, 18|
00:32:44 0, 57, N/A, 43.04, 88|1, 56, N/A, 187.04, 84|2, 58, N/A, 195.38, 83|3, 57, N/A, 44.02, 26|4, 57, N/A, 107.49, 57|5, 60, N/A, 44.05, 42|6, 58, N/A, 82.75, 40|
00:32:46 0, 57, N/A, 50.70, 87|1, 55, N/A, 53.90, 90|2, 57, N/A, 57.84, 81|3, 57, N/A, 74.18, 54|4, 56, N/A, 75.67, 25|5, 60, N/A, 70.56, 41|6, 57, N/A, 67.56, 33|
00:32:49 0, 57, N/A, 47.00, 57|1, 55, N/A, 147.40, 78|2, 57, N/A, 54.62, 47|3, 57, N/A, 164.07, 51|4, 56, N/A, 45.47, 42|5, 61, N/A, 170.23, 37|6, 57, N/A, 186.65, 26|
00:32:51 0, 57, N/A, 57.28, 89|1, 55, N/A, 87.01, 48|2, 57, N/A, 90.46, 83|3, 57, N/A, 56.28, 24|4, 57, N/A, 60.96, 68|5, 61, N/A, 58.05, 51|6, 57, N/A, 56.75, 28|
00:32:53 0, 59, N/A, 60.75, 86|1, 56, N/A, 56.11, 54|2, 58, N/A, 63.46, 81|3, 57, N/A, 62.89, 27|4, 58, N/A, 74.40, 66|5, 61, N/A, 63.18, 45|6, 57, N/A, 71.69, 43|
00:32:55 0, 57, N/A, 68.82, 51|1, 56, N/A, 64.93, 84|2, 58, N/A, 69.57, 90|3, 57, N/A, 49.41, 29|4, 57, N/A, 51.87, 64|5, 61, N/A, 48.45, 20|6, 58, N/A, 73.86, 62|
00:32:57 0, 57, N/A, 43.25, 88|1, 57, N/A, 186.68, 83|2, 59, N/A, 208.02, 83|3, 58, N/A, 43.23, 27|4, 58, N/A, 184.43, 54|5, 61, N/A, 44.51, 41|6, 59, N/A, 125.90, 39|
00:32:59 0, 57, N/A, 62.68, 50|1, 56, N/A, 69.85, 79|2, 57, N/A, 65.18, 49|3, 58, N/A, 60.43, 54|4, 56, N/A, 49.43, 40|5, 61, N/A, 65.11, 64|6, 58, N/A, 72.15, 59|
00:33:01 0, 58, N/A, 55.58, 89|1, 56, N/A, 57.59, 83|2, 58, N/A, 61.00, 83|3, 58, N/A, 106.19, 42|4, 57, N/A, 49.41, 42|5, 61, N/A, 115.22, 49|6, 58, N/A, 141.36, 25|
00:33:03 0, 58, N/A, 75.22, 89|1, 56, N/A, 57.83, 54|2, 58, N/A, 62.48, 84|3, 58, N/A, 59.73, 29|4, 57, N/A, 48.70, 68|5, 61, N/A, 52.88, 58|6, 58, N/A, 93.43, 21|
00:33:05 0, 58, N/A, 50.94, 50|1, 57, N/A, 53.90, 87|2, 57, N/A, 74.48, 50|3, 58, N/A, 65.38, 57|4, 57, N/A, 60.72, 26|5, 61, N/A, 55.84, 63|6, 58, N/A, 57.03, 55|
00:33:07 0, 58, N/A, 43.03, 62|1, 57, N/A, 184.20, 82|2, 58, N/A, 53.64, 68|3, 59, N/A, 89.81, 42|4, 57, N/A, 45.25, 40|5, 63, N/A, 88.69, 56|6, 59, N/A, 79.56, 42|
00:33:09 0, 58, N/A, 55.84, 90|1, 56, N/A, 55.62, 68|2, 58, N/A, 62.51, 86|3, 58, N/A, 61.91, 40|4, 57, N/A, 73.21, 41|5, 61, N/A, 65.18, 69|6, 58, N/A, 63.63, 41|
00:33:12 0, 58, N/A, 47.99, 84|1, 56, N/A, 53.65, 87|2, 58, N/A, 120.97, 80|3, 58, N/A, 148.02, 42|4, 57, N/A, 46.94, 53|5, 61, N/A, 152.68, 44|6, 58, N/A, 48.85, 38|
00:33:14 0, 57, N/A, 63.94, 51|1, 56, N/A, 62.72, 87|2, 58, N/A, 67.15, 89|3, 58, N/A, 47.96, 32|4, 57, N/A, 50.39, 64|5, 61, N/A, 51.90, 22|6, 58, N/A, 90.69, 52|
00:33:16 0, 57, N/A, 51.44, 75|1, 56, N/A, 55.37, 91|2, 57, N/A, 67.89, 65|3, 58, N/A, 58.99, 67|4, 56, N/A, 73.50, 24|5, 61, N/A, 56.82, 51|6, 58, N/A, 57.03, 67|
00:33:18 0, 57, N/A, 57.55, 86|1, 56, N/A, 73.29, 86|2, 57, N/A, 83.33, 81|3, 58, N/A, 49.93, 66|4, 57, N/A, 52.89, 28|5, 61, N/A, 50.45, 44|6, 58, N/A, 51.86, 66|
00:33:20 0, 57, N/A, 68.62, 87|1, 55, N/A, 66.17, 84|2, 57, N/A, 68.91, 83|3, 57, N/A, 49.19, 39|4, 57, N/A, 51.65, 50|5, 61, N/A, 48.48, 38|6, 57, N/A, 75.58, 39|
00:33:22 0, 58, N/A, 171.88, 86|1, 55, N/A, 46.50, 81|2, 58, N/A, 208.50, 86|3, 58, N/A, 170.82, 55|4, 56, N/A, 44.97, 41|5, 61, N/A, 179.51, 39|6, 57, N/A, 47.65, 29|
00:33:24 0, 57, N/A, 52.63, 67|1, 56, N/A, 54.38, 82|2, 57, N/A, 69.32, 89|3, 57, N/A, 57.23, 22|4, 56, N/A, 59.98, 63|5, 60, N/A, 56.33, 33|6, 57, N/A, 62.16, 66|
00:33:26 0, 57, N/A, 42.58, 55|1, 55, N/A, 46.29, 68|2, 56, N/A, 52.17, 18|3, 57, N/A, 43.04, 47|4, 56, N/A, 44.27, 17|5, 60, N/A, 44.54, 57|6, 57, N/A, 47.69, 12|
00:33:28 0, 58, N/A, 93.60, 89|1, 55, N/A, 76.00, 49|2, 58, N/A, 92.92, 82|3, 58, N/A, 57.76, 43|4, 56, N/A, 54.36, 41|5, 61, N/A, 56.33, 57|6, 57, N/A, 53.34, 40|
00:33:30 0, 57, N/A, 76.49, 49|1, 55, N/A, 82.64, 85|2, 57, N/A, 84.62, 81|3, 57, N/A, 52.63, 46|4, 56, N/A, 56.33, 47|5, 60, N/A, 52.42, 21|6, 57, N/A, 53.84, 39|
00:33:32 0, 56, N/A, 98.70, 86|1, 55, N/A, 50.69, 83|2, 56, N/A, 156.39, 82|3, 57, N/A, 44.73, 54|4, 56, N/A, 157.09, 25|5, 60, N/A, 45.00, 43|6, 57, N/A, 178.32, 47|
00:33:35 0, 56, N/A, 50.70, 51|1, 55, N/A, 53.19, 90|2, 57, N/A, 58.58, 53|3, 57, N/A, 76.65, 63|4, 56, N/A, 83.23, 22|5, 60, N/A, 77.64, 67|6, 57, N/A, 73.18, 57|
00:33:37 0, 56, N/A, 42.29, 86|1, 55, N/A, 184.93, 86|2, 56, N/A, 52.63, 82|3, 58, N/A, 103.24, 44|4, 56, N/A, 44.76, 37|5, 61, N/A, 99.70, 37|6, 58, N/A, 91.78, 35|
00:33:39 0, 57, N/A, 79.65, 85|1, 55, N/A, 62.26, 73|2, 57, N/A, 65.43, 88|3, 57, N/A, 47.71, 67|4, 56, N/A, 48.95, 26|5, 60, N/A, 47.50, 62|6, 57, N/A, 81.96, 25|
00:33:41 0, 56, N/A, 95.51, 84|1, 55, N/A, 49.70, 82|2, 57, N/A, 78.38, 79|3, 57, N/A, 152.91, 32|4, 56, N/A, 45.96, 62|5, 60, N/A, 157.57, 44|6, 56, N/A, 48.12, 47|
00:33:43 0, 56, N/A, 161.57, 68|1, 54, N/A, 46.96, 83|2, 56, N/A, 199.56, 58|3, 57, N/A, 42.98, 45|4, 56, N/A, 179.06, 44|5, 60, N/A, 43.99, 55|6, 58, N/A, 192.99, 43|
00:33:45 0, 56, N/A, 46.97, 49|1, 54, N/A, 71.48, 87|2, 56, N/A, 93.83, 47|3, 57, N/A, 56.99, 65|4, 55, N/A, 58.96, 23|5, 60, N/A, 54.81, 70|6, 56, N/A, 55.00, 64|
00:33:47 0, 56, N/A, 58.01, 87|1, 55, N/A, 67.59, 84|2, 56, N/A, 64.69, 48|3, 57, N/A, 59.44, 66|4, 56, N/A, 49.41, 33|5, 61, N/A, 63.13, 42|6, 57, N/A, 71.15, 63|
00:33:49 0, 57, N/A, 170.79, 85|1, 54, N/A, 46.72, 72|2, 57, N/A, 206.13, 79|3, 56, N/A, 42.73, 41|4, 56, N/A, 182.45, 34|5, 60, N/A, 44.24, 40|6, 57, N/A, 134.59, 42|
00:33:51 0, 56, N/A, 51.12, 49|1, 54, N/A, 53.62, 90|2, 56, N/A, 65.35, 83|3, 57, N/A, 56.74, 57|4, 55, N/A, 80.53, 24|5, 60, N/A, 58.99, 43|6, 56, N/A, 58.68, 50|
00:33:53 0, 56, N/A, 43.28, 76|1, 55, N/A, 88.14, 88|2, 56, N/A, 99.00, 84|3, 57, N/A, 65.30, 42|4, 55, N/A, 66.29, 28|5, 61, N/A, 67.60, 48|6, 57, N/A, 65.80, 43|
00:33:55 0, 57, N/A, 50.41, 85|1, 54, N/A, 59.48, 69|2, 56, N/A, 102.08, 87|3, 57, N/A, 61.86, 68|4, 55, N/A, 67.31, 28|5, 60, N/A, 63.14, 67|6, 56, N/A, 60.15, 24|
00:33:58 0, 56, N/A, 138.16, 86|1, 54, N/A, 47.46, 82|2, 56, N/A, 187.18, 80|3, 56, N/A, 167.63, 32|4, 55, N/A, 44.94, 37|5, 59, N/A, 174.89, 44|6, 56, N/A, 47.13, 52|
00:34:00 0, 56, N/A, 170.54, 70|1, 54, N/A, 46.20, 84|2, 57, N/A, 205.05, 84|3, 56, N/A, 42.73, 45|4, 56, N/A, 182.69, 44|5, 59, N/A, 43.96, 30|6, 57, N/A, 194.21, 44|
00:34:02 0, 55, N/A, 60.23, 49|1, 54, N/A, 61.24, 87|2, 56, N/A, 62.72, 48|3, 56, N/A, 65.35, 66|4, 55, N/A, 77.09, 41|5, 60, N/A, 59.77, 67|6, 56, N/A, 59.21, 63|
00:34:04 0, 55, N/A, 42.27, 87|1, 55, N/A, 110.17, 85|2, 55, N/A, 53.37, 48|3, 57, N/A, 98.09, 53|4, 55, N/A, 49.86, 37|5, 60, N/A, 106.13, 65|6, 57, N/A, 94.11, 57|
00:34:06 0, 56, N/A, 76.68, 89|1, 54, N/A, 52.88, 46|2, 56, N/A, 65.67, 82|3, 56, N/A, 79.79, 44|4, 55, N/A, 75.09, 25|5, 59, N/A, 80.08, 59|6, 56, N/A, 75.09, 41|
00:34:08 0, 55, N/A, 93.00, 85|1, 54, N/A, 49.67, 85|2, 56, N/A, 149.43, 81|3, 56, N/A, 156.24, 44|4, 55, N/A, 45.69, 45|5, 59, N/A, 160.43, 45|6, 56, N/A, 47.87, 39|
00:34:10 0, 56, N/A, 111.51, 68|1, 54, N/A, 143.12, 47|2, 55, N/A, 72.71, 31|3, 56, N/A, 152.81, 62|4, 54, N/A, 55.23, 25|5, 59, N/A, 167.66, 50|6, 55, N/A, 53.23, 28|
00:34:12 0, 57, N/A, 87.15, 83|1, 53, N/A, 66.11, 81|2, 56, N/A, 79.15, 87|3, 57, N/A, 52.60, 57|4, 54, N/A, 49.90, 40|5, 60, N/A, 51.40, 68|6, 55, N/A, 72.63, 30|
00:34:14 0, 55, N/A, 64.15, 70|1, 54, N/A, 63.42, 81|2, 55, N/A, 65.39, 89|3, 56, N/A, 47.44, 45|4, 55, N/A, 50.14, 43|5, 59, N/A, 49.90, 33|6, 55, N/A, 51.56, 42|
00:34:16 0, 55, N/A, 47.47, 86|1, 53, N/A, 53.12, 90|2, 55, N/A, 129.49, 83|3, 56, N/A, 44.21, 43|4, 55, N/A, 142.40, 36|5, 59, N/A, 44.97, 41|6, 56, N/A, 168.54, 42|
00:34:18 0, 55, N/A, 50.18, 48|1, 54, N/A, 57.06, 89|2, 55, N/A, 83.33, 48|3, 56, N/A, 63.13, 57|4, 55, N/A, 59.49, 25|5, 59, N/A, 54.85, 67|6, 56, N/A, 54.54, 51|
00:34:21 0, 55, N/A, 43.01, 79|1, 53, N/A, 174.77, 82|2, 55, N/A, 52.35, 80|3, 56, N/A, 170.71, 40|4, 55, N/A, 44.45, 43|5, 60, N/A, 178.08, 46|6, 56, N/A, 191.28, 39|
00:34:23 0, 56, N/A, 133.84, 86|1, 53, N/A, 46.72, 71|2, 57, N/A, 103.13, 80|3, 57, N/A, 91.22, 68|4, 54, N/A, 75.08, 25|5, 60, N/A, 80.53, 42|6, 55, N/A, 64.57, 43|
00:34:25 0, 55, N/A, 57.30, 85|1, 54, N/A, 59.06, 88|2, 55, N/A, 60.50, 81|3, 55, N/A, 65.10, 33|4, 55, N/A, 47.71, 69|5, 59, N/A, 68.30, 41|6, 56, N/A, 89.51, 52|
00:34:27 0, 55, N/A, 47.00, 55|1, 53, N/A, 50.20, 86|2, 55, N/A, 87.95, 48|3, 55, N/A, 60.43, 44|4, 54, N/A, 67.81, 44|5, 59, N/A, 59.77, 63|6, 55, N/A, 58.23, 42|
00:34:29 0, 55, N/A, 52.13, 48|1, 54, N/A, 53.37, 82|2, 55, N/A, 62.23, 46|3, 56, N/A, 76.60, 65|4, 54, N/A, 61.66, 34|5, 59, N/A, 79.79, 66|6, 55, N/A, 68.95, 66|
00:34:31 0, 55, N/A, 44.48, 87|1, 53, N/A, 151.37, 84|2, 55, N/A, 53.82, 81|3, 55, N/A, 163.00, 43|4, 55, N/A, 44.94, 42|5, 59, N/A, 169.86, 48|6, 55, N/A, 186.89, 48|
00:34:33 0, 55, N/A, 50.94, 77|1, 53, N/A, 53.40, 84|2, 54, N/A, 70.60, 58|3, 56, N/A, 55.80, 67|4, 54, N/A, 75.71, 26|5, 59, N/A, 56.82, 51|6, 55, N/A, 56.54, 70|
00:34:35 0, 55, N/A, 64.44, 88|1, 54, N/A, 71.08, 84|2, 55, N/A, 65.71, 83|3, 56, N/A, 49.93, 67|4, 54, N/A, 48.95, 30|5, 59, N/A, 61.71, 44|6, 56, N/A, 71.00, 68|
00:34:37 0, 55, N/A, 69.57, 88|1, 53, N/A, 76.98, 84|2, 55, N/A, 64.94, 83|3, 55, N/A, 47.71, 25|4, 55, N/A, 50.18, 66|5, 59, N/A, 47.74, 42|6, 55, N/A, 49.65, 31|
00:34:39 0, 55, N/A, 49.19, 47|1, 53, N/A, 52.14, 84|2, 55, N/A, 65.39, 80|3, 55, N/A, 128.53, 44|4, 54, N/A, 47.68, 46|5, 58, N/A, 131.31, 43|6, 55, N/A, 48.36, 38|
00:34:42 0, 55, N/A, 59.76, 47|1, 54, N/A, 58.08, 87|2, 55, N/A, 62.76, 87|3, 55, N/A, 64.40, 35|4, 55, N/A, 68.54, 66|5, 58, N/A, 72.28, 25|6, 55, N/A, 60.19, 54|
00:34:44 0, 54, N/A, 57.06, 58|1, 53, N/A, 70.83, 87|2, 54, N/A, 71.57, 48|3, 55, N/A, 53.58, 68|4, 54, N/A, 52.60, 24|5, 59, N/A, 49.69, 61|6, 55, N/A, 50.86, 69|
00:34:46 0, 55, N/A, 42.03, 86|1, 54, N/A, 183.34, 83|2, 54, N/A, 51.63, 79|3, 56, N/A, 173.41, 64|4, 54, N/A, 43.96, 34|5, 59, N/A, 180.02, 42|6, 56, N/A, 193.26, 35|
00:34:48 0, 55, N/A, 75.92, 89|1, 53, N/A, 64.19, 46|2, 55, N/A, 66.90, 84|3, 55, N/A, 47.44, 24|4, 54, N/A, 50.91, 66|5, 58, N/A, 48.24, 53|6, 55, N/A, 49.14, 25|
00:34:50 0, 55, N/A, 49.71, 46|1, 53, N/A, 63.94, 87|2, 55, N/A, 77.93, 89|3, 55, N/A, 51.86, 43|4, 54, N/A, 56.54, 51|5, 58, N/A, 53.40, 26|6, 55, N/A, 59.46, 43|
00:34:52 0, 55, N/A, 77.87, 48|1, 54, N/A, 83.82, 83|2, 55, N/A, 80.68, 86|3, 55, N/A, 49.19, 40|4, 55, N/A, 56.58, 42|5, 58, N/A, 49.47, 27|6, 55, N/A, 56.02, 49|
00:34:54 0, 55, N/A, 158.76, 76|1, 53, N/A, 172.47, 57|2, 54, N/A, 58.28, 32|3, 56, N/A, 167.74, 22|4, 54, N/A, 47.19, 21|5, 59, N/A, 177.32, 58|6, 55, N/A, 48.14, 23|
00:34:56 0, 55, N/A, 68.38, 47|1, 53, N/A, 64.49, 83|2, 55, N/A, 67.93, 88|3, 55, N/A, 47.99, 24|4, 54, N/A, 51.20, 57|5, 58, N/A, 47.77, 23|6, 55, N/A, 67.81, 66|
00:34:58 0, 55, N/A, 42.57, 87|1, 53, N/A, 171.00, 83|2, 55, N/A, 194.16, 61|3, 55, N/A, 42.54, 41|4, 54, N/A, 177.06, 41|5, 58, N/A, 43.77, 47|6, 55, N/A, 190.07, 46|
00:35:00 0, 54, N/A, 42.05, 88|1, 53, N/A, 180.06, 87|2, 54, N/A, 51.42, 83|3, 56, N/A, 172.06, 33|4, 54, N/A, 43.99, 35|5, 59, N/A, 179.54, 44|6, 56, N/A, 192.87, 43|
00:35:02 0, 55, N/A, 63.70, 92|1, 53, N/A, 56.85, 46|2, 54, N/A, 59.31, 88|3, 55, N/A, 59.24, 28|4, 54, N/A, 47.47, 70|5, 59, N/A, 53.83, 65|6, 54, N/A, 94.18, 30|
00:35:05 0, 55, N/A, 173.10, 87|1, 53, N/A, 45.52, 53|2, 55, N/A, 206.79, 82|3, 55, N/A, 42.27, 43|4, 56, N/A, 160.36, 44|5, 59, N/A, 115.10, 48|6, 54, N/A, 46.46, 42|
00:35:07 0, 55, N/A, 41.80, 87|1, 54, N/A, 186.06, 84|2, 56, N/A, 206.43, 82|3, 55, N/A, 42.03, 32|4, 55, N/A, 182.11, 52|5, 58, N/A, 43.28, 42|6, 56, N/A, 147.38, 60|
00:35:09 0, 55, N/A, 72.27, 90|1, 53, N/A, 63.49, 84|2, 54, N/A, 63.46, 46|3, 55, N/A, 63.87, 69|4, 54, N/A, 60.47, 25|5, 58, N/A, 63.46, 59|6, 54, N/A, 62.65, 22|
00:35:11 0, 54, N/A, 51.44, 31|1, 52, N/A, 52.17, 20|2, 54, N/A, 59.28, 61|3, 55, N/A, 58.00, 31|4, 54, N/A, 61.21, 22|5, 58, N/A, 53.87, 37|6, 54, N/A, 54.08, 33|
00:35:13 0, 56, N/A, 101.65, 88|1, 52, N/A, 77.96, 46|2, 55, N/A, 89.19, 83|3, 55, N/A, 51.86, 46|4, 55, N/A, 61.21, 65|5, 59, N/A, 56.82, 52|6, 54, N/A, 52.11, 39|
00:35:15 0, 54, N/A, 58.33, 48|1, 53, N/A, 56.88, 88|2, 54, N/A, 60.05, 83|3, 55, N/A, 53.59, 51|4, 54, N/A, 47.74, 60|5, 58, N/A, 56.58, 42|6, 55, N/A, 83.93, 49|
00:35:17 0, 54, N/A, 45.28, 39|1, 53, N/A, 85.05, 26|2, 53, N/A, 86.82, 40|3, 55, N/A, 54.35, 59|4, 53, N/A, 57.81, 21|5, 58, N/A, 54.14, 22|6, 54, N/A, 54.08, 8|
00:35:19 0, 54, N/A, 68.42, 51|1, 53, N/A, 51.44, 86|2, 54, N/A, 128.59, 80|3, 55, N/A, 44.76, 42|4, 54, N/A, 142.09, 44|5, 58, N/A, 147.97, 45|6, 54, N/A, 47.41, 41|
00:35:21 0, 54, N/A, 60.47, 47|1, 53, N/A, 88.68, 87|2, 54, N/A, 84.32, 48|3, 55, N/A, 54.57, 53|4, 54, N/A, 57.52, 70|5, 58, N/A, 54.61, 21|6, 54, N/A, 55.77, 53|
00:35:23 0, 54, N/A, 41.35, 5|1, 52, N/A, 43.34, 3|2, 53, N/A, 49.96, 0|3, 54, N/A, 41.56, 3|4, 53, N/A, 43.07, 0|5, 57, N/A, 42.82, 4|6, 54, N/A, 45.47, 0|
00:35:25 0, 55, N/A, 68.08, 91|1, 52, N/A, 60.99, 46|2, 54, N/A, 65.92, 89|3, 55, N/A, 52.10, 55|4, 53, N/A, 47.96, 23|5, 58, N/A, 67.55, 70|6, 54, N/A, 67.76, 30|
00:35:28 0, 54, N/A, 107.42, 52|1, 53, N/A, 47.71, 83|2, 54, N/A, 166.49, 81|3, 54, N/A, 160.56, 43|4, 53, N/A, 44.45, 45|5, 58, N/A, 168.88, 46|6, 54, N/A, 46.61, 39|
00:35:30 0, 54, N/A, 41.59, 0|1, 52, N/A, 44.79, 0|2, 53, N/A, 50.20, 0|3, 54, N/A, 41.56, 0|4, 53, N/A, 43.04, 0|5, 57, N/A, 42.82, 0|6, 53, N/A, 45.47, 0|
00:35:32 0, 55, N/A, 83.33, 47|1, 53, N/A, 92.67, 48|2, 54, N/A, 99.49, 45|3, 55, N/A, 86.32, 43|4, 54, N/A, 86.16, 40|5, 58, N/A, 80.99, 41|6, 55, N/A, 90.05, 39|
00:35:34 0, 55, N/A, 92.98, 47|1, 53, N/A, 95.72, 49|2, 54, N/A, 109.56, 44|3, 55, N/A, 85.49, 45|4, 54, N/A, 81.08, 39|5, 58, N/A, 92.62, 41|6, 55, N/A, 86.14, 41|
00:35:36 0, 55, N/A, 71.16, 48|1, 53, N/A, 90.09, 46|2, 54, N/A, 89.25, 47|3, 55, N/A, 87.47, 45|4, 54, N/A, 74.27, 40|5, 59, N/A, 81.18, 42|6, 55, N/A, 87.43, 42|
00:35:38 0, 55, N/A, 78.10, 47|1, 53, N/A, 82.65, 47|2, 55, N/A, 101.89, 48|3, 56, N/A, 82.45, 44|4, 54, N/A, 93.86, 38|5, 59, N/A, 93.42, 41|6, 55, N/A, 91.05, 41|
00:35:40 0, 55, N/A, 86.84, 46|1, 53, N/A, 100.12, 47|2, 54, N/A, 102.13, 45|3, 56, N/A, 95.32, 43|4, 54, N/A, 88.94, 41|5, 59, N/A, 85.76, 40|6, 55, N/A, 93.90, 39|
00:35:42 0, 55, N/A, 88.46, 48|1, 53, N/A, 94.75, 47|2, 55, N/A, 101.66, 46|3, 56, N/A, 76.36, 44|4, 54, N/A, 88.69, 37|5, 59, N/A, 89.96, 40|6, 55, N/A, 89.87, 41|
00:35:44 0, 55, N/A, 86.99, 49|1, 53, N/A, 90.01, 48|2, 55, N/A, 100.91, 46|3, 56, N/A, 79.07, 44|4, 55, N/A, 80.14, 37|5, 59, N/A, 95.58, 42|6, 55, N/A, 83.78, 41|
00:35:46 0, 55, N/A, 79.66, 49|1, 53, N/A, 79.49, 47|2, 55, N/A, 85.82, 47|3, 56, N/A, 79.93, 43|4, 55, N/A, 79.49, 40|5, 59, N/A, 81.38, 42|6, 55, N/A, 91.79, 40|
00:35:48 0, 55, N/A, 96.49, 46|1, 53, N/A, 89.39, 48|2, 55, N/A, 96.09, 43|3, 56, N/A, 87.61, 43|4, 55, N/A, 97.05, 39|5, 59, N/A, 86.30, 40|6, 55, N/A, 88.35, 39|
00:35:51 0, 56, N/A, 86.25, 47|1, 54, N/A, 92.79, 46|2, 55, N/A, 101.52, 46|3, 56, N/A, 90.61, 42|4, 55, N/A, 80.83, 37|5, 59, N/A, 84.54, 41|6, 55, N/A, 99.21, 40|
00:35:53 0, 55, N/A, 79.22, 49|1, 54, N/A, 99.42, 49|2, 55, N/A, 110.18, 46|3, 56, N/A, 92.24, 44|4, 55, N/A, 92.57, 37|5, 59, N/A, 92.35, 41|6, 55, N/A, 96.45, 41|
00:35:55 0, 56, N/A, 102.34, 49|1, 54, N/A, 95.79, 48|2, 55, N/A, 101.05, 45|3, 56, N/A, 81.12, 44|4, 55, N/A, 83.63, 41|5, 59, N/A, 87.08, 41|6, 55, N/A, 79.36, 40|
00:35:57 0, 56, N/A, 81.09, 47|1, 54, N/A, 96.92, 48|2, 55, N/A, 89.77, 44|3, 56, N/A, 81.61, 43|4, 55, N/A, 78.88, 40|5, 59, N/A, 87.47, 40|6, 55, N/A, 96.19, 39|
00:35:59 0, 56, N/A, 85.09, 47|1, 54, N/A, 92.05, 46|2, 55, N/A, 99.69, 44|3, 56, N/A, 86.33, 44|4, 55, N/A, 88.50, 39|5, 59, N/A, 90.92, 40|6, 55, N/A, 97.15, 41|
00:36:01 0, 56, N/A, 81.94, 47|1, 54, N/A, 97.27, 48|2, 55, N/A, 103.66, 43|3, 56, N/A, 85.00, 43|4, 55, N/A, 89.98, 39|5, 59, N/A, 87.19, 39|6, 56, N/A, 87.71, 38|
00:36:03 0, 56, N/A, 93.78, 47|1, 54, N/A, 83.67, 47|2, 55, N/A, 94.72, 43|3, 56, N/A, 86.04, 45|4, 55, N/A, 91.37, 40|5, 59, N/A, 87.48, 40|6, 56, N/A, 89.68, 42|
00:36:05 0, 56, N/A, 89.04, 48|1, 54, N/A, 90.80, 46|2, 55, N/A, 105.99, 47|3, 56, N/A, 86.44, 45|4, 55, N/A, 88.24, 40|5, 59, N/A, 95.59, 41|6, 56, N/A, 114.30, 40|
00:36:07 0, 56, N/A, 83.63, 50|1, 54, N/A, 92.44, 49|2, 55, N/A, 94.69, 47|3, 56, N/A, 81.11, 43|4, 55, N/A, 71.57, 39|5, 60, N/A, 86.49, 41|6, 56, N/A, 100.47, 41|
00:36:09 0, 55, N/A, 42.13, 0|1, 53, N/A, 45.59, 0|2, 54, N/A, 51.26, 0|3, 56, N/A, 42.36, 15|4, 54, N/A, 43.83, 0|5, 58, N/A, 43.62, 0|6, 55, N/A, 46.27, 10|
00:36:11 0, 54, N/A, 41.40, 0|1, 52, N/A, 44.85, 0|2, 53, N/A, 50.27, 0|3, 54, N/A, 41.62, 0|4, 53, N/A, 43.10, 0|5, 58, N/A, 42.88, 0|6, 54, N/A, 45.53, 0|
00:36:13 0, 53, N/A, 35.48, 0|1, 51, N/A, 38.19, 0|2, 53, N/A, 40.91, 0|3, 54, N/A, 35.95, 0|4, 53, N/A, 36.94, 0|5, 57, N/A, 37.21, 0|6, 53, N/A, 38.89, 0|
00:36:16 0, 53, N/A, 35.48, 2|1, 51, N/A, 37.95, 0|2, 52, N/A, 40.41, 0|3, 53, N/A, 35.71, 0|4, 52, N/A, 36.69, 1|5, 57, N/A, 36.96, 3|6, 53, N/A, 38.64, 5|
00:36:18 0, 53, N/A, 35.48, 5|1, 51, N/A, 38.19, 2|2, 52, N/A, 40.17, 3|3, 53, N/A, 35.71, 7|4, 52, N/A, 36.72, 7|5, 56, N/A, 36.96, 3|6, 53, N/A, 38.64, 7|
00:36:20 0, 53, N/A, 44.35, 0|1, 50, N/A, 45.10, 9|2, 52, N/A, 45.34, 0|3, 53, N/A, 39.65, 17|4, 52, N/A, 39.65, 12|5, 56, N/A, 39.18, 0|6, 52, N/A, 40.61, 17|
00:36:22 0, 53, N/A, 48.26, 86|1, 51, N/A, 49.49, 80|2, 52, N/A, 82.89, 78|3, 54, N/A, 52.14, 43|4, 52, N/A, 58.30, 38|5, 56, N/A, 51.94, 45|6, 53, N/A, 51.63, 40|
00:36:24 0, 53, N/A, 73.75, 82|1, 51, N/A, 49.99, 79|2, 52, N/A, 66.20, 77|3, 54, N/A, 43.28, 44|4, 52, N/A, 50.67, 43|5, 57, N/A, 48.97, 40|6, 53, N/A, 61.42, 39|
00:36:26 0, 54, N/A, 70.52, 39|1, 51, N/A, 76.20, 40|2, 53, N/A, 83.05, 38|3, 54, N/A, 63.58, 36|4, 53, N/A, 65.06, 31|5, 57, N/A, 70.09, 32|6, 53, N/A, 70.67, 32|
00:36:28 0, 53, N/A, 49.22, 85|1, 51, N/A, 86.76, 78|2, 52, N/A, 87.76, 79|3, 54, N/A, 52.38, 41|4, 53, N/A, 58.05, 45|5, 57, N/A, 53.90, 37|6, 53, N/A, 54.82, 43|
00:36:30 0, 54, N/A, 51.19, 86|1, 51, N/A, 52.69, 84|2, 53, N/A, 66.91, 80|3, 54, N/A, 63.62, 42|4, 53, N/A, 60.72, 42|5, 57, N/A, 54.85, 41|6, 53, N/A, 56.05, 42|
00:36:32 0, 54, N/A, 50.70, 85|1, 51, N/A, 54.63, 79|2, 53, N/A, 56.85, 81|3, 54, N/A, 59.24, 45|4, 53, N/A, 64.90, 40|5, 57, N/A, 58.54, 44|6, 53, N/A, 57.74, 44|
00:36:34 0, 54, N/A, 49.71, 86|1, 52, N/A, 51.68, 83|2, 53, N/A, 56.85, 80|3, 54, N/A, 78.12, 44|4, 53, N/A, 84.21, 43|5, 57, N/A, 64.90, 41|6, 53, N/A, 62.40, 37|
00:36:36 0, 54, N/A, 63.18, 84|1, 52, N/A, 71.77, 81|2, 53, N/A, 62.47, 79|3, 54, N/A, 46.95, 43|4, 53, N/A, 48.18, 44|5, 57, N/A, 54.57, 43|6, 53, N/A, 87.79, 43|
00:36:39 0, 54, N/A, 55.58, 85|1, 52, N/A, 64.16, 78|2, 53, N/A, 58.53, 78|3, 54, N/A, 59.90, 44|4, 53, N/A, 62.61, 42|5, 57, N/A, 58.75, 44|6, 53, N/A, 57.23, 41|
00:36:41 0, 54, N/A, 50.18, 86|1, 52, N/A, 55.09, 82|2, 53, N/A, 54.85, 78|3, 54, N/A, 68.49, 45|4, 53, N/A, 75.38, 42|5, 57, N/A, 63.91, 44|6, 53, N/A, 61.38, 42|
00:36:43 0, 54, N/A, 50.18, 83|1, 52, N/A, 50.20, 81|2, 53, N/A, 66.37, 79|3, 54, N/A, 54.77, 43|4, 53, N/A, 60.92, 45|5, 57, N/A, 64.61, 39|6, 53, N/A, 55.27, 43|
00:36:45 0, 54, N/A, 76.84, 40|1, 52, N/A, 86.46, 40|2, 54, N/A, 86.47, 39|3, 54, N/A, 70.41, 36|4, 54, N/A, 75.13, 32|5, 58, N/A, 71.20, 32|6, 54, N/A, 79.01, 32|
00:36:47 0, 54, N/A, 68.37, 40|1, 53, N/A, 77.72, 40|2, 54, N/A, 86.78, 38|3, 55, N/A, 64.85, 35|4, 54, N/A, 76.16, 31|5, 58, N/A, 74.66, 32|6, 54, N/A, 79.34, 32|
00:36:49 0, 54, N/A, 48.97, 87|1, 52, N/A, 51.44, 82|2, 54, N/A, 58.82, 82|3, 55, N/A, 70.26, 46|4, 54, N/A, 88.09, 38|5, 57, N/A, 75.67, 43|6, 54, N/A, 69.28, 41|
00:36:51 0, 54, N/A, 53.12, 84|1, 52, N/A, 53.15, 81|2, 54, N/A, 66.16, 82|3, 55, N/A, 56.50, 43|4, 54, N/A, 62.67, 46|5, 57, N/A, 56.29, 40|6, 54, N/A, 63.34, 39|
00:36:53 0, 54, N/A, 47.71, 87|1, 52, N/A, 70.79, 84|2, 54, N/A, 75.95, 81|3, 54, N/A, 57.97, 46|4, 53, N/A, 54.33, 39|5, 57, N/A, 51.40, 43|6, 54, N/A, 51.34, 40|
00:36:55 0, 54, N/A, 46.73, 84|1, 52, N/A, 62.43, 80|2, 54, N/A, 98.22, 82|3, 54, N/A, 55.51, 45|4, 54, N/A, 60.22, 42|5, 58, N/A, 54.11, 39|6, 54, N/A, 55.28, 39|
00:36:57 0, 54, N/A, 78.37, 86|1, 52, N/A, 75.22, 83|2, 54, N/A, 71.81, 80|3, 55, N/A, 50.39, 46|4, 53, N/A, 48.20, 41|5, 58, N/A, 48.42, 43|6, 54, N/A, 77.29, 43|
00:36:59 0, 54, N/A, 69.77, 83|1, 52, N/A, 48.70, 81|2, 54, N/A, 68.58, 81|3, 54, N/A, 58.71, 44|4, 54, N/A, 44.74, 40|5, 58, N/A, 62.39, 40|6, 54, N/A, 89.21, 39|
00:37:02 0, 54, N/A, 44.27, 86|1, 53, N/A, 65.17, 83|2, 54, N/A, 65.63, 79|3, 55, N/A, 43.53, 44|4, 54, N/A, 50.39, 41|5, 58, N/A, 48.42, 41|6, 54, N/A, 89.94, 38|
00:37:04 0, 54, N/A, 73.45, 82|1, 52, N/A, 70.58, 83|2, 54, N/A, 72.55, 79|3, 55, N/A, 49.68, 45|4, 54, N/A, 50.42, 46|5, 58, N/A, 49.44, 37|6, 54, N/A, 60.15, 44|
00:37:06 0, 54, N/A, 49.93, 85|1, 53, N/A, 59.76, 78|2, 54, N/A, 78.90, 82|3, 55, N/A, 52.57, 44|4, 54, N/A, 57.28, 44|5, 58, N/A, 53.37, 38|6, 54, N/A, 59.20, 41|
00:37:08 0, 55, N/A, 47.00, 86|1, 53, N/A, 65.35, 82|2, 54, N/A, 100.90, 78|3, 55, N/A, 56.50, 44|4, 54, N/A, 66.79, 39|5, 58, N/A, 60.96, 44|6, 54, N/A, 57.48, 37|
00:37:10 0, 55, N/A, 47.71, 84|1, 52, N/A, 69.80, 77|2, 54, N/A, 98.71, 82|3, 55, N/A, 56.74, 42|4, 54, N/A, 66.57, 45|5, 58, N/A, 59.98, 38|6, 54, N/A, 58.47, 42|
00:37:12 0, 55, N/A, 49.19, 84|1, 53, N/A, 60.50, 82|2, 54, N/A, 69.81, 81|3, 55, N/A, 48.91, 46|4, 54, N/A, 61.38, 38|5, 58, N/A, 76.60, 42|6, 54, N/A, 72.14, 37|
00:37:14 0, 55, N/A, 75.47, 85|1, 53, N/A, 57.34, 76|2, 54, N/A, 60.30, 85|3, 55, N/A, 45.99, 45|4, 54, N/A, 47.71, 40|5, 58, N/A, 46.02, 40|6, 54, N/A, 80.44, 38|
00:37:16 0, 55, N/A, 62.71, 86|1, 53, N/A, 63.45, 81|2, 54, N/A, 65.39, 80|3, 55, N/A, 47.93, 46|4, 54, N/A, 50.88, 39|5, 58, N/A, 47.93, 41|6, 54, N/A, 88.09, 37|
00:37:18 0, 55, N/A, 75.65, 86|1, 53, N/A, 66.61, 77|2, 54, N/A, 70.31, 84|3, 55, N/A, 51.58, 43|4, 54, N/A, 49.16, 44|5, 58, N/A, 54.57, 38|6, 54, N/A, 50.58, 40|
00:37:20 0, 55, N/A, 48.20, 87|1, 53, N/A, 82.54, 82|2, 54, N/A, 93.55, 80|3, 55, N/A, 43.99, 43|4, 54, N/A, 65.59, 43|5, 58, N/A, 44.76, 41|6, 54, N/A, 58.43, 39|
00:37:23 0, 55, N/A, 59.48, 71|1, 53, N/A, 59.27, 83|2, 54, N/A, 71.04, 78|3, 55, N/A, 46.21, 44|4, 54, N/A, 47.94, 39|5, 58, N/A, 46.73, 38|6, 55, N/A, 86.03, 43|
00:37:25 0, 55, N/A, 54.81, 85|1, 53, N/A, 84.02, 76|2, 55, N/A, 77.14, 81|3, 55, N/A, 53.30, 43|4, 54, N/A, 57.48, 43|5, 58, N/A, 54.32, 42|6, 54, N/A, 52.30, 41|
00:37:27 0, 55, N/A, 48.45, 70|1, 53, N/A, 51.19, 83|2, 54, N/A, 65.39, 82|3, 55, N/A, 64.56, 44|4, 54, N/A, 69.77, 40|5, 58, N/A, 61.21, 45|6, 55, N/A, 58.47, 44|
00:37:29 0, 55, N/A, 49.19, 86|1, 53, N/A, 73.98, 76|2, 55, N/A, 73.99, 83|3, 55, N/A, 50.14, 40|4, 54, N/A, 54.82, 41|5, 58, N/A, 50.66, 42|6, 55, N/A, 56.50, 41|
00:37:31 0, 55, N/A, 70.75, 83|1, 53, N/A, 62.72, 82|2, 55, N/A, 62.97, 77|3, 55, N/A, 74.88, 44|4, 54, N/A, 57.51, 41|5, 58, N/A, 70.02, 45|6, 55, N/A, 66.04, 44|
00:37:33 0, 55, N/A, 54.82, 84|1, 53, N/A, 56.81, 74|2, 55, N/A, 58.75, 77|3, 55, N/A, 80.24, 43|4, 54, N/A, 60.15, 42|5, 58, N/A, 84.40, 41|6, 54, N/A, 81.17, 41|
00:37:35 0, 55, N/A, 58.74, 82|1, 53, N/A, 56.57, 83|2, 55, N/A, 60.99, 77|3, 55, N/A, 77.58, 43|4, 54, N/A, 67.03, 39|5, 58, N/A, 60.19, 44|6, 55, N/A, 60.15, 43|
00:37:37 0, 55, N/A, 58.50, 85|1, 53, N/A, 73.00, 75|2, 55, N/A, 72.76, 79|3, 55, N/A, 49.89, 42|4, 54, N/A, 54.33, 47|5, 58, N/A, 50.66, 37|6, 55, N/A, 56.74, 43|
00:37:39 0, 55, N/A, 113.77, 68|1, 53, N/A, 117.04, 58|2, 55, N/A, 69.81, 60|3, 55, N/A, 73.15, 46|4, 54, N/A, 51.61, 37|5, 59, N/A, 59.73, 43|6, 55, N/A, 71.86, 36|
00:37:41 0, 55, N/A, 49.19, 85|1, 53, N/A, 55.34, 79|2, 55, N/A, 57.30, 76|3, 55, N/A, 68.49, 44|4, 54, N/A, 79.55, 40|5, 58, N/A, 65.88, 46|6, 55, N/A, 65.55, 42|
00:37:44 0, 55, N/A, 48.20, 86|1, 53, N/A, 73.93, 82|2, 55, N/A, 92.08, 76|3, 55, N/A, 57.23, 43|4, 55, N/A, 65.10, 41|5, 58, N/A, 53.37, 43|6, 55, N/A, 55.52, 42|
00:37:46 0, 55, N/A, 60.95, 86|1, 53, N/A, 66.40, 78|2, 55, N/A, 63.70, 80|3, 55, N/A, 45.96, 42|4, 55, N/A, 48.18, 43|5, 58, N/A, 46.73, 43|6, 55, N/A, 72.35, 41|
00:37:48 0, 55, N/A, 57.05, 81|1, 53, N/A, 55.09, 82|2, 55, N/A, 59.28, 77|3, 55, N/A, 85.14, 44|4, 55, N/A, 57.21, 40|5, 58, N/A, 83.18, 44|6, 55, N/A, 74.59, 43|
00:37:50 0, 55, N/A, 54.32, 84|1, 53, N/A, 55.34, 74|2, 55, N/A, 72.01, 78|3, 55, N/A, 55.76, 41|4, 55, N/A, 56.53, 46|5, 59, N/A, 53.83, 43|6, 55, N/A, 54.04, 46|
00:37:52 0, 55, N/A, 45.97, 70|1, 53, N/A, 102.93, 83|2, 55, N/A, 53.62, 45|3, 55, N/A, 54.78, 17|4, 55, N/A, 44.49, 39|5, 59, N/A, 60.93, 37|6, 55, N/A, 88.52, 22|
00:37:54 0, 55, N/A, 92.55, 81|1, 53, N/A, 48.45, 84|2, 55, N/A, 76.94, 82|3, 55, N/A, 74.39, 42|4, 55, N/A, 91.76, 45|5, 58, N/A, 78.61, 38|6, 55, N/A, 77.55, 42|
00:37:56 0, 55, N/A, 42.08, 57|1, 53, N/A, 45.53, 44|2, 55, N/A, 51.19, 61|3, 55, N/A, 42.06, 16|4, 54, N/A, 44.02, 16|5, 58, N/A, 43.31, 32|6, 55, N/A, 45.97, 40|
00:37:58 0, 56, N/A, 75.66, 40|1, 54, N/A, 82.14, 40|2, 56, N/A, 82.56, 39|3, 56, N/A, 70.99, 36|4, 55, N/A, 71.03, 32|5, 59, N/A, 69.75, 33|6, 56, N/A, 73.83, 32|
00:38:00 0, 55, N/A, 41.86, 2|1, 53, N/A, 45.31, 2|2, 55, N/A, 51.22, 1|3, 55, N/A, 41.84, 1|4, 54, N/A, 37.68, 1|5, 58, N/A, 37.43, 2|6, 54, N/A, 39.85, 1|
00:38:02 0, 56, N/A, 50.94, 2|1, 54, N/A, 52.45, 8|2, 55, N/A, 56.85, 27|3, 56, N/A, 45.99, 15|4, 55, N/A, 46.74, 15|5, 59, N/A, 45.29, 2|6, 55, N/A, 47.94, 21|
00:38:04 0, 56, N/A, 64.86, 40|1, 54, N/A, 75.76, 39|2, 56, N/A, 80.17, 38|3, 56, N/A, 66.36, 36|4, 55, N/A, 75.26, 32|5, 59, N/A, 75.05, 32|6, 56, N/A, 78.81, 32|
00:38:07 0, 56, N/A, 75.96, 40|1, 54, N/A, 77.76, 40|2, 56, N/A, 90.01, 39|3, 56, N/A, 77.58, 36|4, 56, N/A, 75.67, 32|5, 59, N/A, 74.48, 32|6, 56, N/A, 78.29, 32|
00:38:09 0, 56, N/A, 71.58, 40|1, 55, N/A, 72.06, 40|2, 56, N/A, 86.87, 39|3, 56, N/A, 71.53, 36|4, 56, N/A, 68.09, 32|5, 59, N/A, 71.58, 33|6, 56, N/A, 75.11, 32|
00:38:11 0, 56, N/A, 67.92, 39|1, 55, N/A, 75.50, 39|2, 57, N/A, 88.10, 39|3, 56, N/A, 66.81, 35|4, 56, N/A, 80.18, 31|5, 59, N/A, 79.70, 32|6, 56, N/A, 81.72, 32|
00:38:13 0, 56, N/A, 65.17, 40|1, 55, N/A, 76.74, 39|2, 57, N/A, 88.05, 38|3, 57, N/A, 68.71, 35|4, 56, N/A, 75.67, 31|5, 60, N/A, 63.88, 32|6, 56, N/A, 78.77, 32|
00:38:15 0, 57, N/A, 75.01, 40|1, 55, N/A, 87.31, 40|2, 57, N/A, 94.06, 39|3, 57, N/A, 77.10, 36|4, 56, N/A, 74.43, 31|5, 60, N/A, 74.97, 32|6, 56, N/A, 78.28, 32|
00:38:17 0, 57, N/A, 67.67, 40|1, 55, N/A, 73.58, 40|2, 57, N/A, 79.85, 39|3, 57, N/A, 74.23, 35|4, 56, N/A, 76.24, 31|5, 60, N/A, 77.96, 33|6, 56, N/A, 87.07, 32|
00:38:19 0, 57, N/A, 69.89, 40|1, 55, N/A, 73.50, 40|2, 57, N/A, 86.49, 39|3, 57, N/A, 67.73, 36|4, 56, N/A, 69.26, 33|5, 60, N/A, 76.04, 33|6, 57, N/A, 74.11, 33|
00:38:21 0, 57, N/A, 82.83, 40|1, 55, N/A, 85.00, 39|2, 57, N/A, 91.15, 38|3, 57, N/A, 73.65, 36|4, 56, N/A, 74.36, 32|5, 60, N/A, 77.19, 32|6, 57, N/A, 77.55, 32|
00:38:23 0, 57, N/A, 77.22, 28|1, 55, N/A, 82.14, 28|2, 57, N/A, 86.37, 37|3, 57, N/A, 73.41, 25|4, 56, N/A, 72.76, 22|5, 60, N/A, 72.00, 23|6, 57, N/A, 72.92, 23|
00:38:25 0, 57, N/A, 70.87, 40|1, 55, N/A, 74.97, 40|2, 57, N/A, 89.78, 39|3, 57, N/A, 75.71, 36|4, 57, N/A, 80.66, 32|5, 60, N/A, 78.46, 32|6, 57, N/A, 85.41, 33|
00:38:27 0, 57, N/A, 70.14, 40|1, 55, N/A, 76.74, 40|2, 57, N/A, 85.56, 38|3, 57, N/A, 73.33, 36|4, 57, N/A, 74.70, 32|5, 60, N/A, 66.10, 32|6, 57, N/A, 73.17, 32|
00:38:29 0, 57, N/A, 70.38, 40|1, 56, N/A, 73.87, 41|2, 57, N/A, 87.82, 39|3, 57, N/A, 65.56, 36|4, 57, N/A, 75.23, 32|5, 60, N/A, 70.62, 33|6, 57, N/A, 75.83, 32|
00:38:32 0, 57, N/A, 73.58, 40|1, 55, N/A, 73.73, 39|2, 57, N/A, 95.25, 39|3, 57, N/A, 76.15, 36|4, 57, N/A, 77.83, 32|5, 60, N/A, 76.65, 33|6, 57, N/A, 76.82, 31|
00:38:34 0, 57, N/A, 68.05, 40|1, 56, N/A, 76.93, 39|2, 58, N/A, 88.25, 39|3, 57, N/A, 66.32, 36|4, 57, N/A, 71.42, 32|5, 60, N/A, 72.26, 32|6, 57, N/A, 78.03, 33|
00:38:36 0, 57, N/A, 67.83, 40|1, 56, N/A, 74.72, 40|2, 58, N/A, 85.01, 39|3, 57, N/A, 63.02, 35|4, 57, N/A, 73.86, 32|5, 61, N/A, 74.15, 32|6, 57, N/A, 74.83, 32|
00:38:38 0, 58, N/A, 81.10, 40|1, 56, N/A, 75.42, 40|2, 58, N/A, 88.14, 39|3, 58, N/A, 82.19, 36|4, 57, N/A, 76.11, 32|5, 61, N/A, 77.08, 33|6, 57, N/A, 81.46, 32|
00:38:40 0, 57, N/A, 70.79, 40|1, 56, N/A, 72.22, 40|2, 58, N/A, 90.47, 39|3, 58, N/A, 67.48, 36|4, 57, N/A, 76.33, 32|5, 61, N/A, 74.72, 33|6, 57, N/A, 82.85, 32|
00:38:42 0, 57, N/A, 72.30, 40|1, 56, N/A, 81.61, 40|2, 58, N/A, 90.25, 39|3, 57, N/A, 82.68, 36|4, 57, N/A, 80.77, 32|5, 61, N/A, 79.35, 33|6, 57, N/A, 83.62, 32|
00:38:44 0, 57, N/A, 65.59, 40|1, 56, N/A, 70.70, 40|2, 58, N/A, 77.79, 38|3, 57, N/A, 66.46, 36|4, 57, N/A, 68.92, 32|5, 61, N/A, 78.69, 32|6, 57, N/A, 79.53, 32|
00:38:46 0, 57, N/A, 73.24, 40|1, 55, N/A, 73.70, 40|2, 58, N/A, 86.27, 39|3, 57, N/A, 64.53, 36|4, 56, N/A, 58.99, 34|5, 60, N/A, 58.75, 35|6, 57, N/A, 65.34, 35|
00:38:48 0, 57, N/A, 72.47, 40|1, 55, N/A, 78.37, 40|2, 57, N/A, 89.27, 39|3, 57, N/A, 76.55, 35|4, 56, N/A, 67.97, 34|5, 60, N/A, 70.22, 35|6, 56, N/A, 66.04, 34|
00:38:50 0, 57, N/A, 70.75, 39|1, 55, N/A, 74.43, 40|2, 57, N/A, 80.33, 38|3, 57, N/A, 65.03, 36|4, 56, N/A, 59.69, 34|5, 60, N/A, 60.19, 35|6, 56, N/A, 62.54, 34|
00:38:52 0, 57, N/A, 76.40, 40|1, 55, N/A, 75.95, 40|2, 57, N/A, 86.53, 38|3, 57, N/A, 65.54, 36|4, 56, N/A, 58.25, 34|5, 60, N/A, 64.68, 35|6, 56, N/A, 63.34, 35|
00:38:54 0, 57, N/A, 70.09, 39|1, 55, N/A, 77.92, 39|2, 57, N/A, 79.03, 38|3, 57, N/A, 70.74, 35|4, 55, N/A, 66.33, 33|5, 59, N/A, 65.91, 34|6, 56, N/A, 65.24, 34|
00:38:57 0, 57, N/A, 68.55, 39|1, 55, N/A, 70.26, 40|2, 57, N/A, 90.18, 38|3, 57, N/A, 75.66, 36|4, 55, N/A, 68.04, 35|5, 59, N/A, 67.18, 34|6, 56, N/A, 70.92, 35|
00:38:59 0, 57, N/A, 66.12, 39|1, 55, N/A, 71.49, 40|2, 57, N/A, 79.10, 39|3, 57, N/A, 73.16, 35|4, 55, N/A, 61.88, 34|5, 59, N/A, 59.48, 34|6, 55, N/A, 67.26, 35|
00:39:01 0, 57, N/A, 79.10, 41|1, 55, N/A, 78.16, 40|2, 57, N/A, 88.25, 38|3, 57, N/A, 68.95, 36|4, 55, N/A, 62.43, 34|5, 59, N/A, 60.46, 36|6, 55, N/A, 62.08, 34|
00:39:03 0, 57, N/A, 68.05, 40|1, 55, N/A, 70.71, 39|2, 57, N/A, 87.51, 38|3, 57, N/A, 75.37, 35|4, 55, N/A, 62.12, 34|5, 59, N/A, 59.91, 35|6, 55, N/A, 68.67, 34|
00:39:05 0, 56, N/A, 69.10, 40|1, 55, N/A, 71.03, 40|2, 57, N/A, 78.40, 39|3, 57, N/A, 71.90, 36|4, 55, N/A, 60.22, 34|5, 59, N/A, 58.69, 35|6, 55, N/A, 65.59, 35|
00:39:07 0, 56, N/A, 69.36, 40|1, 55, N/A, 71.98, 39|2, 57, N/A, 79.92, 39|3, 57, N/A, 64.08, 35|4, 55, N/A, 59.70, 33|5, 59, N/A, 57.96, 35|6, 55, N/A, 64.61, 35|
00:39:09 0, 56, N/A, 71.86, 40|1, 55, N/A, 84.32, 40|2, 57, N/A, 91.49, 38|3, 57, N/A, 69.69, 36|4, 55, N/A, 65.11, 34|5, 59, N/A, 66.12, 36|6, 55, N/A, 67.56, 34|
00:39:11 0, 56, N/A, 68.87, 12|1, 54, N/A, 72.56, 27|2, 56, N/A, 77.99, 2|3, 56, N/A, 66.86, 30|4, 54, N/A, 57.06, 31|5, 58, N/A, 54.60, 11|6, 54, N/A, 57.99, 2|
00:39:13 0, 56, N/A, 67.84, 40|1, 54, N/A, 79.70, 40|2, 56, N/A, 93.33, 39|3, 56, N/A, 74.89, 37|4, 55, N/A, 78.12, 32|5, 59, N/A, 86.47, 33|6, 55, N/A, 81.18, 33|
00:39:15 0, 56, N/A, 68.83, 40|1, 54, N/A, 73.04, 40|2, 56, N/A, 89.06, 39|3, 56, N/A, 64.11, 36|4, 55, N/A, 72.03, 32|5, 59, N/A, 67.85, 32|6, 55, N/A, 77.35, 32|
00:39:17 0, 56, N/A, 64.40, 40|1, 54, N/A, 69.36, 39|2, 56, N/A, 79.73, 39|3, 56, N/A, 68.08, 36|4, 55, N/A, 68.79, 32|5, 59, N/A, 71.28, 32|6, 55, N/A, 70.96, 32|
00:39:19 0, 56, N/A, 71.04, 40|1, 54, N/A, 82.60, 39|2, 56, N/A, 95.69, 39|3, 56, N/A, 70.82, 35|4, 55, N/A, 71.98, 32|5, 59, N/A, 82.85, 33|6, 55, N/A, 78.81, 32|
00:39:22 0, 56, N/A, 64.90, 40|1, 54, N/A, 75.06, 40|2, 56, N/A, 80.89, 39|3, 56, N/A, 65.55, 36|4, 55, N/A, 72.34, 32|5, 59, N/A, 65.11, 32|6, 55, N/A, 80.12, 32|
00:39:24 0, 56, N/A, 64.89, 40|1, 54, N/A, 69.36, 40|2, 56, N/A, 75.92, 39|3, 56, N/A, 70.22, 36|4, 55, N/A, 75.01, 33|5, 59, N/A, 76.78, 32|6, 55, N/A, 75.13, 32|
00:39:26 0, 56, N/A, 63.70, 40|1, 54, N/A, 70.35, 40|2, 56, N/A, 78.71, 39|3, 56, N/A, 73.79, 36|4, 55, N/A, 69.85, 32|5, 58, N/A, 70.81, 33|6, 55, N/A, 73.18, 32|
00:39:28 0, 56, N/A, 82.88, 39|1, 54, N/A, 78.40, 39|2, 56, N/A, 87.31, 38|3, 56, N/A, 75.17, 36|4, 55, N/A, 72.01, 32|5, 59, N/A, 68.82, 32|6, 55, N/A, 72.92, 32|
00:39:30 0, 56, N/A, 66.08, 40|1, 54, N/A, 73.82, 40|2, 56, N/A, 81.11, 38|3, 56, N/A, 71.17, 36|4, 55, N/A, 71.21, 32|5, 59, N/A, 75.22, 32|6, 55, N/A, 84.65, 32|
00:39:32 0, 56, N/A, 69.32, 41|1, 54, N/A, 76.49, 39|2, 56, N/A, 76.40, 38|3, 56, N/A, 62.61, 36|4, 54, N/A, 60.96, 34|5, 58, N/A, 61.73, 35|6, 54, N/A, 62.61, 34|
00:39:34 0, 56, N/A, 72.27, 40|1, 54, N/A, 78.18, 40|2, 56, N/A, 84.61, 39|3, 56, N/A, 67.80, 36|4, 54, N/A, 61.98, 34|5, 58, N/A, 61.49, 35|6, 54, N/A, 63.13, 35|
00:39:36 0, 55, N/A, 71.37, 40|1, 54, N/A, 74.53, 39|2, 56, N/A, 79.89, 39|3, 56, N/A, 63.63, 36|4, 54, N/A, 62.97, 34|5, 58, N/A, 59.52, 35|6, 54, N/A, 63.63, 35|
00:39:38 0, 55, N/A, 66.98, 40|1, 53, N/A, 71.13, 40|2, 55, N/A, 77.73, 38|3, 56, N/A, 69.81, 36|4, 54, N/A, 61.25, 34|5, 58, N/A, 62.55, 35|6, 54, N/A, 62.68, 34|
00:39:40 0, 55, N/A, 80.63, 39|1, 53, N/A, 76.94, 40|2, 55, N/A, 83.80, 39|3, 56, N/A, 68.30, 36|4, 54, N/A, 64.97, 35|5, 58, N/A, 60.23, 34|6, 54, N/A, 62.16, 35|
00:39:42 0, 55, N/A, 79.40, 40|1, 53, N/A, 80.39, 39|2, 55, N/A, 82.61, 39|3, 56, N/A, 74.48, 36|4, 54, N/A, 61.71, 34|5, 58, N/A, 58.05, 36|6, 54, N/A, 61.17, 34|
00:39:45 0, 55, N/A, 67.39, 39|1, 53, N/A, 73.87, 39|2, 55, N/A, 79.94, 38|3, 56, N/A, 65.87, 35|4, 54, N/A, 62.44, 34|5, 57, N/A, 64.72, 34|6, 53, N/A, 66.61, 35|
00:39:47 0, 56, N/A, 65.92, 40|1, 53, N/A, 70.39, 40|2, 55, N/A, 77.93, 38|3, 56, N/A, 72.97, 36|4, 53, N/A, 61.00, 34|5, 57, N/A, 61.24, 35|6, 53, N/A, 61.17, 34|
00:39:49 0, 55, N/A, 75.68, 39|1, 53, N/A, 86.34, 40|2, 55, N/A, 86.09, 39|3, 56, N/A, 73.45, 36|4, 53, N/A, 58.26, 35|5, 57, N/A, 62.02, 35|6, 53, N/A, 63.88, 35|
00:39:51 0, 55, N/A, 67.60, 40|1, 53, N/A, 69.39, 40|2, 55, N/A, 88.55, 38|3, 55, N/A, 73.29, 36|4, 53, N/A, 58.23, 34|5, 57, N/A, 57.49, 35|6, 53, N/A, 63.60, 34|
00:39:53 0, 55, N/A, 69.12, 40|1, 53, N/A, 71.79, 40|2, 55, N/A, 78.66, 38|3, 55, N/A, 69.31, 36|4, 53, N/A, 60.97, 34|5, 57, N/A, 59.00, 35|6, 53, N/A, 62.64, 34|
00:39:55 0, 55, N/A, 81.61, 40|1, 53, N/A, 81.90, 40|2, 55, N/A, 84.81, 39|3, 56, N/A, 75.42, 36|4, 53, N/A, 59.73, 35|5, 57, N/A, 58.51, 36|6, 53, N/A, 64.85, 35|
00:39:57 0, 55, N/A, 70.52, 40|1, 53, N/A, 69.60, 40|2, 55, N/A, 83.78, 39|3, 56, N/A, 71.80, 36|4, 53, N/A, 62.43, 35|5, 57, N/A, 66.37, 35|6, 53, N/A, 69.44, 35|
00:39:59 0, 56, N/A, 72.47, 40|1, 54, N/A, 79.14, 39|2, 56, N/A, 96.61, 40|3, 56, N/A, 75.66, 36|4, 53, N/A, 62.16, 35|5, 57, N/A, 66.65, 35|6, 53, N/A, 65.81, 35|
00:40:01 0, 56, N/A, 71.53, 40|1, 54, N/A, 76.99, 40|2, 56, N/A, 80.51, 39|3, 56, N/A, 74.43, 36|4, 53, N/A, 60.01, 35|5, 57, N/A, 60.75, 35|6, 53, N/A, 63.11, 35|
00:40:03 0, 56, N/A, 73.01, 39|1, 54, N/A, 69.80, 40|2, 56, N/A, 89.04, 38|3, 56, N/A, 63.55, 36|4, 54, N/A, 59.21, 34|5, 57, N/A, 58.78, 35|6, 54, N/A, 62.61, 34|
00:40:05 0, 56, N/A, 72.27, 41|1, 54, N/A, 78.01, 41|2, 56, N/A, 84.61, 38|3, 56, N/A, 64.82, 36|4, 54, N/A, 56.05, 34|5, 57, N/A, 56.30, 35|6, 54, N/A, 61.94, 35|
00:40:07 0, 56, N/A, 73.06, 40|1, 54, N/A, 79.00, 40|2, 56, N/A, 88.07, 38|3, 56, N/A, 66.82, 36|4, 54, N/A, 63.49, 34|5, 58, N/A, 68.09, 35|6, 54, N/A, 65.84, 35|
00:40:10 0, 56, N/A, 67.68, 40|1, 54, N/A, 75.52, 39|2, 56, N/A, 84.16, 39|3, 56, N/A, 66.12, 36|4, 54, N/A, 60.45, 35|5, 58, N/A, 65.75, 35|6, 54, N/A, 66.16, 34|
00:40:12 0, 56, N/A, 68.67, 40|1, 54, N/A, 77.04, 40|2, 56, N/A, 83.92, 39|3, 57, N/A, 63.60, 36|4, 54, N/A, 59.25, 35|5, 58, N/A, 54.08, 35|6, 54, N/A, 61.42, 35|
00:40:14 0, 56, N/A, 68.14, 39|1, 54, N/A, 71.79, 39|2, 56, N/A, 83.18, 39|3, 57, N/A, 70.79, 36|4, 54, N/A, 57.31, 35|5, 58, N/A, 59.03, 35|6, 54, N/A, 65.35, 35|
00:40:16 0, 57, N/A, 69.78, 40|1, 55, N/A, 78.95, 40|2, 57, N/A, 81.94, 39|3, 57, N/A, 65.81, 36|4, 54, N/A, 61.94, 35|5, 58, N/A, 61.95, 35|6, 54, N/A, 64.36, 35|
00:40:18 0, 57, N/A, 78.12, 40|1, 55, N/A, 86.62, 40|2, 57, N/A, 87.31, 38|3, 57, N/A, 81.56, 36|4, 54, N/A, 68.30, 34|5, 58, N/A, 65.63, 35|6, 54, N/A, 65.07, 35|
00:40:20 0, 57, N/A, 66.89, 40|1, 55, N/A, 72.10, 40|2, 57, N/A, 92.50, 38|3, 57, N/A, 74.06, 35|4, 54, N/A, 59.21, 34|5, 58, N/A, 69.82, 35|6, 54, N/A, 67.76, 35|
00:40:22 0, 57, N/A, 69.29, 40|1, 55, N/A, 75.76, 40|2, 57, N/A, 85.11, 38|3, 57, N/A, 66.05, 36|4, 54, N/A, 57.00, 34|5, 58, N/A, 56.82, 35|6, 54, N/A, 65.87, 34|
00:40:24 0, 57, N/A, 76.01, 39|1, 55, N/A, 74.07, 40|2, 57, N/A, 81.45, 39|3, 57, N/A, 64.37, 36|4, 54, N/A, 61.74, 34|5, 58, N/A, 55.83, 35|6, 54, N/A, 62.16, 34|
00:40:26 0, 57, N/A, 69.41, 40|1, 55, N/A, 78.31, 40|2, 57, N/A, 86.25, 38|3, 57, N/A, 68.30, 36|4, 54, N/A, 65.53, 34|5, 58, N/A, 64.94, 35|6, 54, N/A, 70.05, 35|
00:40:28 0, 57, N/A, 69.07, 40|1, 55, N/A, 70.58, 39|2, 57, N/A, 83.54, 38|3, 57, N/A, 69.29, 35|4, 55, N/A, 65.60, 31|5, 58, N/A, 73.13, 32|6, 55, N/A, 75.63, 31|
00:40:30 0, 57, N/A, 74.69, 40|1, 55, N/A, 84.85, 40|2, 57, N/A, 90.51, 39|3, 57, N/A, 75.04, 35|4, 55, N/A, 68.75, 35|5, 58, N/A, 65.14, 36|6, 55, N/A, 67.76, 32|
00:40:32 0, 57, N/A, 71.54, 39|1, 55, N/A, 71.08, 40|2, 57, N/A, 84.58, 38|3, 57, N/A, 67.73, 35|4, 54, N/A, 58.99, 34|5, 58, N/A, 61.53, 35|6, 55, N/A, 65.63, 34|
00:40:35 0, 57, N/A, 78.18, 40|1, 55, N/A, 79.19, 40|2, 58, N/A, 85.54, 38|3, 57, N/A, 70.29, 36|4, 55, N/A, 57.21, 34|5, 58, N/A, 62.50, 35|6, 55, N/A, 63.07, 35|
00:40:37 0, 57, N/A, 72.76, 40|1, 56, N/A, 81.43, 39|2, 58, N/A, 97.39, 38|3, 57, N/A, 72.47, 36|4, 55, N/A, 70.54, 34|5, 58, N/A, 74.77, 35|6, 55, N/A, 69.77, 35|
00:40:39 0, 57, N/A, 85.74, 40|1, 55, N/A, 80.58, 40|2, 58, N/A, 83.28, 39|3, 58, N/A, 74.72, 36|4, 54, N/A, 63.94, 35|5, 58, N/A, 62.19, 36|6, 55, N/A, 62.12, 35|
00:40:41 0, 57, N/A, 66.66, 39|1, 56, N/A, 71.86, 40|2, 58, N/A, 85.84, 39|3, 58, N/A, 75.46, 36|4, 55, N/A, 64.44, 34|5, 58, N/A, 62.65, 34|6, 55, N/A, 69.80, 34|
00:40:43 0, 58, N/A, 70.87, 40|1, 56, N/A, 72.06, 40|2, 58, N/A, 79.85, 38|3, 58, N/A, 66.32, 36|4, 55, N/A, 57.00, 34|5, 58, N/A, 61.27, 35|6, 55, N/A, 62.37, 35|
00:40:45 0, 58, N/A, 73.58, 39|1, 56, N/A, 70.62, 40|2, 58, N/A, 84.71, 38|3, 58, N/A, 68.86, 36|4, 55, N/A, 64.93, 34|5, 59, N/A, 56.08, 35|6, 55, N/A, 63.13, 35|
00:40:47 0, 58, N/A, 76.45, 39|1, 56, N/A, 80.47, 40|2, 58, N/A, 87.48, 39|3, 58, N/A, 74.02, 36|4, 55, N/A, 63.25, 34|5, 59, N/A, 60.01, 35|6, 55, N/A, 62.16, 35|
00:40:49 0, 58, N/A, 68.62, 39|1, 56, N/A, 72.80, 40|2, 58, N/A, 88.71, 38|3, 58, N/A, 70.26, 36|4, 55, N/A, 57.98, 34|5, 59, N/A, 64.76, 35|6, 55, N/A, 68.22, 34|
00:40:51 0, 58, N/A, 69.86, 40|1, 56, N/A, 78.02, 40|2, 58, N/A, 84.62, 39|3, 58, N/A, 72.80, 36|4, 55, N/A, 58.05, 34|5, 59, N/A, 57.81, 35|6, 55, N/A, 65.39, 34|
00:40:53 0, 58, N/A, 82.89, 40|1, 56, N/A, 80.23, 40|2, 58, N/A, 84.86, 38|3, 58, N/A, 69.04, 36|4, 55, N/A, 61.47, 34|5, 59, N/A, 56.58, 35|6, 55, N/A, 65.92, 35|
00:40:55 0, 58, N/A, 72.06, 39|1, 56, N/A, 78.01, 39|2, 59, N/A, 80.89, 39|3, 58, N/A, 69.85, 35|4, 55, N/A, 56.33, 35|5, 59, N/A, 59.04, 34|6, 55, N/A, 62.41, 34|
00:40:58 0, 58, N/A, 70.50, 39|1, 56, N/A, 83.58, 40|2, 59, N/A, 90.01, 38|3, 58, N/A, 81.52, 35|4, 55, N/A, 71.50, 34|5, 59, N/A, 65.39, 34|6, 55, N/A, 68.54, 34|
00:41:00 0, 58, N/A, 68.55, 40|1, 56, N/A, 74.76, 40|2, 59, N/A, 85.75, 38|3, 58, N/A, 74.64, 36|4, 55, N/A, 60.89, 34|5, 59, N/A, 58.71, 35|6, 55, N/A, 67.55, 35|
00:41:02 0, 58, N/A, 71.61, 39|1, 57, N/A, 79.00, 39|2, 59, N/A, 84.41, 39|3, 58, N/A, 67.14, 36|4, 55, N/A, 58.54, 34|5, 59, N/A, 59.29, 35|6, 55, N/A, 60.93, 34|
00:41:04 0, 58, N/A, 70.59, 39|1, 57, N/A, 73.75, 40|2, 59, N/A, 81.09, 38|3, 59, N/A, 72.55, 35|4, 55, N/A, 60.78, 34|5, 59, N/A, 63.53, 35|6, 55, N/A, 59.95, 34|
00:41:06 0, 58, N/A, 68.84, 39|1, 56, N/A, 77.03, 40|2, 59, N/A, 83.63, 38|3, 58, N/A, 70.79, 35|4, 55, N/A, 61.21, 34|5, 59, N/A, 68.87, 35|6, 55, N/A, 70.72, 34|
00:41:08 0, 59, N/A, 74.97, 40|1, 57, N/A, 90.07, 41|2, 59, N/A, 87.28, 39|3, 58, N/A, 74.73, 36|4, 55, N/A, 60.48, 35|5, 59, N/A, 60.98, 35|6, 55, N/A, 62.68, 35|
00:41:10 0, 58, N/A, 73.06, 39|1, 57, N/A, 79.50, 40|2, 59, N/A, 81.90, 38|3, 59, N/A, 71.78, 36|4, 55, N/A, 55.78, 34|5, 59, N/A, 58.82, 35|6, 55, N/A, 64.86, 35|
00:41:12 0, 58, N/A, 71.83, 40|1, 57, N/A, 72.39, 40|2, 59, N/A, 78.60, 38|3, 59, N/A, 74.56, 35|4, 55, N/A, 59.74, 34|5, 59, N/A, 63.43, 35|6, 55, N/A, 64.89, 35|
00:41:14 0, 59, N/A, 72.89, 39|1, 57, N/A, 81.46, 39|2, 59, N/A, 87.79, 38|3, 59, N/A, 76.12, 35|4, 55, N/A, 67.40, 34|5, 59, N/A, 66.65, 35|6, 55, N/A, 69.74, 35|
00:41:16 0, 59, N/A, 66.86, 39|1, 57, N/A, 70.58, 40|2, 59, N/A, 87.12, 37|3, 59, N/A, 61.87, 35|4, 55, N/A, 60.23, 33|5, 59, N/A, 59.06, 34|6, 56, N/A, 62.41, 34|
00:41:18 0, 59, N/A, 73.34, 39|1, 57, N/A, 73.04, 40|2, 60, N/A, 91.47, 38|3, 59, N/A, 69.53, 36|4, 55, N/A, 65.22, 33|5, 59, N/A, 64.55, 35|6, 56, N/A, 65.38, 35|
00:41:20 0, 59, N/A, 71.57, 40|1, 57, N/A, 81.21, 40|2, 60, N/A, 88.02, 38|3, 59, N/A, 74.69, 36|4, 55, N/A, 59.74, 34|5, 59, N/A, 59.28, 35|6, 56, N/A, 62.15, 34|
00:41:23 0, 59, N/A, 70.31, 40|1, 57, N/A, 74.74, 39|2, 60, N/A, 81.53, 38|3, 59, N/A, 76.69, 36|4, 56, N/A, 62.65, 34|5, 59, N/A, 63.43, 35|6, 56, N/A, 65.11, 33|
00:41:25 0, 59, N/A, 68.34, 40|1, 57, N/A, 75.76, 40|2, 60, N/A, 82.65, 38|3, 59, N/A, 69.53, 36|4, 56, N/A, 62.01, 34|5, 59, N/A, 60.52, 35|6, 56, N/A, 67.14, 35|
00:41:27 0, 58, N/A, 45.53, 11|1, 57, N/A, 49.74, 11|2, 59, N/A, 56.36, 17|3, 58, N/A, 45.26, 17|4, 55, N/A, 39.62, 14|5, 59, N/A, 38.91, 11|6, 55, N/A, 40.83, 14|
00:41:29 0, 58, N/A, 42.85, 0|1, 56, N/A, 45.55, 0|2, 58, N/A, 50.20, 0|3, 58, N/A, 43.04, 0|4, 55, N/A, 43.07, 0|5, 59, N/A, 42.11, 0|6, 55, N/A, 44.03, 0|
