00:41:31 0, 57, N/A, 30.06, 0|1, 55, N/A, 33.76, 0|2, 58, N/A, 35.22, 0|3, 57, N/A, 30.78, 0|4, 54, N/A, 30.78, 0|5, 58, N/A, 32.51, 0|6, 54, N/A, 31.99, 0|
00:41:33 0, 57, N/A, 36.69, 0|1, 55, N/A, 39.65, 0|2, 57, N/A, 35.21, 0|3, 57, N/A, 30.76, 0|4, 54, N/A, 30.76, 0|5, 57, N/A, 30.54, 0|6, 54, N/A, 31.97, 0|
00:41:35 0, 57, N/A, 42.08, 98|1, 55, N/A, 39.89, 0|2, 57, N/A, 34.97, 0|3, 57, N/A, 30.76, 0|4, 54, N/A, 30.76, 0|5, 57, N/A, 30.04, 0|6, 54, N/A, 31.97, 0|
00:41:37 0, 57, N/A, 41.35, 0|1, 55, N/A, 45.53, 97|2, 57, N/A, 34.97, 0|3, 56, N/A, 30.52, 0|4, 54, N/A, 30.76, 0|5, 57, N/A, 30.04, 0|6, 54, N/A, 31.73, 0|
00:41:39 0, 57, N/A, 41.35, 0|1, 55, N/A, 46.27, 98|2, 57, N/A, 34.72, 0|3, 56, N/A, 30.52, 0|4, 53, N/A, 30.52, 0|5, 57, N/A, 30.04, 0|6, 53, N/A, 31.73, 0|
00:41:41 0, 57, N/A, 42.08, 0|1, 55, N/A, 46.27, 0|2, 56, N/A, 34.72, 0|3, 56, N/A, 30.52, 0|4, 53, N/A, 30.53, 0|5, 57, N/A, 30.04, 0|6, 53, N/A, 31.73, 0|
00:41:43 0, 57, N/A, 42.11, 0|1, 55, N/A, 46.02, 0|2, 56, N/A, 34.72, 0|3, 56, N/A, 30.52, 0|4, 53, N/A, 30.53, 0|5, 57, N/A, 30.04, 0|6, 53, N/A, 31.73, 0|
00:41:46 0, 57, N/A, 41.84, 0|1, 55, N/A, 46.02, 0|2, 56, N/A, 34.48, 0|3, 56, N/A, 30.27, 0|4, 53, N/A, 30.52, 0|5, 57, N/A, 30.04, 0|6, 53, N/A, 31.48, 0|
00:41:48 0, 59, N/A, 72.03, 33|1, 57, N/A, 174.20, 48|2, 56, N/A, 34.45, 0|3, 56, N/A, 30.27, 0|4, 53, N/A, 30.51, 0|5, 56, N/A, 30.04, 0|6, 53, N/A, 31.48, 0|
00:41:50 0, 59, N/A, 47.28, 33|1, 59, N/A, 197.76, 66|2, 55, N/A, 34.50, 0|3, 55, N/A, 30.31, 0|4, 52, N/A, 30.55, 0|5, 56, N/A, 29.83, 0|6, 52, N/A, 31.52, 0|
00:41:52 0, 59, N/A, 44.60, 51|1, 60, N/A, 198.84, 66|2, 55, N/A, 34.50, 0|3, 55, N/A, 30.31, 0|4, 52, N/A, 30.55, 0|5, 56, N/A, 29.83, 0|6, 52, N/A, 31.52, 0|
00:41:54 0, 60, N/A, 153.83, 33|1, 60, N/A, 75.81, 50|2, 55, N/A, 34.00, 0|3, 55, N/A, 30.31, 0|4, 52, N/A, 30.55, 0|5, 56, N/A, 29.81, 0|6, 52, N/A, 31.50, 0|
00:41:56 0, 61, N/A, 184.38, 33|1, 60, N/A, 53.93, 66|2, 55, N/A, 34.27, 0|3, 55, N/A, 30.06, 0|4, 52, N/A, 30.54, 0|5, 56, N/A, 29.83, 0|6, 52, N/A, 31.52, 0|
00:41:58 0, 61, N/A, 93.47, 51|1, 61, N/A, 160.52, 60|2, 55, N/A, 34.00, 0|3, 55, N/A, 30.06, 0|4, 52, N/A, 30.31, 0|5, 56, N/A, 29.83, 0|6, 52, N/A, 31.27, 0|
00:42:00 0, 61, N/A, 52.45, 38|1, 62, N/A, 185.97, 48|2, 54, N/A, 33.76, 0|3, 55, N/A, 30.04, 0|4, 52, N/A, 30.31, 0|5, 56, N/A, 29.81, 0|6, 52, N/A, 31.27, 0|
00:42:02 0, 61, N/A, 46.05, 33|1, 62, N/A, 205.57, 66|2, 54, N/A, 33.76, 0|3, 54, N/A, 29.81, 0|4, 52, N/A, 30.31, 0|5, 55, N/A, 29.83, 0|6, 52, N/A, 31.27, 0|
00:42:04 0, 61, N/A, 45.09, 51|1, 63, N/A, 165.43, 66|2, 54, N/A, 33.76, 0|3, 54, N/A, 30.06, 0|4, 52, N/A, 30.31, 0|5, 55, N/A, 29.59, 0|6, 51, N/A, 31.27, 0|
00:42:06 0, 61, N/A, 152.92, 33|1, 63, N/A, 79.26, 48|2, 54, N/A, 33.76, 0|3, 54, N/A, 30.04, 0|4, 52, N/A, 30.31, 0|5, 55, N/A, 29.57, 0|6, 51, N/A, 31.27, 0|
00:42:08 0, 62, N/A, 179.98, 33|1, 63, N/A, 58.12, 59|2, 54, N/A, 33.53, 0|3, 54, N/A, 29.80, 0|4, 51, N/A, 30.31, 0|5, 55, N/A, 29.59, 0|6, 51, N/A, 31.27, 0|
00:42:11 0, 62, N/A, 158.58, 51|1, 63, N/A, 116.73, 66|2, 53, N/A, 33.53, 0|3, 54, N/A, 29.81, 0|4, 51, N/A, 30.06, 0|5, 55, N/A, 29.59, 0|6, 51, N/A, 31.27, 0|
00:42:13 0, 63, N/A, 66.95, 38|1, 63, N/A, 183.88, 48|2, 53, N/A, 33.51, 0|3, 53, N/A, 29.57, 0|4, 51, N/A, 30.06, 0|5, 55, N/A, 29.59, 0|6, 51, N/A, 31.03, 0|
00:42:15 0, 62, N/A, 50.48, 33|1, 64, N/A, 200.08, 66|2, 52, N/A, 33.26, 0|3, 53, N/A, 29.57, 0|4, 50, N/A, 30.06, 0|5, 54, N/A, 29.34, 0|6, 50, N/A, 30.78, 0|
00:42:17 0, 62, N/A, 46.32, 48|1, 64, N/A, 206.71, 66|2, 52, N/A, 33.26, 0|3, 53, N/A, 29.32, 0|4, 50, N/A, 29.81, 0|5, 54, N/A, 29.09, 0|6, 50, N/A, 30.78, 0|
00:42:19 0, 62, N/A, 45.34, 33|1, 64, N/A, 199.48, 48|2, 52, N/A, 32.79, 0|3, 52, N/A, 29.81, 0|4, 50, N/A, 29.81, 0|5, 54, N/A, 29.59, 0|6, 50, N/A, 30.54, 0|
00:42:21 0, 62, N/A, 166.72, 33|1, 64, N/A, 67.69, 66|2, 51, N/A, 33.26, 0|3, 52, N/A, 29.80, 0|4, 50, N/A, 29.55, 0|5, 54, N/A, 29.32, 0|6, 50, N/A, 30.54, 0|
00:42:23 0, 62, N/A, 182.90, 51|1, 64, N/A, 57.87, 55|2, 51, N/A, 33.04, 0|3, 52, N/A, 29.32, 0|4, 50, N/A, 29.57, 0|5, 53, N/A, 29.34, 0|6, 49, N/A, 30.54, 0|
00:42:25 0, 62, N/A, 143.92, 33|1, 64, N/A, 118.45, 48|2, 51, N/A, 33.04, 0|3, 52, N/A, 29.32, 0|4, 49, N/A, 29.81, 0|5, 53, N/A, 29.34, 0|6, 49, N/A, 30.54, 0|
00:42:27 0, 63, N/A, 80.93, 42|1, 64, N/A, 174.39, 66|2, 50, N/A, 32.77, 0|3, 52, N/A, 29.32, 0|4, 49, N/A, 29.81, 0|5, 53, N/A, 29.34, 0|6, 49, N/A, 30.53, 0|
00:42:29 0, 63, N/A, 55.91, 51|1, 65, N/A, 197.73, 66|2, 50, N/A, 32.77, 0|3, 51, N/A, 29.32, 0|4, 49, N/A, 29.57, 0|5, 53, N/A, 29.32, 0|6, 49, N/A, 30.29, 0|
00:42:31 0, 62, N/A, 47.06, 34|1, 65, N/A, 208.55, 55|2, 50, N/A, 32.55, 0|3, 51, N/A, 29.32, 0|4, 49, N/A, 29.57, 0|5, 52, N/A, 29.34, 0|6, 48, N/A, 30.29, 0|
00:42:34 0, 62, N/A, 45.81, 44|1, 65, N/A, 204.98, 66|2, 49, N/A, 32.53, 0|3, 51, N/A, 29.32, 0|4, 48, N/A, 29.57, 0|5, 52, N/A, 29.08, 0|6, 48, N/A, 30.29, 0|
00:42:36 0, 63, N/A, 155.78, 100|1, 62, N/A, 50.27, 0|2, 49, N/A, 32.30, 0|3, 50, N/A, 29.08, 0|4, 48, N/A, 29.32, 0|5, 52, N/A, 29.09, 0|6, 48, N/A, 30.29, 0|
00:42:38 0, 63, N/A, 164.02, 100|1, 65, N/A, 198.96, 100|2, 49, N/A, 32.28, 0|3, 50, N/A, 29.06, 0|4, 48, N/A, 29.31, 0|5, 52, N/A, 28.83, 0|6, 48, N/A, 30.27, 0|
00:42:40 0, 62, N/A, 44.82, 0|1, 64, N/A, 187.04, 100|2, 49, N/A, 32.28, 0|3, 50, N/A, 29.08, 0|4, 48, N/A, 29.32, 0|5, 51, N/A, 28.85, 0|6, 47, N/A, 30.04, 0|
00:42:42 0, 63, N/A, 45.34, 49|1, 64, N/A, 174.16, 71|2, 48, N/A, 32.03, 0|3, 50, N/A, 29.07, 0|4, 48, N/A, 29.32, 0|5, 51, N/A, 28.84, 0|6, 47, N/A, 30.04, 0|
00:42:44 0, 65, N/A, 162.16, 100|1, 63, N/A, 51.72, 0|2, 48, N/A, 32.05, 0|3, 50, N/A, 29.06, 0|4, 48, N/A, 29.32, 0|5, 51, N/A, 28.83, 0|6, 47, N/A, 30.04, 0|
00:42:46 0, 61, N/A, 43.83, 0|1, 66, N/A, 197.73, 100|2, 48, N/A, 32.03, 0|3, 50, N/A, 29.07, 0|4, 48, N/A, 29.32, 0|5, 51, N/A, 28.84, 0|6, 47, N/A, 30.04, 0|
00:42:48 0, 65, N/A, 168.04, 100|1, 62, N/A, 50.51, 0|2, 48, N/A, 32.05, 0|3, 49, N/A, 28.83, 0|4, 47, N/A, 29.32, 0|5, 51, N/A, 28.60, 0|6, 47, N/A, 30.04, 0|
00:42:50 0, 65, N/A, 189.20, 100|1, 64, N/A, 52.73, 58|2, 47, N/A, 31.81, 0|3, 49, N/A, 28.83, 0|4, 47, N/A, 29.08, 0|5, 51, N/A, 28.60, 0|6, 47, N/A, 30.04, 0|
00:42:52 0, 65, N/A, 159.20, 100|1, 66, N/A, 166.30, 100|2, 47, N/A, 31.79, 0|3, 49, N/A, 28.81, 0|4, 47, N/A, 29.06, 0|5, 50, N/A, 28.58, 0|6, 46, N/A, 30.02, 0|
00:42:54 0, 64, N/A, 144.58, 100|1, 66, N/A, 157.73, 100|2, 47, N/A, 31.79, 0|3, 49, N/A, 28.81, 0|4, 47, N/A, 29.08, 0|5, 50, N/A, 28.58, 0|6, 46, N/A, 30.02, 0|
00:42:56 0, 64, N/A, 45.31, 0|1, 65, N/A, 191.61, 100|2, 47, N/A, 31.79, 0|3, 49, N/A, 28.81, 0|4, 47, N/A, 29.08, 0|5, 50, N/A, 28.60, 0|6, 46, N/A, 30.04, 0|
00:42:59 0, 64, N/A, 167.31, 100|1, 64, N/A, 52.45, 0|2, 46, N/A, 31.56, 0|3, 48, N/A, 28.58, 0|4, 47, N/A, 29.08, 0|5, 50, N/A, 28.58, 0|6, 46, N/A, 30.04, 0|
00:43:01 0, 63, N/A, 44.82, 0|1, 65, N/A, 181.92, 100|2, 46, N/A, 31.29, 0|3, 48, N/A, 28.58, 0|4, 46, N/A, 29.08, 0|5, 50, N/A, 28.60, 0|6, 46, N/A, 30.04, 0|
00:43:03 0, 65, N/A, 47.56, 100|1, 64, N/A, 154.39, 0|2, 46, N/A, 31.54, 0|3, 48, N/A, 28.58, 0|4, 46, N/A, 29.08, 0|5, 50, N/A, 28.35, 0|6, 46, N/A, 30.04, 0|
00:43:05 0, 66, N/A, 154.39, 100|1, 65, N/A, 52.73, 0|2, 46, N/A, 31.56, 0|3, 48, N/A, 28.58, 0|4, 46, N/A, 29.08, 0|5, 50, N/A, 28.35, 0|6, 45, N/A, 29.80, 0|
00:43:07 0, 66, N/A, 147.74, 100|1, 67, N/A, 161.41, 100|2, 46, N/A, 31.54, 0|3, 48, N/A, 28.32, 0|4, 46, N/A, 29.06, 0|5, 49, N/A, 28.34, 0|6, 45, N/A, 29.78, 0|
00:43:09 0, 63, N/A, 45.07, 0|1, 66, N/A, 177.26, 100|2, 45, N/A, 31.54, 0|3, 48, N/A, 28.32, 0|4, 46, N/A, 28.83, 0|5, 49, N/A, 28.35, 0|6, 45, N/A, 29.80, 0|
00:43:11 0, 65, N/A, 155.53, 100|1, 63, N/A, 51.50, 0|2, 45, N/A, 31.31, 0|3, 47, N/A, 28.34, 0|4, 46, N/A, 28.83, 0|5, 49, N/A, 28.35, 0|6, 45, N/A, 29.80, 0|
00:43:13 0, 65, N/A, 162.39, 100|1, 65, N/A, 177.25, 100|2, 45, N/A, 31.05, 0|3, 47, N/A, 28.07, 0|4, 45, N/A, 28.81, 0|5, 49, N/A, 28.34, 0|6, 45, N/A, 29.78, 0|
00:43:15 0, 63, N/A, 45.09, 0|1, 65, N/A, 173.08, 100|2, 45, N/A, 31.05, 0|3, 47, N/A, 28.07, 0|4, 45, N/A, 28.83, 0|5, 48, N/A, 28.35, 0|6, 44, N/A, 29.80, 0|
00:43:17 0, 66, N/A, 154.06, 100|1, 63, N/A, 51.25, 0|2, 44, N/A, 31.07, 0|3, 46, N/A, 28.09, 0|4, 45, N/A, 28.58, 0|5, 48, N/A, 28.35, 0|6, 44, N/A, 29.55, 0|
00:43:19 0, 66, N/A, 142.35, 100|1, 65, N/A, 55.19, 100|2, 44, N/A, 30.82, 0|3, 46, N/A, 28.09, 0|4, 44, N/A, 28.58, 0|5, 48, N/A, 28.11, 0|6, 44, N/A, 29.55, 0|
00:43:21 0, 62, N/A, 44.08, 0|1, 65, N/A, 155.27, 100|2, 44, N/A, 30.80, 0|3, 46, N/A, 28.09, 0|4, 44, N/A, 28.58, 0|5, 48, N/A, 28.09, 0|6, 43, N/A, 29.55, 0|
00:43:24 0, 65, N/A, 161.67, 100|1, 61, N/A, 50.24, 0|2, 43, N/A, 30.82, 0|3, 45, N/A, 27.84, 0|4, 44, N/A, 28.58, 0|5, 48, N/A, 28.11, 0|6, 43, N/A, 29.31, 0|
00:43:26 0, 64, N/A, 146.43, 100|1, 64, N/A, 212.08, 100|2, 43, N/A, 30.55, 0|3, 45, N/A, 27.83, 0|4, 44, N/A, 28.56, 0|5, 47, N/A, 28.09, 0|6, 43, N/A, 29.29, 0|
00:43:28 0, 62, N/A, 44.32, 0|1, 64, N/A, 179.95, 100|2, 43, N/A, 30.55, 0|3, 45, N/A, 27.84, 0|4, 44, N/A, 28.58, 0|5, 47, N/A, 28.11, 0|6, 43, N/A, 29.04, 0|
00:43:30 0, 65, N/A, 84.62, 100|1, 61, N/A, 133.10, 0|2, 42, N/A, 30.55, 0|3, 45, N/A, 27.84, 0|4, 44, N/A, 28.58, 0|5, 47, N/A, 27.86, 0|6, 43, N/A, 29.06, 0|
00:43:32 0, 65, N/A, 144.98, 100|1, 63, N/A, 51.96, 20|2, 42, N/A, 30.55, 0|3, 45, N/A, 27.83, 0|4, 43, N/A, 28.57, 0|5, 47, N/A, 27.84, 0|6, 42, N/A, 29.04, 0|
00:43:34 0, 61, N/A, 43.83, 0|1, 64, N/A, 184.50, 100|2, 42, N/A, 30.31, 0|3, 44, N/A, 27.83, 0|4, 43, N/A, 28.32, 0|5, 46, N/A, 27.84, 0|6, 42, N/A, 29.06, 0|
00:43:36 0, 64, N/A, 174.55, 100|1, 60, N/A, 49.53, 0|2, 42, N/A, 30.32, 0|3, 44, N/A, 27.58, 0|4, 43, N/A, 28.32, 0|5, 46, N/A, 27.84, 0|6, 42, N/A, 29.04, 0|
00:43:38 0, 63, N/A, 156.75, 100|1, 63, N/A, 206.45, 100|2, 42, N/A, 30.29, 0|3, 44, N/A, 27.58, 0|4, 43, N/A, 28.32, 0|5, 46, N/A, 27.84, 0|6, 42, N/A, 29.29, 0|
00:43:40 0, 61, N/A, 44.08, 0|1, 63, N/A, 197.88, 100|2, 41, N/A, 30.31, 0|3, 44, N/A, 27.60, 0|4, 43, N/A, 28.34, 0|5, 46, N/A, 27.86, 0|6, 42, N/A, 29.31, 0|
00:43:42 0, 64, N/A, 178.75, 100|1, 60, N/A, 49.53, 0|2, 41, N/A, 30.08, 0|3, 44, N/A, 27.60, 0|4, 43, N/A, 28.34, 0|5, 46, N/A, 27.86, 0|6, 41, N/A, 29.31, 0|
00:43:44 0, 64, N/A, 166.10, 100|1, 63, N/A, 54.18, 100|2, 41, N/A, 30.08, 0|3, 43, N/A, 27.60, 0|4, 42, N/A, 28.34, 0|5, 46, N/A, 27.86, 0|6, 41, N/A, 29.06, 0|
00:43:46 0, 60, N/A, 43.59, 0|1, 63, N/A, 196.75, 100|2, 41, N/A, 30.06, 0|3, 43, N/A, 27.60, 0|4, 42, N/A, 28.09, 0|5, 45, N/A, 27.61, 0|6, 41, N/A, 29.06, 0|
00:43:49 0, 63, N/A, 172.14, 100|1, 60, N/A, 49.28, 0|2, 41, N/A, 30.08, 0|3, 43, N/A, 27.35, 0|4, 42, N/A, 28.09, 0|5, 45, N/A, 27.61, 0|6, 41, N/A, 29.04, 0|
00:43:51 0, 63, N/A, 167.21, 100|1, 63, N/A, 187.79, 100|2, 41, N/A, 30.06, 0|3, 43, N/A, 27.33, 0|4, 42, N/A, 28.32, 0|5, 45, N/A, 27.35, 0|6, 41, N/A, 28.79, 0|
00:43:53 0, 62, N/A, 43.83, 0|1, 62, N/A, 179.21, 100|2, 41, N/A, 30.06, 0|3, 43, N/A, 27.35, 0|4, 42, N/A, 28.09, 0|5, 45, N/A, 27.37, 0|6, 41, N/A, 28.81, 0|
00:43:55 0, 65, N/A, 169.77, 100|1, 61, N/A, 50.24, 0|2, 40, N/A, 30.08, 0|3, 43, N/A, 27.35, 0|4, 42, N/A, 28.34, 0|5, 45, N/A, 27.60, 0|6, 41, N/A, 29.06, 0|
00:43:57 0, 64, N/A, 173.82, 100|1, 64, N/A, 192.60, 100|2, 40, N/A, 30.06, 0|3, 43, N/A, 27.33, 0|4, 42, N/A, 28.09, 0|5, 45, N/A, 27.35, 0|6, 41, N/A, 28.79, 0|
00:43:59 0, 62, N/A, 44.33, 0|1, 63, N/A, 159.94, 100|2, 40, N/A, 30.06, 0|3, 43, N/A, 27.35, 0|4, 42, N/A, 28.09, 0|5, 45, N/A, 27.61, 0|6, 41, N/A, 29.06, 0|
00:44:01 0, 64, N/A, 170.99, 100|1, 61, N/A, 50.51, 0|2, 40, N/A, 30.08, 0|3, 43, N/A, 27.35, 0|4, 42, N/A, 27.84, 0|5, 45, N/A, 27.61, 0|6, 41, N/A, 28.81, 0|
00:44:03 0, 62, N/A, 44.33, 0|1, 63, N/A, 183.88, 100|2, 40, N/A, 30.06, 0|3, 43, N/A, 27.35, 0|4, 42, N/A, 28.09, 0|5, 45, N/A, 27.61, 0|6, 41, N/A, 28.81, 0|
00:44:05 0, 65, N/A, 48.29, 100|1, 62, N/A, 152.92, 0|2, 40, N/A, 30.08, 0|3, 43, N/A, 27.35, 0|4, 42, N/A, 28.09, 0|5, 45, N/A, 27.37, 0|6, 41, N/A, 28.81, 0|
00:44:07 0, 61, N/A, 43.86, 8|1, 65, N/A, 77.78, 97|2, 40, N/A, 29.82, 0|3, 43, N/A, 27.35, 0|4, 42, N/A, 28.09, 0|5, 45, N/A, 27.37, 0|6, 41, N/A, 28.81, 0|
00:44:09 0, 65, N/A, 177.79, 100|1, 60, N/A, 49.28, 0|2, 40, N/A, 29.83, 0|3, 43, N/A, 27.35, 0|4, 42, N/A, 28.09, 0|5, 45, N/A, 27.37, 0|6, 41, N/A, 28.81, 0|
00:44:11 0, 61, N/A, 43.85, 0|1, 64, N/A, 184.50, 100|2, 40, N/A, 29.81, 0|3, 43, N/A, 27.33, 0|4, 42, N/A, 27.84, 0|5, 45, N/A, 27.37, 0|6, 41, N/A, 28.81, 0|
00:44:14 0, 63, N/A, 138.26, 48|1, 64, N/A, 93.23, 63|2, 40, N/A, 29.83, 0|3, 43, N/A, 27.35, 0|4, 42, N/A, 28.09, 0|5, 45, N/A, 27.61, 0|6, 41, N/A, 28.81, 0|
00:44:16 0, 63, N/A, 180.05, 47|1, 64, N/A, 60.33, 51|2, 40, N/A, 29.83, 0|3, 43, N/A, 27.33, 0|4, 41, N/A, 28.09, 0|5, 45, N/A, 27.61, 0|6, 41, N/A, 28.79, 0|
00:44:18 0, 64, N/A, 188.70, 36|1, 64, N/A, 66.21, 63|2, 40, N/A, 29.81, 0|3, 42, N/A, 27.60, 0|4, 42, N/A, 28.09, 0|5, 45, N/A, 27.61, 0|6, 40, N/A, 28.81, 0|
00:44:20 0, 64, N/A, 76.30, 40|1, 64, N/A, 180.56, 63|2, 40, N/A, 29.81, 0|3, 42, N/A, 27.60, 0|4, 42, N/A, 27.84, 0|5, 45, N/A, 27.37, 0|6, 41, N/A, 28.81, 0|
00:44:22 0, 63, N/A, 54.67, 43|1, 65, N/A, 198.74, 51|2, 40, N/A, 29.82, 0|3, 42, N/A, 27.60, 0|4, 41, N/A, 27.84, 0|5, 44, N/A, 27.37, 0|6, 40, N/A, 28.81, 0|
00:44:24 0, 63, N/A, 47.03, 36|1, 65, N/A, 210.12, 63|2, 40, N/A, 29.81, 0|3, 42, N/A, 27.58, 0|4, 42, N/A, 27.84, 0|5, 45, N/A, 27.37, 0|6, 40, N/A, 28.81, 0|
00:44:26 0, 63, N/A, 46.08, 43|1, 65, N/A, 194.43, 63|2, 40, N/A, 29.83, 0|3, 42, N/A, 27.60, 0|4, 42, N/A, 27.84, 0|5, 44, N/A, 27.37, 0|6, 40, N/A, 28.81, 0|
00:44:28 0, 63, N/A, 146.38, 45|1, 65, N/A, 88.86, 52|2, 40, N/A, 29.83, 0|3, 42, N/A, 27.60, 0|4, 41, N/A, 27.84, 0|5, 44, N/A, 27.61, 0|6, 41, N/A, 28.81, 0|
00:44:30 0, 63, N/A, 178.26, 36|1, 65, N/A, 61.56, 61|2, 39, N/A, 29.83, 0|3, 42, N/A, 27.35, 0|4, 41, N/A, 27.84, 0|5, 44, N/A, 27.61, 0|6, 40, N/A, 28.79, 0|
00:44:32 0, 64, N/A, 188.79, 45|1, 65, N/A, 55.65, 63|2, 39, N/A, 29.83, 0|3, 42, N/A, 27.33, 0|4, 41, N/A, 27.84, 0|5, 44, N/A, 27.37, 0|6, 40, N/A, 28.81, 0|
00:44:34 0, 64, N/A, 173.67, 48|1, 65, N/A, 99.14, 52|2, 39, N/A, 29.82, 0|3, 42, N/A, 27.35, 0|4, 41, N/A, 27.84, 0|5, 44, N/A, 27.37, 0|6, 40, N/A, 28.81, 0|
00:44:36 0, 64, N/A, 77.29, 36|1, 65, N/A, 178.00, 63|2, 39, N/A, 29.81, 0|3, 42, N/A, 27.35, 0|4, 41, N/A, 27.84, 0|5, 44, N/A, 27.61, 0|6, 40, N/A, 28.81, 0|
00:44:39 0, 64, N/A, 52.21, 43|1, 65, N/A, 200.21, 63|2, 39, N/A, 29.82, 0|3, 42, N/A, 27.35, 0|4, 41, N/A, 27.84, 0|5, 44, N/A, 27.37, 0|6, 40, N/A, 28.81, 0|
00:44:41 0, 63, N/A, 47.52, 39|1, 66, N/A, 207.18, 51|2, 39, N/A, 29.81, 0|3, 42, N/A, 27.35, 0|4, 41, N/A, 27.84, 0|5, 44, N/A, 27.12, 0|6, 40, N/A, 28.81, 0|
00:44:43 0, 63, N/A, 46.08, 36|1, 66, N/A, 209.04, 63|2, 39, N/A, 29.57, 0|3, 42, N/A, 27.35, 0|4, 41, N/A, 27.84, 0|5, 44, N/A, 27.37, 0|6, 40, N/A, 28.81, 0|
00:44:45 0, 63, N/A, 73.79, 48|1, 67, N/A, 141.21, 63|2, 39, N/A, 29.82, 0|3, 42, N/A, 27.35, 0|4, 41, N/A, 27.84, 0|5, 44, N/A, 27.37, 0|6, 40, N/A, 28.81, 0|
00:44:47 0, 63, N/A, 145.05, 38|1, 67, N/A, 88.80, 52|2, 39, N/A, 29.57, 0|3, 42, N/A, 27.33, 0|4, 41, N/A, 27.84, 0|5, 44, N/A, 27.11, 0|6, 40, N/A, 28.81, 0|
00:44:49 0, 63, N/A, 174.65, 36|1, 66, N/A, 63.74, 63|2, 39, N/A, 29.57, 0|3, 42, N/A, 27.33, 0|4, 41, N/A, 27.83, 0|5, 44, N/A, 27.10, 0|6, 40, N/A, 28.79, 0|
00:44:51 0, 63, N/A, 188.54, 48|1, 66, N/A, 56.64, 56|2, 39, N/A, 29.59, 0|3, 42, N/A, 27.35, 0|4, 41, N/A, 27.60, 0|5, 44, N/A, 27.61, 0|6, 40, N/A, 28.57, 0|
00:44:53 0, 63, N/A, 135.33, 36|1, 65, N/A, 132.60, 52|2, 39, N/A, 29.32, 0|3, 41, N/A, 27.35, 0|4, 41, N/A, 27.84, 0|5, 44, N/A, 27.61, 0|6, 40, N/A, 28.57, 0|
00:44:55 0, 63, N/A, 72.35, 36|1, 65, N/A, 183.15, 63|2, 39, N/A, 29.32, 0|3, 41, N/A, 27.35, 0|4, 41, N/A, 27.84, 0|5, 43, N/A, 27.61, 0|6, 40, N/A, 28.57, 0|
00:44:57 0, 63, N/A, 55.16, 48|1, 65, N/A, 195.56, 52|2, 38, N/A, 29.32, 0|3, 41, N/A, 27.35, 0|4, 41, N/A, 27.60, 0|5, 43, N/A, 27.61, 0|6, 39, N/A, 28.57, 0|
00:44:59 0, 62, N/A, 48.29, 36|1, 65, N/A, 202.79, 63|2, 38, N/A, 29.32, 0|3, 41, N/A, 27.35, 0|4, 40, N/A, 27.60, 0|5, 43, N/A, 27.61, 0|6, 39, N/A, 28.57, 0|
00:45:01 0, 60, N/A, 44.11, 0|1, 63, N/A, 51.47, 0|2, 38, N/A, 29.34, 0|3, 41, N/A, 27.35, 0|4, 40, N/A, 27.84, 0|5, 43, N/A, 27.61, 0|6, 39, N/A, 28.57, 0|
00:45:04 0, 64, N/A, 151.19, 100|1, 61, N/A, 49.53, 0|2, 38, N/A, 29.34, 0|3, 41, N/A, 27.35, 0|4, 40, N/A, 27.60, 0|5, 43, N/A, 27.37, 0|6, 39, N/A, 28.57, 0|
00:45:06 0, 63, N/A, 186.98, 100|1, 64, N/A, 185.10, 100|2, 38, N/A, 29.32, 0|3, 41, N/A, 27.33, 0|4, 40, N/A, 27.60, 0|5, 43, N/A, 27.35, 0|6, 39, N/A, 28.55, 0|
00:45:08 0, 62, N/A, 178.14, 9|1, 64, N/A, 191.62, 100|2, 38, N/A, 29.32, 0|3, 41, N/A, 27.33, 0|4, 40, N/A, 27.59, 0|5, 43, N/A, 27.35, 0|6, 39, N/A, 28.55, 0|
00:45:10 0, 63, N/A, 46.30, 85|1, 62, N/A, 178.23, 38|2, 38, N/A, 29.32, 0|3, 41, N/A, 27.10, 0|4, 40, N/A, 27.60, 0|5, 43, N/A, 27.37, 0|6, 39, N/A, 28.57, 0|
00:45:12 0, 64, N/A, 162.65, 100|1, 63, N/A, 52.70, 97|2, 38, N/A, 29.09, 0|3, 41, N/A, 27.09, 0|4, 40, N/A, 27.60, 0|5, 42, N/A, 27.35, 0|6, 39, N/A, 28.55, 0|
00:45:14 0, 60, N/A, 43.86, 0|1, 64, N/A, 158.95, 100|2, 38, N/A, 29.08, 0|3, 40, N/A, 27.10, 0|4, 40, N/A, 27.60, 0|5, 43, N/A, 27.37, 0|6, 39, N/A, 28.56, 0|
00:45:16 0, 63, N/A, 170.17, 100|1, 60, N/A, 50.02, 1|2, 38, N/A, 29.09, 0|3, 40, N/A, 27.10, 0|4, 40, N/A, 27.60, 0|5, 43, N/A, 27.37, 0|6, 39, N/A, 28.57, 0|
00:45:18 0, 62, N/A, 177.01, 100|1, 63, N/A, 205.45, 100|2, 37, N/A, 29.08, 0|3, 40, N/A, 27.09, 0|4, 40, N/A, 27.58, 0|5, 42, N/A, 27.35, 0|6, 39, N/A, 28.55, 0|
00:45:20 0, 62, N/A, 45.09, 91|1, 61, N/A, 184.13, 25|2, 37, N/A, 29.08, 0|3, 40, N/A, 27.10, 0|4, 40, N/A, 27.60, 0|5, 42, N/A, 27.37, 0|6, 39, N/A, 28.57, 0|
00:45:22 0, 63, N/A, 155.04, 100|1, 62, N/A, 51.74, 21|2, 37, N/A, 29.09, 0|3, 40, N/A, 27.10, 0|4, 40, N/A, 27.60, 0|5, 42, N/A, 27.12, 0|6, 38, N/A, 28.32, 0|
00:45:24 0, 62, N/A, 176.77, 100|1, 63, N/A, 158.70, 100|2, 37, N/A, 29.08, 0|3, 40, N/A, 27.09, 0|4, 40, N/A, 27.58, 0|5, 42, N/A, 27.10, 0|6, 39, N/A, 28.30, 0|
00:45:27 0, 61, N/A, 44.33, 0|1, 62, N/A, 170.73, 100|2, 37, N/A, 29.08, 0|3, 40, N/A, 27.10, 0|4, 40, N/A, 27.60, 0|5, 42, N/A, 27.12, 0|6, 38, N/A, 28.32, 0|
00:45:29 0, 60, N/A, 162.79, 59|1, 64, N/A, 176.76, 100|2, 37, N/A, 29.08, 0|3, 40, N/A, 27.09, 0|4, 39, N/A, 27.58, 0|5, 42, N/A, 27.10, 0|6, 38, N/A, 28.32, 0|
00:45:31 0, 62, N/A, 50.98, 100|1, 59, N/A, 189.28, 0|2, 37, N/A, 29.08, 0|3, 40, N/A, 27.10, 0|4, 40, N/A, 27.60, 0|5, 42, N/A, 27.12, 0|6, 38, N/A, 28.32, 0|
00:45:33 0, 63, N/A, 177.02, 100|1, 63, N/A, 87.08, 100|2, 37, N/A, 29.08, 0|3, 40, N/A, 27.09, 0|4, 39, N/A, 27.60, 0|5, 42, N/A, 27.35, 0|6, 38, N/A, 28.30, 0|
00:45:35 0, 61, N/A, 153.80, 100|1, 62, N/A, 157.22, 100|2, 37, N/A, 29.08, 0|3, 40, N/A, 27.09, 0|4, 39, N/A, 27.33, 0|5, 42, N/A, 27.35, 0|6, 38, N/A, 28.30, 0|
00:45:37 0, 61, N/A, 44.60, 30|1, 61, N/A, 189.19, 82|2, 37, N/A, 28.83, 0|3, 40, N/A, 27.10, 0|4, 39, N/A, 27.84, 0|5, 42, N/A, 27.12, 0|6, 38, N/A, 28.32, 0|
00:45:39 0, 63, N/A, 154.80, 100|1, 61, N/A, 51.25, 89|2, 37, N/A, 28.84, 0|3, 40, N/A, 27.09, 0|4, 39, N/A, 27.84, 0|5, 42, N/A, 27.12, 0|6, 38, N/A, 28.32, 0|
00:45:41 0, 59, N/A, 43.12, 0|1, 62, N/A, 182.64, 100|2, 37, N/A, 28.83, 0|3, 40, N/A, 27.10, 0|4, 39, N/A, 27.84, 0|5, 42, N/A, 27.37, 0|6, 38, N/A, 28.32, 0|
00:45:43 0, 63, N/A, 177.54, 100|1, 60, N/A, 49.53, 1|2, 37, N/A, 29.09, 0|3, 40, N/A, 27.10, 0|4, 39, N/A, 27.60, 0|5, 42, N/A, 27.12, 0|6, 38, N/A, 28.32, 0|
00:45:45 0, 61, N/A, 144.32, 15|1, 62, N/A, 156.98, 100|2, 37, N/A, 28.83, 0|3, 40, N/A, 27.09, 0|4, 39, N/A, 27.60, 0|5, 42, N/A, 27.10, 0|6, 38, N/A, 28.30, 0|
00:45:47 0, 64, N/A, 177.29, 100|1, 60, N/A, 49.53, 0|2, 37, N/A, 28.85, 0|3, 40, N/A, 27.10, 0|4, 39, N/A, 27.60, 0|5, 42, N/A, 27.12, 0|6, 38, N/A, 28.32, 0|
00:45:49 0, 64, N/A, 154.54, 100|1, 63, N/A, 164.58, 100|2, 37, N/A, 29.08, 0|3, 40, N/A, 27.09, 0|4, 39, N/A, 27.58, 0|5, 42, N/A, 27.10, 0|6, 38, N/A, 28.30, 0|
00:45:52 0, 62, N/A, 174.80, 5|1, 63, N/A, 192.10, 100|2, 37, N/A, 29.08, 0|3, 40, N/A, 27.09, 0|4, 39, N/A, 27.84, 0|5, 42, N/A, 27.10, 0|6, 38, N/A, 28.30, 0|
00:45:54 0, 65, N/A, 179.23, 100|1, 60, N/A, 49.53, 0|2, 37, N/A, 28.84, 0|3, 40, N/A, 27.10, 0|4, 39, N/A, 27.84, 0|5, 42, N/A, 27.12, 0|6, 38, N/A, 28.32, 0|
00:45:56 0, 60, N/A, 43.12, 0|1, 64, N/A, 188.68, 100|2, 37, N/A, 29.08, 0|3, 40, N/A, 27.10, 0|4, 39, N/A, 27.60, 0|5, 42, N/A, 27.12, 0|6, 38, N/A, 28.32, 0|
00:45:58 0, 64, N/A, 144.07, 100|1, 60, N/A, 49.53, 0|2, 37, N/A, 28.85, 0|3, 40, N/A, 27.10, 0|4, 39, N/A, 27.84, 0|5, 42, N/A, 27.37, 0|6, 38, N/A, 28.32, 0|
00:46:00 0, 64, N/A, 145.04, 100|1, 64, N/A, 158.95, 100|2, 37, N/A, 29.08, 0|3, 40, N/A, 27.09, 0|4, 40, N/A, 27.83, 0|5, 42, N/A, 27.10, 0|6, 38, N/A, 28.30, 0|
00:46:02 0, 62, N/A, 44.82, 0|1, 63, N/A, 192.60, 100|2, 37, N/A, 28.83, 0|3, 40, N/A, 27.09, 0|4, 39, N/A, 27.84, 0|5, 42, N/A, 27.12, 0|6, 38, N/A, 28.32, 0|
00:46:04 0, 65, N/A, 169.19, 100|1, 62, N/A, 51.25, 0|2, 37, N/A, 28.85, 0|3, 40, N/A, 27.10, 0|4, 39, N/A, 27.60, 0|5, 42, N/A, 27.37, 0|6, 38, N/A, 28.32, 0|
00:46:06 0, 65, N/A, 178.12, 100|1, 64, N/A, 189.65, 100|2, 37, N/A, 29.07, 0|3, 40, N/A, 27.09, 0|4, 39, N/A, 27.58, 0|5, 42, N/A, 27.10, 0|6, 38, N/A, 28.30, 0|
00:46:08 0, 63, N/A, 45.34, 0|1, 63, N/A, 155.52, 100|2, 37, N/A, 29.08, 0|3, 40, N/A, 27.10, 0|4, 40, N/A, 27.60, 0|5, 42, N/A, 27.12, 0|6, 38, N/A, 28.32, 0|
00:46:10 0, 61, N/A, 173.00, 0|1, 65, N/A, 196.03, 72|2, 37, N/A, 29.08, 0|3, 40, N/A, 27.09, 0|4, 39, N/A, 27.58, 0|5, 42, N/A, 27.10, 0|6, 38, N/A, 28.30, 0|
00:46:12 0, 65, N/A, 162.89, 100|1, 61, N/A, 49.50, 0|2, 37, N/A, 29.09, 0|3, 39, N/A, 27.09, 0|4, 39, N/A, 27.83, 0|5, 42, N/A, 27.11, 0|6, 38, N/A, 28.30, 0|
00:46:14 0, 65, N/A, 159.94, 100|1, 65, N/A, 195.79, 100|2, 37, N/A, 29.08, 0|3, 40, N/A, 27.09, 0|4, 40, N/A, 27.58, 0|5, 42, N/A, 27.10, 0|6, 38, N/A, 28.30, 0|
00:46:17 0, 63, N/A, 44.57, 0|1, 65, N/A, 184.60, 100|2, 37, N/A, 28.83, 0|3, 40, N/A, 27.10, 0|4, 40, N/A, 27.84, 0|5, 42, N/A, 27.12, 0|6, 38, N/A, 28.32, 0|
00:46:19 0, 66, N/A, 193.34, 100|1, 62, N/A, 50.98, 0|2, 37, N/A, 29.09, 0|3, 40, N/A, 27.09, 0|4, 40, N/A, 27.60, 0|5, 42, N/A, 27.11, 0|6, 38, N/A, 28.30, 0|
00:46:21 0, 66, N/A, 180.94, 100|1, 65, N/A, 196.51, 100|2, 37, N/A, 28.83, 0|3, 40, N/A, 27.09, 0|4, 39, N/A, 27.60, 0|5, 42, N/A, 27.10, 0|6, 38, N/A, 28.30, 0|
00:46:23 0, 64, N/A, 45.09, 0|1, 64, N/A, 184.38, 100|2, 37, N/A, 29.08, 0|3, 40, N/A, 27.10, 0|4, 40, N/A, 27.60, 0|5, 42, N/A, 27.12, 0|6, 38, N/A, 28.32, 0|
00:46:25 0, 64, N/A, 175.54, 100|1, 66, N/A, 198.86, 100|2, 37, N/A, 29.07, 0|3, 40, N/A, 27.09, 0|4, 39, N/A, 27.58, 0|5, 42, N/A, 27.10, 0|6, 38, N/A, 28.30, 0|
00:46:27 0, 67, N/A, 177.26, 100|1, 62, N/A, 50.02, 0|2, 37, N/A, 28.84, 0|3, 40, N/A, 27.09, 0|4, 40, N/A, 27.60, 0|5, 41, N/A, 27.12, 0|6, 38, N/A, 28.32, 0|
00:46:29 0, 66, N/A, 171.87, 100|1, 66, N/A, 173.56, 100|2, 37, N/A, 29.08, 0|3, 40, N/A, 27.09, 0|4, 40, N/A, 27.83, 0|5, 42, N/A, 27.35, 0|6, 38, N/A, 28.30, 0|
00:46:31 0, 63, N/A, 45.07, 0|1, 65, N/A, 167.46, 100|2, 37, N/A, 29.08, 0|3, 40, N/A, 27.10, 0|4, 39, N/A, 27.84, 0|5, 42, N/A, 27.12, 0|6, 38, N/A, 28.32, 0|
00:46:33 0, 67, N/A, 166.33, 100|1, 63, N/A, 51.47, 0|2, 37, N/A, 28.85, 0|3, 40, N/A, 27.10, 0|4, 40, N/A, 27.60, 0|5, 42, N/A, 27.37, 0|6, 38, N/A, 28.32, 0|
00:46:35 0, 67, N/A, 172.12, 100|1, 66, N/A, 168.66, 100|2, 37, N/A, 29.08, 0|3, 40, N/A, 27.09, 0|4, 39, N/A, 27.83, 0|5, 42, N/A, 26.88, 0|6, 38, N/A, 28.30, 0|
00:46:37 0, 64, N/A, 45.56, 0|1, 65, N/A, 197.49, 100|2, 37, N/A, 28.83, 0|3, 39, N/A, 27.10, 0|4, 40, N/A, 27.84, 0|5, 42, N/A, 26.88, 0|6, 38, N/A, 28.32, 0|
00:46:39 0, 64, N/A, 141.86, 53|1, 67, N/A, 157.57, 100|2, 37, N/A, 28.83, 0|3, 39, N/A, 27.09, 0|4, 40, N/A, 27.83, 0|5, 42, N/A, 27.10, 0|6, 38, N/A, 28.30, 0|
00:46:42 0, 66, N/A, 181.42, 100|1, 62, N/A, 50.24, 0|2, 37, N/A, 28.84, 0|3, 39, N/A, 27.09, 0|4, 39, N/A, 27.84, 0|5, 41, N/A, 27.12, 0|6, 38, N/A, 28.32, 0|
00:46:44 0, 66, N/A, 164.84, 100|1, 66, N/A, 170.37, 100|2, 37, N/A, 28.83, 0|3, 39, N/A, 27.09, 0|4, 39, N/A, 27.83, 0|5, 41, N/A, 27.10, 0|6, 38, N/A, 28.30, 0|
00:46:46 0, 63, N/A, 45.07, 0|1, 64, N/A, 155.77, 100|2, 37, N/A, 28.83, 0|3, 39, N/A, 26.86, 0|4, 39, N/A, 27.60, 0|5, 41, N/A, 26.88, 0|6, 38, N/A, 28.32, 0|
00:46:48 0, 67, N/A, 153.08, 100|1, 63, N/A, 51.47, 0|2, 36, N/A, 28.83, 0|3, 39, N/A, 27.09, 0|4, 39, N/A, 27.60, 0|5, 41, N/A, 26.86, 0|6, 38, N/A, 28.30, 0|
00:46:50 0, 65, N/A, 143.35, 100|1, 65, N/A, 159.45, 100|2, 36, N/A, 28.83, 0|3, 39, N/A, 27.09, 0|4, 39, N/A, 27.58, 0|5, 41, N/A, 26.86, 0|6, 38, N/A, 28.30, 0|
00:46:52 0, 64, N/A, 46.05, 49|1, 63, N/A, 153.80, 62|2, 36, N/A, 28.83, 0|3, 39, N/A, 26.84, 0|4, 39, N/A, 27.84, 0|5, 41, N/A, 26.88, 0|6, 38, N/A, 28.32, 0|
00:46:54 0, 61, N/A, 43.86, 0|1, 65, N/A, 75.81, 100|2, 36, N/A, 28.85, 0|3, 39, N/A, 26.86, 0|4, 39, N/A, 27.84, 0|5, 41, N/A, 27.12, 0|6, 38, N/A, 28.32, 0|
00:46:56 0, 62, N/A, 44.35, 0|1, 63, N/A, 171.46, 100|2, 36, N/A, 28.83, 0|3, 39, N/A, 26.86, 0|4, 39, N/A, 27.60, 0|5, 41, N/A, 26.88, 0|6, 37, N/A, 28.32, 0|
00:46:58 0, 64, N/A, 180.21, 100|1, 60, N/A, 49.50, 2|2, 36, N/A, 28.84, 0|3, 39, N/A, 26.84, 0|4, 39, N/A, 27.84, 0|5, 41, N/A, 26.88, 0|6, 37, N/A, 28.32, 0|
00:47:00 0, 62, N/A, 44.08, 0|1, 62, N/A, 157.24, 100|2, 36, N/A, 28.83, 0|3, 39, N/A, 26.86, 0|4, 39, N/A, 27.60, 0|5, 41, N/A, 26.88, 0|6, 37, N/A, 28.32, 0|
00:47:02 0, 61, N/A, 45.83, 46|1, 63, N/A, 204.61, 36|2, 36, N/A, 28.83, 0|3, 39, N/A, 26.86, 0|4, 39, N/A, 27.60, 0|5, 41, N/A, 26.88, 0|6, 37, N/A, 28.32, 0|
00:47:04 0, 61, N/A, 45.09, 45|1, 63, N/A, 202.89, 55|2, 36, N/A, 29.08, 0|3, 39, N/A, 26.86, 0|4, 39, N/A, 27.60, 0|5, 41, N/A, 26.88, 0|6, 37, N/A, 28.32, 0|
00:47:07 0, 61, N/A, 159.47, 39|1, 63, N/A, 75.32, 58|2, 36, N/A, 29.08, 0|3, 39, N/A, 26.86, 0|4, 39, N/A, 27.84, 0|5, 41, N/A, 26.86, 0|6, 37, N/A, 28.30, 0|
00:47:09 0, 61, N/A, 186.97, 39|1, 62, N/A, 54.18, 60|2, 36, N/A, 29.09, 0|3, 39, N/A, 26.86, 0|4, 39, N/A, 27.60, 0|5, 41, N/A, 27.11, 0|6, 37, N/A, 28.32, 0|
00:47:11 0, 62, N/A, 92.00, 45|1, 62, N/A, 165.43, 60|2, 36, N/A, 28.83, 0|3, 39, N/A, 26.86, 0|4, 39, N/A, 27.60, 0|5, 41, N/A, 26.88, 0|6, 37, N/A, 28.32, 0|
00:47:13 0, 61, N/A, 49.25, 44|1, 62, N/A, 201.08, 55|2, 36, N/A, 29.08, 0|3, 39, N/A, 26.86, 0|4, 39, N/A, 27.60, 0|5, 41, N/A, 26.88, 0|6, 37, N/A, 28.07, 0|
00:47:15 0, 60, N/A, 44.85, 39|1, 62, N/A, 200.07, 60|2, 36, N/A, 28.83, 0|3, 39, N/A, 26.86, 0|4, 39, N/A, 27.60, 0|5, 41, N/A, 26.88, 0|6, 37, N/A, 28.32, 0|
00:47:17 0, 60, N/A, 166.72, 39|1, 62, N/A, 64.27, 60|2, 36, N/A, 28.84, 0|3, 39, N/A, 26.84, 0|4, 39, N/A, 27.58, 0|5, 40, N/A, 27.11, 0|6, 37, N/A, 28.07, 0|
00:47:19 0, 61, N/A, 190.01, 44|1, 61, N/A, 52.48, 55|2, 36, N/A, 28.85, 0|3, 39, N/A, 26.86, 0|4, 39, N/A, 27.60, 0|5, 40, N/A, 26.88, 0|6, 37, N/A, 28.07, 0|
00:47:21 0, 61, N/A, 68.18, 39|1, 61, N/A, 183.15, 55|2, 36, N/A, 29.09, 0|3, 38, N/A, 26.86, 0|4, 39, N/A, 27.60, 0|5, 41, N/A, 26.88, 0|6, 37, N/A, 28.07, 0|
00:47:23 0, 60, N/A, 46.79, 38|1, 62, N/A, 202.55, 60|2, 36, N/A, 28.83, 0|3, 38, N/A, 26.84, 0|4, 39, N/A, 27.60, 0|5, 40, N/A, 26.88, 0|6, 37, N/A, 28.07, 0|
00:47:25 0, 60, N/A, 44.82, 40|1, 62, N/A, 203.76, 61|2, 36, N/A, 28.83, 0|3, 38, N/A, 26.86, 0|4, 38, N/A, 27.60, 0|5, 40, N/A, 26.88, 0|6, 37, N/A, 28.07, 0|
00:47:27 0, 59, N/A, 129.92, 44|1, 62, N/A, 93.72, 55|2, 36, N/A, 28.83, 0|3, 38, N/A, 26.86, 0|4, 39, N/A, 27.60, 0|5, 40, N/A, 26.86, 0|6, 37, N/A, 28.07, 0|
00:47:29 0, 60, N/A, 181.94, 39|1, 62, N/A, 54.95, 60|2, 36, N/A, 28.84, 0|3, 38, N/A, 26.86, 0|4, 39, N/A, 27.60, 0|5, 40, N/A, 26.88, 0|6, 37, N/A, 28.07, 0|
00:47:32 0, 61, N/A, 139.26, 39|1, 61, N/A, 126.47, 60|2, 36, N/A, 28.83, 0|3, 38, N/A, 26.86, 0|4, 39, N/A, 27.60, 0|5, 40, N/A, 26.88, 0|6, 37, N/A, 28.07, 0|
00:47:34 0, 60, N/A, 60.83, 44|1, 62, N/A, 190.40, 55|2, 36, N/A, 28.83, 0|3, 39, N/A, 26.86, 0|4, 39, N/A, 27.60, 0|5, 40, N/A, 27.12, 0|6, 37, N/A, 28.07, 0|
00:47:36 0, 60, N/A, 46.30, 39|1, 63, N/A, 205.08, 55|2, 36, N/A, 28.83, 0|3, 39, N/A, 26.86, 0|4, 39, N/A, 27.35, 0|5, 40, N/A, 26.88, 0|6, 37, N/A, 28.32, 0|
00:47:38 0, 60, N/A, 44.57, 39|1, 63, N/A, 199.59, 60|2, 36, N/A, 28.83, 0|3, 39, N/A, 26.86, 0|4, 39, N/A, 27.60, 0|5, 41, N/A, 26.88, 0|6, 37, N/A, 28.07, 0|
00:47:40 0, 60, N/A, 133.60, 44|1, 63, N/A, 94.89, 56|2, 36, N/A, 28.84, 0|3, 39, N/A, 26.84, 0|4, 39, N/A, 27.60, 0|5, 41, N/A, 26.88, 0|6, 37, N/A, 28.06, 0|
00:47:42 0, 61, N/A, 181.71, 44|1, 63, N/A, 56.89, 55|2, 36, N/A, 28.83, 0|3, 39, N/A, 26.86, 0|4, 39, N/A, 27.60, 0|5, 41, N/A, 26.86, 0|6, 37, N/A, 28.32, 0|
00:47:44 0, 61, N/A, 122.37, 39|1, 63, N/A, 140.96, 60|2, 36, N/A, 28.83, 0|3, 39, N/A, 26.86, 0|4, 39, N/A, 27.60, 0|5, 40, N/A, 27.12, 0|6, 37, N/A, 28.32, 0|
00:47:46 0, 61, N/A, 58.62, 39|1, 63, N/A, 192.71, 60|2, 36, N/A, 28.85, 0|3, 39, N/A, 26.86, 0|4, 39, N/A, 27.60, 0|5, 40, N/A, 26.88, 0|6, 37, N/A, 28.07, 0|
00:47:48 0, 61, N/A, 47.04, 44|1, 64, N/A, 201.32, 55|2, 36, N/A, 28.84, 0|3, 39, N/A, 26.86, 0|4, 39, N/A, 27.84, 0|5, 41, N/A, 26.88, 0|6, 37, N/A, 28.32, 0|
00:47:50 0, 61, N/A, 45.07, 39|1, 64, N/A, 207.78, 59|2, 36, N/A, 29.08, 0|3, 39, N/A, 26.86, 0|4, 39, N/A, 27.60, 0|5, 41, N/A, 26.88, 0|6, 37, N/A, 28.32, 0|
00:47:52 0, 60, N/A, 101.97, 39|1, 64, N/A, 118.67, 60|2, 36, N/A, 28.83, 0|3, 39, N/A, 26.86, 0|4, 39, N/A, 27.84, 0|5, 40, N/A, 26.88, 0|6, 37, N/A, 28.32, 0|
00:47:54 0, 61, N/A, 169.66, 44|1, 64, N/A, 63.74, 55|2, 36, N/A, 28.83, 0|3, 39, N/A, 26.84, 0|4, 39, N/A, 27.58, 0|5, 40, N/A, 26.86, 0|6, 37, N/A, 28.30, 0|
00:47:57 0, 62, N/A, 168.30, 100|1, 61, N/A, 49.74, 0|2, 36, N/A, 28.84, 0|3, 39, N/A, 26.86, 0|4, 39, N/A, 27.60, 0|5, 40, N/A, 26.88, 0|6, 37, N/A, 28.32, 0|
00:47:59 0, 61, N/A, 44.82, 0|1, 62, N/A, 157.13, 100|2, 36, N/A, 28.81, 0|3, 39, N/A, 26.84, 0|4, 39, N/A, 27.58, 0|5, 41, N/A, 26.86, 0|6, 37, N/A, 28.30, 0|
00:48:01 0, 64, N/A, 165.47, 100|1, 64, N/A, 55.62, 96|2, 36, N/A, 28.83, 0|3, 39, N/A, 26.82, 0|4, 39, N/A, 27.56, 0|5, 41, N/A, 26.84, 0|6, 37, N/A, 28.04, 0|
00:48:03 0, 62, N/A, 174.70, 50|1, 65, N/A, 185.36, 100|2, 36, N/A, 29.05, 0|3, 39, N/A, 26.82, 0|4, 39, N/A, 27.56, 0|5, 41, N/A, 26.84, 0|6, 37, N/A, 28.28, 0|
00:48:05 0, 65, N/A, 143.40, 100|1, 62, N/A, 50.20, 0|2, 36, N/A, 29.06, 0|3, 39, N/A, 26.82, 0|4, 39, N/A, 27.56, 0|5, 41, N/A, 27.09, 0|6, 37, N/A, 28.03, 0|
00:48:07 0, 64, N/A, 179.97, 100|1, 65, N/A, 195.51, 100|2, 36, N/A, 28.79, 0|3, 39, N/A, 26.82, 0|4, 39, N/A, 27.81, 0|5, 41, N/A, 26.84, 0|6, 37, N/A, 28.28, 0|
00:48:09 0, 62, N/A, 44.29, 0|1, 65, N/A, 165.96, 100|2, 36, N/A, 29.06, 0|3, 39, N/A, 26.82, 0|4, 39, N/A, 27.58, 0|5, 40, N/A, 26.84, 0|6, 37, N/A, 28.28, 0|
00:48:11 0, 61, N/A, 164.24, 9|1, 66, N/A, 190.50, 92|2, 36, N/A, 29.05, 0|3, 39, N/A, 26.82, 0|4, 39, N/A, 27.81, 0|5, 40, N/A, 26.84, 0|6, 37, N/A, 28.28, 0|
00:48:13 0, 65, N/A, 149.62, 100|1, 61, N/A, 49.99, 0|2, 36, N/A, 29.07, 0|3, 39, N/A, 26.82, 0|4, 39, N/A, 27.56, 0|5, 41, N/A, 26.86, 0|6, 37, N/A, 28.28, 0|
00:48:15 0, 65, N/A, 173.95, 100|1, 65, N/A, 169.87, 100|2, 36, N/A, 29.04, 0|3, 39, N/A, 26.82, 0|4, 39, N/A, 27.56, 0|5, 41, N/A, 27.09, 0|6, 37, N/A, 28.03, 0|
00:48:17 0, 62, N/A, 44.79, 0|1, 64, N/A, 191.01, 100|2, 36, N/A, 29.06, 0|3, 39, N/A, 26.84, 0|4, 39, N/A, 27.56, 0|5, 41, N/A, 27.09, 0|6, 37, N/A, 28.28, 0|
00:48:19 0, 65, N/A, 171.02, 100|1, 64, N/A, 52.91, 50|2, 36, N/A, 29.05, 0|3, 39, N/A, 26.82, 0|4, 39, N/A, 27.56, 0|5, 41, N/A, 26.84, 0|6, 37, N/A, 28.03, 0|
00:48:22 0, 64, N/A, 177.77, 78|1, 65, N/A, 195.27, 100|2, 36, N/A, 28.79, 0|3, 39, N/A, 26.82, 0|4, 39, N/A, 27.56, 0|5, 40, N/A, 26.84, 0|6, 37, N/A, 28.28, 0|
00:48:24 0, 65, N/A, 176.41, 100|1, 62, N/A, 50.45, 0|2, 36, N/A, 28.81, 0|3, 38, N/A, 26.82, 0|4, 39, N/A, 27.56, 0|5, 40, N/A, 26.84, 0|6, 37, N/A, 28.03, 0|
00:48:26 0, 60, N/A, 43.56, 0|1, 65, N/A, 165.61, 100|2, 36, N/A, 28.81, 0|3, 38, N/A, 26.82, 0|4, 39, N/A, 27.56, 0|5, 40, N/A, 26.84, 0|6, 37, N/A, 28.28, 0|
00:48:28 0, 64, N/A, 157.15, 100|1, 61, N/A, 50.23, 0|2, 36, N/A, 28.83, 0|3, 38, N/A, 26.84, 0|4, 39, N/A, 27.58, 0|5, 40, N/A, 26.86, 0|6, 37, N/A, 28.05, 0|
00:48:30 0, 61, N/A, 154.78, 0|1, 63, N/A, 169.15, 100|2, 36, N/A, 28.81, 0|3, 38, N/A, 26.84, 0|4, 39, N/A, 27.58, 0|5, 40, N/A, 26.86, 0|6, 37, N/A, 28.05, 0|
00:48:32 0, 64, N/A, 172.12, 100|1, 61, N/A, 50.24, 0|2, 36, N/A, 28.83, 0|3, 38, N/A, 26.84, 0|4, 39, N/A, 27.83, 0|5, 40, N/A, 26.86, 0|6, 37, N/A, 28.05, 0|
00:48:34 0, 63, N/A, 143.08, 100|1, 64, N/A, 174.21, 100|2, 36, N/A, 28.81, 0|3, 38, N/A, 26.84, 0|4, 39, N/A, 27.33, 0|5, 40, N/A, 26.86, 0|6, 37, N/A, 28.05, 0|
00:48:36 0, 62, N/A, 44.82, 0|1, 62, N/A, 205.70, 100|2, 36, N/A, 28.83, 0|3, 38, N/A, 26.84, 0|4, 38, N/A, 27.58, 0|5, 40, N/A, 26.88, 0|6, 37, N/A, 28.32, 0|
00:48:38 0, 64, N/A, 168.17, 100|1, 64, N/A, 195.76, 100|2, 36, N/A, 28.83, 0|3, 38, N/A, 26.84, 0|4, 38, N/A, 27.58, 0|5, 40, N/A, 26.86, 0|6, 37, N/A, 28.30, 0|
00:48:40 0, 60, N/A, 43.61, 0|1, 63, N/A, 182.90, 100|2, 36, N/A, 28.83, 0|3, 38, N/A, 26.86, 0|4, 38, N/A, 27.35, 0|5, 40, N/A, 26.88, 0|6, 37, N/A, 28.07, 0|
00:48:42 0, 62, N/A, 149.39, 100|1, 64, N/A, 111.06, 100|2, 35, N/A, 28.83, 0|3, 38, N/A, 26.84, 0|4, 38, N/A, 27.60, 0|5, 40, N/A, 26.86, 0|6, 37, N/A, 28.05, 0|
00:48:44 0, 63, N/A, 157.25, 100|1, 59, N/A, 48.54, 0|2, 36, N/A, 28.85, 0|3, 38, N/A, 26.60, 0|4, 38, N/A, 27.60, 0|5, 40, N/A, 26.88, 0|6, 37, N/A, 28.07, 0|
00:48:47 0, 63, N/A, 172.58, 100|1, 63, N/A, 194.32, 100|2, 35, N/A, 28.83, 0|3, 38, N/A, 26.84, 0|4, 38, N/A, 27.58, 0|5, 40, N/A, 26.86, 0|6, 37, N/A, 28.05, 0|
00:48:49 0, 60, N/A, 43.58, 0|1, 62, N/A, 172.82, 100|2, 35, N/A, 28.83, 0|3, 38, N/A, 26.84, 0|4, 38, N/A, 27.35, 0|5, 40, N/A, 26.86, 0|6, 37, N/A, 28.07, 0|
00:48:51 0, 63, N/A, 149.40, 100|1, 61, N/A, 50.73, 7|2, 35, N/A, 28.83, 0|3, 38, N/A, 26.84, 0|4, 38, N/A, 27.33, 0|5, 40, N/A, 26.86, 0|6, 37, N/A, 28.05, 0|
00:48:53 0, 62, N/A, 171.87, 86|1, 62, N/A, 182.40, 100|2, 35, N/A, 28.83, 0|3, 38, N/A, 26.59, 0|4, 38, N/A, 27.60, 0|5, 40, N/A, 26.61, 0|6, 37, N/A, 28.05, 0|
00:48:55 0, 64, N/A, 151.68, 100|1, 60, N/A, 49.28, 0|2, 35, N/A, 28.84, 0|3, 38, N/A, 26.60, 0|4, 38, N/A, 27.35, 0|5, 40, N/A, 26.88, 0|6, 37, N/A, 28.07, 0|
00:48:57 0, 59, N/A, 43.34, 0|1, 63, N/A, 186.83, 100|2, 35, N/A, 28.83, 0|3, 38, N/A, 26.86, 0|4, 38, N/A, 27.60, 0|5, 40, N/A, 26.88, 0|6, 37, N/A, 28.07, 0|
00:48:59 0, 63, N/A, 188.44, 100|1, 60, N/A, 49.53, 0|2, 35, N/A, 28.84, 0|3, 38, N/A, 26.86, 0|4, 38, N/A, 27.35, 0|5, 40, N/A, 26.88, 0|6, 37, N/A, 28.07, 0|
00:49:01 0, 60, N/A, 43.83, 0|1, 62, N/A, 190.89, 100|2, 35, N/A, 28.83, 0|3, 38, N/A, 26.86, 0|4, 38, N/A, 27.35, 0|5, 40, N/A, 26.88, 0|6, 37, N/A, 28.07, 0|
00:49:03 0, 65, N/A, 142.60, 100|1, 61, N/A, 50.48, 0|2, 36, N/A, 28.83, 0|3, 38, N/A, 26.84, 0|4, 38, N/A, 27.58, 0|5, 40, N/A, 26.86, 0|6, 37, N/A, 28.06, 0|
00:49:05 0, 63, N/A, 161.65, 100|1, 63, N/A, 175.27, 100|2, 36, N/A, 28.83, 0|3, 38, N/A, 26.84, 0|4, 38, N/A, 27.33, 0|5, 40, N/A, 26.86, 0|6, 37, N/A, 28.05, 0|
00:49:07 0, 65, N/A, 176.89, 100|1, 60, N/A, 49.53, 0|2, 35, N/A, 28.85, 0|3, 38, N/A, 26.61, 0|4, 38, N/A, 27.60, 0|5, 40, N/A, 26.63, 0|6, 37, N/A, 28.07, 0|
00:49:09 0, 65, N/A, 149.14, 100|1, 64, N/A, 162.63, 100|2, 36, N/A, 28.83, 0|3, 38, N/A, 26.84, 0|4, 38, N/A, 27.33, 0|5, 40, N/A, 26.86, 0|6, 37, N/A, 28.05, 0|
00:49:12 0, 62, N/A, 44.60, 0|1, 63, N/A, 188.80, 100|2, 36, N/A, 28.83, 0|3, 38, N/A, 26.86, 0|4, 38, N/A, 27.60, 0|5, 40, N/A, 26.88, 0|6, 37, N/A, 28.07, 0|
00:49:14 0, 60, N/A, 43.61, 0|1, 64, N/A, 57.62, 100|2, 36, N/A, 28.85, 0|3, 38, N/A, 26.86, 0|4, 39, N/A, 27.60, 0|5, 40, N/A, 26.88, 0|6, 37, N/A, 28.07, 0|
00:49:16 0, 65, N/A, 156.02, 100|1, 61, N/A, 49.74, 0|2, 36, N/A, 28.84, 0|3, 38, N/A, 26.84, 0|4, 38, N/A, 27.60, 0|5, 40, N/A, 26.86, 0|6, 37, N/A, 28.07, 0|
00:49:18 0, 64, N/A, 155.77, 100|1, 64, N/A, 169.15, 100|2, 36, N/A, 28.83, 0|3, 38, N/A, 26.59, 0|4, 38, N/A, 27.58, 0|5, 40, N/A, 26.86, 0|6, 37, N/A, 28.05, 0|
00:49:20 0, 65, N/A, 179.01, 100|1, 61, N/A, 50.02, 0|2, 36, N/A, 28.84, 0|3, 38, N/A, 26.61, 0|4, 38, N/A, 27.84, 0|5, 40, N/A, 26.88, 0|6, 37, N/A, 28.07, 0|
00:49:22 0, 66, N/A, 177.97, 100|1, 65, N/A, 185.24, 100|2, 36, N/A, 28.83, 0|3, 38, N/A, 26.84, 0|4, 38, N/A, 27.59, 0|5, 40, N/A, 26.86, 0|6, 37, N/A, 28.05, 0|
00:49:24 0, 63, N/A, 45.34, 0|1, 63, N/A, 184.62, 100|2, 36, N/A, 29.08, 0|3, 38, N/A, 26.86, 0|4, 39, N/A, 27.60, 0|5, 40, N/A, 26.88, 0|6, 37, N/A, 28.07, 0|
00:49:26 0, 66, N/A, 158.22, 100|1, 66, N/A, 197.01, 100|2, 36, N/A, 29.08, 0|3, 38, N/A, 26.84, 0|4, 38, N/A, 27.33, 0|5, 40, N/A, 26.86, 0|6, 37, N/A, 28.05, 0|
00:49:28 0, 63, N/A, 44.82, 0|1, 65, N/A, 196.02, 100|2, 36, N/A, 28.83, 0|3, 38, N/A, 26.86, 0|4, 39, N/A, 27.84, 0|5, 40, N/A, 26.88, 0|6, 37, N/A, 28.07, 0|
00:49:30 0, 63, N/A, 176.27, 100|1, 66, N/A, 196.98, 100|2, 36, N/A, 28.83, 0|3, 38, N/A, 26.84, 0|4, 39, N/A, 27.83, 0|5, 40, N/A, 26.86, 0|6, 37, N/A, 28.05, 0|
00:49:32 0, 66, N/A, 150.22, 100|1, 61, N/A, 50.02, 0|2, 36, N/A, 28.85, 0|3, 38, N/A, 26.86, 0|4, 38, N/A, 27.60, 0|5, 40, N/A, 26.88, 0|6, 37, N/A, 28.32, 0|
00:49:34 0, 65, N/A, 149.96, 100|1, 65, N/A, 169.73, 100|2, 36, N/A, 28.83, 0|3, 38, N/A, 26.84, 0|4, 38, N/A, 27.58, 0|5, 40, N/A, 26.86, 0|6, 37, N/A, 28.05, 0|
00:49:37 0, 65, N/A, 46.79, 98|1, 63, N/A, 177.02, 6|2, 36, N/A, 29.08, 0|3, 38, N/A, 26.86, 0|4, 39, N/A, 27.84, 0|5, 40, N/A, 26.88, 0|6, 37, N/A, 28.07, 0|
00:49:39 0, 66, N/A, 180.93, 100|1, 66, N/A, 197.00, 100|2, 36, N/A, 28.83, 0|3, 38, N/A, 26.84, 0|4, 38, N/A, 27.35, 0|5, 40, N/A, 26.86, 0|6, 37, N/A, 28.30, 0|
00:49:41 0, 64, N/A, 45.34, 0|1, 65, N/A, 168.03, 100|2, 36, N/A, 28.83, 0|3, 38, N/A, 26.86, 0|4, 39, N/A, 27.60, 0|5, 40, N/A, 27.12, 0|6, 37, N/A, 28.07, 0|
00:49:43 0, 67, N/A, 177.77, 100|1, 65, N/A, 53.93, 38|2, 36, N/A, 28.85, 0|3, 38, N/A, 26.86, 0|4, 38, N/A, 27.60, 0|5, 40, N/A, 26.88, 0|6, 37, N/A, 28.32, 0|
00:49:45 0, 63, N/A, 45.07, 0|1, 66, N/A, 173.83, 100|2, 36, N/A, 28.83, 0|3, 38, N/A, 26.86, 0|4, 39, N/A, 27.60, 0|5, 40, N/A, 26.88, 0|6, 37, N/A, 28.07, 0|
00:49:47 0, 65, N/A, 175.20, 100|1, 67, N/A, 196.52, 100|2, 36, N/A, 28.83, 0|3, 38, N/A, 26.84, 0|4, 39, N/A, 27.58, 0|5, 40, N/A, 26.86, 0|6, 37, N/A, 28.30, 0|
00:49:49 0, 67, N/A, 147.28, 100|1, 62, N/A, 51.01, 0|2, 36, N/A, 28.85, 0|3, 38, N/A, 26.86, 0|4, 39, N/A, 27.60, 0|5, 40, N/A, 26.88, 0|6, 37, N/A, 28.07, 0|
00:49:51 0, 66, N/A, 177.01, 100|1, 66, N/A, 195.79, 100|2, 36, N/A, 28.83, 0|3, 38, N/A, 26.84, 0|4, 39, N/A, 27.35, 0|5, 40, N/A, 26.86, 0|6, 37, N/A, 28.05, 0|
00:49:53 0, 66, N/A, 46.79, 33|1, 64, N/A, 195.30, 81|2, 36, N/A, 29.08, 0|3, 38, N/A, 26.84, 0|4, 39, N/A, 27.60, 0|5, 40, N/A, 26.86, 0|6, 37, N/A, 28.30, 0|
00:49:55 0, 67, N/A, 182.05, 100|1, 67, N/A, 159.19, 100|2, 36, N/A, 28.83, 0|3, 38, N/A, 26.84, 0|4, 39, N/A, 27.83, 0|5, 40, N/A, 26.86, 0|6, 37, N/A, 28.05, 0|
00:49:57 0, 64, N/A, 45.34, 0|1, 65, N/A, 160.43, 100|2, 36, N/A, 29.08, 0|3, 38, N/A, 26.86, 0|4, 39, N/A, 27.60, 0|5, 40, N/A, 26.88, 0|6, 37, N/A, 28.32, 0|
00:49:59 0, 67, N/A, 155.38, 100|1, 66, N/A, 54.42, 100|2, 36, N/A, 28.83, 0|3, 38, N/A, 26.84, 0|4, 39, N/A, 27.84, 0|5, 40, N/A, 26.86, 0|6, 37, N/A, 28.05, 0|
00:50:02 0, 63, N/A, 44.82, 0|1, 65, N/A, 195.77, 100|2, 36, N/A, 29.08, 0|3, 38, N/A, 26.86, 0|4, 38, N/A, 27.60, 0|5, 40, N/A, 26.88, 0|6, 37, N/A, 28.07, 0|
00:50:04 0, 64, N/A, 174.55, 97|1, 67, N/A, 197.47, 100|2, 36, N/A, 28.83, 0|3, 38, N/A, 26.84, 0|4, 38, N/A, 27.33, 0|5, 40, N/A, 26.86, 0|6, 37, N/A, 28.05, 0|
00:50:06 0, 66, N/A, 157.09, 100|1, 61, N/A, 50.02, 0|2, 36, N/A, 28.84, 0|3, 38, N/A, 26.86, 0|4, 39, N/A, 27.35, 0|5, 40, N/A, 26.88, 0|6, 37, N/A, 28.06, 0|
00:50:08 0, 65, N/A, 154.78, 100|1, 65, N/A, 171.84, 100|2, 36, N/A, 28.83, 0|3, 38, N/A, 26.84, 0|4, 38, N/A, 27.33, 0|5, 40, N/A, 26.86, 0|6, 37, N/A, 28.05, 0|
00:50:10 0, 66, N/A, 73.35, 100|1, 61, N/A, 138.75, 0|2, 35, N/A, 28.85, 0|3, 38, N/A, 26.86, 0|4, 38, N/A, 27.60, 0|5, 40, N/A, 26.88, 0|6, 37, N/A, 28.07, 0|
00:50:12 0, 65, N/A, 150.60, 100|1, 65, N/A, 170.37, 100|2, 35, N/A, 28.83, 0|3, 38, N/A, 26.84, 0|4, 38, N/A, 27.58, 0|5, 40, N/A, 26.86, 0|6, 37, N/A, 28.05, 0|
00:50:14 0, 63, N/A, 45.31, 0|1, 63, N/A, 154.54, 100|2, 35, N/A, 28.83, 0|3, 38, N/A, 26.86, 0|4, 38, N/A, 27.60, 0|5, 40, N/A, 26.88, 0|6, 37, N/A, 28.07, 0|
00:50:16 0, 65, N/A, 190.40, 100|1, 65, N/A, 171.35, 100|2, 35, N/A, 28.83, 0|3, 38, N/A, 26.84, 0|4, 38, N/A, 27.58, 0|5, 40, N/A, 26.86, 0|6, 37, N/A, 28.05, 0|
00:50:18 0, 62, N/A, 44.57, 0|1, 63, N/A, 173.08, 100|2, 36, N/A, 28.83, 0|3, 38, N/A, 26.84, 0|4, 38, N/A, 27.60, 0|5, 40, N/A, 26.86, 0|6, 37, N/A, 28.07, 0|
00:50:20 0, 60, N/A, 43.61, 0|1, 65, N/A, 206.21, 77|2, 35, N/A, 28.83, 0|3, 38, N/A, 26.84, 0|4, 38, N/A, 27.35, 0|5, 40, N/A, 26.61, 0|6, 36, N/A, 28.05, 0|
00:50:22 0, 65, N/A, 180.10, 100|1, 60, N/A, 49.28, 0|2, 36, N/A, 28.84, 0|3, 38, N/A, 26.84, 0|4, 38, N/A, 27.60, 0|5, 40, N/A, 26.61, 0|6, 37, N/A, 28.07, 0|
00:50:24 0, 64, N/A, 148.88, 100|1, 63, N/A, 152.33, 100|2, 35, N/A, 28.83, 0|3, 38, N/A, 26.84, 0|4, 38, N/A, 27.33, 0|5, 40, N/A, 26.61, 0|6, 36, N/A, 28.05, 0|
00:50:27 0, 65, N/A, 157.88, 100|1, 60, N/A, 49.49, 0|2, 35, N/A, 28.83, 0|3, 38, N/A, 26.59, 0|4, 38, N/A, 27.33, 0|5, 40, N/A, 26.61, 0|6, 36, N/A, 28.05, 0|
00:50:29 0, 64, N/A, 193.08, 100|1, 64, N/A, 181.56, 100|2, 35, N/A, 28.83, 0|3, 38, N/A, 26.59, 0|4, 38, N/A, 27.33, 0|5, 40, N/A, 26.61, 0|6, 37, N/A, 28.05, 0|
00:50:31 0, 65, N/A, 144.56, 100|1, 60, N/A, 49.25, 0|2, 35, N/A, 28.84, 0|3, 38, N/A, 26.60, 0|4, 38, N/A, 27.33, 0|5, 40, N/A, 26.61, 0|6, 37, N/A, 28.06, 0|
00:50:33 0, 65, N/A, 169.66, 100|1, 64, N/A, 167.18, 100|2, 35, N/A, 28.83, 0|3, 38, N/A, 26.59, 0|4, 38, N/A, 27.33, 0|5, 40, N/A, 26.86, 0|6, 36, N/A, 28.05, 0|
00:50:35 0, 62, N/A, 45.31, 17|1, 62, N/A, 188.04, 94|2, 35, N/A, 28.83, 0|3, 38, N/A, 26.61, 0|4, 38, N/A, 27.35, 0|5, 40, N/A, 26.63, 0|6, 36, N/A, 28.07, 0|
00:50:37 0, 60, N/A, 43.34, 0|1, 64, N/A, 179.93, 100|2, 35, N/A, 28.83, 0|3, 38, N/A, 26.61, 0|4, 38, N/A, 27.35, 0|5, 40, N/A, 26.61, 0|6, 36, N/A, 28.07, 0|
00:50:39 0, 64, N/A, 150.70, 100|1, 60, N/A, 49.28, 0|2, 35, N/A, 28.85, 0|3, 38, N/A, 26.86, 0|4, 38, N/A, 27.35, 0|5, 40, N/A, 26.63, 0|6, 36, N/A, 28.07, 0|
00:50:41 0, 61, N/A, 43.86, 0|1, 62, N/A, 164.76, 100|2, 35, N/A, 28.83, 0|3, 38, N/A, 26.61, 0|4, 38, N/A, 27.35, 0|5, 40, N/A, 26.61, 0|6, 36, N/A, 28.07, 0|
00:50:43 0, 64, N/A, 157.25, 100|1, 61, N/A, 51.22, 60|2, 35, N/A, 28.84, 0|3, 38, N/A, 26.59, 0|4, 38, N/A, 27.35, 0|5, 40, N/A, 26.61, 0|6, 36, N/A, 28.05, 0|
00:50:45 0, 60, N/A, 83.88, 5|1, 62, N/A, 155.27, 100|2, 35, N/A, 28.83, 0|3, 38, N/A, 26.84, 0|4, 38, N/A, 27.33, 0|5, 40, N/A, 26.61, 0|6, 36, N/A, 28.05, 0|
00:50:47 0, 64, N/A, 148.91, 100|1, 60, N/A, 49.99, 0|2, 35, N/A, 28.83, 0|3, 38, N/A, 26.60, 0|4, 38, N/A, 27.33, 0|5, 40, N/A, 26.61, 0|6, 36, N/A, 28.05, 0|
00:50:49 0, 63, N/A, 178.98, 83|1, 62, N/A, 157.71, 100|2, 35, N/A, 28.83, 0|3, 38, N/A, 26.59, 0|4, 38, N/A, 27.33, 0|5, 40, N/A, 26.61, 0|6, 36, N/A, 28.05, 0|
00:50:52 0, 64, N/A, 180.70, 100|1, 59, N/A, 49.25, 0|2, 35, N/A, 28.83, 0|3, 38, N/A, 26.59, 0|4, 38, N/A, 27.33, 0|5, 39, N/A, 26.61, 0|6, 36, N/A, 28.05, 0|
00:50:54 0, 60, N/A, 42.38, 0|1, 63, N/A, 195.54, 100|2, 35, N/A, 28.83, 0|3, 38, N/A, 26.61, 0|4, 38, N/A, 27.35, 0|5, 39, N/A, 26.63, 0|6, 36, N/A, 28.07, 0|
00:50:56 0, 62, N/A, 186.35, 100|1, 61, N/A, 51.01, 23|2, 35, N/A, 28.84, 0|3, 38, N/A, 26.61, 0|4, 38, N/A, 27.35, 0|5, 39, N/A, 26.63, 0|6, 36, N/A, 28.07, 0|
00:50:58 0, 63, N/A, 160.29, 100|1, 58, N/A, 47.80, 0|2, 35, N/A, 28.84, 0|3, 38, N/A, 26.61, 0|4, 38, N/A, 27.35, 0|5, 39, N/A, 26.61, 0|6, 36, N/A, 28.07, 0|
00:51:00 0, 63, N/A, 179.70, 100|1, 62, N/A, 157.22, 100|2, 35, N/A, 28.81, 0|3, 38, N/A, 26.59, 0|4, 38, N/A, 27.33, 0|5, 39, N/A, 26.61, 0|6, 36, N/A, 28.05, 0|
00:51:02 0, 61, N/A, 44.82, 52|1, 60, N/A, 191.13, 54|2, 35, N/A, 28.83, 0|3, 38, N/A, 26.61, 0|4, 38, N/A, 27.35, 0|5, 39, N/A, 26.63, 0|6, 36, N/A, 28.07, 0|
00:51:04 0, 63, N/A, 142.83, 100|1, 62, N/A, 194.81, 100|2, 35, N/A, 28.83, 0|3, 38, N/A, 26.59, 0|4, 38, N/A, 27.33, 0|5, 39, N/A, 26.61, 0|6, 36, N/A, 28.05, 0|
00:51:06 0, 61, N/A, 44.08, 0|1, 60, N/A, 192.11, 100|2, 35, N/A, 28.83, 0|3, 38, N/A, 26.61, 0|4, 38, N/A, 27.35, 0|5, 39, N/A, 26.63, 0|6, 36, N/A, 28.07, 0|
00:51:08 0, 63, N/A, 171.12, 100|1, 62, N/A, 173.31, 100|2, 35, N/A, 28.83, 0|3, 38, N/A, 26.84, 0|4, 38, N/A, 27.33, 0|5, 39, N/A, 26.61, 0|6, 36, N/A, 28.05, 0|
00:51:10 0, 60, N/A, 43.59, 0|1, 61, N/A, 154.54, 100|2, 35, N/A, 28.58, 0|3, 37, N/A, 26.86, 0|4, 38, N/A, 27.35, 0|5, 39, N/A, 26.63, 0|6, 36, N/A, 28.07, 0|
00:51:12 0, 58, N/A, 42.60, 0|1, 62, N/A, 181.42, 100|2, 35, N/A, 28.83, 0|3, 37, N/A, 26.86, 0|4, 38, N/A, 27.35, 0|5, 39, N/A, 26.61, 0|6, 36, N/A, 28.07, 0|
00:51:15 0, 62, N/A, 159.95, 100|1, 58, N/A, 48.27, 0|2, 35, N/A, 28.58, 0|3, 37, N/A, 26.84, 0|4, 38, N/A, 27.33, 0|5, 39, N/A, 26.61, 0|6, 36, N/A, 28.06, 0|
00:51:17 0, 59, N/A, 43.10, 0|1, 61, N/A, 156.84, 100|2, 35, N/A, 28.58, 0|3, 37, N/A, 26.84, 0|4, 38, N/A, 27.35, 0|5, 39, N/A, 26.61, 0|6, 36, N/A, 28.07, 0|
00:51:19 0, 63, N/A, 178.49, 100|1, 59, N/A, 49.53, 0|2, 35, N/A, 28.84, 0|3, 38, N/A, 26.86, 0|4, 38, N/A, 27.35, 0|5, 39, N/A, 26.61, 0|6, 36, N/A, 28.07, 0|
00:51:21 0, 60, N/A, 144.07, 0|1, 61, N/A, 167.05, 100|2, 35, N/A, 28.58, 0|3, 38, N/A, 26.84, 0|4, 38, N/A, 27.35, 0|5, 39, N/A, 26.61, 0|6, 36, N/A, 28.07, 0|
00:51:23 0, 64, N/A, 152.68, 100|1, 59, N/A, 49.28, 0|2, 35, N/A, 28.85, 0|3, 38, N/A, 26.86, 0|4, 38, N/A, 27.35, 0|5, 39, N/A, 26.63, 0|6, 36, N/A, 28.07, 0|
00:51:25 0, 63, N/A, 178.98, 85|1, 63, N/A, 153.54, 100|2, 35, N/A, 28.83, 0|3, 38, N/A, 26.84, 0|4, 38, N/A, 27.33, 0|5, 39, N/A, 26.61, 0|6, 36, N/A, 28.05, 0|
00:51:27 0, 65, N/A, 178.74, 100|1, 60, N/A, 49.53, 0|2, 35, N/A, 28.84, 0|3, 38, N/A, 26.86, 0|4, 38, N/A, 27.60, 0|5, 40, N/A, 26.63, 0|6, 36, N/A, 28.07, 0|
00:51:29 0, 60, N/A, 43.61, 0|1, 63, N/A, 184.87, 100|2, 35, N/A, 28.83, 0|3, 38, N/A, 26.86, 0|4, 38, N/A, 27.35, 0|5, 39, N/A, 26.63, 0|6, 36, N/A, 28.07, 0|
00:51:31 0, 63, N/A, 173.34, 100|1, 65, N/A, 178.71, 100|2, 35, N/A, 28.83, 0|3, 38, N/A, 26.84, 0|4, 38, N/A, 27.33, 0|5, 40, N/A, 26.61, 0|6, 36, N/A, 28.07, 0|
00:51:33 0, 65, N/A, 155.38, 100|1, 59, N/A, 48.79, 0|2, 35, N/A, 28.84, 0|3, 38, N/A, 26.84, 0|4, 38, N/A, 27.35, 0|5, 40, N/A, 26.63, 0|6, 36, N/A, 28.07, 0|
00:51:35 0, 65, N/A, 138.18, 100|1, 64, N/A, 160.92, 100|2, 35, N/A, 28.83, 0|3, 38, N/A, 26.84, 0|4, 38, N/A, 27.35, 0|5, 40, N/A, 26.61, 0|6, 36, N/A, 28.05, 0|
00:51:37 0, 66, N/A, 181.92, 100|1, 60, N/A, 49.53, 0|2, 35, N/A, 28.84, 0|3, 38, N/A, 26.86, 0|4, 38, N/A, 27.35, 0|5, 40, N/A, 26.63, 0|6, 36, N/A, 28.07, 0|
00:51:40 0, 65, N/A, 158.22, 100|1, 64, N/A, 186.71, 100|2, 35, N/A, 28.83, 0|3, 38, N/A, 26.84, 0|4, 38, N/A, 27.33, 0|5, 40, N/A, 26.61, 0|6, 36, N/A, 28.05, 0|
00:51:42 0, 66, N/A, 160.93, 100|1, 61, N/A, 49.77, 0|2, 35, N/A, 28.85, 0|3, 38, N/A, 26.86, 0|4, 38, N/A, 27.35, 0|5, 40, N/A, 26.63, 0|6, 36, N/A, 28.07, 0|
00:51:44 0, 66, N/A, 181.42, 100|1, 65, N/A, 177.74, 100|2, 35, N/A, 28.83, 0|3, 38, N/A, 26.84, 0|4, 38, N/A, 27.58, 0|5, 40, N/A, 26.61, 0|6, 36, N/A, 28.05, 0|
00:51:46 0, 65, N/A, 46.57, 98|1, 62, N/A, 194.32, 9|2, 35, N/A, 28.83, 0|3, 38, N/A, 26.86, 0|4, 38, N/A, 27.35, 0|5, 40, N/A, 26.63, 0|6, 36, N/A, 28.07, 0|
00:51:48 0, 61, N/A, 43.59, 0|1, 65, N/A, 158.22, 100|2, 35, N/A, 28.83, 0|3, 38, N/A, 26.86, 0|4, 38, N/A, 27.35, 0|5, 40, N/A, 26.63, 0|6, 36, N/A, 28.07, 0|
00:51:50 0, 64, N/A, 191.38, 100|1, 62, N/A, 50.73, 0|2, 35, N/A, 28.84, 0|3, 38, N/A, 26.84, 0|4, 38, N/A, 27.35, 0|5, 40, N/A, 26.63, 0|6, 36, N/A, 28.07, 0|
00:51:52 0, 63, N/A, 45.34, 16|1, 62, N/A, 154.78, 90|2, 35, N/A, 28.83, 0|3, 38, N/A, 26.86, 0|4, 38, N/A, 27.60, 0|5, 40, N/A, 26.63, 0|6, 36, N/A, 28.07, 0|
00:51:54 0, 64, N/A, 166.23, 100|1, 64, N/A, 197.96, 100|2, 35, N/A, 28.83, 0|3, 38, N/A, 26.84, 0|4, 38, N/A, 27.33, 0|5, 40, N/A, 26.61, 0|6, 36, N/A, 28.05, 0|
00:51:56 0, 62, N/A, 44.82, 0|1, 62, N/A, 163.12, 100|2, 35, N/A, 28.83, 0|3, 38, N/A, 26.86, 0|4, 38, N/A, 27.35, 0|5, 39, N/A, 26.63, 0|6, 36, N/A, 28.07, 0|
00:51:58 0, 65, N/A, 181.66, 100|1, 64, N/A, 191.61, 100|2, 35, N/A, 28.83, 0|3, 37, N/A, 26.84, 0|4, 38, N/A, 27.33, 0|5, 39, N/A, 26.61, 0|6, 36, N/A, 28.05, 0|
00:52:00 0, 62, N/A, 44.85, 0|1, 62, N/A, 189.66, 100|2, 35, N/A, 28.83, 0|3, 38, N/A, 26.86, 0|4, 38, N/A, 27.35, 0|5, 40, N/A, 26.63, 0|6, 36, N/A, 28.07, 0|
00:52:02 0, 65, N/A, 174.96, 100|1, 64, N/A, 166.79, 100|2, 35, N/A, 28.83, 0|3, 38, N/A, 26.84, 0|4, 38, N/A, 27.33, 0|5, 40, N/A, 26.61, 0|6, 36, N/A, 28.05, 0|
00:52:05 0, 62, N/A, 44.57, 0|1, 62, N/A, 191.87, 100|2, 35, N/A, 28.83, 0|3, 38, N/A, 26.86, 0|4, 38, N/A, 27.35, 0|5, 39, N/A, 26.63, 0|6, 36, N/A, 28.07, 0|
00:52:07 0, 60, N/A, 43.10, 0|1, 63, N/A, 187.93, 100|2, 35, N/A, 28.83, 0|3, 37, N/A, 26.84, 0|4, 38, N/A, 27.35, 0|5, 39, N/A, 26.63, 0|6, 36, N/A, 28.07, 0|
00:52:09 0, 64, N/A, 175.07, 100|1, 60, N/A, 49.01, 0|2, 35, N/A, 28.84, 0|3, 38, N/A, 26.84, 0|4, 38, N/A, 27.35, 0|5, 39, N/A, 26.63, 0|6, 36, N/A, 28.07, 0|
00:52:11 0, 61, N/A, 44.11, 0|1, 62, N/A, 189.89, 100|2, 35, N/A, 28.58, 0|3, 38, N/A, 26.86, 0|4, 38, N/A, 27.35, 0|5, 39, N/A, 26.63, 0|6, 36, N/A, 28.07, 0|
00:52:13 0, 64, N/A, 152.33, 100|1, 63, N/A, 188.68, 100|2, 35, N/A, 28.83, 0|3, 38, N/A, 26.84, 0|4, 38, N/A, 27.33, 0|5, 39, N/A, 26.61, 0|6, 36, N/A, 28.05, 0|
00:52:15 0, 61, N/A, 43.86, 0|1, 62, N/A, 150.61, 100|2, 35, N/A, 28.83, 0|3, 38, N/A, 26.86, 0|4, 38, N/A, 27.35, 0|5, 39, N/A, 26.63, 0|6, 36, N/A, 28.07, 0|
00:52:17 0, 64, N/A, 177.62, 100|1, 63, N/A, 194.53, 100|2, 35, N/A, 28.83, 0|3, 37, N/A, 26.84, 0|4, 38, N/A, 27.33, 0|5, 39, N/A, 26.61, 0|6, 36, N/A, 28.05, 0|
00:52:19 0, 61, N/A, 43.83, 0|1, 62, N/A, 165.33, 100|2, 35, N/A, 28.83, 0|3, 37, N/A, 26.86, 0|4, 38, N/A, 27.35, 0|5, 39, N/A, 26.61, 0|6, 36, N/A, 28.07, 0|
00:52:21 0, 60, N/A, 43.34, 0|1, 63, N/A, 194.81, 100|2, 35, N/A, 28.83, 0|3, 38, N/A, 26.86, 0|4, 38, N/A, 27.35, 0|5, 39, N/A, 26.61, 0|6, 36, N/A, 28.07, 0|
00:52:23 0, 61, N/A, 172.46, 100|1, 60, N/A, 49.74, 0|2, 35, N/A, 28.60, 0|3, 37, N/A, 26.84, 0|4, 38, N/A, 27.35, 0|5, 39, N/A, 26.63, 0|6, 36, N/A, 28.07, 0|
00:52:25 0, 63, N/A, 179.23, 100|1, 58, N/A, 47.80, 0|2, 35, N/A, 28.84, 0|3, 37, N/A, 26.84, 0|4, 38, N/A, 27.35, 0|5, 39, N/A, 26.61, 0|6, 36, N/A, 28.07, 0|
00:52:27 0, 59, N/A, 42.87, 0|1, 61, N/A, 167.05, 100|2, 35, N/A, 28.83, 0|3, 37, N/A, 26.86, 0|4, 38, N/A, 27.35, 0|5, 39, N/A, 26.63, 0|6, 36, N/A, 28.07, 0|
00:52:30 0, 60, N/A, 129.68, 28|1, 60, N/A, 140.15, 69|2, 35, N/A, 28.83, 0|3, 38, N/A, 26.84, 0|4, 38, N/A, 27.35, 0|5, 39, N/A, 26.61, 0|6, 36, N/A, 28.07, 0|
00:52:32 0, 59, N/A, 155.77, 40|1, 61, N/A, 77.48, 54|2, 35, N/A, 28.58, 0|3, 37, N/A, 26.84, 0|4, 38, N/A, 27.33, 0|5, 39, N/A, 26.61, 0|6, 36, N/A, 28.05, 0|
00:52:34 0, 60, N/A, 45.31, 45|1, 61, N/A, 203.37, 55|2, 35, N/A, 28.58, 0|3, 38, N/A, 26.84, 0|4, 38, N/A, 27.35, 0|5, 39, N/A, 26.63, 0|6, 36, N/A, 27.81, 0|
00:52:36 0, 61, N/A, 157.82, 44|1, 60, N/A, 112.53, 55|2, 35, N/A, 28.58, 0|3, 37, N/A, 26.84, 0|4, 38, N/A, 27.35, 0|5, 39, N/A, 26.61, 0|6, 36, N/A, 28.05, 0|
00:52:38 0, 59, N/A, 152.43, 38|1, 62, N/A, 77.04, 61|2, 35, N/A, 28.83, 0|3, 38, N/A, 26.86, 0|4, 38, N/A, 27.35, 0|5, 39, N/A, 26.61, 0|6, 36, N/A, 28.06, 0|
00:52:40 0, 60, N/A, 45.83, 38|1, 62, N/A, 205.08, 61|2, 35, N/A, 28.58, 0|3, 38, N/A, 26.86, 0|4, 38, N/A, 27.35, 0|5, 39, N/A, 26.63, 0|6, 36, N/A, 28.07, 0|
00:52:42 0, 61, N/A, 128.02, 43|1, 61, N/A, 136.54, 55|2, 35, N/A, 28.85, 0|3, 38, N/A, 26.86, 0|4, 38, N/A, 27.35, 0|5, 39, N/A, 26.63, 0|6, 36, N/A, 28.07, 0|
00:52:44 0, 60, N/A, 140.89, 45|1, 62, N/A, 87.08, 52|2, 35, N/A, 28.83, 0|3, 38, N/A, 26.86, 0|4, 38, N/A, 27.35, 0|5, 39, N/A, 26.63, 0|6, 36, N/A, 28.07, 0|
00:52:46 0, 60, N/A, 46.32, 45|1, 62, N/A, 201.81, 55|2, 35, N/A, 28.83, 0|3, 38, N/A, 26.86, 0|4, 38, N/A, 27.35, 0|5, 39, N/A, 26.63, 0|6, 36, N/A, 28.07, 0|
00:52:48 0, 61, N/A, 191.24, 43|1, 62, N/A, 51.72, 61|2, 35, N/A, 28.83, 0|3, 38, N/A, 26.84, 0|4, 38, N/A, 27.35, 0|5, 39, N/A, 26.63, 0|6, 36, N/A, 28.07, 0|
00:52:50 0, 60, N/A, 129.92, 38|1, 63, N/A, 94.71, 62|2, 35, N/A, 28.83, 0|3, 38, N/A, 26.86, 0|4, 38, N/A, 27.35, 0|5, 39, N/A, 26.63, 0|6, 36, N/A, 28.07, 0|
00:52:52 0, 61, N/A, 46.79, 38|1, 62, N/A, 203.86, 56|2, 35, N/A, 28.83, 0|3, 38, N/A, 26.86, 0|4, 38, N/A, 27.35, 0|5, 39, N/A, 26.63, 0|6, 36, N/A, 28.07, 0|
00:52:55 0, 61, N/A, 192.11, 45|1, 62, N/A, 52.45, 54|2, 35, N/A, 28.83, 0|3, 38, N/A, 26.84, 0|4, 38, N/A, 27.35, 0|5, 40, N/A, 26.61, 0|6, 36, N/A, 28.07, 0|
00:52:57 0, 60, N/A, 44.60, 45|1, 63, N/A, 181.19, 55|2, 35, N/A, 28.83, 0|3, 38, N/A, 26.86, 0|4, 38, N/A, 27.35, 0|5, 39, N/A, 26.63, 0|6, 36, N/A, 28.07, 0|
00:52:59 0, 61, N/A, 49.99, 44|1, 63, N/A, 201.57, 57|2, 35, N/A, 28.84, 0|3, 38, N/A, 26.86, 0|4, 38, N/A, 27.35, 0|5, 40, N/A, 26.63, 0|6, 36, N/A, 28.07, 0|
00:53:01 0, 61, N/A, 184.62, 38|1, 63, N/A, 55.16, 62|2, 35, N/A, 28.84, 0|3, 38, N/A, 26.84, 0|4, 38, N/A, 27.35, 0|5, 39, N/A, 26.61, 0|6, 36, N/A, 28.07, 0|
00:53:03 0, 61, N/A, 45.09, 38|1, 64, N/A, 208.67, 61|2, 35, N/A, 28.83, 0|3, 38, N/A, 26.86, 0|4, 38, N/A, 27.35, 0|5, 39, N/A, 26.63, 0|6, 36, N/A, 28.07, 0|
00:53:05 0, 61, N/A, 68.18, 45|1, 63, N/A, 189.28, 55|2, 35, N/A, 28.83, 0|3, 38, N/A, 26.86, 0|4, 38, N/A, 27.35, 0|5, 40, N/A, 26.63, 0|6, 36, N/A, 28.07, 0|
00:53:07 0, 61, N/A, 180.54, 45|1, 64, N/A, 58.36, 55|2, 35, N/A, 28.84, 0|3, 38, N/A, 26.86, 0|4, 38, N/A, 27.35, 0|5, 40, N/A, 26.63, 0|6, 36, N/A, 28.07, 0|
00:53:09 0, 61, N/A, 45.09, 45|1, 64, N/A, 213.55, 55|2, 35, N/A, 28.83, 0|3, 38, N/A, 26.86, 0|4, 38, N/A, 27.60, 0|5, 40, N/A, 26.63, 0|6, 36, N/A, 28.07, 0|
00:53:11 0, 62, N/A, 89.54, 40|1, 63, N/A, 172.69, 62|2, 35, N/A, 28.83, 0|3, 38, N/A, 26.86, 0|4, 38, N/A, 27.35, 0|5, 40, N/A, 26.61, 0|6, 36, N/A, 28.07, 0|
00:53:13 0, 61, N/A, 173.70, 38|1, 64, N/A, 65.26, 62|2, 35, N/A, 28.84, 0|3, 38, N/A, 26.86, 0|4, 38, N/A, 27.35, 0|5, 40, N/A, 26.63, 0|6, 36, N/A, 28.07, 0|
00:53:15 0, 61, N/A, 45.81, 38|1, 64, N/A, 208.16, 58|2, 35, N/A, 28.83, 0|3, 38, N/A, 26.84, 0|4, 38, N/A, 27.60, 0|5, 40, N/A, 26.63, 0|6, 36, N/A, 28.07, 0|
00:53:17 0, 62, N/A, 190.40, 45|1, 64, N/A, 76.25, 54|2, 35, N/A, 28.83, 0|3, 38, N/A, 26.84, 0|4, 38, N/A, 27.35, 0|5, 40, N/A, 26.63, 0|6, 36, N/A, 28.07, 0|
00:53:20 0, 61, N/A, 120.16, 45|1, 65, N/A, 100.06, 54|2, 35, N/A, 28.84, 0|3, 38, N/A, 26.84, 0|4, 38, N/A, 27.60, 0|5, 40, N/A, 26.88, 0|6, 36, N/A, 28.07, 0|
00:53:22 0, 62, N/A, 49.74, 44|1, 65, N/A, 203.28, 55|2, 35, N/A, 28.83, 0|3, 38, N/A, 26.86, 0|4, 38, N/A, 27.35, 0|5, 40, N/A, 26.63, 0|6, 36, N/A, 28.07, 0|
00:53:24 0, 62, N/A, 189.17, 38|1, 64, N/A, 54.92, 62|2, 35, N/A, 28.84, 0|3, 38, N/A, 26.84, 0|4, 38, N/A, 27.33, 0|5, 40, N/A, 26.61, 0|6, 36, N/A, 28.06, 0|
00:53:26 0, 61, N/A, 45.06, 38|1, 65, N/A, 209.39, 61|2, 35, N/A, 28.83, 0|3, 38, N/A, 26.84, 0|4, 38, N/A, 27.33, 0|5, 40, N/A, 26.61, 0|6, 36, N/A, 28.05, 0|
00:53:28 0, 62, N/A, 65.71, 38|1, 65, N/A, 189.89, 55|2, 36, N/A, 28.83, 0|3, 38, N/A, 26.86, 0|4, 38, N/A, 27.60, 0|5, 40, N/A, 26.61, 0|6, 36, N/A, 28.07, 0|
00:53:30 0, 60, N/A, 44.60, 0|1, 63, N/A, 50.98, 0|2, 36, N/A, 28.85, 0|3, 38, N/A, 26.86, 0|4, 38, N/A, 27.35, 0|5, 40, N/A, 26.88, 0|6, 36, N/A, 28.07, 0|
00:53:32 0, 64, N/A, 138.75, 100|1, 61, N/A, 43.37, 0|2, 36, N/A, 28.85, 0|3, 38, N/A, 26.86, 0|4, 38, N/A, 27.60, 0|5, 40, N/A, 26.63, 0|6, 36, N/A, 28.07, 0|
00:53:34 0, 61, N/A, 43.61, 0|1, 64, N/A, 193.09, 100|2, 36, N/A, 28.83, 0|3, 38, N/A, 26.86, 0|4, 38, N/A, 27.60, 0|5, 40, N/A, 26.63, 0|6, 36, N/A, 28.07, 0|
00:53:36 0, 65, N/A, 180.21, 100|1, 65, N/A, 54.92, 73|2, 35, N/A, 28.84, 0|3, 38, N/A, 26.84, 0|4, 38, N/A, 27.60, 0|5, 40, N/A, 26.61, 0|6, 36, N/A, 28.06, 0|
00:53:38 0, 61, N/A, 43.83, 0|1, 65, N/A, 185.85, 100|2, 36, N/A, 28.83, 0|3, 38, N/A, 26.86, 0|4, 38, N/A, 27.60, 0|5, 40, N/A, 26.63, 0|6, 37, N/A, 28.07, 0|
00:53:40 0, 66, N/A, 160.68, 100|1, 67, N/A, 61.56, 82|2, 36, N/A, 28.83, 0|3, 38, N/A, 26.84, 0|4, 38, N/A, 27.58, 0|5, 40, N/A, 26.61, 0|6, 37, N/A, 28.05, 0|
00:53:42 0, 62, N/A, 44.32, 0|1, 65, N/A, 166.97, 100|2, 35, N/A, 28.83, 0|3, 38, N/A, 26.84, 0|4, 38, N/A, 27.59, 0|5, 40, N/A, 26.86, 0|6, 37, N/A, 28.07, 0|
00:53:45 0, 66, N/A, 182.40, 100|1, 67, N/A, 112.04, 100|2, 36, N/A, 28.83, 0|3, 38, N/A, 26.84, 0|4, 38, N/A, 27.58, 0|5, 40, N/A, 26.61, 0|6, 37, N/A, 28.05, 0|
00:53:47 0, 62, N/A, 44.57, 0|1, 65, N/A, 168.93, 100|2, 36, N/A, 28.83, 0|3, 38, N/A, 26.86, 0|4, 38, N/A, 27.60, 0|5, 40, N/A, 26.63, 0|6, 37, N/A, 28.05, 0|
00:53:49 0, 60, N/A, 37.95, 0|1, 67, N/A, 177.52, 100|2, 36, N/A, 28.83, 0|3, 38, N/A, 26.86, 0|4, 38, N/A, 27.35, 0|5, 40, N/A, 26.88, 0|6, 36, N/A, 28.07, 0|
00:53:51 0, 65, N/A, 180.21, 100|1, 63, N/A, 51.47, 0|2, 35, N/A, 28.84, 0|3, 38, N/A, 26.84, 0|4, 38, N/A, 27.58, 0|5, 40, N/A, 26.63, 0|6, 36, N/A, 28.06, 0|
00:53:53 0, 62, N/A, 44.35, 0|1, 64, N/A, 161.41, 100|2, 35, N/A, 28.83, 0|3, 38, N/A, 26.86, 0|4, 38, N/A, 27.60, 0|5, 40, N/A, 26.63, 0|6, 37, N/A, 28.07, 0|
00:53:55 0, 65, N/A, 162.53, 100|1, 66, N/A, 198.11, 100|2, 35, N/A, 28.83, 0|3, 38, N/A, 26.84, 0|4, 38, N/A, 27.58, 0|5, 40, N/A, 26.61, 0|6, 36, N/A, 28.05, 0|
00:53:57 0, 61, N/A, 44.08, 0|1, 64, N/A, 158.71, 100|2, 35, N/A, 28.83, 0|3, 38, N/A, 26.86, 0|4, 38, N/A, 27.60, 0|5, 40, N/A, 26.63, 0|6, 36, N/A, 28.07, 0|
00:53:59 0, 64, N/A, 143.00, 100|1, 65, N/A, 185.73, 100|2, 35, N/A, 28.81, 0|3, 38, N/A, 26.84, 0|4, 38, N/A, 27.33, 0|5, 40, N/A, 26.61, 0|6, 36, N/A, 28.05, 0|
00:54:01 0, 62, N/A, 44.08, 0|1, 64, N/A, 196.03, 100|2, 35, N/A, 28.81, 0|3, 38, N/A, 26.84, 0|4, 38, N/A, 27.33, 0|5, 40, N/A, 26.61, 0|6, 36, N/A, 28.05, 0|
00:54:03 0, 65, N/A, 176.02, 100|1, 65, N/A, 165.47, 100|2, 35, N/A, 28.83, 0|3, 38, N/A, 26.84, 0|4, 38, N/A, 27.58, 0|5, 40, N/A, 26.61, 0|6, 36, N/A, 28.05, 0|
00:54:05 0, 61, N/A, 44.57, 0|1, 63, N/A, 194.07, 100|2, 35, N/A, 28.81, 0|3, 38, N/A, 26.84, 0|4, 38, N/A, 27.33, 0|5, 39, N/A, 26.61, 0|6, 36, N/A, 28.05, 0|
00:54:07 0, 59, N/A, 43.06, 0|1, 65, N/A, 199.20, 100|2, 35, N/A, 28.79, 0|3, 38, N/A, 26.82, 0|4, 38, N/A, 27.33, 0|5, 39, N/A, 26.61, 0|6, 36, N/A, 28.05, 0|
00:54:10 0, 64, N/A, 160.09, 100|1, 61, N/A, 50.20, 3|2, 35, N/A, 28.81, 0|3, 38, N/A, 26.82, 0|4, 38, N/A, 27.56, 0|5, 40, N/A, 26.59, 0|6, 36, N/A, 28.03, 0|
00:54:12 0, 61, N/A, 43.56, 0|1, 62, N/A, 163.16, 100|2, 35, N/A, 28.79, 0|3, 38, N/A, 26.82, 0|4, 38, N/A, 27.32, 0|5, 39, N/A, 26.59, 0|6, 36, N/A, 28.03, 0|
00:54:14 0, 64, N/A, 178.99, 100|1, 64, N/A, 198.71, 100|2, 35, N/A, 28.79, 0|3, 38, N/A, 26.82, 0|4, 38, N/A, 27.32, 0|5, 39, N/A, 26.59, 0|6, 36, N/A, 28.03, 0|
00:54:16 0, 61, N/A, 44.79, 0|1, 62, N/A, 181.69, 100|2, 35, N/A, 28.79, 0|3, 38, N/A, 26.82, 0|4, 38, N/A, 27.32, 0|5, 39, N/A, 26.59, 0|6, 36, N/A, 28.03, 0|
00:54:18 0, 63, N/A, 155.15, 100|1, 64, N/A, 188.77, 100|2, 35, N/A, 28.79, 0|3, 38, N/A, 26.82, 0|4, 38, N/A, 27.31, 0|5, 39, N/A, 26.59, 0|6, 36, N/A, 28.02, 0|
00:54:20 0, 62, N/A, 45.03, 41|1, 62, N/A, 193.59, 67|2, 35, N/A, 28.79, 0|3, 38, N/A, 26.82, 0|4, 38, N/A, 27.32, 0|5, 39, N/A, 26.59, 0|6, 36, N/A, 28.03, 0|
00:54:22 0, 64, N/A, 143.40, 100|1, 64, N/A, 174.43, 100|2, 35, N/A, 28.79, 0|3, 38, N/A, 26.82, 0|4, 38, N/A, 27.32, 0|5, 39, N/A, 26.59, 0|6, 36, N/A, 28.03, 0|
00:54:24 0, 62, N/A, 45.53, 100|1, 60, N/A, 169.04, 0|2, 35, N/A, 28.79, 0|3, 37, N/A, 26.82, 0|4, 38, N/A, 27.32, 0|5, 39, N/A, 26.59, 0|6, 36, N/A, 28.03, 0|
00:54:26 0, 59, N/A, 42.08, 0|1, 64, N/A, 196.64, 100|2, 35, N/A, 28.79, 0|3, 37, N/A, 26.82, 0|4, 38, N/A, 27.32, 0|5, 39, N/A, 26.59, 0|6, 36, N/A, 28.03, 0|
00:54:28 0, 63, N/A, 178.62, 100|1, 61, N/A, 50.45, 0|2, 35, N/A, 28.81, 0|3, 37, N/A, 26.82, 0|4, 38, N/A, 27.32, 0|5, 39, N/A, 26.59, 0|6, 36, N/A, 28.03, 0|
00:54:30 0, 63, N/A, 154.68, 100|1, 58, N/A, 48.24, 0|2, 35, N/A, 28.81, 0|3, 37, N/A, 26.82, 0|4, 38, N/A, 27.32, 0|5, 39, N/A, 26.59, 0|6, 36, N/A, 28.03, 0|
00:54:32 0, 62, N/A, 173.84, 100|1, 63, N/A, 193.80, 100|2, 35, N/A, 28.79, 0|3, 37, N/A, 26.82, 0|4, 38, N/A, 27.32, 0|5, 39, N/A, 26.59, 0|6, 36, N/A, 28.03, 0|
00:54:35 0, 64, N/A, 180.00, 100|1, 59, N/A, 48.72, 0|2, 35, N/A, 28.81, 0|3, 37, N/A, 26.82, 0|4, 38, N/A, 27.32, 0|5, 39, N/A, 26.59, 0|6, 36, N/A, 28.03, 0|
00:54:37 0, 63, N/A, 179.85, 100|1, 63, N/A, 160.80, 100|2, 35, N/A, 28.81, 0|3, 37, N/A, 26.82, 0|4, 38, N/A, 27.32, 0|5, 39, N/A, 26.59, 0|6, 36, N/A, 28.03, 0|
00:54:39 0, 63, N/A, 155.66, 100|1, 59, N/A, 48.73, 0|2, 35, N/A, 28.81, 0|3, 37, N/A, 26.82, 0|4, 38, N/A, 27.32, 0|5, 39, N/A, 26.59, 0|6, 36, N/A, 28.03, 0|
00:54:41 0, 62, N/A, 186.60, 100|1, 63, N/A, 193.21, 100|2, 35, N/A, 28.81, 0|3, 37, N/A, 26.82, 0|4, 38, N/A, 27.33, 0|5, 39, N/A, 26.59, 0|6, 36, N/A, 28.03, 0|
00:54:43 0, 64, N/A, 179.60, 100|1, 59, N/A, 49.00, 0|2, 35, N/A, 28.83, 0|3, 37, N/A, 26.84, 0|4, 37, N/A, 27.33, 0|5, 39, N/A, 26.61, 0|6, 36, N/A, 28.05, 0|
00:54:45 0, 59, N/A, 42.85, 0|1, 62, N/A, 183.76, 100|2, 35, N/A, 28.81, 0|3, 37, N/A, 26.82, 0|4, 38, N/A, 27.33, 0|5, 39, N/A, 26.61, 0|6, 36, N/A, 28.05, 0|
00:54:47 0, 60, N/A, 172.10, 100|1, 63, N/A, 194.29, 100|2, 35, N/A, 28.81, 0|3, 37, N/A, 26.84, 0|4, 38, N/A, 27.33, 0|5, 39, N/A, 26.61, 0|6, 36, N/A, 28.05, 0|
00:54:49 0, 63, N/A, 158.72, 100|1, 58, N/A, 48.02, 0|2, 35, N/A, 28.84, 0|3, 37, N/A, 26.84, 0|4, 38, N/A, 27.33, 0|5, 39, N/A, 26.61, 0|6, 36, N/A, 28.06, 0|
00:54:51 0, 60, N/A, 154.54, 42|1, 61, N/A, 201.54, 100|2, 35, N/A, 28.83, 0|3, 37, N/A, 26.84, 0|4, 38, N/A, 27.33, 0|5, 39, N/A, 26.61, 0|6, 36, N/A, 27.81, 0|
00:54:53 0, 62, N/A, 172.96, 100|1, 60, N/A, 49.77, 0|2, 35, N/A, 28.60, 0|3, 37, N/A, 26.61, 0|4, 37, N/A, 27.35, 0|5, 39, N/A, 26.61, 0|6, 36, N/A, 27.81, 0|
00:54:55 0, 59, N/A, 43.09, 0|1, 62, N/A, 195.05, 100|2, 35, N/A, 28.83, 0|3, 37, N/A, 26.84, 0|4, 38, N/A, 27.35, 0|5, 39, N/A, 26.61, 0|6, 36, N/A, 28.05, 0|
00:54:57 0, 63, N/A, 185.34, 100|1, 62, N/A, 54.18, 100|2, 35, N/A, 28.84, 0|3, 37, N/A, 26.84, 0|4, 38, N/A, 27.35, 0|5, 39, N/A, 26.63, 0|6, 36, N/A, 27.83, 0|
00:55:00 0, 59, N/A, 43.09, 0|1, 61, N/A, 183.27, 100|2, 35, N/A, 28.83, 0|3, 37, N/A, 26.84, 0|4, 38, N/A, 27.35, 0|5, 39, N/A, 26.61, 0|6, 36, N/A, 28.07, 0|
00:55:02 0, 62, N/A, 156.50, 100|1, 62, N/A, 188.93, 100|2, 35, N/A, 28.83, 0|3, 37, N/A, 26.84, 0|4, 38, N/A, 27.33, 0|5, 39, N/A, 26.61, 0|6, 36, N/A, 28.05, 0|
00:55:04 0, 60, N/A, 43.61, 0|1, 61, N/A, 191.87, 100|2, 35, N/A, 28.83, 0|3, 37, N/A, 26.86, 0|4, 38, N/A, 27.35, 0|5, 39, N/A, 26.63, 0|6, 36, N/A, 28.07, 0|
00:55:06 0, 58, N/A, 42.38, 0|1, 62, N/A, 176.20, 100|2, 35, N/A, 28.58, 0|3, 37, N/A, 26.86, 0|4, 38, N/A, 27.35, 0|5, 39, N/A, 26.63, 0|6, 36, N/A, 28.07, 0|
00:55:08 0, 61, N/A, 167.57, 100|1, 59, N/A, 48.79, 0|2, 35, N/A, 28.84, 0|3, 37, N/A, 26.84, 0|4, 38, N/A, 27.35, 0|5, 39, N/A, 26.63, 0|6, 36, N/A, 28.07, 0|
00:55:10 0, 60, N/A, 44.08, 0|1, 59, N/A, 190.89, 100|2, 35, N/A, 28.58, 0|3, 37, N/A, 26.86, 0|4, 38, N/A, 27.35, 0|5, 39, N/A, 26.63, 0|6, 36, N/A, 28.07, 0|
00:55:12 0, 62, N/A, 179.96, 100|1, 62, N/A, 152.17, 100|2, 35, N/A, 28.83, 0|3, 37, N/A, 26.84, 0|4, 38, N/A, 27.33, 0|5, 39, N/A, 26.61, 0|6, 36, N/A, 28.05, 0|
00:55:14 0, 63, N/A, 178.51, 100|1, 58, N/A, 48.05, 0|2, 35, N/A, 28.84, 0|3, 37, N/A, 26.86, 0|4, 37, N/A, 27.35, 0|5, 39, N/A, 26.63, 0|6, 36, N/A, 28.07, 0|
00:55:16 0, 62, N/A, 145.79, 100|1, 62, N/A, 156.26, 100|2, 35, N/A, 28.58, 0|3, 37, N/A, 26.84, 0|4, 38, N/A, 27.33, 0|5, 39, N/A, 26.63, 0|6, 36, N/A, 28.05, 0|
00:55:18 0, 63, N/A, 163.38, 100|1, 59, N/A, 48.54, 0|2, 35, N/A, 28.85, 0|3, 37, N/A, 26.84, 0|4, 38, N/A, 27.35, 0|5, 39, N/A, 26.63, 0|6, 36, N/A, 28.06, 0|
00:55:20 0, 63, N/A, 163.86, 100|1, 63, N/A, 195.05, 100|2, 35, N/A, 28.83, 0|3, 37, N/A, 26.84, 0|4, 38, N/A, 27.33, 0|5, 39, N/A, 26.61, 0|6, 36, N/A, 28.05, 0|
00:55:23 0, 65, N/A, 181.68, 100|1, 60, N/A, 49.50, 0|2, 35, N/A, 28.83, 0|3, 38, N/A, 26.84, 0|4, 38, N/A, 27.33, 0|5, 39, N/A, 26.61, 0|6, 36, N/A, 28.05, 0|
00:55:25 0, 61, N/A, 43.58, 0|1, 64, N/A, 196.51, 100|2, 35, N/A, 28.83, 0|3, 38, N/A, 26.86, 0|4, 38, N/A, 27.35, 0|5, 40, N/A, 26.61, 0|6, 36, N/A, 28.07, 0|
00:55:27 0, 61, N/A, 161.07, 89|1, 65, N/A, 198.24, 100|2, 35, N/A, 28.83, 0|3, 37, N/A, 26.84, 0|4, 38, N/A, 27.35, 0|5, 39, N/A, 26.61, 0|6, 36, N/A, 28.05, 0|
00:55:29 0, 65, N/A, 181.43, 100|1, 60, N/A, 49.28, 0|2, 35, N/A, 28.84, 0|3, 38, N/A, 26.86, 0|4, 38, N/A, 27.35, 0|5, 39, N/A, 26.63, 0|6, 36, N/A, 28.07, 0|
00:55:31 0, 61, N/A, 43.83, 0|1, 64, N/A, 185.34, 100|2, 35, N/A, 28.83, 0|3, 38, N/A, 26.86, 0|4, 38, N/A, 27.35, 0|5, 39, N/A, 26.63, 0|6, 36, N/A, 28.07, 0|
00:55:33 0, 66, N/A, 165.60, 100|1, 65, N/A, 62.30, 100|2, 35, N/A, 28.84, 0|3, 38, N/A, 26.84, 0|4, 38, N/A, 27.35, 0|5, 40, N/A, 26.63, 0|6, 36, N/A, 28.06, 0|
00:55:35 0, 62, N/A, 44.32, 0|1, 64, N/A, 204.35, 100|2, 35, N/A, 28.83, 0|3, 38, N/A, 26.86, 0|4, 38, N/A, 27.35, 0|5, 39, N/A, 26.63, 0|6, 36, N/A, 28.07, 0|
00:55:37 0, 65, N/A, 177.76, 100|1, 65, N/A, 159.69, 100|2, 35, N/A, 28.83, 0|3, 38, N/A, 26.84, 0|4, 38, N/A, 27.35, 0|5, 39, N/A, 26.61, 0|6, 36, N/A, 28.05, 0|
00:55:39 0, 63, N/A, 45.09, 0|1, 63, N/A, 157.73, 100|2, 35, N/A, 28.83, 0|3, 38, N/A, 26.86, 0|4, 38, N/A, 27.35, 0|5, 39, N/A, 26.63, 0|6, 36, N/A, 28.07, 0|
00:55:41 0, 65, N/A, 144.55, 100|1, 65, N/A, 184.99, 100|2, 35, N/A, 28.83, 0|3, 38, N/A, 26.84, 0|4, 38, N/A, 27.33, 0|5, 40, N/A, 26.61, 0|6, 36, N/A, 28.05, 0|
00:55:43 0, 65, N/A, 46.55, 38|1, 62, N/A, 170.40, 67|2, 35, N/A, 28.83, 0|3, 38, N/A, 26.86, 0|4, 38, N/A, 27.35, 0|5, 40, N/A, 26.63, 0|6, 36, N/A, 28.07, 0|
00:55:45 0, 62, N/A, 44.08, 0|1, 66, N/A, 197.75, 100|2, 35, N/A, 28.83, 0|3, 38, N/A, 26.86, 0|4, 38, N/A, 27.35, 0|5, 40, N/A, 26.63, 0|6, 36, N/A, 28.07, 0|
00:55:48 0, 64, N/A, 150.95, 100|1, 65, N/A, 53.72, 100|2, 35, N/A, 28.84, 0|3, 38, N/A, 26.86, 0|4, 38, N/A, 27.33, 0|5, 39, N/A, 26.63, 0|6, 36, N/A, 28.06, 0|
00:55:50 0, 66, N/A, 153.08, 100|1, 61, N/A, 49.77, 0|2, 35, N/A, 28.84, 0|3, 38, N/A, 26.84, 0|4, 38, N/A, 27.35, 0|5, 40, N/A, 26.61, 0|6, 36, N/A, 28.07, 0|
00:55:52 0, 65, N/A, 190.87, 100|1, 65, N/A, 181.65, 100|2, 35, N/A, 28.83, 0|3, 38, N/A, 26.84, 0|4, 38, N/A, 27.33, 0|5, 40, N/A, 26.61, 0|6, 36, N/A, 28.05, 0|
00:55:54 0, 67, N/A, 172.38, 100|1, 63, N/A, 51.47, 0|2, 35, N/A, 28.84, 0|3, 38, N/A, 26.84, 0|4, 38, N/A, 27.58, 0|5, 39, N/A, 26.86, 0|6, 36, N/A, 28.06, 0|
00:55:56 0, 63, N/A, 136.46, 0|1, 65, N/A, 165.32, 100|2, 35, N/A, 28.83, 0|3, 38, N/A, 26.84, 0|4, 38, N/A, 27.33, 0|5, 40, N/A, 26.61, 0|6, 36, N/A, 28.05, 0|
00:55:58 0, 67, N/A, 164.85, 100|1, 65, N/A, 53.19, 10|2, 35, N/A, 28.85, 0|3, 38, N/A, 26.86, 0|4, 38, N/A, 27.60, 0|5, 40, N/A, 26.63, 0|6, 36, N/A, 28.07, 0|
00:56:00 0, 63, N/A, 45.07, 0|1, 65, N/A, 188.66, 100|2, 35, N/A, 28.83, 0|3, 38, N/A, 26.86, 0|4, 38, N/A, 27.35, 0|5, 40, N/A, 26.61, 0|6, 36, N/A, 28.07, 0|
00:56:02 0, 67, N/A, 150.69, 100|1, 66, N/A, 194.07, 100|2, 35, N/A, 28.83, 0|3, 38, N/A, 26.84, 0|4, 38, N/A, 27.33, 0|5, 40, N/A, 26.61, 0|6, 36, N/A, 28.05, 0|
00:56:04 0, 64, N/A, 45.56, 0|1, 64, N/A, 166.23, 100|2, 35, N/A, 28.83, 0|3, 38, N/A, 26.86, 0|4, 38, N/A, 27.35, 0|5, 40, N/A, 26.63, 0|6, 36, N/A, 28.07, 0|
00:56:06 0, 62, N/A, 44.08, 0|1, 66, N/A, 193.58, 100|2, 35, N/A, 28.83, 0|3, 38, N/A, 26.86, 0|4, 38, N/A, 27.60, 0|5, 40, N/A, 26.61, 0|6, 36, N/A, 28.05, 0|
00:56:08 0, 66, N/A, 161.91, 100|1, 63, N/A, 51.72, 0|2, 35, N/A, 28.83, 0|3, 38, N/A, 26.84, 0|4, 38, N/A, 27.33, 0|5, 40, N/A, 26.61, 0|6, 36, N/A, 28.05, 0|
00:56:10 0, 66, N/A, 145.30, 100|1, 61, N/A, 49.53, 0|2, 35, N/A, 28.84, 0|3, 38, N/A, 26.86, 0|4, 38, N/A, 27.35, 0|5, 39, N/A, 26.63, 0|6, 36, N/A, 28.07, 0|
00:56:13 0, 65, N/A, 156.64, 100|1, 65, N/A, 201.52, 100|2, 35, N/A, 28.81, 0|3, 38, N/A, 26.84, 0|4, 38, N/A, 27.33, 0|5, 40, N/A, 26.61, 0|6, 36, N/A, 28.05, 0|
00:56:15 0, 66, N/A, 144.81, 100|1, 61, N/A, 50.24, 0|2, 35, N/A, 28.83, 0|3, 38, N/A, 26.84, 0|4, 38, N/A, 27.33, 0|5, 39, N/A, 26.86, 0|6, 36, N/A, 28.05, 0|
00:56:17 0, 64, N/A, 157.49, 100|1, 65, N/A, 187.06, 100|2, 35, N/A, 28.83, 0|3, 38, N/A, 26.84, 0|4, 38, N/A, 27.33, 0|5, 40, N/A, 26.61, 0|6, 36, N/A, 28.05, 0|
00:56:19 0, 66, N/A, 167.29, 100|1, 62, N/A, 51.22, 0|2, 35, N/A, 28.83, 0|3, 38, N/A, 26.84, 0|4, 38, N/A, 27.35, 0|5, 39, N/A, 26.61, 0|6, 36, N/A, 28.06, 0|
00:56:21 0, 61, N/A, 44.08, 0|1, 64, N/A, 162.88, 100|2, 35, N/A, 28.83, 0|3, 38, N/A, 26.84, 0|4, 38, N/A, 27.35, 0|5, 39, N/A, 26.61, 0|6, 36, N/A, 28.07, 0|
00:56:23 0, 66, N/A, 178.01, 100|1, 64, N/A, 55.16, 72|2, 35, N/A, 28.84, 0|3, 38, N/A, 26.84, 0|4, 38, N/A, 27.35, 0|5, 39, N/A, 26.61, 0|6, 36, N/A, 28.07, 0|
00:56:25 0, 62, N/A, 44.57, 0|1, 64, N/A, 185.48, 100|2, 35, N/A, 28.83, 0|3, 38, N/A, 26.86, 0|4, 38, N/A, 27.35, 0|5, 39, N/A, 26.63, 0|6, 36, N/A, 28.07, 0|
00:56:27 0, 60, N/A, 43.61, 0|1, 65, N/A, 161.65, 100|2, 35, N/A, 28.83, 0|3, 38, N/A, 26.86, 0|4, 38, N/A, 27.35, 0|5, 39, N/A, 26.63, 0|6, 36, N/A, 28.07, 0|
00:56:29 0, 64, N/A, 157.74, 100|1, 61, N/A, 50.48, 0|2, 35, N/A, 28.83, 0|3, 38, N/A, 26.84, 0|4, 38, N/A, 27.33, 0|5, 39, N/A, 26.61, 0|6, 36, N/A, 28.05, 0|
00:56:31 0, 63, N/A, 46.05, 46|1, 60, N/A, 185.48, 0|2, 35, N/A, 28.83, 0|3, 37, N/A, 26.84, 0|4, 38, N/A, 27.33, 0|5, 39, N/A, 26.61, 0|6, 36, N/A, 28.05, 0|
00:56:33 0, 64, N/A, 188.16, 100|1, 63, N/A, 181.77, 100|2, 35, N/A, 28.81, 0|3, 37, N/A, 26.84, 0|4, 38, N/A, 27.33, 0|5, 39, N/A, 26.61, 0|6, 36, N/A, 28.05, 0|
00:56:36 0, 64, N/A, 172.10, 100|1, 60, N/A, 49.25, 0|2, 35, N/A, 28.83, 0|3, 38, N/A, 26.84, 0|4, 38, N/A, 27.35, 0|5, 39, N/A, 26.61, 0|6, 36, N/A, 28.05, 0|
00:56:38 0, 63, N/A, 177.90, 100|1, 63, N/A, 162.53, 100|2, 35, N/A, 28.83, 0|3, 37, N/A, 26.84, 0|4, 38, N/A, 27.33, 0|5, 39, N/A, 26.61, 0|6, 36, N/A, 28.05, 0|
00:56:40 0, 65, N/A, 174.55, 100|1, 61, N/A, 49.99, 0|2, 35, N/A, 28.83, 0|3, 37, N/A, 26.84, 0|4, 38, N/A, 27.33, 0|5, 39, N/A, 26.61, 0|6, 36, N/A, 28.05, 0|
00:56:42 0, 60, N/A, 43.59, 0|1, 63, N/A, 186.71, 100|2, 35, N/A, 28.83, 0|3, 37, N/A, 26.84, 0|4, 38, N/A, 27.35, 0|5, 39, N/A, 26.61, 0|6, 36, N/A, 28.05, 0|
00:56:44 0, 64, N/A, 178.98, 100|1, 63, N/A, 54.18, 100|2, 35, N/A, 28.83, 0|3, 37, N/A, 26.84, 0|4, 38, N/A, 27.33, 0|5, 39, N/A, 26.61, 0|6, 36, N/A, 28.06, 0|
00:56:46 0, 61, N/A, 44.08, 0|1, 63, N/A, 191.85, 100|2, 35, N/A, 28.58, 0|3, 37, N/A, 26.84, 0|4, 38, N/A, 27.35, 0|5, 39, N/A, 26.63, 0|6, 36, N/A, 28.07, 0|
00:56:48 0, 59, N/A, 37.45, 0|1, 64, N/A, 172.36, 100|2, 35, N/A, 28.58, 0|3, 37, N/A, 26.86, 0|4, 38, N/A, 27.35, 0|5, 39, N/A, 26.63, 0|6, 36, N/A, 28.07, 0|
00:56:50 0, 63, N/A, 156.02, 100|1, 60, N/A, 49.77, 0|2, 35, N/A, 28.60, 0|3, 37, N/A, 26.84, 0|4, 38, N/A, 27.35, 0|5, 39, N/A, 26.61, 0|6, 36, N/A, 28.06, 0|
00:56:52 0, 64, N/A, 89.79, 100|1, 58, N/A, 119.42, 0|2, 35, N/A, 28.85, 0|3, 37, N/A, 26.86, 0|4, 38, N/A, 27.35, 0|5, 39, N/A, 26.63, 0|6, 36, N/A, 28.07, 0|
00:56:54 0, 64, N/A, 143.32, 100|1, 63, N/A, 164.34, 100|2, 35, N/A, 28.58, 0|3, 37, N/A, 26.84, 0|4, 38, N/A, 27.33, 0|5, 39, N/A, 26.61, 0|6, 36, N/A, 28.05, 0|
00:56:56 0, 65, N/A, 175.32, 100|1, 60, N/A, 49.50, 0|2, 35, N/A, 28.83, 0|3, 37, N/A, 26.84, 0|4, 38, N/A, 27.35, 0|5, 39, N/A, 26.61, 0|6, 36, N/A, 28.06, 0|
00:56:58 0, 63, N/A, 179.96, 100|1, 64, N/A, 197.88, 100|2, 35, N/A, 28.83, 0|3, 38, N/A, 26.84, 0|4, 38, N/A, 27.33, 0|5, 39, N/A, 26.61, 0|6, 36, N/A, 28.05, 0|
00:57:01 0, 65, N/A, 181.92, 100|1, 62, N/A, 50.76, 0|2, 35, N/A, 28.84, 0|3, 37, N/A, 26.84, 0|4, 38, N/A, 27.35, 0|5, 39, N/A, 26.61, 0|6, 36, N/A, 28.06, 0|
00:57:03 0, 61, N/A, 43.86, 0|1, 64, N/A, 195.54, 100|2, 35, N/A, 28.83, 0|3, 37, N/A, 26.86, 0|4, 38, N/A, 27.35, 0|5, 39, N/A, 26.63, 0|6, 36, N/A, 28.07, 0|
00:57:05 0, 65, N/A, 160.82, 100|1, 65, N/A, 197.26, 100|2, 35, N/A, 28.83, 0|3, 38, N/A, 26.84, 0|4, 38, N/A, 27.33, 0|5, 39, N/A, 26.61, 0|6, 36, N/A, 28.05, 0|
00:57:07 0, 63, N/A, 44.57, 0|1, 63, N/A, 173.10, 100|2, 35, N/A, 28.83, 0|3, 38, N/A, 26.86, 0|4, 38, N/A, 27.35, 0|5, 39, N/A, 26.63, 0|6, 36, N/A, 28.07, 0|
00:57:09 0, 60, N/A, 43.61, 0|1, 65, N/A, 175.45, 100|2, 35, N/A, 28.83, 0|3, 38, N/A, 26.86, 0|4, 38, N/A, 27.35, 0|5, 39, N/A, 26.63, 0|6, 36, N/A, 28.07, 0|
00:57:11 0, 64, N/A, 178.49, 100|1, 63, N/A, 51.72, 0|2, 35, N/A, 28.84, 0|3, 38, N/A, 26.84, 0|4, 38, N/A, 27.35, 0|5, 39, N/A, 26.61, 0|6, 36, N/A, 28.05, 0|
00:57:13 0, 65, N/A, 172.96, 100|1, 60, N/A, 49.28, 0|2, 35, N/A, 28.84, 0|3, 38, N/A, 26.84, 0|4, 38, N/A, 27.35, 0|5, 39, N/A, 26.61, 0|6, 36, N/A, 28.06, 0|
00:57:15 0, 64, N/A, 184.76, 100|1, 65, N/A, 166.45, 100|2, 35, N/A, 28.83, 0|3, 38, N/A, 26.84, 0|4, 38, N/A, 27.33, 0|5, 39, N/A, 26.61, 0|6, 36, N/A, 28.05, 0|
00:57:17 0, 66, N/A, 144.07, 100|1, 62, N/A, 50.76, 0|2, 35, N/A, 28.85, 0|3, 38, N/A, 26.86, 0|4, 38, N/A, 27.35, 0|5, 39, N/A, 26.63, 0|6, 36, N/A, 28.07, 0|
00:57:19 0, 61, N/A, 44.08, 0|1, 64, N/A, 182.31, 100|2, 35, N/A, 28.83, 0|3, 38, N/A, 26.86, 0|4, 38, N/A, 27.35, 0|5, 39, N/A, 26.63, 0|6, 36, N/A, 28.07, 0|
00:57:21 0, 66, N/A, 181.91, 100|1, 65, N/A, 167.92, 100|2, 35, N/A, 28.83, 0|3, 37, N/A, 26.84, 0|4, 38, N/A, 27.33, 0|5, 39, N/A, 26.61, 0|6, 36, N/A, 28.05, 0|
00:57:24 0, 62, N/A, 44.57, 0|1, 63, N/A, 197.39, 100|2, 35, N/A, 28.81, 0|3, 38, N/A, 26.84, 0|4, 38, N/A, 27.35, 0|5, 39, N/A, 26.61, 0|6, 36, N/A, 28.07, 0|
00:57:26 0, 65, N/A, 148.23, 100|1, 65, N/A, 198.21, 100|2, 35, N/A, 28.83, 0|3, 38, N/A, 26.84, 0|4, 38, N/A, 27.33, 0|5, 39, N/A, 26.61, 0|6, 36, N/A, 28.05, 0|
00:57:28 0, 64, N/A, 46.82, 72|1, 61, N/A, 189.03, 40|2, 35, N/A, 28.85, 0|3, 38, N/A, 26.86, 0|4, 38, N/A, 27.35, 0|5, 39, N/A, 26.63, 0|6, 36, N/A, 28.07, 0|
00:57:30 0, 60, N/A, 43.58, 0|1, 64, N/A, 194.30, 100|2, 35, N/A, 28.83, 0|3, 38, N/A, 26.84, 0|4, 38, N/A, 27.33, 0|5, 39, N/A, 26.61, 0|6, 36, N/A, 28.05, 0|
00:57:32 0, 62, N/A, 156.75, 100|1, 65, N/A, 196.03, 100|2, 35, N/A, 28.83, 0|3, 37, N/A, 26.84, 0|4, 38, N/A, 27.33, 0|5, 39, N/A, 26.61, 0|6, 36, N/A, 28.05, 0|
00:57:34 0, 64, N/A, 148.25, 100|1, 59, N/A, 48.79, 0|2, 35, N/A, 28.84, 0|3, 37, N/A, 26.86, 0|4, 38, N/A, 27.35, 0|5, 39, N/A, 26.63, 0|6, 36, N/A, 28.07, 0|
00:57:36 0, 60, N/A, 43.61, 0|1, 63, N/A, 159.69, 100|2, 35, N/A, 28.83, 0|3, 37, N/A, 26.86, 0|4, 38, N/A, 27.35, 0|5, 39, N/A, 26.63, 0|6, 36, N/A, 28.07, 0|
00:57:38 0, 65, N/A, 181.43, 100|1, 64, N/A, 143.83, 100|2, 35, N/A, 28.58, 0|3, 37, N/A, 26.84, 0|4, 38, N/A, 27.33, 0|5, 39, N/A, 26.61, 0|6, 36, N/A, 28.05, 0|
00:57:40 0, 61, N/A, 44.08, 0|1, 62, N/A, 194.81, 100|2, 35, N/A, 28.83, 0|3, 37, N/A, 26.84, 0|4, 38, N/A, 27.35, 0|5, 39, N/A, 26.61, 0|6, 36, N/A, 28.07, 0|
00:57:42 0, 64, N/A, 174.79, 100|1, 63, N/A, 195.76, 100|2, 35, N/A, 28.83, 0|3, 37, N/A, 26.84, 0|4, 38, N/A, 27.33, 0|5, 39, N/A, 26.61, 0|6, 36, N/A, 28.05, 0|
00:57:44 0, 64, N/A, 65.01, 96|1, 59, N/A, 146.62, 0|2, 35, N/A, 28.60, 0|3, 38, N/A, 26.86, 0|4, 38, N/A, 27.35, 0|5, 39, N/A, 26.63, 0|6, 36, N/A, 27.83, 0|
00:57:46 0, 64, N/A, 178.25, 100|1, 63, N/A, 155.09, 100|2, 35, N/A, 28.58, 0|3, 37, N/A, 26.84, 0|4, 38, N/A, 27.33, 0|5, 39, N/A, 26.61, 0|6, 36, N/A, 27.81, 0|
00:57:49 0, 65, N/A, 181.68, 100|1, 59, N/A, 49.28, 0|2, 35, N/A, 28.84, 0|3, 37, N/A, 26.86, 0|4, 38, N/A, 27.35, 0|5, 39, N/A, 26.61, 0|6, 36, N/A, 28.07, 0|
00:57:51 0, 60, N/A, 43.59, 0|1, 63, N/A, 193.58, 100|2, 35, N/A, 28.83, 0|3, 37, N/A, 26.84, 0|4, 38, N/A, 27.35, 0|5, 39, N/A, 26.63, 0|6, 36, N/A, 28.07, 0|
00:57:53 0, 58, N/A, 37.45, 0|1, 63, N/A, 194.07, 91|2, 35, N/A, 28.83, 0|3, 37, N/A, 26.86, 0|4, 38, N/A, 27.35, 0|5, 39, N/A, 26.63, 0|6, 36, N/A, 27.83, 0|
00:57:55 0, 63, N/A, 161.67, 100|1, 59, N/A, 48.76, 0|2, 35, N/A, 28.83, 0|3, 37, N/A, 26.84, 0|4, 38, N/A, 27.35, 0|5, 39, N/A, 26.61, 0|6, 36, N/A, 28.07, 0|
00:57:57 0, 60, N/A, 44.11, 0|1, 60, N/A, 165.58, 100|2, 35, N/A, 28.83, 0|3, 37, N/A, 26.86, 0|4, 38, N/A, 27.35, 0|5, 39, N/A, 26.63, 0|6, 36, N/A, 28.07, 0|
00:57:59 0, 64, N/A, 154.80, 100|1, 62, N/A, 188.04, 100|2, 35, N/A, 28.83, 0|3, 37, N/A, 26.84, 0|4, 38, N/A, 27.33, 0|5, 39, N/A, 26.61, 0|6, 36, N/A, 28.05, 0|
00:58:01 0, 64, N/A, 181.19, 100|1, 58, N/A, 48.29, 0|2, 35, N/A, 28.84, 0|3, 37, N/A, 26.86, 0|4, 38, N/A, 27.35, 0|5, 39, N/A, 26.63, 0|6, 36, N/A, 28.07, 0|
00:58:03 0, 62, N/A, 172.12, 100|1, 62, N/A, 193.83, 100|2, 35, N/A, 28.58, 0|3, 37, N/A, 26.84, 0|4, 38, N/A, 27.33, 0|5, 39, N/A, 26.61, 0|6, 36, N/A, 28.05, 0|
00:58:05 0, 64, N/A, 158.97, 100|1, 59, N/A, 49.28, 0|2, 35, N/A, 28.60, 0|3, 37, N/A, 26.84, 0|4, 38, N/A, 27.35, 0|5, 39, N/A, 26.63, 0|6, 36, N/A, 28.07, 0|
00:58:07 0, 59, N/A, 42.87, 0|1, 62, N/A, 154.29, 100|2, 35, N/A, 28.58, 0|3, 37, N/A, 26.84, 0|4, 38, N/A, 27.35, 0|5, 39, N/A, 26.63, 0|6, 36, N/A, 28.07, 0|
00:58:09 0, 64, N/A, 180.19, 100|1, 63, N/A, 196.98, 100|2, 35, N/A, 28.58, 0|3, 37, N/A, 26.84, 0|4, 38, N/A, 27.33, 0|5, 39, N/A, 26.61, 0|6, 36, N/A, 28.05, 0|
00:58:12 0, 61, N/A, 43.83, 0|1, 61, N/A, 164.11, 100|2, 35, N/A, 28.58, 0|3, 37, N/A, 26.86, 0|4, 37, N/A, 27.35, 0|5, 39, N/A, 26.63, 0|6, 36, N/A, 28.07, 0|
00:58:14 0, 58, N/A, 41.89, 0|1, 62, N/A, 162.14, 100|2, 35, N/A, 28.58, 0|3, 37, N/A, 26.84, 0|4, 38, N/A, 27.35, 0|5, 39, N/A, 26.63, 0|6, 36, N/A, 27.83, 0|
00:58:16 0, 62, N/A, 139.90, 100|1, 61, N/A, 51.22, 32|2, 35, N/A, 28.60, 0|3, 37, N/A, 26.86, 0|4, 38, N/A, 27.35, 0|5, 39, N/A, 26.61, 0|6, 36, N/A, 27.83, 0|
00:58:18 0, 64, N/A, 158.00, 100|1, 57, N/A, 47.80, 0|2, 35, N/A, 28.85, 0|3, 37, N/A, 26.84, 0|4, 38, N/A, 27.35, 0|5, 39, N/A, 26.63, 0|6, 36, N/A, 27.83, 0|
00:58:20 0, 61, N/A, 176.02, 100|1, 62, N/A, 196.03, 100|2, 35, N/A, 28.83, 0|3, 37, N/A, 26.84, 0|4, 38, N/A, 27.33, 0|5, 39, N/A, 26.61, 0|6, 36, N/A, 28.05, 0|
00:58:22 0, 63, N/A, 142.60, 100|1, 61, N/A, 50.98, 48|2, 35, N/A, 28.60, 0|3, 37, N/A, 26.86, 0|4, 38, N/A, 27.35, 0|5, 39, N/A, 26.61, 0|6, 36, N/A, 28.07, 0|
00:58:24 0, 60, N/A, 43.59, 0|1, 62, N/A, 166.56, 100|2, 35, N/A, 28.58, 0|3, 37, N/A, 26.86, 0|4, 38, N/A, 27.35, 0|5, 39, N/A, 26.63, 0|6, 36, N/A, 28.07, 0|
00:58:26 0, 64, N/A, 179.85, 100|1, 64, N/A, 197.71, 100|2, 35, N/A, 28.58, 0|3, 37, N/A, 26.84, 0|4, 38, N/A, 27.33, 0|5, 39, N/A, 26.61, 0|6, 36, N/A, 28.05, 0|
00:58:28 0, 63, N/A, 45.83, 61|1, 60, N/A, 178.49, 40|2, 35, N/A, 28.60, 0|3, 37, N/A, 26.86, 0|4, 38, N/A, 27.35, 0|5, 39, N/A, 26.63, 0|6, 36, N/A, 28.07, 0|
00:58:30 0, 64, N/A, 178.25, 100|1, 63, N/A, 156.99, 100|2, 35, N/A, 28.58, 0|3, 37, N/A, 26.84, 0|4, 38, N/A, 27.35, 0|5, 39, N/A, 26.61, 0|6, 36, N/A, 28.05, 0|
00:58:32 0, 65, N/A, 182.90, 100|1, 60, N/A, 49.53, 0|2, 35, N/A, 28.84, 0|3, 37, N/A, 26.86, 0|4, 38, N/A, 27.35, 0|5, 39, N/A, 26.63, 0|6, 36, N/A, 28.06, 0|
00:58:35 0, 61, N/A, 43.83, 0|1, 63, N/A, 170.14, 100|2, 35, N/A, 28.83, 0|3, 38, N/A, 26.84, 0|4, 38, N/A, 27.35, 0|5, 39, N/A, 26.61, 0|6, 36, N/A, 27.83, 0|
00:58:37 0, 60, N/A, 43.12, 0|1, 64, N/A, 63.99, 72|2, 35, N/A, 28.83, 0|3, 38, N/A, 26.86, 0|4, 38, N/A, 27.35, 0|5, 39, N/A, 26.63, 0|6, 36, N/A, 27.83, 0|
00:58:39 0, 64, N/A, 175.14, 100|1, 61, N/A, 49.74, 0|2, 35, N/A, 28.83, 0|3, 38, N/A, 26.84, 0|4, 38, N/A, 27.35, 0|5, 39, N/A, 26.63, 0|6, 36, N/A, 28.07, 0|
00:58:41 0, 63, N/A, 45.07, 0|1, 62, N/A, 153.17, 100|2, 35, N/A, 28.83, 0|3, 37, N/A, 26.84, 0|4, 38, N/A, 27.35, 0|5, 39, N/A, 26.61, 0|6, 36, N/A, 28.07, 0|
00:58:43 0, 64, N/A, 165.99, 100|1, 65, N/A, 197.50, 100|2, 35, N/A, 28.83, 0|3, 38, N/A, 26.84, 0|4, 38, N/A, 27.33, 0|5, 39, N/A, 26.61, 0|6, 36, N/A, 28.05, 0|
00:58:45 0, 66, N/A, 144.07, 100|1, 61, N/A, 49.77, 0|2, 35, N/A, 28.85, 0|3, 38, N/A, 26.86, 0|4, 38, N/A, 27.35, 0|5, 39, N/A, 26.61, 0|6, 36, N/A, 28.07, 0|
00:58:47 0, 64, N/A, 180.93, 100|1, 65, N/A, 198.94, 100|2, 35, N/A, 28.83, 0|3, 38, N/A, 26.84, 0|4, 38, N/A, 27.33, 0|5, 39, N/A, 26.61, 0|6, 36, N/A, 28.05, 0|
00:58:49 0, 66, N/A, 172.35, 100|1, 63, N/A, 51.96, 47|2, 35, N/A, 28.83, 0|3, 38, N/A, 26.84, 0|4, 38, N/A, 27.33, 0|5, 39, N/A, 26.61, 0|6, 36, N/A, 28.05, 0|
00:58:51 0, 62, N/A, 44.82, 0|1, 64, N/A, 194.92, 100|2, 35, N/A, 28.81, 0|3, 38, N/A, 26.84, 0|4, 38, N/A, 27.33, 0|5, 39, N/A, 26.61, 0|6, 36, N/A, 28.05, 0|
00:58:53 0, 66, N/A, 181.30, 100|1, 66, N/A, 198.60, 100|2, 35, N/A, 28.81, 0|3, 38, N/A, 26.82, 0|4, 38, N/A, 27.32, 0|5, 39, N/A, 26.59, 0|6, 36, N/A, 28.03, 0|
00:58:55 0, 65, N/A, 47.50, 100|1, 62, N/A, 159.59, 0|2, 35, N/A, 28.81, 0|3, 38, N/A, 26.82, 0|4, 38, N/A, 27.32, 0|5, 40, N/A, 26.59, 0|6, 36, N/A, 27.79, 0|
00:58:57 0, 61, N/A, 43.80, 0|1, 65, N/A, 206.54, 100|2, 35, N/A, 28.81, 0|3, 38, N/A, 26.82, 0|4, 38, N/A, 27.32, 0|5, 39, N/A, 26.59, 0|6, 36, N/A, 27.79, 0|
00:59:00 0, 63, N/A, 171.89, 100|1, 66, N/A, 198.71, 100|2, 35, N/A, 28.81, 0|3, 38, N/A, 26.82, 0|4, 38, N/A, 27.32, 0|5, 39, N/A, 26.59, 0|6, 36, N/A, 28.03, 0|
00:59:02 0, 65, N/A, 181.44, 100|1, 60, N/A, 49.46, 0|2, 35, N/A, 28.81, 0|3, 37, N/A, 26.82, 0|4, 38, N/A, 27.32, 0|5, 39, N/A, 26.59, 0|6, 36, N/A, 28.03, 0|
00:59:04 0, 61, N/A, 44.05, 0|1, 63, N/A, 167.08, 100|2, 35, N/A, 28.81, 0|3, 38, N/A, 26.82, 0|4, 38, N/A, 27.32, 0|5, 39, N/A, 26.59, 0|6, 36, N/A, 28.03, 0|
00:59:06 0, 65, N/A, 181.69, 100|1, 65, N/A, 175.29, 100|2, 35, N/A, 28.79, 0|3, 37, N/A, 26.82, 0|4, 38, N/A, 27.32, 0|5, 39, N/A, 26.59, 0|6, 36, N/A, 28.03, 0|
00:59:08 0, 63, N/A, 45.77, 44|1, 61, N/A, 187.09, 59|2, 35, N/A, 28.79, 0|3, 37, N/A, 26.82, 0|4, 38, N/A, 27.32, 0|5, 39, N/A, 26.59, 0|6, 36, N/A, 28.03, 0|
00:59:10 0, 64, N/A, 171.49, 100|1, 64, N/A, 162.27, 100|2, 35, N/A, 28.81, 0|3, 37, N/A, 26.82, 0|4, 38, N/A, 27.32, 0|5, 39, N/A, 26.59, 0|6, 36, N/A, 28.03, 0|
00:59:12 0, 66, N/A, 181.72, 100|1, 61, N/A, 49.71, 0|2, 35, N/A, 28.81, 0|3, 37, N/A, 26.82, 0|4, 38, N/A, 27.32, 0|5, 39, N/A, 26.59, 0|6, 36, N/A, 28.03, 0|
00:59:14 0, 61, N/A, 182.42, 0|1, 63, N/A, 157.61, 100|2, 35, N/A, 28.79, 0|3, 37, N/A, 26.82, 0|4, 38, N/A, 27.32, 0|5, 39, N/A, 26.59, 0|6, 36, N/A, 28.03, 0|
00:59:16 0, 65, N/A, 182.67, 100|1, 65, N/A, 175.16, 100|2, 35, N/A, 28.79, 0|3, 37, N/A, 26.82, 0|4, 38, N/A, 27.32, 0|5, 39, N/A, 26.59, 0|6, 36, N/A, 27.79, 0|
00:59:18 0, 62, N/A, 44.54, 0|1, 62, N/A, 198.96, 100|2, 35, N/A, 28.79, 0|3, 37, N/A, 26.82, 0|4, 38, N/A, 27.32, 0|5, 39, N/A, 26.59, 0|6, 36, N/A, 27.79, 0|
00:59:20 0, 60, N/A, 43.31, 0|1, 64, N/A, 188.54, 100|2, 35, N/A, 28.81, 0|3, 37, N/A, 26.84, 0|4, 38, N/A, 27.33, 0|5, 39, N/A, 26.61, 0|6, 36, N/A, 28.05, 0|
00:59:22 0, 63, N/A, 179.97, 100|1, 64, N/A, 117.12, 100|2, 35, N/A, 28.81, 0|3, 37, N/A, 26.82, 0|4, 38, N/A, 27.32, 0|5, 39, N/A, 26.59, 0|6, 36, N/A, 28.03, 0|
00:59:25 0, 64, N/A, 180.98, 100|1, 59, N/A, 48.23, 0|2, 35, N/A, 28.81, 0|3, 37, N/A, 26.82, 0|4, 38, N/A, 27.56, 0|5, 39, N/A, 26.59, 0|6, 36, N/A, 28.03, 0|
00:59:27 0, 60, N/A, 120.98, 0|1, 62, N/A, 189.52, 100|2, 35, N/A, 28.81, 0|3, 37, N/A, 26.82, 0|4, 38, N/A, 27.32, 0|5, 39, N/A, 26.59, 0|6, 36, N/A, 28.03, 0|
00:59:29 0, 64, N/A, 181.44, 100|1, 64, N/A, 196.76, 100|2, 35, N/A, 28.79, 0|3, 37, N/A, 26.82, 0|4, 38, N/A, 27.32, 0|5, 39, N/A, 26.59, 0|6, 36, N/A, 27.79, 0|
00:59:31 0, 61, N/A, 44.29, 0|1, 61, N/A, 152.23, 100|2, 35, N/A, 28.56, 0|3, 37, N/A, 26.82, 0|4, 38, N/A, 27.33, 0|5, 39, N/A, 26.59, 0|6, 36, N/A, 27.79, 0|
00:59:33 0, 64, N/A, 181.69, 100|1, 64, N/A, 189.75, 100|2, 35, N/A, 28.79, 0|3, 38, N/A, 26.82, 0|4, 38, N/A, 27.32, 0|5, 39, N/A, 26.59, 0|6, 36, N/A, 27.79, 0|
00:59:35 0, 65, N/A, 154.44, 100|1, 60, N/A, 48.97, 0|2, 35, N/A, 28.56, 0|3, 37, N/A, 26.82, 0|4, 38, N/A, 27.32, 0|5, 39, N/A, 26.59, 0|6, 36, N/A, 28.03, 0|
00:59:37 0, 63, N/A, 181.32, 100|1, 64, N/A, 169.29, 100|2, 35, N/A, 28.81, 0|3, 38, N/A, 26.82, 0|4, 38, N/A, 27.32, 0|5, 39, N/A, 26.59, 0|6, 36, N/A, 28.03, 0|
00:59:39 0, 65, N/A, 180.35, 100|1, 62, N/A, 51.44, 7|2, 35, N/A, 28.83, 0|3, 38, N/A, 26.82, 0|4, 38, N/A, 27.33, 0|5, 39, N/A, 26.60, 0|6, 36, N/A, 28.05, 0|
00:59:41 0, 62, N/A, 44.54, 0|1, 63, N/A, 184.24, 100|2, 35, N/A, 28.81, 0|3, 38, N/A, 26.82, 0|4, 38, N/A, 27.33, 0|5, 39, N/A, 26.59, 0|6, 36, N/A, 28.03, 0|
00:59:43 0, 60, N/A, 37.92, 0|1, 64, N/A, 196.64, 100|2, 35, N/A, 28.81, 0|3, 37, N/A, 26.82, 0|4, 38, N/A, 27.33, 0|5, 39, N/A, 26.61, 0|6, 36, N/A, 28.05, 0|
00:59:45 0, 63, N/A, 168.57, 100|1, 63, N/A, 51.68, 65|2, 35, N/A, 28.81, 0|3, 37, N/A, 26.82, 0|4, 38, N/A, 27.32, 0|5, 39, N/A, 26.59, 0|6, 36, N/A, 28.03, 0|
00:59:48 0, 65, N/A, 150.04, 100|1, 59, N/A, 48.48, 0|2, 35, N/A, 28.81, 0|3, 38, N/A, 26.82, 0|4, 38, N/A, 27.32, 0|5, 39, N/A, 26.59, 0|6, 36, N/A, 28.03, 0|
00:59:50 0, 62, N/A, 165.36, 38|1, 63, N/A, 195.63, 100|2, 35, N/A, 28.79, 0|3, 37, N/A, 26.82, 0|4, 38, N/A, 27.32, 0|5, 39, N/A, 26.59, 0|6, 36, N/A, 27.79, 0|
00:59:52 0, 64, N/A, 162.77, 100|1, 63, N/A, 52.67, 98|2, 35, N/A, 28.81, 0|3, 37, N/A, 26.82, 0|4, 38, N/A, 27.32, 0|5, 39, N/A, 26.84, 0|6, 36, N/A, 28.03, 0|
00:59:54 0, 61, N/A, 44.05, 0|1, 62, N/A, 194.19, 100|2, 35, N/A, 28.81, 0|3, 37, N/A, 26.84, 0|4, 38, N/A, 27.33, 0|5, 39, N/A, 26.61, 0|6, 36, N/A, 27.81, 0|
00:59:56 0, 65, N/A, 179.24, 100|1, 64, N/A, 161.04, 100|2, 35, N/A, 28.81, 0|3, 37, N/A, 26.82, 0|4, 37, N/A, 27.32, 0|5, 39, N/A, 26.59, 0|6, 36, N/A, 27.79, 0|
00:59:58 0, 65, N/A, 180.49, 100|1, 59, N/A, 48.72, 0|2, 35, N/A, 28.56, 0|3, 37, N/A, 26.82, 0|4, 38, N/A, 27.32, 0|5, 39, N/A, 26.84, 0|6, 36, N/A, 28.03, 0|
01:00:00 0, 63, N/A, 162.68, 100|1, 63, N/A, 186.83, 100|2, 35, N/A, 28.55, 0|3, 37, N/A, 26.82, 0|4, 38, N/A, 27.32, 0|5, 39, N/A, 26.59, 0|6, 36, N/A, 27.79, 0|
01:00:02 0, 64, N/A, 170.04, 100|1, 61, N/A, 50.69, 7|2, 35, N/A, 28.81, 0|3, 37, N/A, 26.82, 0|4, 38, N/A, 27.32, 0|5, 39, N/A, 26.59, 0|6, 36, N/A, 27.79, 0|
01:00:04 0, 61, N/A, 43.80, 0|1, 63, N/A, 180.06, 100|2, 35, N/A, 28.56, 0|3, 37, N/A, 26.82, 0|4, 38, N/A, 27.32, 0|5, 39, N/A, 26.59, 0|6, 36, N/A, 28.03, 0|
01:00:06 0, 59, N/A, 42.08, 0|1, 63, N/A, 195.66, 100|2, 35, N/A, 28.81, 0|3, 37, N/A, 26.82, 0|4, 38, N/A, 27.33, 0|5, 39, N/A, 26.59, 0|6, 36, N/A, 28.05, 0|
01:00:08 0, 63, N/A, 147.07, 100|1, 62, N/A, 51.43, 8|2, 35, N/A, 28.81, 0|3, 37, N/A, 26.82, 0|4, 38, N/A, 27.32, 0|5, 39, N/A, 26.59, 0|6, 36, N/A, 28.03, 0|
01:00:10 0, 64, N/A, 172.25, 100|1, 58, N/A, 47.99, 0|2, 35, N/A, 28.81, 0|3, 37, N/A, 26.82, 0|4, 38, N/A, 27.32, 0|5, 39, N/A, 26.59, 0|6, 36, N/A, 28.03, 0|
01:00:13 0, 61, N/A, 143.88, 0|1, 62, N/A, 184.12, 100|2, 35, N/A, 28.79, 0|3, 37, N/A, 26.82, 0|4, 38, N/A, 27.32, 0|5, 39, N/A, 26.59, 0|6, 36, N/A, 27.79, 0|
01:00:15 0, 64, N/A, 181.20, 100|1, 63, N/A, 186.46, 100|2, 35, N/A, 28.55, 0|3, 37, N/A, 26.81, 0|4, 38, N/A, 27.32, 0|5, 39, N/A, 26.58, 0|6, 36, N/A, 28.03, 0|
01:00:17 0, 60, N/A, 43.80, 0|1, 61, N/A, 180.79, 100|2, 35, N/A, 28.55, 0|3, 37, N/A, 26.82, 0|4, 38, N/A, 27.32, 0|5, 39, N/A, 26.59, 0|6, 36, N/A, 28.03, 0|
01:00:19 0, 63, N/A, 181.44, 100|1, 63, N/A, 197.73, 100|2, 35, N/A, 28.79, 0|3, 37, N/A, 26.81, 0|4, 38, N/A, 27.32, 0|5, 39, N/A, 26.59, 0|6, 36, N/A, 27.79, 0|
01:00:21 0, 64, N/A, 157.78, 100|1, 59, N/A, 48.24, 0|2, 35, N/A, 28.81, 0|3, 37, N/A, 26.82, 0|4, 38, N/A, 27.32, 0|5, 39, N/A, 26.59, 0|6, 36, N/A, 28.03, 0|
01:00:23 0, 62, N/A, 176.65, 100|1, 63, N/A, 196.26, 100|2, 35, N/A, 28.79, 0|3, 37, N/A, 26.82, 0|4, 38, N/A, 27.32, 0|5, 39, N/A, 26.59, 0|6, 36, N/A, 28.03, 0|
01:00:25 0, 64, N/A, 150.04, 100|1, 62, N/A, 51.93, 55|2, 35, N/A, 28.81, 0|3, 37, N/A, 26.82, 0|4, 38, N/A, 27.32, 0|5, 39, N/A, 26.59, 0|6, 36, N/A, 28.03, 0|
01:00:27 0, 60, N/A, 43.80, 0|1, 61, N/A, 191.25, 100|2, 35, N/A, 28.79, 0|3, 37, N/A, 26.82, 0|4, 38, N/A, 27.32, 0|5, 39, N/A, 26.59, 0|6, 36, N/A, 28.03, 0|
01:00:29 0, 58, N/A, 42.82, 0|1, 63, N/A, 166.12, 100|2, 35, N/A, 28.81, 0|3, 37, N/A, 26.82, 0|4, 38, N/A, 27.32, 0|5, 39, N/A, 26.59, 0|6, 36, N/A, 27.79, 0|
01:00:31 0, 62, N/A, 179.97, 100|1, 64, N/A, 199.45, 100|2, 35, N/A, 28.79, 0|3, 37, N/A, 26.82, 0|4, 38, N/A, 27.32, 0|5, 39, N/A, 26.59, 0|6, 36, N/A, 27.79, 0|
01:00:33 0, 63, N/A, 155.91, 100|1, 58, N/A, 47.99, 0|2, 35, N/A, 28.81, 0|3, 37, N/A, 26.82, 0|4, 38, N/A, 27.32, 0|5, 39, N/A, 26.59, 0|6, 36, N/A, 27.79, 0|
01:00:36 0, 59, N/A, 43.06, 0|1, 62, N/A, 195.90, 100|2, 35, N/A, 28.81, 0|3, 37, N/A, 26.82, 0|4, 38, N/A, 27.33, 0|5, 39, N/A, 26.59, 0|6, 36, N/A, 27.79, 0|
01:00:38 0, 64, N/A, 177.78, 100|1, 63, N/A, 167.08, 100|2, 35, N/A, 28.81, 0|3, 38, N/A, 26.82, 0|4, 38, N/A, 27.32, 0|5, 39, N/A, 26.59, 0|6, 36, N/A, 27.79, 0|
01:00:40 0, 62, N/A, 44.79, 0|1, 61, N/A, 193.83, 81|2, 35, N/A, 28.79, 0|3, 37, N/A, 26.82, 0|4, 38, N/A, 27.32, 0|5, 39, N/A, 26.59, 0|6, 36, N/A, 28.03, 0|
01:00:42 0, 64, N/A, 177.52, 100|1, 64, N/A, 169.28, 100|2, 35, N/A, 28.55, 0|3, 37, N/A, 26.82, 0|4, 38, N/A, 27.32, 0|5, 39, N/A, 26.59, 0|6, 36, N/A, 28.03, 0|
01:00:44 0, 64, N/A, 180.63, 100|1, 60, N/A, 49.71, 0|2, 35, N/A, 28.81, 0|3, 37, N/A, 26.82, 0|4, 38, N/A, 27.32, 0|5, 39, N/A, 26.59, 0|6, 36, N/A, 28.03, 0|
01:00:46 0, 61, N/A, 43.56, 0|1, 64, N/A, 197.37, 100|2, 35, N/A, 28.81, 0|3, 37, N/A, 26.82, 0|4, 38, N/A, 27.33, 0|5, 39, N/A, 26.61, 0|6, 36, N/A, 28.05, 0|
01:00:48 0, 65, N/A, 149.29, 100|1, 64, N/A, 172.22, 100|2, 35, N/A, 28.79, 0|3, 38, N/A, 26.82, 0|4, 38, N/A, 27.56, 0|5, 39, N/A, 26.59, 0|6, 36, N/A, 28.03, 0|
01:00:50 0, 63, N/A, 45.53, 35|1, 62, N/A, 193.46, 43|2, 35, N/A, 28.79, 0|3, 37, N/A, 26.82, 0|4, 38, N/A, 27.32, 0|5, 39, N/A, 26.59, 0|6, 36, N/A, 28.03, 0|
01:00:52 0, 60, N/A, 43.56, 0|1, 65, N/A, 169.31, 100|2, 35, N/A, 28.81, 0|3, 38, N/A, 26.82, 0|4, 38, N/A, 27.58, 0|5, 39, N/A, 26.61, 0|6, 36, N/A, 27.81, 0|
01:00:54 0, 63, N/A, 179.73, 100|1, 65, N/A, 188.19, 100|2, 35, N/A, 28.79, 0|3, 38, N/A, 26.82, 0|4, 38, N/A, 27.32, 0|5, 39, N/A, 26.59, 0|6, 36, N/A, 27.79, 0|
01:00:56 0, 65, N/A, 159.74, 100|1, 61, N/A, 49.47, 0|2, 35, N/A, 28.81, 0|3, 38, N/A, 26.82, 0|4, 38, N/A, 27.32, 0|5, 39, N/A, 26.59, 0|6, 36, N/A, 28.03, 0|
01:00:58 0, 62, N/A, 44.55, 0|1, 63, N/A, 191.50, 100|2, 35, N/A, 28.81, 0|3, 38, N/A, 26.84, 0|4, 38, N/A, 27.58, 0|5, 39, N/A, 26.85, 0|6, 36, N/A, 27.81, 0|
01:01:01 0, 66, N/A, 182.91, 100|1, 65, N/A, 161.44, 100|2, 35, N/A, 28.81, 0|3, 38, N/A, 26.82, 0|4, 38, N/A, 27.32, 0|5, 39, N/A, 26.59, 0|6, 36, N/A, 28.03, 0|
01:01:03 0, 66, N/A, 156.31, 100|1, 61, N/A, 49.71, 0|2, 35, N/A, 28.81, 0|3, 38, N/A, 26.82, 0|4, 38, N/A, 27.56, 0|5, 39, N/A, 26.59, 0|6, 36, N/A, 28.03, 0|
01:01:05 0, 64, N/A, 179.85, 100|1, 65, N/A, 198.35, 100|2, 35, N/A, 28.81, 0|3, 38, N/A, 26.82, 0|4, 38, N/A, 27.32, 0|5, 39, N/A, 26.59, 0|6, 36, N/A, 28.03, 0|
01:01:07 0, 67, N/A, 172.00, 100|1, 65, N/A, 53.90, 100|2, 35, N/A, 28.81, 0|3, 38, N/A, 26.82, 0|4, 38, N/A, 27.32, 0|5, 40, N/A, 26.59, 0|6, 36, N/A, 27.79, 0|
01:01:09 0, 63, N/A, 45.28, 0|1, 64, N/A, 173.31, 100|2, 35, N/A, 28.81, 0|3, 38, N/A, 26.82, 0|4, 38, N/A, 27.58, 0|5, 39, N/A, 26.61, 0|6, 36, N/A, 28.05, 0|
01:01:11 0, 67, N/A, 182.91, 100|1, 66, N/A, 199.94, 100|2, 35, N/A, 28.79, 0|3, 38, N/A, 26.82, 0|4, 38, N/A, 27.56, 0|5, 40, N/A, 26.59, 0|6, 36, N/A, 27.79, 0|
01:01:13 0, 67, N/A, 173.95, 100|1, 62, N/A, 50.45, 0|2, 35, N/A, 28.81, 0|3, 38, N/A, 26.82, 0|4, 38, N/A, 27.32, 0|5, 40, N/A, 26.59, 0|6, 36, N/A, 28.04, 0|
01:01:15 0, 63, N/A, 44.54, 0|1, 66, N/A, 193.95, 100|2, 35, N/A, 28.81, 0|3, 38, N/A, 26.82, 0|4, 38, N/A, 27.58, 0|5, 39, N/A, 26.59, 0|6, 36, N/A, 28.05, 0|
01:01:17 0, 61, N/A, 38.17, 0|1, 67, N/A, 177.62, 100|2, 35, N/A, 28.81, 0|3, 38, N/A, 26.84, 0|4, 38, N/A, 27.58, 0|5, 40, N/A, 26.61, 0|6, 36, N/A, 28.05, 0|
01:01:19 0, 67, N/A, 182.05, 100|1, 64, N/A, 52.17, 6|2, 35, N/A, 28.81, 0|3, 38, N/A, 26.82, 0|4, 38, N/A, 27.56, 0|5, 39, N/A, 26.59, 0|6, 36, N/A, 28.03, 0|
01:01:21 0, 67, N/A, 148.64, 100|1, 61, N/A, 49.00, 0|2, 35, N/A, 28.83, 0|3, 38, N/A, 26.84, 0|4, 38, N/A, 27.58, 0|5, 40, N/A, 26.61, 0|6, 36, N/A, 28.05, 0|
01:01:24 0, 65, N/A, 178.88, 100|1, 66, N/A, 154.53, 100|2, 35, N/A, 28.83, 0|3, 38, N/A, 26.84, 0|4, 38, N/A, 27.58, 0|5, 40, N/A, 26.61, 0|6, 36, N/A, 28.05, 0|
01:01:26 0, 67, N/A, 182.17, 100|1, 63, N/A, 51.96, 0|2, 35, N/A, 28.83, 0|3, 38, N/A, 26.84, 0|4, 38, N/A, 27.33, 0|5, 39, N/A, 26.61, 0|6, 36, N/A, 28.06, 0|
01:01:28 0, 62, N/A, 44.57, 0|1, 65, N/A, 166.31, 100|2, 35, N/A, 28.83, 0|3, 38, N/A, 26.86, 0|4, 38, N/A, 27.60, 0|5, 39, N/A, 26.63, 0|6, 36, N/A, 27.83, 0|
01:01:30 0, 66, N/A, 190.85, 100|1, 66, N/A, 163.85, 100|2, 35, N/A, 28.83, 0|3, 38, N/A, 26.84, 0|4, 38, N/A, 27.58, 0|5, 39, N/A, 26.61, 0|6, 36, N/A, 28.05, 0|
01:01:32 0, 67, N/A, 184.13, 100|1, 61, N/A, 50.02, 0|2, 35, N/A, 28.84, 0|3, 38, N/A, 26.86, 0|4, 38, N/A, 27.35, 0|5, 39, N/A, 26.63, 0|6, 36, N/A, 28.07, 0|
01:01:34 0, 65, N/A, 182.05, 100|1, 66, N/A, 205.93, 100|2, 35, N/A, 28.83, 0|3, 38, N/A, 26.84, 0|4, 38, N/A, 27.58, 0|5, 39, N/A, 26.61, 0|6, 36, N/A, 28.05, 0|
01:01:36 0, 66, N/A, 156.76, 100|1, 64, N/A, 52.95, 74|2, 35, N/A, 28.84, 0|3, 38, N/A, 26.84, 0|4, 38, N/A, 27.33, 0|5, 39, N/A, 26.61, 0|6, 36, N/A, 28.06, 0|
01:01:38 0, 62, N/A, 44.82, 0|1, 64, N/A, 196.52, 100|2, 35, N/A, 28.83, 0|3, 38, N/A, 26.84, 0|4, 38, N/A, 27.35, 0|5, 39, N/A, 26.63, 0|6, 36, N/A, 28.05, 0|
01:01:40 0, 61, N/A, 43.61, 0|1, 66, N/A, 175.78, 100|2, 35, N/A, 28.83, 0|3, 38, N/A, 26.86, 0|4, 38, N/A, 27.60, 0|5, 39, N/A, 26.63, 0|6, 36, N/A, 28.07, 0|
01:01:42 0, 64, N/A, 179.70, 100|1, 66, N/A, 198.94, 100|2, 35, N/A, 28.83, 0|3, 38, N/A, 26.84, 0|4, 38, N/A, 27.58, 0|5, 39, N/A, 26.61, 0|6, 36, N/A, 28.05, 0|
01:01:44 0, 65, N/A, 194.07, 100|1, 60, N/A, 49.25, 0|2, 35, N/A, 28.84, 0|3, 38, N/A, 26.84, 0|4, 38, N/A, 27.35, 0|5, 39, N/A, 26.61, 0|6, 36, N/A, 28.07, 0|
01:01:46 0, 61, N/A, 43.86, 0|1, 63, N/A, 166.56, 100|2, 35, N/A, 28.83, 0|3, 37, N/A, 26.84, 0|4, 38, N/A, 27.35, 0|5, 39, N/A, 26.61, 0|6, 36, N/A, 28.05, 0|
01:01:49 0, 64, N/A, 179.60, 100|1, 65, N/A, 199.58, 100|2, 35, N/A, 28.83, 0|3, 38, N/A, 26.84, 0|4, 38, N/A, 27.33, 0|5, 39, N/A, 26.61, 0|6, 36, N/A, 28.05, 0|
01:01:51 0, 66, N/A, 183.40, 100|1, 60, N/A, 49.01, 0|2, 35, N/A, 28.84, 0|3, 37, N/A, 26.84, 0|4, 38, N/A, 27.35, 0|5, 39, N/A, 26.63, 0|6, 36, N/A, 28.07, 0|
01:01:53 0, 64, N/A, 155.52, 100|1, 64, N/A, 163.36, 100|2, 35, N/A, 28.83, 0|3, 37, N/A, 26.84, 0|4, 38, N/A, 27.33, 0|5, 39, N/A, 26.61, 0|6, 36, N/A, 28.05, 0|
01:01:55 0, 65, N/A, 192.36, 100|1, 62, N/A, 51.22, 0|2, 35, N/A, 28.84, 0|3, 38, N/A, 26.84, 0|4, 38, N/A, 27.35, 0|5, 39, N/A, 26.63, 0|6, 36, N/A, 28.06, 0|
01:01:57 0, 61, N/A, 44.08, 0|1, 63, N/A, 195.30, 100|2, 35, N/A, 28.83, 0|3, 38, N/A, 26.84, 0|4, 38, N/A, 27.35, 0|5, 39, N/A, 26.61, 0|6, 36, N/A, 28.05, 0|
01:01:59 0, 65, N/A, 182.79, 100|1, 64, N/A, 172.33, 100|2, 35, N/A, 28.83, 0|3, 38, N/A, 26.84, 0|4, 38, N/A, 27.33, 0|5, 39, N/A, 26.61, 0|6, 36, N/A, 28.05, 0|
01:02:01 0, 65, N/A, 145.55, 100|1, 60, N/A, 49.28, 0|2, 35, N/A, 28.85, 0|3, 38, N/A, 26.86, 0|4, 38, N/A, 27.35, 0|5, 39, N/A, 26.63, 0|6, 36, N/A, 28.07, 0|
01:02:03 0, 60, N/A, 43.58, 0|1, 63, N/A, 193.58, 100|2, 35, N/A, 28.83, 0|3, 37, N/A, 26.84, 0|4, 38, N/A, 27.35, 0|5, 39, N/A, 26.61, 0|6, 36, N/A, 28.05, 0|
01:02:05 0, 59, N/A, 37.45, 0|1, 64, N/A, 198.12, 100|2, 35, N/A, 28.58, 0|3, 38, N/A, 26.84, 0|4, 38, N/A, 27.35, 0|5, 39, N/A, 26.63, 0|6, 36, N/A, 27.83, 0|
01:02:07 0, 63, N/A, 161.27, 100|1, 61, N/A, 49.99, 0|2, 35, N/A, 28.83, 0|3, 38, N/A, 26.84, 0|4, 38, N/A, 27.33, 0|5, 39, N/A, 26.61, 0|6, 36, N/A, 27.81, 0|
01:02:09 0, 64, N/A, 182.08, 100|1, 58, N/A, 48.27, 0|2, 35, N/A, 28.83, 0|3, 37, N/A, 26.84, 0|4, 38, N/A, 27.33, 0|5, 39, N/A, 26.61, 0|6, 36, N/A, 28.05, 0|
01:02:12 0, 63, N/A, 179.23, 100|1, 63, N/A, 160.66, 100|2, 35, N/A, 28.58, 0|3, 37, N/A, 26.84, 0|4, 38, N/A, 27.33, 0|5, 39, N/A, 26.61, 0|6, 36, N/A, 28.05, 0|
01:02:14 0, 64, N/A, 147.51, 100|1, 62, N/A, 51.50, 32|2, 35, N/A, 28.84, 0|3, 37, N/A, 26.84, 0|4, 38, N/A, 27.35, 0|5, 39, N/A, 26.61, 0|6, 36, N/A, 27.81, 0|
01:02:16 0, 61, N/A, 43.34, 0|1, 61, N/A, 188.44, 100|2, 35, N/A, 28.83, 0|3, 37, N/A, 26.84, 0|4, 38, N/A, 27.35, 0|5, 39, N/A, 26.63, 0|6, 36, N/A, 28.07, 0|
01:02:18 0, 64, N/A, 181.56, 100|1, 63, N/A, 196.74, 100|2, 35, N/A, 28.56, 0|3, 37, N/A, 26.84, 0|4, 38, N/A, 27.33, 0|5, 39, N/A, 26.61, 0|6, 36, N/A, 27.81, 0|
01:02:20 0, 65, N/A, 178.00, 100|1, 59, N/A, 48.51, 0|2, 35, N/A, 28.58, 0|3, 37, N/A, 26.84, 0|4, 38, N/A, 27.35, 0|5, 39, N/A, 26.61, 0|6, 36, N/A, 28.06, 0|
01:02:22 0, 59, N/A, 43.10, 0|1, 62, N/A, 167.46, 100|2, 35, N/A, 28.81, 0|3, 37, N/A, 26.84, 0|4, 38, N/A, 27.33, 0|5, 39, N/A, 26.61, 0|6, 36, N/A, 28.05, 0|
01:02:24 0, 63, N/A, 151.84, 100|1, 63, N/A, 192.60, 100|2, 35, N/A, 28.83, 0|3, 37, N/A, 26.84, 0|4, 38, N/A, 27.33, 0|5, 39, N/A, 26.61, 0|6, 36, N/A, 28.05, 0|
01:02:26 0, 62, N/A, 44.57, 45|1, 60, N/A, 192.36, 100|2, 35, N/A, 28.58, 0|3, 37, N/A, 26.86, 0|4, 38, N/A, 27.35, 0|5, 39, N/A, 26.63, 0|6, 36, N/A, 28.07, 0|
01:02:28 0, 59, N/A, 42.13, 0|1, 63, N/A, 197.75, 100|2, 35, N/A, 28.58, 0|3, 37, N/A, 26.86, 0|4, 38, N/A, 27.35, 0|5, 39, N/A, 26.63, 0|6, 36, N/A, 28.07, 0|
01:02:30 0, 60, N/A, 170.86, 66|1, 63, N/A, 198.60, 100|2, 35, N/A, 28.81, 0|3, 37, N/A, 26.84, 0|4, 38, N/A, 27.33, 0|5, 39, N/A, 26.61, 0|6, 36, N/A, 27.81, 0|
01:02:32 0, 63, N/A, 181.43, 100|1, 59, N/A, 48.51, 0|2, 35, N/A, 28.58, 0|3, 37, N/A, 26.84, 0|4, 38, N/A, 27.33, 0|5, 39, N/A, 26.61, 0|6, 36, N/A, 28.05, 0|
01:02:34 0, 60, N/A, 44.08, 0|1, 60, N/A, 190.38, 100|2, 35, N/A, 28.83, 0|3, 37, N/A, 26.84, 0|4, 38, N/A, 27.35, 0|5, 39, N/A, 26.63, 0|6, 36, N/A, 28.07, 0|
01:02:37 0, 62, N/A, 171.37, 100|1, 62, N/A, 168.66, 100|2, 35, N/A, 28.83, 0|3, 37, N/A, 26.84, 0|4, 38, N/A, 27.33, 0|5, 39, N/A, 26.61, 0|6, 36, N/A, 27.81, 0|
01:02:39 0, 63, N/A, 176.51, 100|1, 59, N/A, 48.76, 0|2, 35, N/A, 28.58, 0|3, 37, N/A, 26.84, 0|4, 38, N/A, 27.35, 0|5, 39, N/A, 26.88, 0|6, 36, N/A, 28.07, 0|
01:02:41 0, 59, N/A, 43.09, 0|1, 62, N/A, 193.34, 100|2, 35, N/A, 28.83, 0|3, 37, N/A, 26.84, 0|4, 38, N/A, 27.35, 0|5, 39, N/A, 26.61, 0|6, 36, N/A, 27.83, 0|
01:02:43 0, 63, N/A, 181.80, 100|1, 63, N/A, 196.39, 100|2, 35, N/A, 28.56, 0|3, 37, N/A, 26.84, 0|4, 38, N/A, 27.33, 0|5, 39, N/A, 26.61, 0|6, 36, N/A, 28.05, 0|
01:02:45 0, 64, N/A, 153.32, 100|1, 58, N/A, 48.02, 0|2, 35, N/A, 28.58, 0|3, 37, N/A, 26.84, 0|4, 38, N/A, 27.33, 0|5, 39, N/A, 26.61, 0|6, 36, N/A, 27.81, 0|
01:02:47 0, 62, N/A, 156.26, 100|1, 62, N/A, 166.21, 100|2, 35, N/A, 28.56, 0|3, 37, N/A, 26.84, 0|4, 38, N/A, 27.33, 0|5, 39, N/A, 26.61, 0|6, 36, N/A, 27.81, 0|
01:02:49 0, 63, N/A, 165.82, 100|1, 60, N/A, 50.48, 3|2, 35, N/A, 28.83, 0|3, 37, N/A, 26.59, 0|4, 38, N/A, 27.33, 0|5, 39, N/A, 26.61, 0|6, 36, N/A, 28.06, 0|
01:02:51 0, 60, N/A, 43.56, 0|1, 61, N/A, 191.01, 100|2, 35, N/A, 28.56, 0|3, 37, N/A, 26.84, 0|4, 38, N/A, 27.33, 0|5, 39, N/A, 26.61, 0|6, 36, N/A, 27.81, 0|
01:02:53 0, 58, N/A, 42.33, 0|1, 63, N/A, 197.62, 100|2, 35, N/A, 28.56, 0|3, 37, N/A, 26.82, 0|4, 38, N/A, 27.33, 0|5, 39, N/A, 26.61, 0|6, 36, N/A, 27.81, 0|
01:02:55 0, 61, N/A, 141.68, 100|1, 63, N/A, 198.71, 100|2, 35, N/A, 28.55, 0|3, 37, N/A, 26.82, 0|4, 37, N/A, 27.32, 0|5, 39, N/A, 26.59, 0|6, 36, N/A, 28.03, 0|
01:02:57 0, 63, N/A, 178.01, 100|1, 58, N/A, 47.74, 0|2, 35, N/A, 28.56, 0|3, 37, N/A, 26.81, 0|4, 37, N/A, 27.30, 0|5, 39, N/A, 26.58, 0|6, 36, N/A, 27.79, 0|
01:02:59 0, 59, N/A, 43.06, 0|1, 61, N/A, 194.92, 100|2, 35, N/A, 28.56, 0|3, 37, N/A, 26.82, 0|4, 38, N/A, 27.32, 0|5, 39, N/A, 26.59, 0|6, 36, N/A, 28.03, 0|
01:03:02 0, 63, N/A, 182.42, 100|1, 62, N/A, 184.03, 100|2, 35, N/A, 28.55, 0|3, 37, N/A, 26.81, 0|4, 37, N/A, 27.31, 0|5, 39, N/A, 26.58, 0|6, 36, N/A, 28.03, 0|
01:03:04 0, 63, N/A, 177.29, 100|1, 58, N/A, 47.99, 0|2, 35, N/A, 28.56, 0|3, 37, N/A, 26.82, 0|4, 37, N/A, 27.32, 0|5, 39, N/A, 26.59, 0|6, 36, N/A, 28.03, 0|
01:03:06 0, 58, N/A, 124.66, 0|1, 61, N/A, 191.73, 100|2, 35, N/A, 28.81, 0|3, 37, N/A, 26.82, 0|4, 38, N/A, 27.32, 0|5, 39, N/A, 26.59, 0|6, 35, N/A, 27.79, 0|
01:03:08 0, 63, N/A, 148.54, 100|1, 62, N/A, 193.46, 100|2, 35, N/A, 28.56, 0|3, 37, N/A, 26.82, 0|4, 37, N/A, 27.32, 0|5, 39, N/A, 26.59, 0|6, 36, N/A, 27.79, 0|
01:03:10 0, 61, N/A, 44.54, 53|1, 59, N/A, 190.27, 14|2, 35, N/A, 28.56, 0|3, 37, N/A, 26.82, 0|4, 38, N/A, 27.33, 0|5, 39, N/A, 26.61, 0|6, 36, N/A, 27.81, 0|
01:03:12 0, 62, N/A, 179.73, 100|1, 62, N/A, 196.26, 100|2, 35, N/A, 28.55, 0|3, 37, N/A, 26.82, 0|4, 38, N/A, 27.32, 0|5, 39, N/A, 26.59, 0|6, 35, N/A, 27.79, 0|
01:03:14 0, 64, N/A, 180.58, 100|1, 59, N/A, 49.22, 0|2, 35, N/A, 28.56, 0|3, 37, N/A, 26.82, 0|4, 37, N/A, 27.32, 0|5, 39, N/A, 26.59, 0|6, 35, N/A, 27.79, 0|
01:03:16 0, 59, N/A, 43.06, 0|1, 61, N/A, 192.61, 100|2, 35, N/A, 28.79, 0|3, 37, N/A, 26.82, 0|4, 37, N/A, 27.32, 0|5, 39, N/A, 26.59, 0|6, 36, N/A, 28.03, 0|
01:03:18 0, 58, N/A, 42.33, 0|1, 62, N/A, 175.07, 100|2, 35, N/A, 28.56, 0|3, 37, N/A, 26.82, 0|4, 37, N/A, 27.32, 0|5, 39, N/A, 26.59, 0|6, 35, N/A, 28.03, 0|
01:03:20 0, 61, N/A, 179.10, 100|1, 63, N/A, 196.12, 100|2, 35, N/A, 28.56, 0|3, 37, N/A, 26.82, 0|4, 37, N/A, 27.32, 0|5, 39, N/A, 26.59, 0|6, 36, N/A, 27.79, 0|
01:03:22 0, 63, N/A, 178.87, 100|1, 57, N/A, 47.50, 0|2, 35, N/A, 28.81, 0|3, 37, N/A, 26.82, 0|4, 37, N/A, 27.32, 0|5, 39, N/A, 26.59, 0|6, 35, N/A, 27.79, 0|
01:03:24 0, 59, N/A, 42.82, 0|1, 60, N/A, 190.75, 100|2, 35, N/A, 28.79, 0|3, 37, N/A, 26.58, 0|4, 37, N/A, 27.32, 0|5, 39, N/A, 26.59, 0|6, 36, N/A, 28.03, 0|
01:03:27 0, 62, N/A, 184.62, 100|1, 61, N/A, 154.34, 100|2, 35, N/A, 28.79, 0|3, 37, N/A, 26.58, 0|4, 37, N/A, 27.32, 0|5, 39, N/A, 26.59, 0|6, 36, N/A, 28.03, 0|
01:03:29 0, 62, N/A, 156.55, 100|1, 57, N/A, 47.74, 0|2, 35, N/A, 28.81, 0|3, 37, N/A, 26.82, 0|4, 37, N/A, 27.32, 0|5, 39, N/A, 26.59, 0|6, 35, N/A, 27.79, 0|
01:03:31 0, 60, N/A, 155.32, 46|1, 61, N/A, 191.86, 100|2, 35, N/A, 28.79, 0|3, 37, N/A, 26.82, 0|4, 37, N/A, 27.32, 0|5, 39, N/A, 26.59, 0|6, 36, N/A, 27.79, 0|
01:03:33 0, 63, N/A, 179.24, 100|1, 62, N/A, 196.26, 100|2, 35, N/A, 28.79, 0|3, 37, N/A, 26.82, 0|4, 37, N/A, 27.32, 0|5, 39, N/A, 26.59, 0|6, 36, N/A, 27.79, 0|
01:03:35 0, 60, N/A, 44.29, 0|1, 59, N/A, 192.72, 83|2, 35, N/A, 28.55, 0|3, 37, N/A, 26.82, 0|4, 37, N/A, 27.32, 0|5, 39, N/A, 26.59, 0|6, 35, N/A, 27.79, 0|
01:03:37 0, 62, N/A, 179.48, 100|1, 62, N/A, 197.10, 100|2, 35, N/A, 28.55, 0|3, 37, N/A, 26.58, 0|4, 37, N/A, 27.32, 0|5, 39, N/A, 26.59, 0|6, 36, N/A, 28.03, 0|
01:03:39 0, 63, N/A, 181.72, 100|1, 59, N/A, 48.73, 0|2, 35, N/A, 28.56, 0|3, 37, N/A, 26.82, 0|4, 37, N/A, 27.32, 0|5, 39, N/A, 26.59, 0|6, 35, N/A, 27.79, 0|
01:03:41 0, 59, N/A, 43.06, 0|1, 61, N/A, 190.50, 100|2, 35, N/A, 28.56, 0|3, 37, N/A, 26.82, 0|4, 37, N/A, 27.33, 0|5, 39, N/A, 26.61, 0|6, 35, N/A, 28.05, 0|
01:03:43 0, 57, N/A, 36.69, 0|1, 62, N/A, 156.64, 100|2, 35, N/A, 28.81, 0|3, 37, N/A, 26.82, 0|4, 37, N/A, 27.32, 0|5, 39, N/A, 26.59, 0|6, 36, N/A, 27.79, 0|
01:03:45 0, 61, N/A, 180.71, 100|1, 62, N/A, 196.36, 100|2, 35, N/A, 28.56, 0|3, 37, N/A, 26.82, 0|4, 37, N/A, 27.32, 0|5, 39, N/A, 26.59, 0|6, 36, N/A, 27.79, 0|
01:03:47 0, 62, N/A, 180.12, 100|1, 57, N/A, 47.52, 0|2, 35, N/A, 28.58, 0|3, 37, N/A, 26.58, 0|4, 37, N/A, 27.33, 0|5, 39, N/A, 26.61, 0|6, 36, N/A, 28.05, 0|
01:03:50 0, 58, N/A, 42.85, 0|1, 61, N/A, 176.76, 100|2, 35, N/A, 28.58, 0|3, 37, N/A, 26.86, 0|4, 37, N/A, 27.35, 0|5, 39, N/A, 26.63, 0|6, 35, N/A, 28.07, 0|
01:03:52 0, 63, N/A, 176.28, 100|1, 62, N/A, 163.11, 100|2, 35, N/A, 28.58, 0|3, 37, N/A, 26.84, 0|4, 38, N/A, 27.33, 0|5, 39, N/A, 26.61, 0|6, 36, N/A, 28.05, 0|
01:03:54 0, 63, N/A, 157.09, 100|1, 58, N/A, 48.05, 0|2, 35, N/A, 28.60, 0|3, 37, N/A, 26.86, 0|4, 37, N/A, 27.35, 0|5, 39, N/A, 26.63, 0|6, 36, N/A, 28.07, 0|
01:03:56 0, 59, N/A, 89.73, 0|1, 61, N/A, 184.15, 100|2, 35, N/A, 28.56, 0|3, 37, N/A, 26.84, 0|4, 38, N/A, 27.33, 0|5, 39, N/A, 26.61, 0|6, 36, N/A, 28.05, 0|
01:03:58 0, 63, N/A, 149.62, 100|1, 62, N/A, 190.63, 100|2, 35, N/A, 28.58, 0|3, 37, N/A, 26.84, 0|4, 38, N/A, 27.33, 0|5, 39, N/A, 26.61, 0|6, 36, N/A, 27.81, 0|
01:04:00 0, 63, N/A, 45.83, 66|1, 59, N/A, 162.74, 14|2, 35, N/A, 28.85, 0|3, 37, N/A, 26.86, 0|4, 38, N/A, 27.35, 0|5, 39, N/A, 26.63, 0|6, 36, N/A, 28.07, 0|
01:04:02 0, 63, N/A, 150.44, 100|1, 63, N/A, 189.42, 100|2, 35, N/A, 28.58, 0|3, 37, N/A, 26.84, 0|4, 38, N/A, 27.33, 0|5, 39, N/A, 26.61, 0|6, 36, N/A, 28.05, 0|
01:04:04 0, 64, N/A, 168.70, 100|1, 61, N/A, 50.73, 0|2, 35, N/A, 28.84, 0|3, 37, N/A, 26.84, 0|4, 38, N/A, 27.35, 0|5, 39, N/A, 26.61, 0|6, 36, N/A, 27.83, 0|
01:04:06 0, 61, N/A, 43.86, 0|1, 62, N/A, 194.56, 100|2, 35, N/A, 28.83, 0|3, 37, N/A, 26.86, 0|4, 38, N/A, 27.35, 0|5, 39, N/A, 26.63, 0|6, 36, N/A, 27.83, 0|
01:04:08 0, 59, N/A, 42.38, 0|1, 64, N/A, 198.48, 100|2, 35, N/A, 28.83, 0|3, 37, N/A, 26.86, 0|4, 38, N/A, 27.35, 0|5, 39, N/A, 26.63, 0|6, 36, N/A, 27.83, 0|
01:04:10 0, 62, N/A, 146.27, 100|1, 65, N/A, 197.99, 100|2, 35, N/A, 28.83, 0|3, 37, N/A, 26.84, 0|4, 38, N/A, 27.33, 0|5, 39, N/A, 26.61, 0|6, 36, N/A, 28.05, 0|
01:04:12 0, 64, N/A, 149.96, 100|1, 60, N/A, 49.03, 0|2, 35, N/A, 28.85, 0|3, 37, N/A, 26.86, 0|4, 38, N/A, 27.35, 0|5, 39, N/A, 26.63, 0|6, 36, N/A, 27.83, 0|
01:04:15 0, 62, N/A, 44.35, 0|1, 62, N/A, 151.93, 100|2, 35, N/A, 28.83, 0|3, 37, N/A, 26.86, 0|4, 38, N/A, 27.35, 0|5, 39, N/A, 26.63, 0|6, 36, N/A, 28.07, 0|
01:04:17 0, 64, N/A, 179.37, 100|1, 64, N/A, 162.14, 100|2, 35, N/A, 28.83, 0|3, 37, N/A, 26.84, 0|4, 38, N/A, 27.33, 0|5, 39, N/A, 26.86, 0|6, 36, N/A, 27.81, 0|
01:04:19 0, 65, N/A, 158.97, 100|1, 61, N/A, 50.02, 0|2, 35, N/A, 28.85, 0|3, 38, N/A, 26.84, 0|4, 38, N/A, 27.35, 0|5, 39, N/A, 26.88, 0|6, 36, N/A, 28.07, 0|
01:04:21 0, 61, N/A, 44.11, 0|1, 64, N/A, 187.07, 100|2, 35, N/A, 28.83, 0|3, 38, N/A, 26.86, 0|4, 38, N/A, 27.35, 0|5, 39, N/A, 26.63, 0|6, 36, N/A, 28.07, 0|
01:04:23 0, 65, N/A, 165.24, 100|1, 65, N/A, 198.94, 100|2, 35, N/A, 28.83, 0|3, 38, N/A, 26.84, 0|4, 38, N/A, 27.33, 0|5, 39, N/A, 26.61, 0|6, 36, N/A, 27.81, 0|
01:04:25 0, 66, N/A, 179.96, 100|1, 61, N/A, 49.77, 0|2, 35, N/A, 28.84, 0|3, 38, N/A, 26.86, 0|4, 38, N/A, 27.35, 0|5, 39, N/A, 26.88, 0|6, 36, N/A, 28.07, 0|
01:04:27 0, 63, N/A, 166.80, 81|1, 65, N/A, 198.37, 100|2, 35, N/A, 28.83, 0|3, 38, N/A, 26.84, 0|4, 38, N/A, 27.33, 0|5, 39, N/A, 26.61, 0|6, 36, N/A, 28.05, 0|
01:04:29 0, 66, N/A, 182.15, 100|1, 66, N/A, 199.84, 100|2, 35, N/A, 28.83, 0|3, 38, N/A, 26.84, 0|4, 38, N/A, 27.33, 0|5, 39, N/A, 26.61, 0|6, 36, N/A, 28.05, 0|
01:04:31 0, 64, N/A, 46.05, 0|1, 63, N/A, 194.32, 71|2, 35, N/A, 28.83, 0|3, 38, N/A, 26.86, 0|4, 38, N/A, 27.35, 0|5, 39, N/A, 26.63, 0|6, 36, N/A, 28.07, 0|
01:04:33 0, 62, N/A, 43.83, 0|1, 66, N/A, 200.20, 100|2, 35, N/A, 28.83, 0|3, 38, N/A, 26.86, 0|4, 38, N/A, 27.35, 0|5, 39, N/A, 26.63, 0|6, 36, N/A, 28.07, 0|
01:04:35 0, 61, N/A, 38.44, 0|1, 67, N/A, 187.33, 100|2, 35, N/A, 28.83, 0|3, 38, N/A, 26.86, 0|4, 38, N/A, 27.35, 0|5, 39, N/A, 26.63, 0|6, 36, N/A, 28.07, 0|
01:04:38 0, 66, N/A, 157.01, 100|1, 63, N/A, 51.47, 0|2, 35, N/A, 28.84, 0|3, 38, N/A, 26.84, 0|4, 38, N/A, 27.35, 0|5, 39, N/A, 26.61, 0|6, 36, N/A, 28.07, 0|
01:04:40 0, 67, N/A, 64.74, 100|1, 61, N/A, 148.49, 0|2, 35, N/A, 28.83, 0|3, 38, N/A, 26.86, 0|4, 38, N/A, 27.35, 0|5, 39, N/A, 26.63, 0|6, 36, N/A, 28.07, 0|
01:04:42 0, 65, N/A, 166.97, 100|1, 66, N/A, 153.79, 100|2, 35, N/A, 28.83, 0|3, 38, N/A, 26.84, 0|4, 38, N/A, 27.33, 0|5, 39, N/A, 26.61, 0|6, 36, N/A, 28.05, 0|
01:04:44 0, 67, N/A, 157.74, 100|1, 65, N/A, 53.69, 56|2, 35, N/A, 28.84, 0|3, 38, N/A, 26.84, 0|4, 38, N/A, 27.35, 0|5, 40, N/A, 26.63, 0|6, 36, N/A, 28.06, 0|
01:04:46 0, 64, N/A, 45.56, 0|1, 65, N/A, 158.95, 100|2, 35, N/A, 28.83, 0|3, 38, N/A, 26.86, 0|4, 38, N/A, 27.35, 0|5, 39, N/A, 26.63, 0|6, 36, N/A, 28.07, 0|
01:04:48 0, 66, N/A, 151.09, 100|1, 66, N/A, 182.54, 100|2, 35, N/A, 28.83, 0|3, 38, N/A, 26.84, 0|4, 38, N/A, 27.33, 0|5, 40, N/A, 26.61, 0|6, 36, N/A, 28.05, 0|
01:04:50 0, 67, N/A, 177.74, 100|1, 63, N/A, 51.47, 0|2, 35, N/A, 28.84, 0|3, 38, N/A, 26.84, 0|4, 38, N/A, 27.60, 0|5, 39, N/A, 26.63, 0|6, 36, N/A, 28.07, 0|
01:04:52 0, 63, N/A, 44.57, 0|1, 65, N/A, 160.43, 100|2, 35, N/A, 28.83, 0|3, 38, N/A, 26.84, 0|4, 38, N/A, 27.60, 0|5, 39, N/A, 26.61, 0|6, 36, N/A, 28.05, 0|
01:04:54 0, 66, N/A, 150.36, 100|1, 66, N/A, 198.61, 100|2, 35, N/A, 28.83, 0|3, 38, N/A, 26.84, 0|4, 38, N/A, 27.58, 0|5, 39, N/A, 26.61, 0|6, 36, N/A, 28.05, 0|
01:04:56 0, 67, N/A, 180.70, 100|1, 62, N/A, 50.51, 0|2, 35, N/A, 28.84, 0|3, 38, N/A, 26.86, 0|4, 38, N/A, 27.35, 0|5, 39, N/A, 26.63, 0|6, 36, N/A, 28.07, 0|
01:04:58 0, 62, N/A, 44.35, 0|1, 65, N/A, 168.52, 100|2, 35, N/A, 28.83, 0|3, 38, N/A, 26.86, 0|4, 38, N/A, 27.35, 0|5, 39, N/A, 26.63, 0|6, 36, N/A, 28.07, 0|
01:05:00 0, 61, N/A, 43.86, 0|1, 66, N/A, 185.11, 100|2, 35, N/A, 28.83, 0|3, 38, N/A, 26.86, 0|4, 38, N/A, 27.35, 0|5, 39, N/A, 26.63, 0|6, 36, N/A, 27.83, 0|
01:05:03 0, 65, N/A, 182.93, 100|1, 64, N/A, 52.73, 25|2, 35, N/A, 28.85, 0|3, 38, N/A, 26.84, 0|4, 38, N/A, 27.60, 0|5, 39, N/A, 26.61, 0|6, 36, N/A, 28.07, 0|
01:05:05 0, 66, N/A, 183.40, 100|1, 60, N/A, 49.50, 0|2, 35, N/A, 28.83, 0|3, 38, N/A, 26.84, 0|4, 38, N/A, 27.33, 0|5, 39, N/A, 26.86, 0|6, 36, N/A, 28.05, 0|
01:05:07 0, 61, N/A, 43.83, 0|1, 64, N/A, 198.12, 100|2, 35, N/A, 28.81, 0|3, 37, N/A, 26.84, 0|4, 38, N/A, 27.33, 0|5, 39, N/A, 26.61, 0|6, 36, N/A, 28.05, 0|
01:05:09 0, 60, N/A, 43.83, 0|1, 65, N/A, 200.82, 100|2, 35, N/A, 28.81, 0|3, 38, N/A, 26.84, 0|4, 38, N/A, 27.35, 0|5, 39, N/A, 26.61, 0|6, 36, N/A, 28.07, 0|
01:05:11 0, 63, N/A, 156.60, 100|1, 61, N/A, 50.02, 0|2, 35, N/A, 28.85, 0|3, 38, N/A, 26.84, 0|4, 38, N/A, 27.35, 0|5, 39, N/A, 26.61, 0|6, 36, N/A, 28.07, 0|
01:05:13 0, 64, N/A, 155.29, 100|1, 59, N/A, 48.54, 0|2, 35, N/A, 28.85, 0|3, 37, N/A, 26.84, 0|4, 38, N/A, 27.35, 0|5, 39, N/A, 26.61, 0|6, 36, N/A, 28.07, 0|
01:05:15 0, 61, N/A, 44.35, 0|1, 61, N/A, 183.30, 100|2, 35, N/A, 28.83, 0|3, 37, N/A, 26.86, 0|4, 38, N/A, 27.35, 0|5, 39, N/A, 26.88, 0|6, 36, N/A, 28.07, 0|
01:05:17 0, 59, N/A, 42.36, 0|1, 63, N/A, 203.02, 100|2, 35, N/A, 28.83, 0|3, 38, N/A, 26.84, 0|4, 38, N/A, 27.35, 0|5, 39, N/A, 26.63, 0|6, 36, N/A, 28.07, 0|
01:05:19 0, 59, N/A, 151.93, 0|1, 62, N/A, 51.22, 37|2, 35, N/A, 28.83, 0|3, 37, N/A, 26.84, 0|4, 38, N/A, 27.33, 0|5, 39, N/A, 26.61, 0|6, 36, N/A, 28.05, 0|
01:05:21 0, 61, N/A, 126.73, 33|1, 62, N/A, 141.95, 51|2, 35, N/A, 28.83, 0|3, 37, N/A, 26.86, 0|4, 38, N/A, 27.35, 0|5, 39, N/A, 26.63, 0|6, 36, N/A, 28.07, 0|
01:05:23 0, 60, N/A, 44.60, 50|1, 63, N/A, 205.23, 43|2, 35, N/A, 28.83, 0|3, 37, N/A, 26.86, 0|4, 38, N/A, 27.35, 0|5, 39, N/A, 26.63, 0|6, 36, N/A, 28.07, 0|
01:05:25 0, 61, N/A, 188.93, 36|1, 61, N/A, 51.22, 55|2, 35, N/A, 28.58, 0|3, 37, N/A, 26.84, 0|4, 38, N/A, 27.35, 0|5, 39, N/A, 26.61, 0|6, 36, N/A, 28.05, 0|
01:05:28 0, 60, N/A, 44.33, 52|1, 62, N/A, 208.04, 43|2, 35, N/A, 28.58, 0|3, 37, N/A, 26.86, 0|4, 38, N/A, 27.35, 0|5, 39, N/A, 26.63, 0|6, 36, N/A, 27.83, 0|
01:05:30 0, 61, N/A, 193.09, 36|1, 61, N/A, 51.22, 43|2, 35, N/A, 28.84, 0|3, 37, N/A, 26.84, 0|4, 38, N/A, 27.35, 0|5, 39, N/A, 26.63, 0|6, 36, N/A, 28.07, 0|
01:05:32 0, 59, N/A, 44.35, 52|1, 62, N/A, 215.76, 43|2, 35, N/A, 28.58, 0|3, 37, N/A, 26.86, 0|4, 38, N/A, 27.35, 0|5, 39, N/A, 26.63, 0|6, 36, N/A, 28.07, 0|
01:05:34 0, 60, N/A, 188.19, 37|1, 61, N/A, 51.22, 43|2, 35, N/A, 28.58, 0|3, 37, N/A, 26.84, 0|4, 38, N/A, 27.35, 0|5, 39, N/A, 26.61, 0|6, 36, N/A, 28.07, 0|
01:05:36 0, 59, N/A, 44.08, 55|1, 62, N/A, 211.47, 42|2, 35, N/A, 28.58, 0|3, 37, N/A, 26.84, 0|4, 38, N/A, 27.35, 0|5, 39, N/A, 26.63, 0|6, 36, N/A, 28.07, 0|
01:05:38 0, 60, N/A, 191.38, 43|1, 61, N/A, 51.50, 43|2, 35, N/A, 28.84, 0|3, 37, N/A, 26.86, 0|4, 38, N/A, 27.35, 0|5, 39, N/A, 26.63, 0|6, 36, N/A, 28.07, 0|
01:05:40 0, 59, N/A, 44.60, 56|1, 62, N/A, 207.08, 43|2, 35, N/A, 28.60, 0|3, 37, N/A, 26.86, 0|4, 38, N/A, 27.35, 0|5, 39, N/A, 26.63, 0|6, 36, N/A, 28.07, 0|
01:05:42 0, 60, N/A, 189.42, 42|1, 61, N/A, 52.24, 43|2, 35, N/A, 28.84, 0|3, 37, N/A, 26.84, 0|4, 38, N/A, 27.35, 0|5, 39, N/A, 26.61, 0|6, 36, N/A, 28.07, 0|
01:05:44 0, 60, N/A, 44.60, 56|1, 62, N/A, 206.71, 44|2, 35, N/A, 28.83, 0|3, 37, N/A, 26.86, 0|4, 38, N/A, 27.35, 0|5, 39, N/A, 26.63, 0|6, 36, N/A, 27.83, 0|
01:05:46 0, 61, N/A, 189.05, 42|1, 62, N/A, 52.24, 61|2, 35, N/A, 28.85, 0|3, 37, N/A, 26.84, 0|4, 38, N/A, 27.35, 0|5, 39, N/A, 26.88, 0|6, 36, N/A, 27.83, 0|
01:05:48 0, 60, N/A, 45.07, 56|1, 63, N/A, 206.06, 49|2, 35, N/A, 28.83, 0|3, 38, N/A, 26.86, 0|4, 38, N/A, 27.35, 0|5, 39, N/A, 26.63, 0|6, 36, N/A, 28.07, 0|
01:05:51 0, 60, N/A, 185.74, 47|1, 62, N/A, 53.19, 43|2, 35, N/A, 28.83, 0|3, 38, N/A, 26.84, 0|4, 38, N/A, 27.35, 0|5, 39, N/A, 26.63, 0|6, 36, N/A, 28.06, 0|
01:05:53 0, 60, N/A, 45.09, 56|1, 63, N/A, 207.08, 44|2, 35, N/A, 28.83, 0|3, 38, N/A, 26.86, 0|4, 38, N/A, 27.35, 0|5, 39, N/A, 26.63, 0|6, 36, N/A, 28.07, 0|
01:05:55 0, 60, N/A, 186.11, 49|1, 63, N/A, 55.41, 43|2, 35, N/A, 28.85, 0|3, 38, N/A, 26.86, 0|4, 38, N/A, 27.35, 0|5, 39, N/A, 26.63, 0|6, 36, N/A, 28.07, 0|
01:05:57 0, 61, N/A, 45.83, 56|1, 63, N/A, 202.16, 49|2, 35, N/A, 28.83, 0|3, 38, N/A, 26.86, 0|4, 38, N/A, 27.35, 0|5, 39, N/A, 26.63, 0|6, 36, N/A, 28.07, 0|
01:05:59 0, 60, N/A, 180.94, 55|1, 63, N/A, 59.60, 43|2, 35, N/A, 28.84, 0|3, 38, N/A, 26.84, 0|4, 38, N/A, 27.33, 0|5, 39, N/A, 26.63, 0|6, 36, N/A, 28.06, 0|
01:06:01 0, 61, N/A, 48.02, 56|1, 64, N/A, 201.90, 57|2, 35, N/A, 28.83, 0|3, 38, N/A, 26.86, 0|4, 38, N/A, 27.35, 0|5, 39, N/A, 26.63, 0|6, 36, N/A, 28.07, 0|
01:06:03 0, 60, N/A, 171.64, 56|1, 64, N/A, 67.23, 43|2, 35, N/A, 28.84, 0|3, 38, N/A, 26.84, 0|4, 38, N/A, 27.35, 0|5, 39, N/A, 26.63, 0|6, 36, N/A, 28.07, 0|
01:06:05 0, 61, N/A, 56.15, 42|1, 64, N/A, 195.04, 60|2, 35, N/A, 28.83, 0|3, 38, N/A, 26.86, 0|4, 38, N/A, 27.35, 0|5, 39, N/A, 26.63, 0|6, 36, N/A, 28.07, 0|
01:06:07 0, 60, N/A, 124.58, 56|1, 65, N/A, 95.94, 46|2, 35, N/A, 28.84, 0|3, 38, N/A, 26.86, 0|4, 38, N/A, 27.35, 0|5, 39, N/A, 26.63, 0|6, 36, N/A, 28.07, 0|
01:06:09 0, 62, N/A, 77.53, 44|1, 63, N/A, 180.79, 64|2, 35, N/A, 28.85, 0|3, 38, N/A, 26.86, 0|4, 38, N/A, 27.35, 0|5, 39, N/A, 26.63, 0|6, 36, N/A, 28.07, 0|
01:06:11 0, 60, N/A, 44.60, 56|1, 65, N/A, 179.72, 52|2, 35, N/A, 28.85, 0|3, 38, N/A, 26.86, 0|4, 38, N/A, 27.35, 0|5, 39, N/A, 26.63, 0|6, 36, N/A, 28.07, 0|
01:06:14 0, 62, N/A, 169.29, 52|1, 64, N/A, 100.80, 68|2, 35, N/A, 28.84, 0|3, 38, N/A, 26.86, 0|4, 38, N/A, 27.35, 0|5, 39, N/A, 26.63, 0|6, 36, N/A, 27.83, 0|
01:06:16 0, 61, N/A, 44.60, 56|1, 65, N/A, 211.10, 54|2, 35, N/A, 28.83, 0|3, 38, N/A, 26.86, 0|4, 38, N/A, 27.35, 0|5, 39, N/A, 26.63, 0|6, 36, N/A, 27.83, 0|
01:06:18 0, 62, N/A, 190.89, 56|1, 64, N/A, 52.95, 73|2, 35, N/A, 28.84, 0|3, 38, N/A, 26.86, 0|4, 38, N/A, 27.35, 0|5, 39, N/A, 26.61, 0|6, 36, N/A, 27.83, 0|
01:06:20 0, 61, N/A, 44.82, 56|1, 65, N/A, 206.80, 60|2, 35, N/A, 29.08, 0|3, 38, N/A, 26.84, 0|4, 38, N/A, 27.35, 0|5, 39, N/A, 26.63, 0|6, 36, N/A, 27.83, 0|
01:06:22 0, 62, N/A, 190.26, 56|1, 64, N/A, 54.18, 75|2, 35, N/A, 28.84, 0|3, 38, N/A, 26.84, 0|4, 38, N/A, 27.35, 0|5, 40, N/A, 26.63, 0|6, 36, N/A, 28.07, 0|
01:06:24 0, 61, N/A, 45.34, 56|1, 65, N/A, 208.90, 68|2, 35, N/A, 28.83, 0|3, 38, N/A, 26.86, 0|4, 38, N/A, 27.35, 0|5, 40, N/A, 26.63, 0|6, 36, N/A, 28.07, 0|
01:06:26 0, 61, N/A, 187.81, 56|1, 65, N/A, 55.90, 75|2, 35, N/A, 29.09, 0|3, 38, N/A, 26.84, 0|4, 38, N/A, 27.35, 0|5, 39, N/A, 26.61, 0|6, 36, N/A, 28.07, 0|
01:06:28 0, 62, N/A, 47.04, 56|1, 65, N/A, 207.45, 75|2, 35, N/A, 28.83, 0|3, 38, N/A, 26.86, 0|4, 38, N/A, 27.60, 0|5, 40, N/A, 26.63, 0|6, 36, N/A, 28.07, 0|
01:06:30 0, 62, N/A, 174.34, 56|1, 65, N/A, 64.77, 75|2, 35, N/A, 28.84, 0|3, 38, N/A, 26.86, 0|4, 38, N/A, 27.35, 0|5, 40, N/A, 26.63, 0|6, 36, N/A, 28.07, 0|
01:06:32 0, 62, N/A, 53.93, 56|1, 65, N/A, 195.18, 75|2, 35, N/A, 28.83, 0|3, 38, N/A, 26.84, 0|4, 38, N/A, 27.60, 0|5, 40, N/A, 26.63, 0|6, 36, N/A, 28.07, 0|
01:06:34 0, 59, N/A, 43.37, 0|1, 62, N/A, 50.48, 0|2, 35, N/A, 28.85, 0|3, 38, N/A, 26.86, 0|4, 38, N/A, 27.60, 0|5, 40, N/A, 26.63, 0|6, 36, N/A, 28.07, 0|
01:06:36 0, 58, N/A, 37.21, 0|1, 61, N/A, 42.63, 0|2, 35, N/A, 28.85, 0|3, 38, N/A, 26.86, 0|4, 38, N/A, 27.60, 0|5, 40, N/A, 26.63, 0|6, 36, N/A, 28.07, 0|
01:06:39 0, 58, N/A, 38.19, 28|1, 60, N/A, 42.38, 0|2, 35, N/A, 28.85, 0|3, 38, N/A, 26.86, 0|4, 38, N/A, 27.35, 0|5, 40, N/A, 26.63, 0|6, 36, N/A, 28.07, 0|
01:06:41 0, 61, N/A, 159.96, 100|1, 61, N/A, 49.53, 0|2, 35, N/A, 28.84, 0|3, 38, N/A, 26.84, 0|4, 38, N/A, 27.35, 0|5, 40, N/A, 26.63, 0|6, 36, N/A, 28.06, 0|
01:06:43 0, 59, N/A, 43.83, 0|1, 63, N/A, 163.60, 100|2, 35, N/A, 28.83, 0|3, 38, N/A, 26.84, 0|4, 38, N/A, 27.58, 0|5, 40, N/A, 26.61, 0|6, 36, N/A, 28.05, 0|
01:06:45 0, 60, N/A, 53.68, 51|1, 64, N/A, 195.04, 66|2, 35, N/A, 28.83, 0|3, 38, N/A, 26.86, 0|4, 38, N/A, 27.35, 0|5, 40, N/A, 26.61, 0|6, 36, N/A, 28.07, 0|
01:06:47 0, 60, N/A, 46.54, 33|1, 64, N/A, 206.70, 65|2, 35, N/A, 29.08, 0|3, 38, N/A, 26.86, 0|4, 38, N/A, 27.60, 0|5, 39, N/A, 26.63, 0|6, 36, N/A, 28.07, 0|
01:06:49 0, 63, N/A, 168.91, 100|1, 60, N/A, 49.49, 0|2, 36, N/A, 28.83, 0|3, 38, N/A, 26.84, 0|4, 38, N/A, 27.58, 0|5, 40, N/A, 26.61, 0|6, 37, N/A, 28.05, 0|
01:06:51 0, 63, N/A, 179.12, 100|1, 63, N/A, 51.72, 0|2, 35, N/A, 28.83, 0|3, 38, N/A, 26.84, 0|4, 38, N/A, 27.58, 0|5, 40, N/A, 26.61, 0|6, 37, N/A, 28.05, 0|
01:06:53 0, 64, N/A, 201.41, 100|1, 64, N/A, 157.22, 100|2, 36, N/A, 28.83, 0|3, 38, N/A, 26.84, 0|4, 38, N/A, 27.33, 0|5, 40, N/A, 26.61, 0|6, 37, N/A, 28.05, 0|
01:06:55 0, 62, N/A, 163.87, 51|1, 64, N/A, 52.70, 0|2, 35, N/A, 28.84, 0|3, 38, N/A, 26.84, 0|4, 38, N/A, 27.60, 0|5, 40, N/A, 26.61, 0|6, 37, N/A, 28.07, 0|
01:06:57 0, 61, N/A, 44.85, 0|1, 63, N/A, 177.76, 100|2, 35, N/A, 28.83, 0|3, 38, N/A, 26.86, 0|4, 38, N/A, 27.60, 0|5, 40, N/A, 26.63, 0|6, 37, N/A, 28.07, 0|
01:06:59 0, 62, N/A, 94.21, 34|1, 64, N/A, 163.63, 53|2, 36, N/A, 28.85, 0|3, 38, N/A, 26.86, 0|4, 38, N/A, 27.60, 0|5, 40, N/A, 26.63, 0|6, 37, N/A, 28.07, 0|
01:07:02 0, 62, N/A, 97.61, 49|1, 64, N/A, 161.01, 64|2, 36, N/A, 28.83, 0|3, 38, N/A, 26.86, 0|4, 39, N/A, 27.60, 0|5, 40, N/A, 26.63, 0|6, 36, N/A, 28.07, 0|
01:07:04 0, 64, N/A, 149.15, 100|1, 61, N/A, 49.99, 0|2, 36, N/A, 28.83, 0|3, 38, N/A, 26.84, 0|4, 38, N/A, 27.60, 0|5, 40, N/A, 26.61, 0|6, 37, N/A, 28.07, 0|
01:07:06 0, 64, N/A, 161.65, 100|1, 65, N/A, 169.98, 100|2, 36, N/A, 28.83, 0|3, 38, N/A, 26.84, 0|4, 39, N/A, 27.58, 0|5, 40, N/A, 26.86, 0|6, 37, N/A, 28.05, 0|
01:07:08 0, 63, N/A, 154.29, 100|1, 65, N/A, 196.02, 100|2, 36, N/A, 28.83, 0|3, 38, N/A, 27.09, 0|4, 38, N/A, 27.60, 0|5, 40, N/A, 26.61, 0|6, 37, N/A, 28.07, 0|
01:07:10 0, 61, N/A, 44.60, 0|1, 64, N/A, 159.20, 100|2, 36, N/A, 28.83, 0|3, 38, N/A, 26.86, 0|4, 39, N/A, 27.60, 0|5, 40, N/A, 26.63, 0|6, 37, N/A, 28.07, 0|
01:07:12 0, 63, N/A, 46.05, 65|1, 63, N/A, 197.24, 0|2, 36, N/A, 29.08, 0|3, 38, N/A, 26.84, 0|4, 38, N/A, 27.60, 0|5, 40, N/A, 26.61, 0|6, 37, N/A, 28.07, 0|
01:07:14 0, 63, N/A, 183.16, 100|1, 64, N/A, 52.73, 45|2, 36, N/A, 28.84, 0|3, 38, N/A, 26.86, 0|4, 38, N/A, 27.60, 0|5, 40, N/A, 26.63, 0|6, 37, N/A, 28.07, 0|
01:07:16 0, 62, N/A, 44.82, 0|1, 64, N/A, 194.81, 100|2, 36, N/A, 28.83, 0|3, 38, N/A, 26.86, 0|4, 39, N/A, 27.60, 0|5, 40, N/A, 26.63, 0|6, 37, N/A, 28.07, 0|
01:07:18 0, 65, N/A, 157.01, 100|1, 63, N/A, 50.73, 0|2, 36, N/A, 28.83, 0|3, 38, N/A, 26.84, 0|4, 38, N/A, 27.58, 0|5, 40, N/A, 26.86, 0|6, 37, N/A, 28.07, 0|
01:07:20 0, 65, N/A, 165.10, 100|1, 64, N/A, 52.48, 35|2, 36, N/A, 28.85, 0|3, 38, N/A, 26.84, 0|4, 38, N/A, 27.58, 0|5, 40, N/A, 26.61, 0|6, 37, N/A, 28.06, 0|
01:07:22 0, 65, N/A, 156.01, 100|1, 66, N/A, 171.35, 100|2, 36, N/A, 28.83, 0|3, 38, N/A, 26.84, 0|4, 38, N/A, 27.60, 0|5, 40, N/A, 26.61, 0|6, 37, N/A, 28.05, 0|
01:07:24 0, 62, N/A, 44.35, 0|1, 66, N/A, 168.52, 100|2, 36, N/A, 28.83, 0|3, 38, N/A, 26.86, 0|4, 39, N/A, 27.60, 0|5, 40, N/A, 26.63, 0|6, 37, N/A, 28.07, 0|
01:07:27 0, 65, N/A, 159.95, 100|1, 63, N/A, 50.98, 0|2, 36, N/A, 28.84, 0|3, 38, N/A, 26.84, 0|4, 39, N/A, 27.58, 0|5, 40, N/A, 26.86, 0|6, 37, N/A, 28.06, 0|
01:07:29 0, 65, N/A, 170.14, 100|1, 66, N/A, 176.01, 100|2, 36, N/A, 28.83, 0|3, 38, N/A, 26.84, 0|4, 39, N/A, 27.58, 0|5, 40, N/A, 26.63, 0|6, 37, N/A, 28.07, 0|
01:07:31 0, 62, N/A, 44.57, 0|1, 65, N/A, 184.13, 100|2, 36, N/A, 28.83, 0|3, 38, N/A, 26.86, 0|4, 39, N/A, 27.60, 0|5, 40, N/A, 26.88, 0|6, 37, N/A, 28.07, 0|
01:07:33 0, 64, N/A, 46.55, 57|1, 64, N/A, 181.92, 0|2, 36, N/A, 28.83, 0|3, 38, N/A, 26.86, 0|4, 39, N/A, 27.60, 0|5, 40, N/A, 26.88, 0|6, 37, N/A, 28.07, 0|
01:07:35 0, 66, N/A, 191.13, 100|1, 64, N/A, 52.73, 0|2, 36, N/A, 28.85, 0|3, 38, N/A, 27.10, 0|4, 38, N/A, 27.60, 0|5, 40, N/A, 26.88, 0|6, 37, N/A, 28.07, 0|
01:07:37 0, 62, N/A, 44.60, 0|1, 66, N/A, 185.11, 100|2, 36, N/A, 28.83, 0|3, 38, N/A, 26.86, 0|4, 39, N/A, 27.60, 0|5, 40, N/A, 26.61, 0|6, 37, N/A, 28.07, 0|
01:07:39 0, 66, N/A, 155.87, 100|1, 63, N/A, 51.01, 0|2, 36, N/A, 28.84, 0|3, 38, N/A, 26.84, 0|4, 39, N/A, 27.60, 0|5, 40, N/A, 26.63, 0|6, 37, N/A, 28.07, 0|
01:07:41 0, 66, N/A, 169.41, 100|1, 66, N/A, 200.43, 100|2, 36, N/A, 28.83, 0|3, 38, N/A, 26.84, 0|4, 39, N/A, 27.60, 0|5, 40, N/A, 26.61, 0|6, 37, N/A, 28.05, 0|
01:07:43 0, 66, N/A, 190.15, 100|1, 66, N/A, 162.62, 100|2, 36, N/A, 28.83, 0|3, 38, N/A, 26.84, 0|4, 39, N/A, 27.58, 0|5, 40, N/A, 26.86, 0|6, 37, N/A, 28.05, 0|
01:07:45 0, 63, N/A, 44.60, 0|1, 68, N/A, 208.16, 100|2, 36, N/A, 28.83, 0|3, 38, N/A, 26.86, 0|4, 39, N/A, 27.60, 0|5, 40, N/A, 26.88, 0|6, 37, N/A, 28.07, 0|
01:07:47 0, 66, N/A, 162.16, 100|1, 63, N/A, 51.96, 0|2, 36, N/A, 28.84, 0|3, 38, N/A, 26.84, 0|4, 39, N/A, 27.60, 0|5, 40, N/A, 26.86, 0|6, 37, N/A, 28.07, 0|
01:07:49 0, 62, N/A, 44.57, 0|1, 67, N/A, 165.82, 100|2, 36, N/A, 28.83, 0|3, 38, N/A, 26.86, 0|4, 39, N/A, 27.60, 0|5, 40, N/A, 26.87, 0|6, 37, N/A, 28.07, 0|
01:07:52 0, 63, N/A, 46.30, 48|1, 67, N/A, 153.89, 65|2, 36, N/A, 28.83, 0|3, 38, N/A, 26.84, 0|4, 39, N/A, 27.60, 0|5, 40, N/A, 26.86, 0|6, 37, N/A, 28.06, 0|
01:07:54 0, 62, N/A, 48.02, 73|1, 64, N/A, 56.15, 100|2, 36, N/A, 28.83, 0|3, 38, N/A, 26.86, 0|4, 39, N/A, 27.84, 0|5, 40, N/A, 26.88, 0|6, 37, N/A, 28.07, 0|
01:07:56 0, 61, N/A, 44.36, 0|1, 62, N/A, 50.76, 0|2, 36, N/A, 28.85, 0|3, 38, N/A, 26.86, 0|4, 39, N/A, 27.84, 0|5, 40, N/A, 26.88, 0|6, 37, N/A, 28.07, 0|
