run	kind	prompt_n	cache_n	prompt_ms	predicted_ms	eval_tps	predicted_n	wall_ms
0	miss	395	0	9453.145	13455.828	19.025213461408693	256	23091.9
1	hit	4	391	173.764	14228.655	17.99186219639172	256	14583.4
2	hit	4	391	173.366	14231.339	17.988468969785625	256	14618.6
3	hit	4	391	173.254	14230.827	17.989116163101414	256	14599.9
4	hit	4	391	172.138	14226.367	17.994755793942332	256	14599.6
