idx	suffix_id	prompt_n	cache_n	prompt_ms	predicted_ms	eval_tps	wall_ms
1	s1_summarize	428	0	10232.235	13779.289	18.578607357752638	24782.8
2	s2_critique	252	172	5555.651	13739.582	18.63229900298277	19526.3
3	s3_translate	253	172	5699.534	13642.191	18.7653141639785	19569.7
4	s4_keywords	255	172	5680.835	14139.434	18.105392337486776	20040.0
5	s5_questions	251	172	5602.264	13640.307	18.7679060302675	19441.1
