run	kind	prompt_n	cache_n	prompt_ms	predicted_ms	eval_tps	predicted_n	wall_ms
0	miss	395	0	9379.649	13591.053	18.835920954763402	256	23140.7
1	hit	4	391	173.966	14214.944	18.00921621639874	256	14551.7
2	hit	4	391	173.935	14217.721	18.005698662957307	256	14603.1
3	hit	4	391	173.397	14220.19	18.002572398821673	256	14605.8
4	hit	4	391	170.689	14222.541	17.999596555917822	256	14578.6
