17:39:22 0, 54, N/A, 29.30, 0|1, 52, N/A, 31.76, 0|2, 54, N/A, 38.66, 0|3, 54, N/A, 30.02, 0|4, 53, N/A, 32.24, 0|5, 56, N/A, 29.80, 0|6, 38, N/A, 28.53, 0|
17:39:24 0, 54, N/A, 35.46, 0|1, 52, N/A, 38.41, 0|2, 54, N/A, 41.35, 0|3, 54, N/A, 36.17, 0|4, 53, N/A, 36.92, 0|5, 56, N/A, 36.69, 0|6, 39, N/A, 34.19, 0|
17:39:26 0, 53, N/A, 35.69, 13|1, 52, N/A, 38.41, 11|2, 54, N/A, 41.35, 9|3, 54, N/A, 36.15, 11|4, 53, N/A, 37.16, 10|5, 56, N/A, 36.94, 9|6, 39, N/A, 34.68, 9|
17:39:28 0, 53, N/A, 35.69, 11|1, 52, N/A, 38.39, 10|2, 54, N/A, 41.35, 10|3, 54, N/A, 35.91, 10|4, 52, N/A, 36.89, 10|5, 56, N/A, 36.92, 12|6, 39, N/A, 34.66, 10|
17:39:30 0, 53, N/A, 35.69, 10|1, 51, N/A, 38.39, 11|2, 54, N/A, 41.35, 14|3, 53, N/A, 36.15, 10|4, 52, N/A, 36.89, 11|5, 56, N/A, 36.67, 9|6, 39, N/A, 34.66, 11|
17:39:33 0, 53, N/A, 35.44, 0|1, 51, N/A, 38.88, 0|2, 53, N/A, 41.35, 0|3, 53, N/A, 35.66, 0|4, 52, N/A, 36.89, 0|5, 56, N/A, 36.67, 0|6, 39, N/A, 34.90, 0|
17:39:35 0, 54, N/A, 54.33, 39|1, 52, N/A, 63.70, 38|2, 54, N/A, 60.75, 39|3, 54, N/A, 54.04, 36|4, 53, N/A, 57.76, 32|5, 56, N/A, 56.78, 32|6, 40, N/A, 55.73, 33|
17:39:37 0, 54, N/A, 54.82, 38|1, 52, N/A, 61.95, 37|2, 54, N/A, 60.99, 37|3, 54, N/A, 55.27, 35|4, 53, N/A, 57.00, 31|5, 56, N/A, 55.80, 31|6, 40, N/A, 53.27, 32|
17:39:39 0, 54, N/A, 56.81, 40|1, 52, N/A, 61.98, 38|2, 54, N/A, 60.78, 39|3, 54, N/A, 54.07, 37|4, 53, N/A, 58.04, 32|5, 57, N/A, 57.06, 32|6, 40, N/A, 57.48, 33|
17:39:41 0, 54, N/A, 57.09, 39|1, 52, N/A, 62.47, 38|2, 54, N/A, 60.78, 39|3, 54, N/A, 54.81, 36|4, 53, N/A, 56.29, 32|5, 57, N/A, 56.05, 32|6, 41, N/A, 55.27, 33|
17:39:43 0, 54, N/A, 52.08, 39|1, 52, N/A, 62.01, 38|2, 54, N/A, 59.24, 39|3, 54, N/A, 54.04, 36|4, 53, N/A, 57.28, 32|5, 57, N/A, 57.49, 32|6, 41, N/A, 56.47, 32|
17:39:45 0, 54, N/A, 55.27, 39|1, 52, N/A, 61.21, 38|2, 54, N/A, 61.46, 39|3, 54, N/A, 53.79, 36|4, 53, N/A, 57.24, 32|5, 57, N/A, 57.30, 32|6, 41, N/A, 58.67, 32|
17:39:47 0, 54, N/A, 54.60, 39|1, 52, N/A, 60.99, 38|2, 54, N/A, 60.26, 39|3, 54, N/A, 54.29, 36|4, 53, N/A, 56.99, 32|5, 57, N/A, 56.04, 32|6, 41, N/A, 55.24, 32|
17:39:49 0, 54, N/A, 54.56, 39|1, 52, N/A, 62.46, 38|2, 54, N/A, 61.21, 39|3, 54, N/A, 54.04, 36|4, 53, N/A, 56.99, 32|5, 57, N/A, 56.04, 32|6, 41, N/A, 55.27, 33|
17:39:51 0, 54, N/A, 55.82, 39|1, 53, N/A, 59.74, 38|2, 54, N/A, 59.25, 39|3, 54, N/A, 53.06, 36|4, 53, N/A, 55.55, 32|5, 57, N/A, 55.61, 32|6, 41, N/A, 55.52, 32|
17:39:53 0, 54, N/A, 55.09, 39|1, 53, N/A, 61.98, 38|2, 54, N/A, 59.00, 39|3, 54, N/A, 54.04, 36|4, 53, N/A, 56.53, 32|5, 57, N/A, 53.81, 32|6, 42, N/A, 57.03, 33|
17:39:55 0, 54, N/A, 56.32, 39|1, 53, N/A, 63.21, 38|2, 54, N/A, 60.72, 38|3, 54, N/A, 54.32, 36|4, 53, N/A, 57.30, 32|5, 57, N/A, 56.29, 32|6, 42, N/A, 54.48, 32|
17:39:58 0, 54, N/A, 59.76, 39|1, 53, N/A, 67.87, 38|2, 54, N/A, 63.70, 39|3, 54, N/A, 55.55, 36|4, 53, N/A, 56.29, 32|5, 57, N/A, 56.29, 32|6, 42, N/A, 54.26, 33|
17:40:00 0, 54, N/A, 55.31, 40|1, 53, N/A, 62.72, 38|2, 54, N/A, 60.96, 39|3, 54, N/A, 56.22, 36|4, 53, N/A, 61.17, 33|5, 57, N/A, 57.55, 32|6, 42, N/A, 55.21, 33|
17:40:02 0, 54, N/A, 55.31, 39|1, 53, N/A, 61.98, 38|2, 54, N/A, 62.68, 39|3, 54, N/A, 56.50, 37|4, 53, N/A, 63.13, 32|5, 57, N/A, 58.26, 32|6, 42, N/A, 57.91, 33|
17:40:04 0, 54, N/A, 54.11, 39|1, 53, N/A, 61.21, 38|2, 54, N/A, 61.77, 38|3, 54, N/A, 55.06, 36|4, 53, N/A, 58.01, 32|5, 57, N/A, 56.81, 32|6, 42, N/A, 63.58, 33|
17:40:06 0, 54, N/A, 55.06, 39|1, 53, N/A, 61.97, 38|2, 54, N/A, 63.21, 39|3, 54, N/A, 56.25, 36|4, 53, N/A, 58.00, 32|5, 57, N/A, 57.27, 32|6, 42, N/A, 58.67, 33|
17:40:08 0, 54, N/A, 53.62, 38|1, 53, N/A, 59.97, 37|2, 54, N/A, 60.26, 36|3, 54, N/A, 55.06, 35|4, 53, N/A, 55.80, 30|5, 57, N/A, 54.81, 29|6, 43, N/A, 55.48, 30|
17:40:10 0, 54, N/A, 59.23, 39|1, 53, N/A, 66.40, 38|2, 54, N/A, 63.70, 38|3, 54, N/A, 55.51, 37|4, 53, N/A, 58.74, 32|5, 57, N/A, 57.27, 32|6, 43, N/A, 54.26, 32|
17:40:12 0, 54, N/A, 56.81, 39|1, 53, N/A, 65.39, 38|2, 54, N/A, 64.68, 38|3, 54, N/A, 57.76, 36|4, 53, N/A, 58.23, 32|5, 57, N/A, 57.77, 32|6, 43, N/A, 56.26, 32|
17:40:14 0, 54, N/A, 54.59, 39|1, 53, N/A, 62.22, 37|2, 54, N/A, 63.42, 38|3, 54, N/A, 56.22, 36|4, 54, N/A, 60.44, 32|5, 57, N/A, 57.27, 32|6, 43, N/A, 55.97, 32|
17:40:16 0, 54, N/A, 53.83, 39|1, 53, N/A, 61.17, 38|2, 54, N/A, 59.73, 38|3, 54, N/A, 58.00, 36|4, 53, N/A, 63.34, 32|5, 57, N/A, 58.99, 32|6, 43, N/A, 60.92, 32|
17:40:18 0, 54, N/A, 54.35, 39|1, 53, N/A, 60.26, 38|2, 54, N/A, 59.73, 39|3, 54, N/A, 52.08, 35|4, 53, N/A, 56.28, 32|5, 57, N/A, 55.83, 32|6, 43, N/A, 56.71, 32|
17:40:20 0, 54, N/A, 55.58, 38|1, 53, N/A, 61.24, 37|2, 54, N/A, 62.92, 36|3, 54, N/A, 55.76, 35|4, 53, N/A, 58.23, 30|5, 57, N/A, 57.30, 29|6, 43, N/A, 56.50, 30|
17:40:23 0, 54, N/A, 55.34, 39|1, 53, N/A, 61.24, 38|2, 54, N/A, 62.96, 38|3, 54, N/A, 56.01, 36|4, 54, N/A, 58.50, 32|5, 57, N/A, 58.26, 32|6, 43, N/A, 58.92, 33|
17:40:25 0, 54, N/A, 55.06, 39|1, 53, N/A, 63.45, 38|2, 54, N/A, 62.22, 38|3, 54, N/A, 56.04, 36|4, 53, N/A, 57.98, 32|5, 57, N/A, 58.01, 32|6, 44, N/A, 63.34, 33|
17:40:27 0, 54, N/A, 55.06, 39|1, 53, N/A, 61.23, 37|2, 54, N/A, 60.72, 38|3, 54, N/A, 56.25, 36|4, 53, N/A, 57.97, 32|5, 57, N/A, 58.78, 32|6, 44, N/A, 56.71, 32|
17:40:29 0, 54, N/A, 56.04, 39|1, 53, N/A, 67.14, 38|2, 54, N/A, 64.68, 39|3, 54, N/A, 57.72, 37|4, 54, N/A, 59.23, 33|5, 57, N/A, 58.01, 32|6, 44, N/A, 55.76, 33|
17:40:31 0, 54, N/A, 55.31, 38|1, 53, N/A, 64.19, 37|2, 54, N/A, 61.49, 38|3, 54, N/A, 55.27, 35|4, 53, N/A, 57.72, 32|5, 57, N/A, 57.76, 32|6, 44, N/A, 59.17, 32|
17:40:33 0, 54, N/A, 55.83, 39|1, 53, N/A, 63.70, 38|2, 54, N/A, 60.72, 38|3, 54, N/A, 54.78, 36|4, 54, N/A, 56.01, 32|5, 57, N/A, 57.52, 32|6, 44, N/A, 55.48, 32|
17:40:35 0, 54, N/A, 55.58, 38|1, 53, N/A, 64.68, 37|2, 54, N/A, 67.39, 38|3, 54, N/A, 56.74, 36|4, 54, N/A, 59.24, 32|5, 57, N/A, 56.29, 32|6, 44, N/A, 58.22, 32|
17:40:37 0, 54, N/A, 54.08, 39|1, 53, N/A, 62.43, 37|2, 54, N/A, 61.98, 38|3, 55, N/A, 56.47, 36|4, 54, N/A, 60.93, 32|5, 57, N/A, 58.99, 32|6, 44, N/A, 59.69, 32|
17:40:39 0, 54, N/A, 55.83, 39|1, 53, N/A, 64.19, 38|2, 54, N/A, 63.98, 39|3, 54, N/A, 62.18, 37|4, 54, N/A, 60.19, 32|5, 57, N/A, 59.24, 32|6, 45, N/A, 59.66, 32|
17:40:41 0, 54, N/A, 56.32, 39|1, 53, N/A, 63.67, 38|2, 54, N/A, 62.25, 39|3, 55, N/A, 54.51, 36|4, 54, N/A, 58.26, 32|5, 57, N/A, 56.76, 32|6, 44, N/A, 57.20, 33|
17:40:43 0, 54, N/A, 54.08, 39|1, 53, N/A, 62.19, 37|2, 54, N/A, 61.46, 38|3, 54, N/A, 54.78, 36|4, 54, N/A, 57.28, 32|5, 57, N/A, 54.54, 32|6, 45, N/A, 55.71, 32|
17:40:45 0, 54, N/A, 58.78, 39|1, 53, N/A, 63.67, 38|2, 54, N/A, 61.24, 39|3, 54, N/A, 54.29, 36|4, 54, N/A, 57.00, 32|5, 57, N/A, 56.82, 32|6, 45, N/A, 55.48, 33|
17:40:48 0, 54, N/A, 42.33, 76|1, 53, N/A, 46.26, 70|2, 53, N/A, 51.40, 66|3, 54, N/A, 49.65, 40|4, 53, N/A, 59.72, 45|5, 57, N/A, 55.31, 32|6, 44, N/A, 51.56, 32|
17:40:50 0, 54, N/A, 46.48, 88|1, 53, N/A, 48.45, 84|2, 54, N/A, 52.88, 80|3, 54, N/A, 57.48, 35|4, 54, N/A, 45.48, 43|5, 57, N/A, 58.51, 45|6, 45, N/A, 53.30, 45|
17:40:52 0, 54, N/A, 46.48, 84|1, 53, N/A, 48.97, 79|2, 54, N/A, 51.90, 74|3, 54, N/A, 54.78, 36|4, 53, N/A, 66.29, 44|5, 57, N/A, 56.78, 43|6, 45, N/A, 59.42, 40|
17:40:54 0, 54, N/A, 53.12, 84|1, 53, N/A, 53.37, 83|2, 54, N/A, 55.83, 81|3, 54, N/A, 43.99, 39|4, 53, N/A, 47.44, 41|5, 57, N/A, 44.76, 43|6, 45, N/A, 43.72, 45|
17:40:56 0, 54, N/A, 44.76, 87|1, 53, N/A, 58.00, 86|2, 54, N/A, 90.40, 81|3, 54, N/A, 49.40, 39|4, 53, N/A, 53.06, 43|5, 57, N/A, 49.90, 44|6, 45, N/A, 48.39, 42|
17:40:58 0, 54, N/A, 48.20, 71|1, 53, N/A, 48.94, 64|2, 53, N/A, 51.65, 67|3, 54, N/A, 70.46, 30|4, 53, N/A, 65.27, 33|5, 57, N/A, 76.60, 34|6, 45, N/A, 68.21, 44|
17:41:00 0, 54, N/A, 44.02, 84|1, 53, N/A, 57.79, 85|2, 54, N/A, 72.03, 79|3, 54, N/A, 49.13, 43|4, 53, N/A, 54.56, 45|5, 57, N/A, 58.26, 41|6, 45, N/A, 48.39, 43|
17:41:02 0, 54, N/A, 51.89, 87|1, 53, N/A, 52.38, 84|2, 54, N/A, 54.60, 82|3, 54, N/A, 78.32, 36|4, 53, N/A, 45.23, 42|5, 57, N/A, 46.97, 43|6, 46, N/A, 70.92, 42|
17:41:04 0, 54, N/A, 46.97, 86|1, 53, N/A, 78.65, 86|2, 54, N/A, 51.90, 80|3, 54, N/A, 52.60, 36|4, 53, N/A, 43.78, 44|5, 57, N/A, 51.90, 44|6, 45, N/A, 43.01, 40|
17:41:06 0, 54, N/A, 48.45, 88|1, 53, N/A, 50.20, 85|2, 54, N/A, 53.12, 85|3, 54, N/A, 56.74, 39|4, 53, N/A, 67.03, 47|5, 57, N/A, 73.49, 39|6, 46, N/A, 55.51, 44|
17:41:09 0, 54, N/A, 43.53, 82|1, 53, N/A, 54.35, 85|2, 54, N/A, 94.32, 83|3, 54, N/A, 53.79, 37|4, 53, N/A, 63.87, 44|5, 57, N/A, 57.77, 45|6, 46, N/A, 52.57, 45|
17:41:11 0, 54, N/A, 44.27, 85|1, 53, N/A, 67.10, 80|2, 54, N/A, 65.67, 79|3, 54, N/A, 47.19, 39|4, 53, N/A, 50.64, 41|5, 57, N/A, 48.70, 44|6, 46, N/A, 46.68, 41|
17:41:13 0, 54, N/A, 54.56, 87|1, 53, N/A, 55.34, 84|2, 54, N/A, 54.85, 84|3, 54, N/A, 59.17, 38|4, 54, N/A, 45.97, 42|5, 57, N/A, 55.06, 38|6, 46, N/A, 87.99, 46|
17:41:15 0, 54, N/A, 62.67, 84|1, 53, N/A, 63.66, 84|2, 54, N/A, 63.70, 82|3, 54, N/A, 46.45, 38|4, 53, N/A, 55.79, 47|5, 57, N/A, 47.47, 47|6, 46, N/A, 46.18, 41|
17:41:17 0, 54, N/A, 56.28, 86|1, 53, N/A, 56.81, 85|2, 54, N/A, 56.07, 77|3, 54, N/A, 44.98, 34|4, 53, N/A, 46.21, 45|5, 57, N/A, 44.76, 44|6, 46, N/A, 91.47, 46|
17:41:19 0, 54, N/A, 71.73, 87|1, 53, N/A, 66.85, 78|2, 54, N/A, 62.22, 81|3, 54, N/A, 46.21, 37|4, 53, N/A, 49.41, 43|5, 57, N/A, 46.97, 43|6, 46, N/A, 45.44, 42|
17:41:21 0, 54, N/A, 47.47, 86|1, 53, N/A, 49.68, 84|2, 54, N/A, 52.14, 79|3, 54, N/A, 54.04, 36|4, 53, N/A, 67.03, 46|5, 57, N/A, 52.35, 39|6, 46, N/A, 50.36, 44|
17:41:23 0, 54, N/A, 58.26, 89|1, 53, N/A, 58.78, 85|2, 53, N/A, 58.75, 86|3, 54, N/A, 44.73, 40|4, 53, N/A, 46.95, 43|5, 57, N/A, 45.50, 44|6, 46, N/A, 45.20, 40|
17:41:25 0, 54, N/A, 44.76, 76|1, 53, N/A, 47.71, 68|2, 54, N/A, 75.46, 65|3, 54, N/A, 49.62, 28|4, 53, N/A, 54.81, 34|5, 57, N/A, 50.63, 35|6, 46, N/A, 48.89, 38|
17:41:27 0, 54, N/A, 76.11, 86|1, 53, N/A, 74.47, 80|2, 54, N/A, 72.51, 76|3, 54, N/A, 49.16, 36|4, 53, N/A, 51.37, 46|5, 57, N/A, 47.71, 39|6, 47, N/A, 47.41, 46|
17:41:30 0, 54, N/A, 52.87, 88|1, 53, N/A, 52.38, 84|2, 54, N/A, 59.28, 79|3, 54, N/A, 44.24, 39|4, 53, N/A, 44.74, 39|5, 57, N/A, 44.02, 44|6, 46, N/A, 50.82, 43|
17:41:32 0, 54, N/A, 48.45, 88|1, 53, N/A, 48.48, 78|2, 53, N/A, 51.41, 80|3, 54, N/A, 72.67, 37|4, 53, N/A, 66.53, 42|5, 57, N/A, 70.96, 41|6, 47, N/A, 63.34, 46|
17:41:34 0, 54, N/A, 47.46, 87|1, 53, N/A, 50.20, 86|2, 54, N/A, 52.14, 82|3, 54, N/A, 44.49, 35|4, 53, N/A, 87.80, 42|5, 57, N/A, 45.01, 44|6, 47, N/A, 73.86, 41|
17:41:36 0, 54, N/A, 42.03, 89|1, 53, N/A, 88.87, 87|2, 53, N/A, 78.61, 78|3, 54, N/A, 49.37, 37|4, 53, N/A, 54.54, 41|5, 57, N/A, 51.86, 46|6, 47, N/A, 49.38, 45|
17:41:38 0, 54, N/A, 47.22, 86|1, 53, N/A, 49.93, 82|2, 54, N/A, 55.31, 81|3, 54, N/A, 53.05, 40|4, 53, N/A, 57.23, 43|5, 57, N/A, 53.83, 43|6, 47, N/A, 51.09, 43|
17:41:40 0, 54, N/A, 44.51, 83|1, 53, N/A, 47.71, 85|2, 54, N/A, 67.07, 82|3, 54, N/A, 60.39, 39|4, 53, N/A, 74.15, 45|5, 57, N/A, 61.44, 37|6, 47, N/A, 58.19, 47|
17:41:42 0, 54, N/A, 52.10, 80|1, 53, N/A, 86.70, 83|2, 53, N/A, 82.05, 80|3, 54, N/A, 50.88, 39|4, 53, N/A, 58.96, 40|5, 57, N/A, 54.33, 42|6, 47, N/A, 50.36, 40|
17:41:44 0, 54, N/A, 73.00, 87|1, 53, N/A, 57.30, 85|2, 53, N/A, 57.06, 78|3, 54, N/A, 44.73, 37|4, 53, N/A, 46.46, 44|5, 57, N/A, 45.50, 44|6, 47, N/A, 45.20, 36|
17:41:46 0, 54, N/A, 60.22, 85|1, 53, N/A, 58.04, 81|2, 53, N/A, 59.52, 83|3, 54, N/A, 45.22, 39|4, 53, N/A, 46.95, 45|5, 57, N/A, 45.25, 34|6, 47, N/A, 45.20, 44|
17:41:48 0, 54, N/A, 49.19, 87|1, 53, N/A, 51.43, 84|2, 53, N/A, 52.88, 76|3, 54, N/A, 67.27, 40|4, 53, N/A, 59.94, 40|5, 57, N/A, 55.31, 41|6, 47, N/A, 51.83, 41|
17:41:51 0, 54, N/A, 71.23, 87|1, 53, N/A, 75.70, 76|2, 53, N/A, 73.25, 78|3, 54, N/A, 49.65, 38|4, 53, N/A, 53.58, 42|5, 57, N/A, 51.16, 41|6, 47, N/A, 49.13, 44|
17:41:53 0, 54, N/A, 45.01, 88|1, 53, N/A, 49.18, 84|2, 53, N/A, 99.88, 81|3, 54, N/A, 43.26, 35|4, 54, N/A, 73.41, 43|5, 57, N/A, 43.53, 42|6, 47, N/A, 56.47, 41|
17:41:55 0, 54, N/A, 42.79, 86|1, 53, N/A, 54.85, 83|2, 53, N/A, 49.93, 79|3, 54, N/A, 75.82, 37|4, 53, N/A, 59.66, 42|5, 57, N/A, 81.51, 35|6, 48, N/A, 76.06, 45|
17:41:57 0, 54, N/A, 46.97, 87|1, 53, N/A, 49.46, 83|2, 54, N/A, 53.86, 79|3, 54, N/A, 54.04, 40|4, 53, N/A, 58.96, 43|5, 57, N/A, 53.83, 42|6, 48, N/A, 51.10, 41|
17:41:59 0, 54, N/A, 44.27, 85|1, 53, N/A, 50.42, 75|2, 54, N/A, 73.74, 80|3, 54, N/A, 48.42, 36|4, 53, N/A, 54.82, 47|5, 57, N/A, 57.55, 39|6, 48, N/A, 49.87, 46|
17:42:01 0, 54, N/A, 44.02, 81|1, 53, N/A, 47.71, 84|2, 53, N/A, 71.73, 77|3, 54, N/A, 56.49, 39|4, 53, N/A, 67.52, 40|5, 57, N/A, 60.72, 45|6, 48, N/A, 55.27, 39|
17:42:03 0, 54, N/A, 46.97, 86|1, 53, N/A, 49.19, 79|2, 53, N/A, 52.66, 74|3, 54, N/A, 61.16, 36|4, 53, N/A, 53.33, 45|5, 57, N/A, 63.41, 42|6, 48, N/A, 58.43, 35|
17:42:05 0, 54, N/A, 44.51, 80|1, 53, N/A, 71.24, 81|2, 53, N/A, 67.83, 80|3, 54, N/A, 47.93, 38|4, 53, N/A, 50.39, 46|5, 57, N/A, 54.11, 37|6, 48, N/A, 47.17, 44|
17:42:07 0, 54, N/A, 83.22, 88|1, 53, N/A, 78.12, 83|2, 54, N/A, 70.79, 76|3, 54, N/A, 46.70, 41|4, 53, N/A, 49.90, 39|5, 57, N/A, 47.96, 42|6, 48, N/A, 46.43, 38|
17:42:09 0, 54, N/A, 51.16, 68|1, 53, N/A, 50.17, 60|2, 54, N/A, 53.12, 63|3, 54, N/A, 59.44, 27|4, 53, N/A, 54.04, 36|5, 57, N/A, 66.33, 41|6, 48, N/A, 57.70, 39|
17:42:12 0, 54, N/A, 47.96, 87|1, 53, N/A, 49.95, 85|2, 54, N/A, 52.91, 81|3, 54, N/A, 74.88, 36|4, 53, N/A, 58.22, 49|5, 57, N/A, 80.29, 46|6, 48, N/A, 68.01, 44|
17:42:14 0, 54, N/A, 53.12, 87|1, 53, N/A, 53.86, 79|2, 53, N/A, 55.34, 82|3, 54, N/A, 68.25, 36|4, 53, N/A, 45.48, 44|5, 57, N/A, 47.22, 45|6, 48, N/A, 100.19, 43|
17:42:16 0, 54, N/A, 50.42, 87|1, 53, N/A, 50.66, 83|2, 53, N/A, 53.62, 79|3, 54, N/A, 98.82, 37|4, 53, N/A, 45.47, 47|5, 57, N/A, 102.01, 46|6, 48, N/A, 44.71, 46|
17:42:18 0, 54, N/A, 91.33, 88|1, 52, N/A, 48.45, 85|2, 53, N/A, 91.63, 81|3, 54, N/A, 43.26, 36|4, 53, N/A, 63.87, 45|5, 57, N/A, 43.53, 44|6, 48, N/A, 54.75, 42|
17:42:20 0, 54, N/A, 42.54, 90|1, 53, N/A, 65.91, 84|2, 53, N/A, 49.68, 80|3, 54, N/A, 53.30, 34|4, 53, N/A, 43.26, 40|5, 57, N/A, 62.85, 47|6, 48, N/A, 89.95, 47|
17:42:22 0, 54, N/A, 51.40, 85|1, 52, N/A, 46.73, 84|2, 54, N/A, 88.39, 81|3, 54, N/A, 57.47, 37|4, 53, N/A, 62.40, 46|5, 57, N/A, 59.73, 44|6, 48, N/A, 55.00, 45|
17:42:24 0, 54, N/A, 46.97, 82|1, 53, N/A, 49.43, 86|2, 54, N/A, 61.44, 80|3, 54, N/A, 53.06, 38|4, 53, N/A, 70.71, 50|5, 57, N/A, 54.32, 44|6, 48, N/A, 52.08, 46|
17:42:26 0, 53, N/A, 52.60, 86|1, 53, N/A, 56.07, 84|2, 53, N/A, 55.83, 81|3, 54, N/A, 44.73, 37|4, 53, N/A, 45.97, 40|5, 57, N/A, 45.01, 40|6, 49, N/A, 60.85, 38|
17:42:28 0, 54, N/A, 49.93, 87|1, 53, N/A, 51.89, 83|2, 53, N/A, 54.11, 75|3, 54, N/A, 53.55, 34|4, 54, N/A, 44.98, 50|5, 57, N/A, 44.27, 49|6, 48, N/A, 71.89, 41|
17:42:30 0, 54, N/A, 75.16, 83|1, 53, N/A, 78.12, 81|2, 53, N/A, 72.26, 82|3, 54, N/A, 49.16, 46|4, 53, N/A, 51.62, 44|5, 57, N/A, 49.68, 36|6, 49, N/A, 48.15, 44|
17:42:33 0, 54, N/A, 44.76, 89|1, 53, N/A, 49.95, 85|2, 53, N/A, 51.16, 78|3, 54, N/A, 63.58, 40|4, 53, N/A, 76.11, 40|5, 57, N/A, 62.43, 45|6, 49, N/A, 59.91, 41|
17:42:35 0, 54, N/A, 63.91, 86|1, 53, N/A, 60.26, 75|2, 53, N/A, 58.78, 80|3, 54, N/A, 45.72, 34|4, 53, N/A, 47.44, 46|5, 57, N/A, 46.24, 41|6, 49, N/A, 45.69, 49|
17:42:37 0, 54, N/A, 51.16, 80|1, 53, N/A, 52.14, 82|2, 53, N/A, 54.36, 75|3, 54, N/A, 78.03, 41|4, 53, N/A, 54.04, 34|5, 57, N/A, 65.55, 47|6, 49, N/A, 59.91, 46|
17:42:39 0, 54, N/A, 47.47, 87|1, 53, N/A, 51.16, 79|2, 53, N/A, 52.88, 79|3, 54, N/A, 59.44, 38|4, 53, N/A, 59.17, 40|5, 57, N/A, 59.21, 47|6, 49, N/A, 56.22, 43|
17:42:41 0, 54, N/A, 54.81, 82|1, 53, N/A, 56.32, 82|2, 54, N/A, 56.32, 82|3, 54, N/A, 44.24, 41|4, 53, N/A, 45.72, 43|5, 57, N/A, 46.24, 37|6, 49, N/A, 48.39, 48|
17:42:43 0, 54, N/A, 52.10, 79|1, 53, N/A, 55.34, 84|2, 54, N/A, 54.60, 78|3, 54, N/A, 74.35, 43|4, 53, N/A, 55.52, 35|5, 57, N/A, 62.15, 46|6, 49, N/A, 57.21, 50|
17:42:45 0, 54, N/A, 51.41, 88|1, 53, N/A, 49.95, 80|2, 53, N/A, 52.14, 75|3, 54, N/A, 81.47, 35|4, 53, N/A, 44.49, 47|5, 57, N/A, 66.81, 45|6, 49, N/A, 80.23, 38|
17:42:47 0, 54, N/A, 58.25, 81|1, 53, N/A, 75.70, 86|2, 53, N/A, 75.21, 77|3, 54, N/A, 49.65, 45|4, 53, N/A, 55.03, 44|5, 57, N/A, 50.66, 42|6, 49, N/A, 50.36, 46|
17:42:49 0, 54, N/A, 44.51, 86|1, 53, N/A, 47.49, 84|2, 54, N/A, 82.98, 75|3, 54, N/A, 54.77, 36|4, 53, N/A, 66.82, 42|5, 57, N/A, 58.75, 47|6, 49, N/A, 53.31, 42|
17:42:51 0, 54, N/A, 47.96, 88|1, 53, N/A, 51.68, 84|2, 54, N/A, 53.37, 81|3, 54, N/A, 58.71, 34|4, 53, N/A, 53.58, 47|5, 57, N/A, 62.43, 43|6, 49, N/A, 56.96, 42|
17:42:54 0, 54, N/A, 46.48, 87|1, 53, N/A, 49.71, 84|2, 54, N/A, 63.18, 81|3, 54, N/A, 51.12, 39|4, 53, N/A, 68.29, 44|5, 57, N/A, 50.42, 46|6, 49, N/A, 50.12, 44|
17:42:56 0, 54, N/A, 46.95, 88|1, 53, N/A, 70.05, 86|2, 53, N/A, 84.77, 82|3, 54, N/A, 47.44, 42|4, 53, N/A, 51.62, 41|5, 57, N/A, 48.20, 47|6, 49, N/A, 47.93, 45|
17:42:58 0, 54, N/A, 49.19, 85|1, 53, N/A, 50.45, 81|2, 53, N/A, 52.63, 81|3, 54, N/A, 72.63, 38|4, 53, N/A, 44.49, 42|5, 57, N/A, 57.48, 43|6, 49, N/A, 88.78, 42|
17:43:00 0, 54, N/A, 47.71, 79|1, 53, N/A, 50.91, 85|2, 54, N/A, 53.86, 76|3, 54, N/A, 56.74, 38|4, 53, N/A, 84.95, 36|5, 57, N/A, 58.26, 44|6, 49, N/A, 55.27, 45|
17:43:02 0, 54, N/A, 59.49, 86|1, 53, N/A, 69.06, 77|2, 53, N/A, 57.06, 78|3, 54, N/A, 44.73, 37|4, 53, N/A, 46.71, 44|5, 57, N/A, 45.50, 42|6, 49, N/A, 46.18, 39|
17:43:04 0, 54, N/A, 46.48, 86|1, 53, N/A, 48.94, 87|2, 54, N/A, 51.65, 77|3, 54, N/A, 69.48, 37|4, 53, N/A, 74.59, 51|5, 57, N/A, 71.00, 43|6, 49, N/A, 61.87, 46|
17:43:06 0, 54, N/A, 44.02, 88|1, 53, N/A, 67.59, 86|2, 54, N/A, 68.34, 84|3, 54, N/A, 53.55, 41|4, 53, N/A, 53.59, 47|5, 57, N/A, 49.68, 47|6, 50, N/A, 49.38, 45|
17:43:08 0, 54, N/A, 59.76, 87|1, 53, N/A, 53.15, 76|2, 54, N/A, 54.11, 86|3, 54, N/A, 43.75, 38|4, 53, N/A, 44.76, 42|5, 57, N/A, 45.99, 39|6, 49, N/A, 78.23, 45|
17:43:10 0, 54, N/A, 49.19, 79|1, 53, N/A, 50.45, 87|2, 53, N/A, 53.12, 84|3, 54, N/A, 74.88, 39|4, 53, N/A, 53.55, 45|5, 57, N/A, 79.99, 44|6, 49, N/A, 74.59, 44|
17:43:12 0, 54, N/A, 47.71, 90|1, 53, N/A, 50.45, 78|2, 54, N/A, 54.85, 84|3, 54, N/A, 77.58, 38|4, 53, N/A, 46.95, 43|5, 57, N/A, 81.56, 46|6, 50, N/A, 67.27, 43|
17:43:15 0, 54, N/A, 54.54, 78|1, 53, N/A, 86.91, 82|2, 54, N/A, 78.37, 81|3, 54, N/A, 50.11, 36|4, 54, N/A, 57.98, 45|5, 57, N/A, 51.40, 45|6, 50, N/A, 50.36, 46|
17:43:17 0, 54, N/A, 53.33, 87|1, 53, N/A, 53.86, 86|2, 53, N/A, 56.07, 82|3, 54, N/A, 43.99, 37|4, 53, N/A, 47.69, 42|5, 57, N/A, 44.51, 44|6, 50, N/A, 54.22, 42|
17:43:19 0, 54, N/A, 50.61, 90|1, 53, N/A, 90.14, 84|2, 54, N/A, 77.38, 78|3, 54, N/A, 51.58, 38|4, 53, N/A, 58.96, 41|5, 57, N/A, 51.13, 40|6, 50, N/A, 51.10, 40|
17:43:21 0, 54, N/A, 51.61, 86|1, 53, N/A, 52.38, 83|2, 54, N/A, 54.11, 83|3, 54, N/A, 45.47, 38|4, 53, N/A, 45.23, 42|5, 57, N/A, 87.10, 41|6, 50, N/A, 45.66, 41|
17:43:23 0, 54, N/A, 44.27, 88|1, 53, N/A, 47.47, 85|2, 54, N/A, 81.31, 75|3, 55, N/A, 57.47, 37|4, 53, N/A, 63.38, 42|5, 57, N/A, 55.80, 43|6, 50, N/A, 54.75, 43|
17:43:25 0, 54, N/A, 71.00, 86|1, 53, N/A, 63.90, 84|2, 54, N/A, 63.18, 77|3, 54, N/A, 46.70, 38|4, 53, N/A, 47.69, 44|5, 57, N/A, 46.73, 45|6, 50, N/A, 47.17, 43|
17:43:27 0, 54, N/A, 62.18, 87|1, 53, N/A, 57.55, 84|2, 54, N/A, 57.80, 79|3, 54, N/A, 45.47, 38|4, 53, N/A, 45.97, 45|5, 57, N/A, 47.22, 41|6, 50, N/A, 85.29, 44|
17:43:29 0, 54, N/A, 46.23, 85|1, 53, N/A, 49.19, 85|2, 54, N/A, 63.45, 79|3, 55, N/A, 51.83, 41|4, 54, N/A, 68.29, 50|5, 57, N/A, 52.88, 38|6, 50, N/A, 49.62, 48|
17:43:31 0, 54, N/A, 56.04, 88|1, 53, N/A, 57.06, 84|2, 54, N/A, 56.81, 78|3, 55, N/A, 74.39, 39|4, 54, N/A, 45.97, 48|5, 57, N/A, 68.04, 37|6, 50, N/A, 62.12, 46|
17:43:33 0, 54, N/A, 86.68, 88|1, 53, N/A, 77.42, 84|2, 53, N/A, 49.95, 77|3, 55, N/A, 53.06, 40|4, 53, N/A, 43.26, 45|5, 57, N/A, 49.93, 44|6, 50, N/A, 87.54, 44|
17:43:36 0, 54, N/A, 77.63, 86|1, 53, N/A, 46.23, 74|2, 54, N/A, 67.60, 80|3, 54, N/A, 82.93, 37|4, 54, N/A, 51.61, 45|5, 57, N/A, 67.76, 41|6, 50, N/A, 82.15, 49|
17:43:38 0, 54, N/A, 43.26, 88|1, 53, N/A, 107.54, 84|2, 53, N/A, 49.93, 79|3, 55, N/A, 54.04, 41|4, 53, N/A, 43.26, 43|5, 57, N/A, 56.05, 40|6, 50, N/A, 53.52, 38|
17:43:40 0, 54, N/A, 65.86, 37|1, 53, N/A, 68.29, 37|2, 54, N/A, 78.11, 37|3, 55, N/A, 67.29, 34|4, 54, N/A, 72.92, 31|5, 58, N/A, 71.24, 30|6, 51, N/A, 72.55, 31|
17:43:42 0, 54, N/A, 65.92, 27|1, 53, N/A, 69.57, 28|2, 54, N/A, 77.96, 37|3, 55, N/A, 63.38, 25|4, 54, N/A, 58.29, 33|5, 57, N/A, 55.31, 30|6, 50, N/A, 61.38, 31|
17:43:44 0, 55, N/A, 68.87, 38|1, 54, N/A, 74.78, 38|2, 54, N/A, 82.12, 37|3, 55, N/A, 69.52, 35|4, 54, N/A, 60.50, 34|5, 58, N/A, 61.03, 33|6, 50, N/A, 60.93, 34|
17:43:46 0, 55, N/A, 66.17, 37|1, 54, N/A, 70.13, 37|2, 55, N/A, 78.99, 37|3, 55, N/A, 66.37, 35|4, 54, N/A, 60.72, 33|5, 58, N/A, 60.29, 33|6, 50, N/A, 67.28, 34|
17:43:48 0, 55, N/A, 64.94, 38|1, 54, N/A, 71.37, 37|2, 55, N/A, 78.01, 37|3, 55, N/A, 65.92, 35|4, 54, N/A, 57.28, 33|5, 58, N/A, 57.31, 33|6, 50, N/A, 56.97, 34|
17:43:50 0, 55, N/A, 65.44, 37|1, 54, N/A, 70.15, 37|2, 55, N/A, 78.55, 37|3, 55, N/A, 66.82, 35|4, 54, N/A, 59.77, 33|5, 58, N/A, 59.81, 33|6, 50, N/A, 61.42, 33|
17:43:52 0, 55, N/A, 65.18, 37|1, 54, N/A, 72.15, 37|2, 55, N/A, 79.21, 37|3, 55, N/A, 65.18, 34|4, 54, N/A, 58.57, 33|5, 57, N/A, 58.33, 33|6, 51, N/A, 58.23, 33|
17:43:54 0, 55, N/A, 68.17, 38|1, 54, N/A, 71.37, 38|2, 55, N/A, 81.72, 37|3, 56, N/A, 66.86, 35|4, 54, N/A, 58.33, 33|5, 58, N/A, 58.33, 33|6, 51, N/A, 58.75, 34|
17:43:56 0, 55, N/A, 70.14, 37|1, 54, N/A, 74.83, 37|2, 55, N/A, 81.68, 36|3, 55, N/A, 70.59, 34|4, 54, N/A, 59.03, 33|5, 58, N/A, 59.35, 33|6, 51, N/A, 57.74, 34|
17:43:59 0, 55, N/A, 64.98, 38|1, 54, N/A, 72.85, 38|2, 55, N/A, 81.23, 37|3, 56, N/A, 73.01, 35|4, 54, N/A, 61.74, 34|5, 58, N/A, 61.28, 34|6, 51, N/A, 63.91, 34|
17:44:01 0, 55, N/A, 67.68, 33|1, 54, N/A, 74.08, 26|2, 55, N/A, 89.54, 36|3, 56, N/A, 67.60, 32|4, 54, N/A, 60.01, 32|5, 58, N/A, 60.29, 23|6, 51, N/A, 60.93, 23|
17:44:03 0, 55, N/A, 67.68, 38|1, 54, N/A, 71.61, 37|2, 55, N/A, 79.26, 37|3, 56, N/A, 64.90, 35|4, 54, N/A, 57.59, 33|5, 58, N/A, 57.84, 33|6, 51, N/A, 61.74, 34|
17:44:05 0, 56, N/A, 63.25, 37|1, 54, N/A, 68.63, 37|2, 55, N/A, 78.76, 36|3, 56, N/A, 63.91, 34|4, 54, N/A, 57.10, 32|5, 58, N/A, 57.60, 33|6, 51, N/A, 59.77, 34|
17:44:07 0, 56, N/A, 65.46, 38|1, 54, N/A, 70.15, 37|2, 55, N/A, 77.52, 37|3, 56, N/A, 62.93, 35|4, 54, N/A, 57.84, 34|5, 58, N/A, 57.35, 33|6, 51, N/A, 55.04, 34|
17:44:09 0, 56, N/A, 63.71, 38|1, 54, N/A, 68.92, 37|2, 55, N/A, 78.27, 36|3, 56, N/A, 66.65, 35|4, 54, N/A, 60.29, 33|5, 58, N/A, 59.53, 33|6, 51, N/A, 58.72, 34|
17:44:11 0, 56, N/A, 65.71, 38|1, 55, N/A, 68.71, 37|2, 56, N/A, 77.24, 37|3, 56, N/A, 64.20, 35|4, 54, N/A, 57.83, 33|5, 58, N/A, 57.81, 33|6, 51, N/A, 57.74, 34|
17:44:13 0, 56, N/A, 69.61, 37|1, 55, N/A, 71.32, 37|2, 56, N/A, 79.68, 36|3, 56, N/A, 65.87, 34|4, 54, N/A, 56.26, 33|5, 58, N/A, 57.06, 33|6, 51, N/A, 58.68, 34|
17:44:15 0, 56, N/A, 65.43, 38|1, 55, N/A, 69.36, 37|2, 56, N/A, 78.96, 37|3, 56, N/A, 65.59, 35|4, 54, N/A, 58.05, 33|5, 58, N/A, 56.82, 33|6, 51, N/A, 57.46, 34|
17:44:17 0, 56, N/A, 64.93, 37|1, 55, N/A, 70.88, 38|2, 56, N/A, 80.43, 37|3, 56, N/A, 66.16, 35|4, 54, N/A, 59.52, 33|5, 58, N/A, 56.82, 33|6, 51, N/A, 59.46, 34|
17:44:19 0, 56, N/A, 68.42, 37|1, 55, N/A, 71.33, 37|2, 56, N/A, 79.90, 37|3, 56, N/A, 64.64, 34|4, 54, N/A, 58.54, 33|5, 58, N/A, 57.59, 33|6, 51, N/A, 60.96, 34|
17:44:21 0, 56, N/A, 66.42, 38|1, 55, N/A, 71.12, 38|2, 56, N/A, 77.77, 37|3, 56, N/A, 64.89, 35|4, 54, N/A, 58.05, 33|5, 58, N/A, 58.33, 34|6, 52, N/A, 61.17, 34|
17:44:24 0, 56, N/A, 65.63, 38|1, 55, N/A, 71.05, 38|2, 56, N/A, 80.43, 37|3, 56, N/A, 66.37, 35|4, 54, N/A, 58.75, 34|5, 58, N/A, 57.80, 34|6, 51, N/A, 59.91, 34|
17:44:26 0, 56, N/A, 69.53, 37|1, 55, N/A, 75.50, 37|2, 56, N/A, 83.37, 37|3, 56, N/A, 68.29, 35|4, 54, N/A, 57.30, 33|5, 58, N/A, 57.28, 33|6, 52, N/A, 58.47, 34|
17:44:28 0, 56, N/A, 68.62, 38|1, 55, N/A, 75.26, 38|2, 56, N/A, 83.09, 37|3, 56, N/A, 68.99, 35|4, 54, N/A, 61.71, 34|5, 58, N/A, 59.77, 33|6, 51, N/A, 63.60, 34|
17:44:30 0, 56, N/A, 66.13, 38|1, 55, N/A, 72.84, 37|2, 56, N/A, 76.70, 37|3, 56, N/A, 66.82, 35|4, 54, N/A, 60.22, 33|5, 58, N/A, 59.24, 33|6, 52, N/A, 66.25, 34|
17:44:32 0, 56, N/A, 67.14, 38|1, 55, N/A, 70.63, 38|2, 56, N/A, 78.91, 37|3, 57, N/A, 67.31, 35|4, 54, N/A, 58.53, 33|5, 58, N/A, 57.31, 33|6, 52, N/A, 60.47, 34|
17:44:34 0, 56, N/A, 68.14, 38|1, 55, N/A, 71.37, 38|2, 56, N/A, 78.43, 37|3, 57, N/A, 66.37, 35|4, 54, N/A, 59.03, 33|5, 58, N/A, 58.54, 34|6, 52, N/A, 60.71, 35|
17:44:36 0, 56, N/A, 66.86, 38|1, 55, N/A, 74.76, 38|2, 56, N/A, 89.44, 37|3, 57, N/A, 68.53, 35|4, 54, N/A, 60.68, 34|5, 58, N/A, 60.01, 33|6, 52, N/A, 62.36, 34|
17:44:38 0, 56, N/A, 63.96, 37|1, 55, N/A, 70.09, 37|2, 57, N/A, 80.18, 37|3, 57, N/A, 67.10, 34|4, 54, N/A, 63.67, 33|5, 58, N/A, 59.77, 33|6, 52, N/A, 63.91, 34|
17:44:40 0, 56, N/A, 67.15, 38|1, 55, N/A, 74.78, 38|2, 57, N/A, 80.19, 37|3, 57, N/A, 67.10, 35|4, 54, N/A, 59.77, 34|5, 58, N/A, 59.56, 34|6, 52, N/A, 60.40, 34|
17:44:42 0, 56, N/A, 65.64, 37|1, 55, N/A, 70.10, 37|2, 57, N/A, 79.44, 36|3, 57, N/A, 67.31, 34|4, 54, N/A, 59.03, 33|5, 58, N/A, 57.07, 33|6, 52, N/A, 61.20, 33|
17:44:44 0, 56, N/A, 66.86, 37|1, 55, N/A, 72.27, 38|2, 57, N/A, 83.05, 37|3, 57, N/A, 66.57, 35|4, 54, N/A, 58.23, 33|5, 58, N/A, 58.54, 33|6, 52, N/A, 61.38, 34|
17:44:47 0, 57, N/A, 67.39, 38|1, 56, N/A, 71.61, 38|2, 57, N/A, 81.91, 37|3, 57, N/A, 69.07, 35|4, 54, N/A, 66.58, 34|5, 58, N/A, 63.21, 34|6, 52, N/A, 62.89, 34|
17:44:49 0, 56, N/A, 67.89, 38|1, 55, N/A, 71.09, 38|2, 57, N/A, 79.44, 37|3, 57, N/A, 68.62, 35|4, 54, N/A, 58.05, 34|5, 58, N/A, 59.78, 33|6, 52, N/A, 61.42, 34|
17:44:51 0, 57, N/A, 68.38, 38|1, 56, N/A, 71.09, 38|2, 57, N/A, 82.40, 37|3, 57, N/A, 68.58, 35|4, 54, N/A, 60.01, 34|5, 58, N/A, 59.07, 33|6, 52, N/A, 59.21, 34|
17:44:53 0, 56, N/A, 46.29, 87|1, 55, N/A, 49.71, 85|2, 56, N/A, 55.40, 79|3, 56, N/A, 65.63, 37|4, 54, N/A, 69.57, 48|5, 58, N/A, 63.92, 45|6, 52, N/A, 59.46, 45|
17:44:55 0, 56, N/A, 76.19, 85|1, 55, N/A, 67.92, 82|2, 56, N/A, 72.56, 77|3, 56, N/A, 48.20, 36|4, 54, N/A, 50.67, 44|5, 58, N/A, 48.48, 43|6, 52, N/A, 48.92, 45|
17:44:57 0, 56, N/A, 56.57, 87|1, 55, N/A, 84.02, 83|2, 56, N/A, 84.07, 83|3, 56, N/A, 52.10, 38|4, 54, N/A, 59.00, 42|5, 58, N/A, 53.37, 43|6, 52, N/A, 51.13, 44|
17:44:59 0, 56, N/A, 49.44, 87|1, 55, N/A, 52.38, 84|2, 56, N/A, 60.99, 80|3, 56, N/A, 58.25, 37|4, 54, N/A, 44.98, 39|5, 58, N/A, 44.27, 44|6, 52, N/A, 70.41, 42|
17:45:01 0, 56, N/A, 44.76, 85|1, 55, N/A, 75.38, 83|2, 56, N/A, 88.68, 78|3, 56, N/A, 51.83, 36|4, 54, N/A, 60.19, 44|5, 58, N/A, 55.56, 44|6, 52, N/A, 54.29, 44|
17:45:03 0, 56, N/A, 47.22, 88|1, 55, N/A, 50.42, 83|2, 56, N/A, 59.98, 73|3, 56, N/A, 55.02, 38|4, 54, N/A, 67.03, 39|5, 58, N/A, 52.35, 49|6, 52, N/A, 52.08, 48|
17:45:05 0, 56, N/A, 52.13, 87|1, 55, N/A, 58.78, 84|2, 56, N/A, 56.81, 81|3, 56, N/A, 48.88, 32|4, 54, N/A, 44.73, 45|5, 58, N/A, 50.39, 44|6, 52, N/A, 84.79, 45|
17:45:08 0, 56, N/A, 44.51, 87|1, 55, N/A, 73.93, 83|2, 56, N/A, 77.38, 83|3, 56, N/A, 51.33, 38|4, 54, N/A, 56.01, 43|5, 58, N/A, 52.60, 37|6, 52, N/A, 50.61, 42|
17:45:10 0, 56, N/A, 45.99, 86|1, 55, N/A, 58.04, 85|2, 56, N/A, 72.02, 75|3, 56, N/A, 52.57, 40|4, 54, N/A, 49.89, 41|5, 58, N/A, 46.73, 43|6, 52, N/A, 48.15, 42|
17:45:12 0, 56, N/A, 54.81, 86|1, 55, N/A, 51.16, 73|2, 56, N/A, 56.32, 79|3, 56, N/A, 80.52, 39|4, 54, N/A, 50.36, 44|5, 58, N/A, 83.67, 45|6, 52, N/A, 71.89, 46|
17:45:14 0, 56, N/A, 49.93, 88|1, 55, N/A, 51.16, 83|2, 56, N/A, 58.04, 72|3, 56, N/A, 78.32, 39|4, 54, N/A, 50.85, 40|5, 58, N/A, 80.25, 45|6, 52, N/A, 73.85, 46|
17:45:16 0, 56, N/A, 45.50, 86|1, 55, N/A, 69.06, 84|2, 56, N/A, 91.39, 78|3, 56, N/A, 48.39, 42|4, 54, N/A, 51.61, 43|5, 58, N/A, 49.65, 45|6, 52, N/A, 50.36, 43|
17:45:18 0, 56, N/A, 48.45, 84|1, 55, N/A, 50.91, 79|2, 56, N/A, 71.73, 81|3, 56, N/A, 51.09, 38|4, 54, N/A, 56.75, 43|5, 58, N/A, 52.11, 37|6, 52, N/A, 58.19, 51|
17:45:20 0, 56, N/A, 49.19, 76|1, 55, N/A, 52.88, 85|2, 56, N/A, 56.32, 73|3, 56, N/A, 69.48, 37|4, 54, N/A, 44.51, 40|5, 58, N/A, 50.39, 49|6, 52, N/A, 90.98, 41|
17:45:22 0, 56, N/A, 50.91, 87|1, 55, N/A, 49.71, 76|2, 56, N/A, 55.83, 78|3, 56, N/A, 71.20, 32|4, 54, N/A, 66.04, 44|5, 58, N/A, 77.58, 49|6, 52, N/A, 70.18, 33|
17:45:24 0, 56, N/A, 46.48, 80|1, 55, N/A, 49.22, 81|2, 56, N/A, 54.85, 73|3, 56, N/A, 66.00, 39|4, 54, N/A, 78.56, 49|5, 58, N/A, 64.64, 36|6, 52, N/A, 64.82, 52|
17:45:26 0, 56, N/A, 54.32, 87|1, 55, N/A, 56.81, 83|2, 56, N/A, 58.78, 72|3, 56, N/A, 66.29, 41|4, 54, N/A, 45.72, 40|5, 58, N/A, 54.57, 46|6, 52, N/A, 65.80, 36|
17:45:29 0, 56, N/A, 49.93, 85|1, 55, N/A, 52.66, 73|2, 56, N/A, 56.32, 84|3, 56, N/A, 56.50, 33|4, 54, N/A, 57.24, 49|5, 58, N/A, 52.85, 39|6, 52, N/A, 58.68, 47|
17:45:31 0, 56, N/A, 72.46, 78|1, 55, N/A, 68.08, 82|2, 56, N/A, 68.58, 72|3, 56, N/A, 46.94, 43|4, 54, N/A, 49.89, 32|5, 58, N/A, 48.20, 45|6, 53, N/A, 48.39, 44|
17:45:33 0, 56, N/A, 61.94, 87|1, 54, N/A, 53.12, 77|2, 56, N/A, 59.03, 78|3, 56, N/A, 44.73, 42|4, 54, N/A, 45.72, 43|5, 58, N/A, 44.76, 42|6, 52, N/A, 63.76, 41|
17:45:35 0, 56, N/A, 53.83, 88|1, 55, N/A, 54.60, 84|2, 56, N/A, 60.75, 83|3, 56, N/A, 45.22, 37|4, 54, N/A, 47.69, 50|5, 58, N/A, 45.01, 38|6, 52, N/A, 57.14, 47|
17:45:37 0, 56, N/A, 56.28, 86|1, 55, N/A, 92.06, 85|2, 56, N/A, 86.47, 70|3, 56, N/A, 51.61, 43|4, 54, N/A, 57.27, 37|5, 58, N/A, 54.33, 44|6, 53, N/A, 53.79, 43|
17:45:39 0, 56, N/A, 48.45, 86|1, 54, N/A, 80.78, 73|2, 56, N/A, 88.44, 76|3, 56, N/A, 52.81, 38|4, 55, N/A, 57.48, 40|5, 58, N/A, 54.08, 43|6, 52, N/A, 51.10, 37|
17:45:41 0, 56, N/A, 76.80, 89|1, 55, N/A, 75.45, 86|2, 56, N/A, 77.91, 76|3, 56, N/A, 50.85, 39|4, 54, N/A, 56.78, 45|5, 58, N/A, 50.63, 43|6, 53, N/A, 50.85, 45|
17:45:43 0, 56, N/A, 53.06, 86|1, 54, N/A, 89.12, 84|2, 56, N/A, 55.79, 77|3, 56, N/A, 99.25, 38|4, 54, N/A, 44.46, 44|5, 58, N/A, 105.45, 43|6, 52, N/A, 45.93, 38|
17:45:45 0, 56, N/A, 47.96, 88|1, 54, N/A, 49.71, 85|2, 56, N/A, 55.56, 81|3, 56, N/A, 44.24, 38|4, 54, N/A, 100.98, 42|5, 58, N/A, 44.73, 40|6, 52, N/A, 142.09, 44|
17:45:47 0, 56, N/A, 53.33, 88|1, 55, N/A, 53.62, 83|2, 56, N/A, 58.04, 79|3, 56, N/A, 95.83, 34|4, 54, N/A, 46.70, 35|5, 58, N/A, 79.99, 37|6, 52, N/A, 109.67, 44|
17:45:49 0, 56, N/A, 45.99, 85|1, 55, N/A, 49.19, 80|2, 56, N/A, 55.34, 79|3, 56, N/A, 62.11, 38|4, 54, N/A, 72.18, 44|5, 58, N/A, 64.36, 42|6, 53, N/A, 61.63, 42|
17:45:52 0, 56, N/A, 46.73, 88|1, 54, N/A, 49.95, 84|2, 56, N/A, 54.60, 72|3, 56, N/A, 65.79, 37|4, 54, N/A, 72.42, 42|5, 58, N/A, 62.64, 44|6, 52, N/A, 59.42, 44|
17:45:54 0, 56, N/A, 53.33, 64|1, 54, N/A, 53.86, 72|2, 56, N/A, 58.78, 59|3, 56, N/A, 65.55, 26|4, 54, N/A, 45.48, 30|5, 58, N/A, 59.95, 30|6, 53, N/A, 62.36, 37|
17:45:56 0, 56, N/A, 53.83, 85|1, 54, N/A, 53.15, 82|2, 56, N/A, 58.53, 81|3, 56, N/A, 65.59, 38|4, 54, N/A, 45.74, 45|5, 58, N/A, 63.63, 40|6, 53, N/A, 64.08, 44|
17:45:58 0, 56, N/A, 48.20, 87|1, 54, N/A, 50.66, 84|2, 56, N/A, 55.59, 82|3, 56, N/A, 56.50, 43|4, 54, N/A, 60.89, 39|5, 58, N/A, 56.54, 44|6, 53, N/A, 55.24, 39|
17:46:00 0, 56, N/A, 53.58, 87|1, 54, N/A, 54.36, 71|2, 56, N/A, 58.29, 78|3, 56, N/A, 44.49, 32|4, 55, N/A, 45.47, 48|5, 58, N/A, 44.51, 35|6, 53, N/A, 88.22, 43|
17:46:02 0, 56, N/A, 54.07, 75|1, 55, N/A, 53.86, 86|2, 56, N/A, 59.76, 75|3, 56, N/A, 45.96, 36|4, 54, N/A, 45.23, 40|5, 58, N/A, 44.76, 48|6, 53, N/A, 66.46, 45|
17:46:04 0, 56, N/A, 62.92, 87|1, 54, N/A, 53.37, 83|2, 56, N/A, 60.01, 75|3, 56, N/A, 44.73, 31|4, 54, N/A, 45.48, 53|5, 58, N/A, 44.76, 45|6, 53, N/A, 58.92, 43|
17:46:06 0, 56, N/A, 83.24, 76|1, 54, N/A, 73.00, 83|2, 56, N/A, 76.69, 81|3, 56, N/A, 48.17, 35|4, 54, N/A, 52.36, 55|5, 58, N/A, 48.45, 35|6, 53, N/A, 50.36, 45|
17:46:08 0, 56, N/A, 58.74, 88|1, 55, N/A, 89.16, 83|2, 56, N/A, 81.07, 74|3, 56, N/A, 52.32, 44|4, 54, N/A, 57.48, 39|5, 58, N/A, 52.85, 49|6, 53, N/A, 52.82, 40|
17:46:11 0, 56, N/A, 43.04, 86|1, 54, N/A, 46.26, 84|2, 56, N/A, 52.88, 82|3, 56, N/A, 42.77, 32|4, 54, N/A, 43.51, 46|5, 58, N/A, 43.28, 43|6, 53, N/A, 45.44, 40|
17:46:13 0, 56, N/A, 44.02, 87|1, 55, N/A, 54.60, 84|2, 56, N/A, 70.79, 79|3, 56, N/A, 63.09, 35|4, 54, N/A, 73.90, 43|5, 58, N/A, 60.23, 40|6, 53, N/A, 62.85, 49|
17:46:15 0, 56, N/A, 70.01, 87|1, 54, N/A, 48.20, 83|2, 57, N/A, 65.14, 85|3, 56, N/A, 69.22, 38|4, 54, N/A, 75.33, 36|5, 58, N/A, 71.20, 43|6, 53, N/A, 65.54, 41|
17:46:17 0, 55, N/A, 67.07, 81|1, 54, N/A, 63.41, 84|2, 56, N/A, 66.61, 83|3, 56, N/A, 46.94, 38|4, 54, N/A, 49.41, 41|5, 58, N/A, 47.47, 48|6, 53, N/A, 48.64, 41|
17:46:19 0, 56, N/A, 54.59, 88|1, 54, N/A, 56.32, 84|2, 56, N/A, 59.03, 82|3, 56, N/A, 58.46, 36|4, 54, N/A, 45.72, 44|5, 58, N/A, 80.73, 43|6, 53, N/A, 112.61, 42|
17:46:21 0, 56, N/A, 55.06, 86|1, 54, N/A, 54.35, 85|2, 56, N/A, 57.30, 82|3, 56, N/A, 45.22, 39|4, 54, N/A, 58.46, 46|5, 58, N/A, 82.20, 45|6, 53, N/A, 48.60, 47|
17:46:23 0, 56, N/A, 46.95, 88|1, 54, N/A, 50.17, 85|2, 56, N/A, 65.87, 80|3, 56, N/A, 61.62, 42|4, 54, N/A, 59.69, 48|5, 58, N/A, 53.58, 46|6, 53, N/A, 53.80, 44|
17:46:25 0, 56, N/A, 47.96, 86|1, 54, N/A, 51.43, 69|2, 56, N/A, 56.57, 80|3, 56, N/A, 58.95, 37|4, 54, N/A, 65.10, 43|5, 58, N/A, 61.95, 37|6, 53, N/A, 58.68, 47|
17:46:27 0, 56, N/A, 44.51, 74|1, 54, N/A, 62.43, 85|2, 56, N/A, 101.64, 72|3, 56, N/A, 57.47, 44|4, 54, N/A, 62.89, 36|5, 58, N/A, 59.24, 44|6, 53, N/A, 57.21, 45|
17:46:29 0, 56, N/A, 49.93, 87|1, 54, N/A, 51.19, 75|2, 56, N/A, 58.29, 81|3, 56, N/A, 59.20, 42|4, 54, N/A, 60.15, 39|5, 58, N/A, 61.69, 50|6, 53, N/A, 58.43, 35|
17:46:32 0, 55, N/A, 54.81, 84|1, 55, N/A, 55.34, 82|2, 56, N/A, 60.01, 82|3, 56, N/A, 52.32, 35|4, 55, N/A, 46.21, 48|5, 58, N/A, 45.25, 34|6, 53, N/A, 66.98, 55|
17:46:34 0, 56, N/A, 50.41, 85|1, 54, N/A, 52.38, 84|2, 56, N/A, 57.55, 69|3, 56, N/A, 63.09, 43|4, 54, N/A, 46.95, 31|5, 58, N/A, 67.27, 45|6, 53, N/A, 63.06, 42|
17:46:36 0, 56, N/A, 74.40, 86|1, 54, N/A, 67.34, 82|2, 57, N/A, 66.85, 81|3, 56, N/A, 47.19, 31|4, 54, N/A, 50.14, 43|5, 58, N/A, 48.67, 42|6, 53, N/A, 48.64, 41|
17:46:38 0, 55, N/A, 43.28, 88|1, 55, N/A, 52.63, 86|2, 56, N/A, 70.96, 79|3, 56, N/A, 60.14, 37|4, 55, N/A, 72.18, 47|5, 58, N/A, 56.78, 31|6, 53, N/A, 57.94, 53|
17:46:40 0, 55, N/A, 63.17, 86|1, 54, N/A, 56.32, 82|2, 56, N/A, 61.21, 79|3, 56, N/A, 49.62, 38|4, 54, N/A, 45.72, 44|5, 58, N/A, 45.50, 44|6, 53, N/A, 49.10, 41|
17:46:42 0, 55, N/A, 45.74, 85|1, 54, N/A, 48.94, 82|2, 56, N/A, 54.36, 79|3, 56, N/A, 66.03, 38|4, 54, N/A, 75.57, 42|5, 58, N/A, 61.17, 40|6, 54, N/A, 59.90, 43|
17:46:44 0, 55, N/A, 58.74, 87|1, 54, N/A, 67.59, 85|2, 56, N/A, 61.49, 80|3, 56, N/A, 45.47, 35|4, 54, N/A, 46.45, 46|5, 58, N/A, 45.74, 49|6, 53, N/A, 47.17, 35|
17:46:46 0, 56, N/A, 46.97, 76|1, 54, N/A, 50.45, 82|2, 56, N/A, 55.59, 81|3, 56, N/A, 69.76, 33|4, 55, N/A, 72.92, 53|5, 58, N/A, 74.43, 38|6, 53, N/A, 66.29, 47|
17:46:48 0, 55, N/A, 57.02, 89|1, 54, N/A, 57.54, 85|2, 56, N/A, 67.60, 76|3, 56, N/A, 45.47, 45|4, 54, N/A, 46.95, 34|5, 58, N/A, 45.74, 44|6, 53, N/A, 47.17, 39|
17:46:50 0, 55, N/A, 48.20, 84|1, 54, N/A, 52.17, 63|2, 56, N/A, 56.32, 80|3, 56, N/A, 46.45, 34|4, 54, N/A, 44.98, 50|5, 58, N/A, 44.51, 37|6, 53, N/A, 60.60, 46|
17:46:53 0, 55, N/A, 46.97, 87|1, 54, N/A, 48.94, 86|2, 56, N/A, 74.19, 72|3, 56, N/A, 59.93, 46|4, 55, N/A, 53.34, 46|5, 58, N/A, 50.17, 31|6, 53, N/A, 50.85, 55|
17:46:55 0, 56, N/A, 47.47, 88|1, 54, N/A, 49.93, 83|2, 56, N/A, 63.17, 76|3, 56, N/A, 53.79, 42|4, 54, N/A, 59.45, 44|5, 58, N/A, 54.07, 45|6, 53, N/A, 53.06, 42|
17:46:57 0, 56, N/A, 45.99, 88|1, 54, N/A, 49.93, 84|2, 56, N/A, 97.42, 81|3, 56, N/A, 44.46, 37|4, 54, N/A, 135.06, 45|5, 58, N/A, 44.24, 46|6, 54, N/A, 109.00, 44|
17:46:59 0, 55, N/A, 50.66, 88|1, 54, N/A, 51.89, 84|2, 56, N/A, 56.54, 76|3, 56, N/A, 109.06, 38|4, 54, N/A, 47.93, 41|5, 58, N/A, 98.04, 41|6, 53, N/A, 124.79, 41|
17:47:01 0, 55, N/A, 70.01, 86|1, 54, N/A, 61.98, 82|2, 56, N/A, 64.44, 80|3, 56, N/A, 46.21, 38|4, 54, N/A, 47.19, 45|5, 58, N/A, 45.99, 43|6, 53, N/A, 49.13, 43|
17:47:03 0, 56, N/A, 71.73, 87|1, 54, N/A, 65.38, 86|2, 56, N/A, 66.12, 83|3, 56, N/A, 46.21, 38|4, 54, N/A, 48.42, 43|5, 58, N/A, 46.97, 49|6, 54, N/A, 47.90, 39|
17:47:05 0, 55, N/A, 57.27, 86|1, 54, N/A, 90.39, 73|2, 56, N/A, 85.49, 84|3, 56, N/A, 49.37, 30|4, 54, N/A, 56.01, 50|5, 58, N/A, 52.35, 37|6, 54, N/A, 52.08, 46|
17:47:07 0, 55, N/A, 46.73, 72|1, 54, N/A, 48.72, 87|2, 56, N/A, 71.73, 68|3, 56, N/A, 56.00, 41|4, 54, N/A, 56.78, 39|5, 58, N/A, 50.91, 45|6, 54, N/A, 51.83, 42|
17:47:09 0, 56, N/A, 61.44, 87|1, 54, N/A, 53.62, 76|2, 56, N/A, 59.52, 78|3, 56, N/A, 44.49, 43|4, 54, N/A, 45.47, 44|5, 58, N/A, 44.76, 52|6, 54, N/A, 71.12, 32|
17:47:11 0, 55, N/A, 47.95, 87|1, 55, N/A, 50.42, 83|2, 56, N/A, 56.07, 82|3, 56, N/A, 55.02, 36|4, 55, N/A, 74.64, 52|5, 58, N/A, 54.57, 36|6, 54, N/A, 54.26, 46|
17:47:14 0, 56, N/A, 47.71, 88|1, 54, N/A, 83.52, 85|2, 56, N/A, 55.09, 62|3, 56, N/A, 141.90, 35|4, 54, N/A, 45.19, 31|5, 59, N/A, 139.06, 41|6, 54, N/A, 113.91, 41|
17:47:16 0, 55, N/A, 49.93, 85|1, 54, N/A, 53.12, 83|2, 56, N/A, 56.57, 82|3, 56, N/A, 44.73, 38|4, 54, N/A, 74.88, 41|5, 58, N/A, 119.54, 42|6, 54, N/A, 47.13, 40|
17:47:18 0, 55, N/A, 44.51, 91|1, 54, N/A, 58.25, 87|2, 56, N/A, 99.43, 83|3, 56, N/A, 54.53, 38|4, 55, N/A, 62.89, 45|5, 59, N/A, 54.82, 42|6, 54, N/A, 53.77, 43|
17:47:20 0, 56, N/A, 45.74, 87|1, 54, N/A, 48.45, 70|2, 56, N/A, 80.08, 83|3, 56, N/A, 58.42, 31|4, 54, N/A, 71.94, 54|5, 58, N/A, 62.65, 38|6, 54, N/A, 60.15, 46|
17:47:22 0, 55, N/A, 63.12, 74|1, 54, N/A, 65.13, 85|2, 56, N/A, 66.36, 76|3, 56, N/A, 49.37, 45|4, 55, N/A, 48.42, 37|5, 58, N/A, 46.24, 47|6, 54, N/A, 48.15, 55|
17:47:24 0, 56, N/A, 46.73, 88|1, 54, N/A, 50.17, 76|2, 56, N/A, 55.83, 78|3, 56, N/A, 51.33, 32|4, 55, N/A, 44.74, 50|5, 58, N/A, 63.83, 50|6, 54, N/A, 63.06, 31|
17:47:26 0, 56, N/A, 47.22, 80|1, 54, N/A, 49.93, 84|2, 56, N/A, 63.63, 81|3, 56, N/A, 53.30, 34|4, 55, N/A, 71.94, 49|5, 58, N/A, 53.83, 29|6, 54, N/A, 54.26, 54|
17:47:28 0, 56, N/A, 75.91, 88|1, 54, N/A, 71.77, 85|2, 56, N/A, 65.67, 81|3, 56, N/A, 49.16, 45|4, 55, N/A, 49.41, 45|5, 59, N/A, 48.20, 44|6, 54, N/A, 49.38, 42|
17:47:30 0, 56, N/A, 140.36, 88|1, 54, N/A, 47.19, 85|2, 56, N/A, 146.57, 79|3, 56, N/A, 43.25, 39|4, 55, N/A, 86.87, 44|5, 58, N/A, 43.53, 39|6, 54, N/A, 64.08, 51|
17:47:32 0, 56, N/A, 45.99, 86|1, 54, N/A, 49.93, 83|2, 56, N/A, 56.81, 80|3, 56, N/A, 65.55, 37|4, 54, N/A, 80.25, 39|5, 58, N/A, 67.31, 45|6, 54, N/A, 57.70, 39|
17:47:35 0, 55, N/A, 50.90, 75|1, 54, N/A, 53.62, 84|2, 56, N/A, 57.55, 82|3, 56, N/A, 47.90, 37|4, 54, N/A, 45.47, 43|5, 58, N/A, 44.76, 42|6, 54, N/A, 73.08, 43|
17:47:37 0, 55, N/A, 47.96, 73|1, 54, N/A, 50.91, 84|2, 56, N/A, 56.32, 70|3, 56, N/A, 68.98, 45|4, 54, N/A, 62.64, 36|5, 59, N/A, 56.29, 49|6, 54, N/A, 54.75, 51|
17:47:39 0, 55, N/A, 60.22, 88|1, 54, N/A, 56.57, 70|2, 57, N/A, 60.01, 74|3, 56, N/A, 44.73, 31|4, 55, N/A, 46.45, 52|5, 59, N/A, 45.25, 53|6, 54, N/A, 64.00, 34|
17:47:41 0, 55, N/A, 46.48, 74|1, 54, N/A, 49.68, 84|2, 56, N/A, 55.59, 70|3, 56, N/A, 72.42, 45|4, 55, N/A, 67.27, 50|5, 58, N/A, 75.38, 36|6, 54, N/A, 69.68, 39|
17:47:43 0, 56, N/A, 109.93, 86|1, 54, N/A, 89.67, 84|2, 56, N/A, 53.37, 79|3, 56, N/A, 78.02, 46|4, 54, N/A, 43.76, 44|5, 59, N/A, 84.90, 43|6, 54, N/A, 75.82, 46|
17:47:45 0, 55, N/A, 55.79, 88|1, 54, N/A, 51.64, 83|2, 56, N/A, 134.79, 81|3, 56, N/A, 43.96, 39|4, 55, N/A, 142.64, 42|5, 58, N/A, 44.24, 46|6, 54, N/A, 125.29, 45|
17:47:47 0, 55, N/A, 51.61, 89|1, 54, N/A, 87.15, 83|2, 56, N/A, 82.79, 81|3, 56, N/A, 51.83, 36|4, 55, N/A, 58.47, 39|5, 58, N/A, 51.89, 38|6, 54, N/A, 52.57, 43|
17:47:49 0, 55, N/A, 44.51, 73|1, 54, N/A, 67.56, 82|2, 56, N/A, 91.10, 82|3, 56, N/A, 56.49, 32|4, 55, N/A, 59.45, 55|5, 59, N/A, 55.06, 43|6, 54, N/A, 53.31, 43|
17:47:51 0, 56, N/A, 54.59, 88|1, 54, N/A, 54.11, 85|2, 56, N/A, 65.43, 71|3, 56, N/A, 44.73, 39|4, 54, N/A, 45.74, 45|5, 59, N/A, 45.01, 44|6, 54, N/A, 57.17, 34|
17:47:53 0, 55, N/A, 45.50, 86|1, 54, N/A, 74.19, 53|2, 56, N/A, 74.23, 83|3, 56, N/A, 51.09, 33|4, 55, N/A, 51.37, 52|5, 59, N/A, 48.92, 34|6, 54, N/A, 58.92, 45|
17:47:56 0, 56, N/A, 52.35, 77|1, 54, N/A, 55.09, 81|2, 57, N/A, 59.97, 80|3, 56, N/A, 104.40, 38|4, 55, N/A, 47.16, 50|5, 58, N/A, 111.77, 38|6, 54, N/A, 47.63, 47|
17:47:58 0, 55, N/A, 55.55, 88|1, 54, N/A, 58.04, 85|2, 56, N/A, 59.77, 72|3, 56, N/A, 45.44, 47|4, 54, N/A, 47.19, 34|5, 59, N/A, 45.25, 48|6, 54, N/A, 64.49, 39|
17:48:00 0, 56, N/A, 48.94, 88|1, 54, N/A, 50.66, 85|2, 57, N/A, 57.30, 84|3, 56, N/A, 82.20, 31|4, 55, N/A, 45.48, 48|5, 59, N/A, 77.54, 32|6, 54, N/A, 73.36, 46|
17:48:02 0, 55, N/A, 42.79, 87|1, 55, N/A, 67.36, 87|2, 56, N/A, 53.37, 83|3, 56, N/A, 83.18, 45|4, 54, N/A, 43.97, 44|5, 59, N/A, 89.31, 44|6, 54, N/A, 79.46, 45|
17:48:04 0, 56, N/A, 68.33, 39|1, 55, N/A, 80.08, 39|2, 57, N/A, 87.50, 38|3, 56, N/A, 69.22, 36|4, 55, N/A, 74.43, 32|5, 59, N/A, 69.53, 32|6, 55, N/A, 75.33, 33|
17:48:06 0, 56, N/A, 69.64, 39|1, 55, N/A, 72.19, 39|2, 57, N/A, 81.61, 38|3, 56, N/A, 66.53, 36|4, 55, N/A, 61.69, 35|5, 59, N/A, 62.68, 34|6, 54, N/A, 65.59, 35|
17:48:08 0, 56, N/A, 70.05, 39|1, 55, N/A, 71.98, 38|2, 57, N/A, 83.33, 38|3, 56, N/A, 64.81, 36|4, 55, N/A, 58.72, 35|5, 59, N/A, 59.24, 34|6, 55, N/A, 62.88, 36|
17:48:10 0, 56, N/A, 70.13, 39|1, 55, N/A, 70.56, 39|2, 57, N/A, 83.54, 38|3, 57, N/A, 69.52, 36|4, 55, N/A, 68.54, 35|5, 59, N/A, 62.22, 34|6, 54, N/A, 66.74, 36|
17:48:12 0, 56, N/A, 68.87, 39|1, 55, N/A, 73.34, 39|2, 57, N/A, 84.08, 38|3, 57, N/A, 70.05, 36|4, 55, N/A, 60.75, 35|5, 59, N/A, 60.54, 34|6, 54, N/A, 63.64, 35|
17:48:14 0, 56, N/A, 72.56, 39|1, 55, N/A, 79.24, 39|2, 57, N/A, 84.42, 38|3, 57, N/A, 68.34, 36|4, 55, N/A, 61.49, 34|5, 59, N/A, 61.00, 34|6, 54, N/A, 62.94, 35|
17:48:16 0, 57, N/A, 70.14, 39|1, 55, N/A, 75.03, 39|2, 57, N/A, 84.37, 38|3, 57, N/A, 71.57, 36|4, 55, N/A, 60.72, 35|5, 59, N/A, 60.26, 34|6, 54, N/A, 65.63, 35|
17:48:18 0, 56, N/A, 70.18, 38|1, 55, N/A, 75.60, 39|2, 58, N/A, 84.66, 38|3, 57, N/A, 67.60, 36|4, 55, N/A, 58.06, 35|5, 59, N/A, 59.03, 34|6, 55, N/A, 60.75, 35|
17:48:21 0, 57, N/A, 70.60, 39|1, 55, N/A, 70.88, 39|2, 58, N/A, 84.38, 39|3, 57, N/A, 68.09, 36|4, 55, N/A, 57.80, 35|5, 59, N/A, 59.74, 34|6, 55, N/A, 64.93, 35|
17:48:23 0, 57, N/A, 67.89, 39|1, 55, N/A, 73.83, 39|2, 58, N/A, 84.32, 38|3, 57, N/A, 69.60, 36|4, 55, N/A, 62.72, 35|5, 59, N/A, 64.69, 34|6, 55, N/A, 72.19, 35|
17:48:25 0, 57, N/A, 68.87, 39|1, 56, N/A, 70.06, 39|2, 58, N/A, 82.40, 38|3, 57, N/A, 69.52, 36|4, 55, N/A, 62.01, 35|5, 59, N/A, 62.51, 35|6, 55, N/A, 64.64, 36|
17:48:27 0, 57, N/A, 66.86, 39|1, 56, N/A, 74.27, 39|2, 58, N/A, 82.84, 38|3, 57, N/A, 68.54, 36|4, 55, N/A, 61.71, 35|5, 59, N/A, 61.73, 34|6, 55, N/A, 61.63, 35|
17:48:29 0, 57, N/A, 70.10, 39|1, 56, N/A, 73.75, 39|2, 58, N/A, 83.82, 38|3, 57, N/A, 72.23, 36|4, 55, N/A, 63.21, 34|5, 59, N/A, 61.46, 34|6, 55, N/A, 65.31, 35|
17:48:31 0, 57, N/A, 69.81, 38|1, 56, N/A, 76.46, 38|2, 58, N/A, 85.59, 38|3, 57, N/A, 71.04, 36|4, 55, N/A, 58.01, 34|5, 59, N/A, 59.73, 34|6, 55, N/A, 64.89, 35|
17:48:33 0, 57, N/A, 69.37, 39|1, 56, N/A, 73.04, 39|2, 58, N/A, 85.60, 39|3, 57, N/A, 68.05, 36|4, 55, N/A, 58.51, 35|5, 59, N/A, 59.56, 35|6, 55, N/A, 62.15, 35|
17:48:35 0, 57, N/A, 69.85, 39|1, 56, N/A, 72.80, 39|2, 58, N/A, 83.88, 38|3, 57, N/A, 70.30, 36|4, 55, N/A, 61.46, 35|5, 59, N/A, 59.99, 34|6, 55, N/A, 62.68, 35|
17:48:37 0, 57, N/A, 68.34, 39|1, 56, N/A, 77.51, 39|2, 58, N/A, 88.05, 39|3, 57, N/A, 70.01, 36|4, 55, N/A, 62.19, 35|5, 59, N/A, 61.00, 35|6, 55, N/A, 64.40, 36|
17:48:39 0, 57, N/A, 69.38, 39|1, 56, N/A, 75.05, 39|2, 58, N/A, 82.32, 38|3, 57, N/A, 67.10, 36|4, 55, N/A, 58.99, 35|5, 59, N/A, 59.49, 35|6, 55, N/A, 61.91, 36|
17:48:41 0, 57, N/A, 71.32, 39|1, 56, N/A, 72.80, 39|2, 58, N/A, 82.61, 39|3, 58, N/A, 66.57, 36|4, 55, N/A, 58.01, 35|5, 59, N/A, 60.23, 35|6, 55, N/A, 65.35, 36|
17:48:43 0, 57, N/A, 72.85, 38|1, 56, N/A, 76.74, 38|2, 58, N/A, 83.14, 38|3, 58, N/A, 67.56, 36|4, 55, N/A, 62.44, 34|5, 59, N/A, 61.98, 34|6, 55, N/A, 64.36, 35|
17:48:46 0, 57, N/A, 72.56, 39|1, 56, N/A, 75.31, 39|2, 58, N/A, 83.63, 38|3, 58, N/A, 68.82, 36|4, 55, N/A, 61.00, 35|5, 59, N/A, 62.19, 35|6, 55, N/A, 66.37, 35|
17:48:48 0, 57, N/A, 67.36, 39|1, 56, N/A, 75.26, 39|2, 59, N/A, 83.13, 38|3, 58, N/A, 68.01, 36|4, 55, N/A, 60.22, 35|5, 59, N/A, 61.21, 35|6, 55, N/A, 63.84, 36|
17:48:50 0, 57, N/A, 71.09, 39|1, 56, N/A, 74.29, 39|2, 59, N/A, 82.12, 38|3, 58, N/A, 67.84, 36|4, 55, N/A, 59.56, 35|5, 59, N/A, 60.27, 35|6, 55, N/A, 62.62, 35|
17:48:52 0, 57, N/A, 70.17, 39|1, 56, N/A, 74.53, 38|2, 59, N/A, 85.81, 38|3, 58, N/A, 69.81, 36|4, 55, N/A, 61.75, 34|5, 59, N/A, 62.94, 34|6, 55, N/A, 68.58, 35|
17:48:54 0, 58, N/A, 71.09, 39|1, 56, N/A, 75.55, 39|2, 59, N/A, 82.16, 38|3, 58, N/A, 68.62, 36|4, 55, N/A, 59.28, 35|5, 59, N/A, 60.76, 34|6, 55, N/A, 64.37, 35|
17:48:56 0, 58, N/A, 71.09, 39|1, 56, N/A, 79.04, 39|2, 59, N/A, 85.31, 38|3, 58, N/A, 71.04, 36|4, 55, N/A, 61.71, 35|5, 59, N/A, 58.29, 35|6, 55, N/A, 61.98, 35|
17:48:58 0, 58, N/A, 71.09, 39|1, 56, N/A, 75.27, 39|2, 59, N/A, 83.34, 38|3, 58, N/A, 67.31, 36|4, 55, N/A, 61.24, 35|5, 59, N/A, 57.80, 34|6, 55, N/A, 62.68, 35|
17:49:00 0, 58, N/A, 70.84, 39|1, 57, N/A, 80.93, 39|2, 59, N/A, 87.28, 38|3, 58, N/A, 71.00, 36|4, 55, N/A, 62.98, 35|5, 59, N/A, 60.05, 35|6, 55, N/A, 64.93, 36|
17:49:02 0, 58, N/A, 68.63, 39|1, 57, N/A, 74.86, 39|2, 59, N/A, 86.87, 38|3, 58, N/A, 70.54, 36|4, 55, N/A, 60.01, 34|5, 59, N/A, 60.02, 33|6, 55, N/A, 64.20, 34|
17:49:04 0, 58, N/A, 68.14, 39|1, 57, N/A, 75.31, 39|2, 59, N/A, 83.19, 38|3, 58, N/A, 68.58, 36|4, 55, N/A, 59.78, 35|5, 60, N/A, 62.02, 34|6, 55, N/A, 64.90, 35|
17:49:06 0, 58, N/A, 70.10, 39|1, 57, N/A, 74.74, 39|2, 59, N/A, 91.75, 39|3, 58, N/A, 70.50, 36|4, 55, N/A, 61.74, 35|5, 59, N/A, 61.28, 35|6, 55, N/A, 63.38, 36|
17:49:08 0, 58, N/A, 66.42, 37|1, 57, N/A, 72.86, 39|2, 59, N/A, 82.89, 38|3, 58, N/A, 70.35, 35|4, 55, N/A, 61.28, 34|5, 60, N/A, 60.05, 34|6, 55, N/A, 62.94, 35|
17:49:11 0, 58, N/A, 70.91, 39|1, 57, N/A, 79.98, 39|2, 59, N/A, 83.63, 39|3, 58, N/A, 74.97, 36|4, 55, N/A, 63.71, 35|5, 59, N/A, 62.76, 35|6, 55, N/A, 67.57, 36|
17:49:13 0, 58, N/A, 72.11, 39|1, 57, N/A, 77.04, 39|2, 59, N/A, 83.14, 38|3, 58, N/A, 68.58, 36|4, 55, N/A, 59.99, 35|5, 59, N/A, 61.78, 34|6, 55, N/A, 64.13, 36|
17:49:15 0, 58, N/A, 69.12, 38|1, 57, N/A, 72.11, 39|2, 59, N/A, 81.67, 38|3, 58, N/A, 71.24, 36|4, 55, N/A, 61.21, 35|5, 60, N/A, 61.50, 34|6, 55, N/A, 64.85, 35|
17:49:17 0, 57, N/A, 81.61, 88|1, 56, N/A, 79.94, 67|2, 59, N/A, 77.73, 83|3, 58, N/A, 50.91, 37|4, 55, N/A, 54.39, 49|5, 59, N/A, 51.72, 34|6, 55, N/A, 50.67, 54|
17:49:19 0, 57, N/A, 68.34, 72|1, 57, N/A, 67.39, 85|2, 59, N/A, 82.60, 72|3, 58, N/A, 48.42, 44|4, 55, N/A, 50.42, 32|5, 59, N/A, 49.22, 51|6, 55, N/A, 49.65, 44|
17:49:21 0, 58, N/A, 55.58, 86|1, 56, N/A, 56.84, 72|2, 59, N/A, 61.28, 77|3, 58, N/A, 49.65, 31|4, 56, N/A, 46.73, 43|5, 60, N/A, 45.78, 44|6, 55, N/A, 66.30, 37|
17:49:23 0, 57, N/A, 64.20, 87|1, 56, N/A, 61.49, 88|2, 59, N/A, 66.13, 83|3, 58, N/A, 46.46, 37|4, 55, N/A, 47.71, 46|5, 59, N/A, 47.25, 42|6, 55, N/A, 48.42, 40|
17:49:25 0, 57, N/A, 56.07, 85|1, 56, N/A, 53.40, 79|2, 59, N/A, 58.78, 82|3, 58, N/A, 50.36, 38|4, 55, N/A, 45.50, 52|5, 59, N/A, 45.01, 34|6, 55, N/A, 78.96, 42|
17:49:27 0, 57, N/A, 58.00, 72|1, 56, N/A, 89.36, 85|2, 59, N/A, 87.90, 74|3, 58, N/A, 52.32, 41|4, 55, N/A, 54.29, 35|5, 60, N/A, 53.34, 43|6, 55, N/A, 52.57, 43|
17:49:29 0, 57, N/A, 75.66, 87|1, 56, N/A, 66.64, 72|2, 59, N/A, 70.35, 76|3, 58, N/A, 48.17, 45|4, 55, N/A, 49.41, 35|5, 60, N/A, 47.71, 51|6, 55, N/A, 48.65, 40|
17:49:32 0, 57, N/A, 57.76, 90|1, 56, N/A, 58.25, 84|2, 59, N/A, 62.44, 84|3, 58, N/A, 45.96, 37|4, 55, N/A, 50.14, 52|5, 59, N/A, 46.48, 37|6, 55, N/A, 47.90, 49|
17:49:34 0, 57, N/A, 47.47, 87|1, 56, N/A, 50.42, 66|2, 59, N/A, 57.06, 80|3, 58, N/A, 128.09, 33|4, 55, N/A, 47.19, 43|5, 59, N/A, 113.42, 32|6, 55, N/A, 137.42, 37|
17:49:36 0, 57, N/A, 47.47, 76|1, 56, N/A, 50.42, 85|2, 59, N/A, 56.57, 84|3, 58, N/A, 67.26, 49|4, 55, N/A, 76.57, 46|5, 59, N/A, 67.56, 44|6, 55, N/A, 60.89, 45|
17:49:38 0, 57, N/A, 46.24, 88|1, 56, N/A, 64.64, 72|2, 59, N/A, 93.60, 81|3, 58, N/A, 49.37, 38|4, 55, N/A, 53.83, 43|5, 59, N/A, 51.37, 43|6, 55, N/A, 51.59, 34|
17:49:40 0, 57, N/A, 73.90, 87|1, 56, N/A, 81.11, 69|2, 59, N/A, 77.67, 85|3, 58, N/A, 50.85, 32|4, 55, N/A, 55.06, 52|5, 59, N/A, 51.89, 35|6, 55, N/A, 51.34, 48|
17:49:42 0, 57, N/A, 52.35, 85|1, 56, N/A, 69.56, 88|2, 59, N/A, 86.72, 72|3, 58, N/A, 48.17, 48|4, 55, N/A, 50.88, 38|5, 60, N/A, 49.19, 45|6, 55, N/A, 50.12, 46|
17:49:44 0, 58, N/A, 56.04, 88|1, 56, N/A, 56.32, 84|2, 59, N/A, 61.49, 81|3, 58, N/A, 58.92, 33|4, 55, N/A, 46.48, 44|5, 60, N/A, 54.81, 41|6, 55, N/A, 83.67, 37|
17:49:46 0, 57, N/A, 69.26, 88|1, 56, N/A, 82.30, 84|2, 59, N/A, 78.86, 82|3, 57, N/A, 50.85, 37|4, 55, N/A, 53.80, 45|5, 59, N/A, 51.86, 46|6, 55, N/A, 52.08, 46|
17:49:48 0, 57, N/A, 46.73, 89|1, 56, N/A, 54.60, 67|2, 58, N/A, 82.58, 83|3, 57, N/A, 51.09, 38|4, 55, N/A, 54.53, 51|5, 60, N/A, 51.89, 35|6, 55, N/A, 52.08, 45|
17:49:50 0, 57, N/A, 57.27, 71|1, 56, N/A, 56.81, 87|2, 58, N/A, 62.44, 71|3, 58, N/A, 47.44, 42|4, 55, N/A, 46.71, 31|5, 59, N/A, 45.99, 55|6, 55, N/A, 47.65, 43|
17:49:53 0, 57, N/A, 45.50, 88|1, 56, N/A, 74.23, 84|2, 59, N/A, 75.71, 81|3, 58, N/A, 49.40, 48|4, 55, N/A, 52.60, 38|5, 60, N/A, 50.17, 47|6, 55, N/A, 51.09, 44|
17:49:55 0, 57, N/A, 45.25, 88|1, 56, N/A, 56.81, 86|2, 59, N/A, 67.07, 83|3, 57, N/A, 60.87, 38|4, 56, N/A, 78.56, 46|5, 59, N/A, 65.38, 43|6, 56, N/A, 61.38, 54|
17:49:57 0, 57, N/A, 59.72, 66|1, 56, N/A, 71.03, 56|2, 58, N/A, 61.46, 78|3, 57, N/A, 45.96, 31|4, 55, N/A, 46.48, 45|5, 59, N/A, 45.25, 32|6, 55, N/A, 47.17, 25|
17:49:59 0, 57, N/A, 69.03, 76|1, 56, N/A, 63.66, 83|2, 58, N/A, 69.32, 74|3, 58, N/A, 47.68, 38|4, 55, N/A, 49.16, 48|5, 59, N/A, 47.22, 32|6, 55, N/A, 71.36, 44|
17:50:01 0, 57, N/A, 50.91, 86|1, 56, N/A, 53.15, 72|2, 59, N/A, 62.72, 79|3, 57, N/A, 50.60, 38|4, 55, N/A, 45.72, 43|5, 59, N/A, 45.25, 45|6, 55, N/A, 86.32, 32|
17:50:03 0, 57, N/A, 58.50, 85|1, 56, N/A, 59.27, 67|2, 58, N/A, 64.90, 83|3, 57, N/A, 46.21, 39|4, 55, N/A, 48.18, 50|5, 59, N/A, 46.73, 34|6, 55, N/A, 51.78, 51|
17:50:05 0, 57, N/A, 48.20, 74|1, 56, N/A, 51.68, 85|2, 58, N/A, 58.51, 84|3, 57, N/A, 55.02, 44|4, 55, N/A, 74.39, 41|5, 59, N/A, 56.78, 42|6, 55, N/A, 54.75, 42|
17:50:07 0, 57, N/A, 50.38, 86|1, 56, N/A, 87.95, 85|2, 58, N/A, 70.29, 76|3, 57, N/A, 47.19, 33|4, 55, N/A, 49.89, 50|5, 59, N/A, 48.45, 54|6, 55, N/A, 49.62, 49|
17:50:09 0, 57, N/A, 74.68, 74|1, 56, N/A, 72.75, 81|2, 58, N/A, 68.09, 82|3, 57, N/A, 48.91, 35|4, 56, N/A, 51.37, 53|5, 60, N/A, 49.43, 39|6, 55, N/A, 49.87, 44|
17:50:11 0, 57, N/A, 45.99, 86|1, 56, N/A, 69.80, 84|2, 58, N/A, 73.46, 81|3, 58, N/A, 52.84, 36|4, 55, N/A, 50.88, 43|5, 60, N/A, 49.19, 49|6, 55, N/A, 49.87, 31|
17:50:14 0, 57, N/A, 50.18, 75|1, 56, N/A, 49.93, 57|2, 58, N/A, 56.32, 55|3, 57, N/A, 63.58, 25|4, 55, N/A, 73.90, 32|5, 59, N/A, 65.63, 34|6, 56, N/A, 61.38, 33|
17:50:16 0, 57, N/A, 62.67, 74|1, 56, N/A, 56.81, 83|2, 58, N/A, 62.72, 78|3, 57, N/A, 49.87, 45|4, 55, N/A, 47.44, 46|5, 59, N/A, 46.24, 44|6, 55, N/A, 65.51, 51|
17:50:18 0, 57, N/A, 58.00, 90|1, 56, N/A, 59.27, 85|2, 59, N/A, 69.06, 84|3, 57, N/A, 46.94, 38|4, 55, N/A, 47.44, 36|5, 59, N/A, 46.48, 44|6, 55, N/A, 48.15, 43|
17:50:20 0, 57, N/A, 45.74, 88|1, 56, N/A, 52.35, 67|2, 58, N/A, 101.10, 78|3, 57, N/A, 56.25, 33|4, 55, N/A, 64.36, 46|5, 60, N/A, 58.75, 44|6, 56, N/A, 57.21, 51|
17:50:22 0, 57, N/A, 61.94, 87|1, 56, N/A, 61.20, 86|2, 59, N/A, 65.14, 68|3, 57, N/A, 46.70, 37|4, 55, N/A, 47.68, 39|5, 60, N/A, 46.97, 50|6, 56, N/A, 53.28, 44|
17:50:24 0, 57, N/A, 63.17, 88|1, 55, N/A, 59.03, 85|2, 59, N/A, 64.93, 81|3, 57, N/A, 46.94, 29|4, 55, N/A, 47.69, 44|5, 59, N/A, 47.22, 37|6, 56, N/A, 58.68, 38|
17:50:26 0, 57, N/A, 51.40, 72|1, 56, N/A, 52.14, 82|2, 58, N/A, 59.28, 82|3, 57, N/A, 84.21, 38|4, 55, N/A, 49.13, 53|5, 59, N/A, 79.95, 33|6, 56, N/A, 71.89, 54|
17:50:28 0, 57, N/A, 45.01, 90|1, 56, N/A, 59.94, 84|2, 58, N/A, 102.86, 68|3, 57, N/A, 56.00, 50|4, 55, N/A, 66.04, 41|5, 60, N/A, 59.73, 46|6, 56, N/A, 55.73, 45|
17:50:30 0, 57, N/A, 48.45, 57|1, 56, N/A, 50.42, 59|2, 58, N/A, 59.73, 82|3, 57, N/A, 55.51, 21|4, 55, N/A, 57.98, 30|5, 59, N/A, 55.06, 40|6, 56, N/A, 54.78, 46|
17:50:32 0, 57, N/A, 58.51, 72|1, 56, N/A, 66.86, 81|2, 58, N/A, 69.32, 66|3, 57, N/A, 48.18, 50|4, 56, N/A, 56.78, 57|5, 59, N/A, 48.95, 31|6, 56, N/A, 50.12, 49|
17:50:34 0, 57, N/A, 47.96, 90|1, 56, N/A, 52.88, 71|2, 58, N/A, 57.06, 81|3, 57, N/A, 72.91, 50|4, 55, N/A, 70.42, 43|5, 59, N/A, 72.96, 43|6, 55, N/A, 70.17, 36|
17:50:37 0, 57, N/A, 74.93, 87|1, 56, N/A, 71.77, 67|2, 58, N/A, 69.06, 84|3, 57, N/A, 48.91, 30|4, 56, N/A, 51.37, 53|5, 60, N/A, 47.96, 37|6, 56, N/A, 49.38, 56|
17:50:39 0, 57, N/A, 50.66, 71|1, 56, N/A, 52.63, 84|2, 58, N/A, 58.53, 68|3, 57, N/A, 70.21, 44|4, 55, N/A, 67.76, 31|5, 60, N/A, 59.49, 47|6, 56, N/A, 57.94, 51|
17:50:41 0, 57, N/A, 62.89, 88|1, 56, N/A, 66.85, 72|2, 58, N/A, 67.10, 75|3, 57, N/A, 46.94, 40|4, 55, N/A, 49.41, 51|5, 60, N/A, 47.71, 55|6, 56, N/A, 49.62, 33|
17:50:43 0, 57, N/A, 46.73, 71|1, 56, N/A, 49.71, 83|2, 58, N/A, 75.38, 84|3, 57, N/A, 59.19, 32|4, 56, N/A, 67.76, 50|5, 60, N/A, 60.22, 36|6, 56, N/A, 61.87, 56|
17:50:45 0, 57, N/A, 54.32, 90|1, 56, N/A, 54.60, 87|2, 58, N/A, 60.75, 75|3, 57, N/A, 66.57, 51|4, 55, N/A, 46.21, 41|5, 60, N/A, 67.02, 46|6, 56, N/A, 64.78, 33|
17:50:47 0, 57, N/A, 42.55, 86|1, 56, N/A, 46.51, 48|2, 58, N/A, 53.62, 81|3, 57, N/A, 43.01, 32|4, 56, N/A, 56.74, 55|5, 60, N/A, 60.72, 34|6, 56, N/A, 65.80, 41|
17:50:49 0, 57, N/A, 48.70, 72|1, 56, N/A, 51.16, 83|2, 58, N/A, 82.30, 79|3, 57, N/A, 59.69, 51|4, 56, N/A, 56.78, 52|5, 59, N/A, 52.35, 44|6, 56, N/A, 53.80, 40|
17:50:51 0, 57, N/A, 57.28, 85|1, 56, N/A, 54.35, 71|2, 59, N/A, 58.29, 79|3, 57, N/A, 84.90, 39|4, 55, N/A, 45.48, 38|5, 59, N/A, 67.28, 48|6, 56, N/A, 81.71, 34|
17:50:53 0, 57, N/A, 75.91, 84|1, 55, N/A, 47.74, 84|2, 59, N/A, 75.21, 82|3, 57, N/A, 72.18, 38|4, 56, N/A, 87.59, 57|5, 59, N/A, 69.77, 33|6, 56, N/A, 72.87, 41|
17:50:55 0, 57, N/A, 43.77, 88|1, 56, N/A, 68.57, 85|2, 58, N/A, 55.58, 82|3, 58, N/A, 76.07, 49|4, 55, N/A, 56.50, 42|5, 60, N/A, 91.03, 43|6, 56, N/A, 78.96, 44|
17:50:58 0, 57, N/A, 52.60, 84|1, 55, N/A, 67.31, 83|2, 59, N/A, 102.13, 76|3, 57, N/A, 54.04, 38|4, 56, N/A, 65.55, 56|5, 60, N/A, 57.77, 51|6, 56, N/A, 55.00, 42|
17:51:00 0, 57, N/A, 52.35, 86|1, 56, N/A, 54.11, 84|2, 58, N/A, 60.26, 79|3, 57, N/A, 46.94, 37|4, 55, N/A, 49.38, 42|5, 60, N/A, 46.45, 42|6, 56, N/A, 109.43, 41|
17:51:02 0, 57, N/A, 49.19, 87|1, 55, N/A, 50.42, 68|2, 58, N/A, 60.50, 81|3, 57, N/A, 131.70, 40|4, 55, N/A, 45.93, 44|5, 60, N/A, 125.18, 44|6, 56, N/A, 48.11, 46|
17:51:04 0, 57, N/A, 63.17, 85|1, 56, N/A, 59.52, 83|2, 58, N/A, 65.39, 77|3, 57, N/A, 46.70, 37|4, 56, N/A, 48.42, 41|5, 60, N/A, 46.73, 44|6, 56, N/A, 71.16, 42|
17:51:06 0, 57, N/A, 59.03, 90|1, 55, N/A, 58.81, 83|2, 58, N/A, 68.62, 81|3, 57, N/A, 46.48, 43|4, 55, N/A, 47.71, 43|5, 60, N/A, 46.51, 42|6, 56, N/A, 48.92, 40|
17:51:08 0, 57, N/A, 50.70, 86|1, 56, N/A, 52.17, 80|2, 58, N/A, 58.58, 84|3, 57, N/A, 74.93, 41|4, 55, N/A, 51.13, 48|5, 59, N/A, 84.95, 31|6, 56, N/A, 79.51, 42|
17:51:10 0, 57, N/A, 46.76, 70|1, 56, N/A, 51.68, 85|2, 58, N/A, 57.10, 65|3, 57, N/A, 69.52, 48|4, 55, N/A, 83.97, 31|5, 60, N/A, 70.31, 47|6, 56, N/A, 67.77, 43|
17:51:12 0, 57, N/A, 46.73, 89|1, 56, N/A, 61.44, 70|2, 58, N/A, 100.16, 82|3, 57, N/A, 56.25, 33|4, 56, N/A, 62.40, 43|5, 60, N/A, 58.01, 52|6, 56, N/A, 57.94, 34|
17:51:14 0, 57, N/A, 76.65, 72|1, 56, N/A, 66.85, 81|2, 58, N/A, 71.77, 68|3, 57, N/A, 48.42, 51|4, 56, N/A, 52.11, 54|5, 60, N/A, 48.70, 32|6, 56, N/A, 50.85, 40|
17:51:16 0, 57, N/A, 62.67, 88|1, 56, N/A, 61.24, 83|2, 58, N/A, 64.93, 67|3, 57, N/A, 46.94, 48|4, 56, N/A, 48.18, 36|5, 60, N/A, 46.97, 49|6, 56, N/A, 49.13, 30|
17:51:19 0, 57, N/A, 58.25, 88|1, 56, N/A, 55.83, 67|2, 58, N/A, 61.48, 86|3, 57, N/A, 64.08, 31|4, 56, N/A, 55.76, 52|5, 60, N/A, 66.33, 39|6, 56, N/A, 78.52, 57|
17:51:21 0, 57, N/A, 45.99, 71|1, 56, N/A, 73.69, 85|2, 58, N/A, 93.34, 65|3, 57, N/A, 52.81, 49|4, 55, N/A, 61.42, 37|5, 60, N/A, 53.34, 46|6, 56, N/A, 52.79, 46|
17:51:23 0, 57, N/A, 51.16, 88|1, 56, N/A, 51.40, 81|2, 58, N/A, 58.78, 80|3, 57, N/A, 56.74, 48|4, 55, N/A, 62.64, 48|5, 60, N/A, 56.78, 44|6, 56, N/A, 55.98, 40|
17:51:25 0, 57, N/A, 48.94, 86|1, 56, N/A, 51.89, 85|2, 58, N/A, 65.13, 83|3, 57, N/A, 53.06, 38|4, 56, N/A, 67.80, 58|5, 60, N/A, 51.89, 35|6, 56, N/A, 53.55, 52|
17:51:27 0, 57, N/A, 43.74, 87|1, 56, N/A, 162.07, 84|2, 58, N/A, 54.56, 59|3, 58, N/A, 96.55, 36|4, 55, N/A, 44.24, 39|5, 60, N/A, 99.82, 38|6, 57, N/A, 90.44, 40|
17:51:29 0, 57, N/A, 125.24, 86|1, 56, N/A, 48.17, 82|2, 58, N/A, 173.23, 81|3, 57, N/A, 43.45, 37|4, 55, N/A, 162.28, 44|5, 60, N/A, 161.55, 43|6, 56, N/A, 47.13, 41|
17:51:31 0, 57, N/A, 44.24, 86|1, 56, N/A, 149.90, 84|2, 58, N/A, 55.05, 82|3, 58, N/A, 121.41, 36|4, 56, N/A, 163.75, 53|5, 60, N/A, 44.24, 44|6, 57, N/A, 96.08, 41|
17:51:33 0, 57, N/A, 62.43, 88|1, 56, N/A, 54.36, 83|2, 58, N/A, 60.50, 80|3, 57, N/A, 45.47, 33|4, 55, N/A, 46.45, 47|5, 60, N/A, 45.50, 47|6, 56, N/A, 51.31, 41|
17:51:35 0, 57, N/A, 66.61, 86|1, 55, N/A, 62.92, 85|2, 58, N/A, 67.35, 78|3, 57, N/A, 47.19, 35|4, 56, N/A, 55.80, 43|5, 60, N/A, 48.70, 42|6, 56, N/A, 50.36, 54|
17:51:37 0, 57, N/A, 55.34, 88|1, 56, N/A, 54.85, 84|2, 58, N/A, 60.99, 78|3, 57, N/A, 59.44, 35|4, 56, N/A, 45.94, 51|5, 60, N/A, 69.28, 39|6, 56, N/A, 64.54, 34|
17:51:40 0, 57, N/A, 49.19, 70|1, 56, N/A, 51.43, 85|2, 58, N/A, 57.55, 81|3, 57, N/A, 55.51, 33|4, 56, N/A, 61.91, 56|5, 60, N/A, 65.60, 32|6, 56, N/A, 56.47, 50|
17:51:42 0, 57, N/A, 59.72, 89|1, 56, N/A, 67.34, 85|2, 58, N/A, 83.77, 68|3, 57, N/A, 48.42, 44|4, 55, N/A, 52.11, 35|5, 60, N/A, 49.93, 52|6, 56, N/A, 51.34, 32|
17:51:44 0, 57, N/A, 42.79, 87|1, 55, N/A, 46.51, 85|2, 58, N/A, 53.62, 73|3, 57, N/A, 42.77, 31|4, 56, N/A, 65.10, 51|5, 60, N/A, 58.51, 27|6, 56, N/A, 63.34, 46|
17:51:46 0, 57, N/A, 57.02, 71|1, 56, N/A, 59.03, 84|2, 58, N/A, 60.75, 79|3, 58, N/A, 75.78, 51|4, 56, N/A, 46.95, 44|5, 60, N/A, 69.53, 44|6, 56, N/A, 64.05, 54|
17:51:48 0, 57, N/A, 56.04, 86|1, 56, N/A, 56.81, 70|2, 59, N/A, 62.19, 81|3, 58, N/A, 67.55, 37|4, 55, N/A, 45.97, 39|5, 60, N/A, 68.25, 48|6, 56, N/A, 65.02, 29|
17:51:50 0, 57, N/A, 53.59, 86|1, 56, N/A, 53.12, 84|2, 58, N/A, 60.26, 80|3, 57, N/A, 46.21, 38|4, 56, N/A, 52.08, 45|5, 60, N/A, 47.19, 45|6, 56, N/A, 112.36, 43|
17:51:52 0, 57, N/A, 54.32, 88|1, 55, N/A, 54.60, 86|2, 58, N/A, 60.75, 80|3, 57, N/A, 87.55, 37|4, 56, N/A, 46.45, 42|5, 60, N/A, 78.52, 44|6, 56, N/A, 108.21, 44|
17:51:54 0, 57, N/A, 72.71, 87|1, 56, N/A, 68.08, 85|2, 58, N/A, 68.34, 80|3, 57, N/A, 49.16, 37|4, 56, N/A, 51.37, 44|5, 60, N/A, 49.43, 36|6, 56, N/A, 50.36, 43|
17:51:56 0, 57, N/A, 45.25, 87|1, 56, N/A, 80.32, 87|2, 58, N/A, 87.70, 66|3, 57, N/A, 52.08, 47|4, 56, N/A, 58.96, 30|5, 60, N/A, 55.80, 55|6, 56, N/A, 54.29, 42|
17:51:58 0, 57, N/A, 45.50, 88|1, 56, N/A, 78.86, 65|2, 58, N/A, 82.30, 81|3, 57, N/A, 50.60, 30|4, 56, N/A, 57.24, 39|5, 60, N/A, 53.86, 45|6, 56, N/A, 54.29, 57|
17:52:01 0, 57, N/A, 48.20, 76|1, 56, N/A, 52.14, 87|2, 58, N/A, 73.90, 64|3, 57, N/A, 59.69, 38|4, 56, N/A, 56.75, 36|5, 60, N/A, 53.34, 52|6, 56, N/A, 54.01, 55|
17:52:03 0, 57, N/A, 63.41, 86|1, 56, N/A, 54.35, 83|2, 59, N/A, 60.26, 80|3, 57, N/A, 45.72, 52|4, 56, N/A, 46.21, 33|5, 60, N/A, 45.99, 52|6, 56, N/A, 51.56, 40|
17:52:05 0, 57, N/A, 47.46, 70|1, 56, N/A, 56.81, 85|2, 59, N/A, 80.08, 80|3, 57, N/A, 50.85, 32|4, 56, N/A, 63.87, 43|5, 60, N/A, 52.63, 44|6, 57, N/A, 53.06, 53|
17:52:07 0, 57, N/A, 46.70, 78|1, 55, N/A, 117.04, 84|2, 58, N/A, 56.28, 79|3, 57, N/A, 156.39, 34|4, 56, N/A, 44.94, 43|5, 60, N/A, 156.98, 44|6, 56, N/A, 177.96, 32|
17:52:09 0, 57, N/A, 46.73, 85|1, 56, N/A, 51.40, 83|2, 58, N/A, 101.82, 81|3, 57, N/A, 44.46, 40|4, 56, N/A, 124.61, 43|5, 60, N/A, 140.77, 42|6, 56, N/A, 47.62, 40|
17:52:11 0, 57, N/A, 55.55, 87|1, 56, N/A, 57.80, 69|2, 58, N/A, 61.98, 80|3, 57, N/A, 60.39, 36|4, 56, N/A, 47.19, 44|5, 60, N/A, 46.48, 47|6, 56, N/A, 78.68, 46|
17:52:13 0, 57, N/A, 46.73, 86|1, 56, N/A, 49.43, 63|2, 59, N/A, 66.08, 84|3, 57, N/A, 59.90, 36|4, 56, N/A, 74.36, 56|5, 60, N/A, 65.84, 38|6, 56, N/A, 63.59, 55|
17:52:15 0, 57, N/A, 62.43, 67|1, 56, N/A, 61.48, 87|2, 58, N/A, 66.85, 69|3, 57, N/A, 48.91, 46|4, 56, N/A, 49.41, 28|5, 60, N/A, 47.71, 53|6, 56, N/A, 49.38, 42|
17:52:17 0, 57, N/A, 45.74, 90|1, 56, N/A, 48.97, 68|2, 58, N/A, 55.59, 76|3, 57, N/A, 58.67, 30|4, 56, N/A, 44.73, 34|5, 60, N/A, 56.53, 52|6, 56, N/A, 68.74, 29|
17:52:19 0, 57, N/A, 54.32, 86|1, 56, N/A, 54.85, 83|2, 59, N/A, 60.01, 79|3, 57, N/A, 60.43, 38|4, 56, N/A, 64.57, 45|5, 60, N/A, 61.95, 38|6, 57, N/A, 60.89, 58|
17:52:21 0, 57, N/A, 68.05, 88|1, 56, N/A, 63.41, 85|2, 58, N/A, 64.44, 68|3, 58, N/A, 47.16, 49|4, 56, N/A, 48.17, 39|5, 60, N/A, 47.47, 47|6, 56, N/A, 55.48, 43|
17:52:24 0, 57, N/A, 141.82, 88|1, 56, N/A, 47.21, 84|2, 59, N/A, 112.38, 81|3, 57, N/A, 52.04, 38|4, 57, N/A, 70.95, 42|5, 60, N/A, 44.27, 44|6, 57, N/A, 104.53, 46|
17:52:26 0, 57, N/A, 46.73, 87|1, 56, N/A, 49.71, 66|2, 59, N/A, 76.61, 83|3, 57, N/A, 56.98, 38|4, 56, N/A, 69.24, 44|5, 60, N/A, 61.21, 45|6, 56, N/A, 58.68, 34|
17:52:28 0, 57, N/A, 50.17, 83|1, 56, N/A, 51.65, 82|2, 58, N/A, 58.51, 86|3, 57, N/A, 78.07, 36|4, 56, N/A, 45.72, 55|5, 60, N/A, 77.79, 40|6, 57, N/A, 80.19, 44|
17:52:30 0, 57, N/A, 48.45, 68|1, 56, N/A, 50.94, 88|2, 58, N/A, 62.19, 67|3, 57, N/A, 62.11, 45|4, 56, N/A, 58.71, 28|5, 60, N/A, 55.34, 54|6, 57, N/A, 55.00, 42|
17:52:32 0, 57, N/A, 56.81, 89|1, 56, N/A, 58.32, 65|2, 59, N/A, 63.46, 78|3, 57, N/A, 45.97, 31|4, 56, N/A, 47.96, 51|5, 60, N/A, 47.01, 50|6, 57, N/A, 60.15, 29|
17:52:34 0, 57, N/A, 46.23, 79|1, 56, N/A, 49.68, 85|2, 58, N/A, 69.03, 66|3, 57, N/A, 62.60, 49|4, 56, N/A, 67.27, 61|5, 60, N/A, 64.85, 34|6, 57, N/A, 62.61, 55|
17:52:36 0, 57, N/A, 161.08, 87|1, 56, N/A, 160.19, 85|2, 58, N/A, 54.10, 76|3, 58, N/A, 65.54, 36|4, 56, N/A, 44.24, 32|5, 61, N/A, 67.56, 41|6, 57, N/A, 47.17, 38|
17:52:38 0, 57, N/A, 87.15, 87|1, 56, N/A, 51.64, 86|2, 58, N/A, 146.73, 82|3, 57, N/A, 44.21, 37|4, 56, N/A, 147.21, 42|5, 60, N/A, 44.70, 43|6, 57, N/A, 174.29, 43|
17:52:40 0, 57, N/A, 53.58, 90|1, 56, N/A, 90.34, 85|2, 58, N/A, 83.77, 78|3, 57, N/A, 53.54, 40|4, 56, N/A, 59.94, 42|5, 60, N/A, 53.83, 34|6, 57, N/A, 55.24, 38|
17:52:42 0, 57, N/A, 46.97, 67|1, 56, N/A, 51.65, 83|2, 59, N/A, 70.75, 83|3, 57, N/A, 65.05, 30|4, 56, N/A, 70.96, 52|5, 60, N/A, 63.42, 35|6, 57, N/A, 59.42, 45|
17:52:45 0, 57, N/A, 52.63, 89|1, 56, N/A, 53.62, 85|2, 58, N/A, 63.18, 76|3, 57, N/A, 44.98, 51|4, 56, N/A, 45.96, 43|5, 60, N/A, 45.50, 43|6, 57, N/A, 64.04, 30|
17:52:47 0, 57, N/A, 42.55, 87|1, 56, N/A, 46.76, 62|2, 58, N/A, 53.86, 84|3, 57, N/A, 42.77, 38|4, 56, N/A, 43.78, 54|5, 60, N/A, 43.78, 37|6, 57, N/A, 60.64, 49|
17:52:49 0, 57, N/A, 44.02, 87|1, 56, N/A, 66.65, 83|2, 58, N/A, 55.10, 66|3, 58, N/A, 81.71, 37|4, 56, N/A, 59.42, 56|5, 60, N/A, 80.77, 27|6, 57, N/A, 78.27, 43|
17:52:51 0, 57, N/A, 144.01, 87|1, 56, N/A, 47.95, 82|2, 58, N/A, 188.65, 82|3, 57, N/A, 115.35, 50|4, 56, N/A, 44.46, 47|5, 61, N/A, 128.37, 42|6, 57, N/A, 47.41, 43|
17:52:53 0, 57, N/A, 53.12, 68|1, 56, N/A, 54.60, 85|2, 58, N/A, 60.75, 82|3, 57, N/A, 62.60, 42|4, 56, N/A, 49.62, 44|5, 60, N/A, 69.28, 44|6, 57, N/A, 63.80, 52|
17:52:55 0, 57, N/A, 45.99, 87|1, 56, N/A, 81.06, 69|2, 58, N/A, 91.82, 77|3, 57, N/A, 53.54, 37|4, 56, N/A, 57.73, 58|5, 60, N/A, 55.56, 52|6, 57, N/A, 54.75, 32|
17:52:57 0, 57, N/A, 47.95, 69|1, 56, N/A, 50.91, 85|2, 58, N/A, 57.05, 68|3, 57, N/A, 74.14, 49|4, 56, N/A, 71.85, 54|5, 60, N/A, 72.96, 42|6, 57, N/A, 68.46, 42|
17:52:59 0, 57, N/A, 56.96, 88|1, 56, N/A, 84.02, 83|2, 58, N/A, 71.03, 75|3, 57, N/A, 48.63, 49|4, 55, N/A, 51.34, 44|5, 60, N/A, 50.14, 45|6, 57, N/A, 51.59, 39|
17:53:01 0, 57, N/A, 70.25, 84|1, 56, N/A, 59.76, 61|2, 59, N/A, 65.62, 78|3, 57, N/A, 46.21, 37|4, 56, N/A, 48.17, 45|5, 60, N/A, 46.48, 32|6, 57, N/A, 60.14, 58|
17:53:03 0, 57, N/A, 43.47, 87|1, 56, N/A, 170.12, 84|2, 58, N/A, 54.31, 80|3, 58, N/A, 101.88, 37|4, 56, N/A, 44.21, 37|5, 61, N/A, 107.91, 42|6, 57, N/A, 97.55, 41|
17:53:06 0, 57, N/A, 46.24, 67|1, 56, N/A, 68.12, 82|2, 58, N/A, 70.05, 78|3, 57, N/A, 47.93, 35|4, 56, N/A, 51.37, 49|5, 60, N/A, 48.94, 43|6, 57, N/A, 54.01, 43|
17:53:08 0, 57, N/A, 48.45, 88|1, 56, N/A, 51.40, 88|2, 58, N/A, 64.85, 78|3, 57, N/A, 64.32, 37|4, 56, N/A, 60.68, 43|5, 60, N/A, 56.05, 41|6, 57, N/A, 55.73, 37|
17:53:10 0, 57, N/A, 46.97, 49|1, 55, N/A, 49.68, 46|2, 58, N/A, 57.55, 80|3, 57, N/A, 70.21, 24|4, 56, N/A, 74.63, 53|5, 60, N/A, 74.19, 32|6, 57, N/A, 67.97, 42|
17:53:12 0, 57, N/A, 46.97, 86|1, 56, N/A, 62.43, 86|2, 59, N/A, 76.93, 64|3, 58, N/A, 55.76, 47|4, 56, N/A, 55.76, 60|5, 60, N/A, 51.62, 28|6, 57, N/A, 53.79, 43|
17:53:14 0, 58, N/A, 60.47, 90|1, 56, N/A, 53.86, 84|2, 59, N/A, 111.89, 81|3, 58, N/A, 60.39, 48|4, 56, N/A, 59.20, 44|5, 61, N/A, 59.73, 44|6, 57, N/A, 56.22, 43|
17:53:16 0, 57, N/A, 64.89, 67|1, 56, N/A, 63.90, 84|2, 58, N/A, 66.12, 81|3, 57, N/A, 47.19, 40|4, 56, N/A, 53.56, 42|5, 60, N/A, 47.96, 44|6, 57, N/A, 50.12, 41|
17:53:18 0, 57, N/A, 54.36, 88|1, 56, N/A, 52.14, 68|2, 59, N/A, 58.53, 79|3, 57, N/A, 58.71, 37|4, 56, N/A, 68.05, 56|5, 60, N/A, 61.44, 52|6, 57, N/A, 58.92, 31|
17:53:20 0, 57, N/A, 46.73, 69|1, 56, N/A, 49.46, 82|2, 58, N/A, 82.30, 64|3, 57, N/A, 57.97, 54|4, 56, N/A, 66.57, 59|5, 60, N/A, 58.51, 34|6, 57, N/A, 59.91, 44|
17:53:22 0, 57, N/A, 48.45, 91|1, 56, N/A, 64.39, 85|2, 58, N/A, 75.21, 65|3, 57, N/A, 49.62, 50|4, 56, N/A, 53.09, 30|5, 60, N/A, 51.16, 43|6, 57, N/A, 52.33, 46|
17:53:24 0, 58, N/A, 64.85, 88|1, 56, N/A, 47.25, 76|2, 59, N/A, 95.20, 81|3, 57, N/A, 57.97, 38|4, 56, N/A, 68.75, 46|5, 60, N/A, 57.28, 47|6, 57, N/A, 59.66, 59|
17:53:27 0, 57, N/A, 46.24, 88|1, 56, N/A, 72.22, 85|2, 58, N/A, 56.56, 81|3, 57, N/A, 145.08, 34|4, 56, N/A, 46.18, 42|5, 60, N/A, 142.89, 44|6, 57, N/A, 162.92, 43|
17:53:29 0, 57, N/A, 74.42, 87|1, 56, N/A, 71.77, 82|2, 59, N/A, 67.83, 86|3, 57, N/A, 47.68, 41|4, 56, N/A, 49.89, 54|5, 60, N/A, 48.45, 32|6, 57, N/A, 50.12, 41|
17:53:31 0, 57, N/A, 48.45, 88|1, 56, N/A, 50.94, 86|2, 58, N/A, 59.00, 73|3, 57, N/A, 68.50, 51|4, 56, N/A, 83.91, 39|5, 61, N/A, 75.13, 42|6, 57, N/A, 68.25, 29|
17:53:33 0, 57, N/A, 42.82, 72|1, 56, N/A, 46.51, 64|2, 59, N/A, 53.86, 82|3, 57, N/A, 43.04, 22|4, 56, N/A, 44.27, 57|5, 60, N/A, 44.05, 33|6, 57, N/A, 47.42, 52|
17:53:35 0, 57, N/A, 43.25, 87|1, 56, N/A, 174.80, 84|2, 59, N/A, 54.35, 77|3, 58, N/A, 68.49, 36|4, 57, N/A, 78.57, 45|5, 60, N/A, 44.02, 37|6, 58, N/A, 65.55, 41|
17:53:37 0, 57, N/A, 47.71, 86|1, 56, N/A, 50.91, 81|2, 59, N/A, 74.68, 82|3, 57, N/A, 131.95, 40|4, 56, N/A, 46.45, 44|5, 60, N/A, 127.88, 42|6, 57, N/A, 49.34, 40|
17:53:39 0, 57, N/A, 64.61, 67|1, 56, N/A, 67.38, 87|2, 58, N/A, 68.58, 64|3, 57, N/A, 51.09, 51|4, 56, N/A, 51.12, 36|5, 60, N/A, 49.19, 45|6, 57, N/A, 51.09, 52|
17:53:41 0, 57, N/A, 59.48, 90|1, 56, N/A, 59.51, 67|2, 59, N/A, 65.63, 82|3, 57, N/A, 46.45, 29|4, 56, N/A, 48.42, 58|5, 61, N/A, 47.22, 53|6, 57, N/A, 59.65, 28|
17:53:43 0, 57, N/A, 51.61, 84|1, 56, N/A, 53.86, 83|2, 58, N/A, 59.28, 64|3, 58, N/A, 50.11, 49|4, 56, N/A, 45.72, 56|5, 60, N/A, 67.76, 27|6, 57, N/A, 84.85, 55|
17:53:45 0, 57, N/A, 46.97, 87|1, 56, N/A, 63.66, 83|2, 59, N/A, 57.51, 80|3, 57, N/A, 140.43, 38|4, 56, N/A, 46.67, 42|5, 60, N/A, 136.37, 43|6, 57, N/A, 48.36, 39|
17:53:47 0, 57, N/A, 47.22, 68|1, 56, N/A, 49.68, 86|2, 59, N/A, 100.85, 81|3, 57, N/A, 56.00, 40|4, 56, N/A, 62.89, 44|5, 60, N/A, 55.80, 45|6, 57, N/A, 57.45, 43|
17:53:50 0, 57, N/A, 63.91, 89|1, 56, N/A, 59.52, 66|2, 59, N/A, 65.67, 84|3, 57, N/A, 46.70, 38|4, 56, N/A, 48.20, 43|5, 61, N/A, 47.47, 54|6, 57, N/A, 49.87, 36|
17:53:52 0, 57, N/A, 51.89, 89|1, 56, N/A, 54.11, 85|2, 59, N/A, 59.28, 87|3, 57, N/A, 81.96, 38|4, 56, N/A, 47.19, 56|5, 60, N/A, 65.31, 29|6, 57, N/A, 82.93, 58|
17:53:54 0, 57, N/A, 50.18, 86|1, 56, N/A, 62.67, 83|2, 59, N/A, 80.33, 62|3, 58, N/A, 50.36, 48|4, 56, N/A, 53.58, 37|5, 61, N/A, 50.91, 49|6, 57, N/A, 51.59, 43|
17:53:56 0, 57, N/A, 144.10, 86|1, 56, N/A, 47.22, 84|2, 60, N/A, 118.52, 81|3, 57, N/A, 76.83, 32|4, 57, N/A, 79.74, 43|5, 60, N/A, 76.60, 41|6, 58, N/A, 78.76, 40|
17:53:58 0, 57, N/A, 57.02, 90|1, 56, N/A, 68.08, 86|2, 59, N/A, 86.47, 83|3, 57, N/A, 47.44, 45|4, 56, N/A, 50.38, 44|5, 61, N/A, 48.20, 43|6, 57, N/A, 50.36, 44|
17:54:00 0, 57, N/A, 46.97, 79|1, 56, N/A, 49.93, 84|2, 59, N/A, 99.43, 87|3, 57, N/A, 58.46, 40|4, 56, N/A, 68.01, 57|5, 60, N/A, 62.44, 33|6, 57, N/A, 56.47, 60|
17:54:02 0, 57, N/A, 56.57, 87|1, 56, N/A, 60.50, 89|2, 58, N/A, 62.72, 70|3, 58, N/A, 46.21, 37|4, 56, N/A, 47.47, 39|5, 61, N/A, 47.22, 52|6, 57, N/A, 75.09, 53|
17:54:04 0, 58, N/A, 98.20, 86|1, 56, N/A, 47.71, 83|2, 59, N/A, 82.54, 81|3, 57, N/A, 43.72, 34|4, 57, N/A, 55.52, 50|5, 61, N/A, 52.85, 46|6, 57, N/A, 69.64, 45|
17:54:06 0, 57, N/A, 46.46, 87|1, 56, N/A, 95.20, 84|2, 59, N/A, 57.51, 79|3, 58, N/A, 151.10, 38|4, 56, N/A, 140.20, 45|5, 61, N/A, 45.19, 44|6, 57, N/A, 168.93, 41|
17:54:08 0, 57, N/A, 67.56, 90|1, 56, N/A, 65.91, 61|2, 59, N/A, 69.32, 82|3, 57, N/A, 47.93, 32|4, 56, N/A, 50.64, 49|5, 61, N/A, 48.45, 30|6, 57, N/A, 53.79, 53|
17:54:11 0, 57, N/A, 47.22, 89|1, 56, N/A, 50.20, 87|2, 58, N/A, 57.28, 64|3, 58, N/A, 62.84, 42|4, 56, N/A, 76.11, 31|5, 61, N/A, 65.14, 61|6, 57, N/A, 61.38, 58|
17:54:13 0, 57, N/A, 46.97, 88|1, 56, N/A, 57.30, 84|2, 59, N/A, 83.03, 81|3, 57, N/A, 49.62, 29|4, 56, N/A, 55.27, 53|5, 61, N/A, 50.88, 60|6, 57, N/A, 56.47, 45|
17:54:15 0, 57, N/A, 45.50, 86|1, 56, N/A, 48.72, 84|2, 59, N/A, 85.93, 78|3, 58, N/A, 55.02, 36|4, 56, N/A, 60.68, 45|5, 60, N/A, 58.75, 44|6, 57, N/A, 58.43, 42|
17:54:17 0, 57, N/A, 48.69, 90|1, 56, N/A, 52.11, 85|2, 59, N/A, 58.78, 81|3, 57, N/A, 58.71, 27|4, 56, N/A, 67.23, 42|5, 60, N/A, 62.40, 43|6, 57, N/A, 59.42, 57|
17:54:19 0, 57, N/A, 48.70, 65|1, 56, N/A, 51.19, 87|2, 58, N/A, 61.20, 63|3, 57, N/A, 64.11, 50|4, 56, N/A, 56.78, 28|5, 61, N/A, 53.12, 57|6, 57, N/A, 54.53, 58|
17:54:21 0, 57, N/A, 62.92, 85|1, 56, N/A, 53.33, 64|2, 59, N/A, 113.06, 76|3, 58, N/A, 60.88, 40|4, 56, N/A, 64.08, 43|5, 61, N/A, 63.13, 53|6, 57, N/A, 58.68, 33|
17:54:23 0, 56, N/A, 44.75, 86|1, 55, N/A, 129.49, 84|2, 58, N/A, 161.10, 82|3, 57, N/A, 43.96, 37|4, 56, N/A, 155.04, 43|5, 60, N/A, 44.97, 43|6, 57, N/A, 178.68, 40|
17:54:25 0, 56, N/A, 72.22, 66|1, 55, N/A, 59.97, 46|2, 58, N/A, 62.44, 43|3, 57, N/A, 46.94, 18|4, 55, N/A, 47.19, 26|5, 60, N/A, 46.24, 27|6, 57, N/A, 48.89, 32|
17:54:27 0, 56, N/A, 46.97, 68|1, 55, N/A, 49.22, 88|2, 57, N/A, 61.21, 63|3, 57, N/A, 64.81, 55|4, 55, N/A, 65.84, 56|5, 60, N/A, 61.21, 41|6, 56, N/A, 59.91, 55|
17:54:29 0, 57, N/A, 48.94, 86|1, 55, N/A, 50.66, 65|2, 58, N/A, 81.31, 78|3, 57, N/A, 51.83, 39|4, 55, N/A, 55.27, 46|5, 60, N/A, 51.86, 58|6, 56, N/A, 53.06, 38|
17:54:32 0, 56, N/A, 51.37, 89|1, 54, N/A, 53.86, 88|2, 57, N/A, 59.28, 84|3, 56, N/A, 52.57, 37|4, 55, N/A, 47.68, 44|5, 59, N/A, 45.74, 43|6, 56, N/A, 69.89, 53|
17:54:34 0, 56, N/A, 55.31, 88|1, 54, N/A, 55.09, 78|2, 57, N/A, 60.75, 81|3, 56, N/A, 60.88, 36|4, 55, N/A, 46.21, 50|5, 59, N/A, 60.88, 55|6, 56, N/A, 67.27, 42|
17:54:36 0, 55, N/A, 55.82, 67|1, 54, N/A, 55.34, 86|2, 57, N/A, 61.24, 68|3, 56, N/A, 45.22, 55|4, 55, N/A, 47.94, 54|5, 59, N/A, 45.25, 36|6, 56, N/A, 52.78, 61|
17:54:38 0, 56, N/A, 136.52, 87|1, 54, N/A, 106.06, 83|2, 56, N/A, 53.61, 77|3, 57, N/A, 67.51, 50|4, 54, N/A, 43.50, 44|5, 60, N/A, 55.56, 42|6, 55, N/A, 74.54, 42|
17:54:40 0, 55, N/A, 58.01, 88|1, 54, N/A, 56.56, 84|2, 56, N/A, 61.49, 80|3, 56, N/A, 45.47, 38|4, 54, N/A, 46.95, 45|5, 59, N/A, 45.74, 43|6, 55, N/A, 86.07, 46|
17:54:42 0, 55, N/A, 63.41, 88|1, 54, N/A, 58.53, 66|2, 56, N/A, 64.69, 78|3, 55, N/A, 45.47, 35|4, 54, N/A, 46.95, 39|5, 59, N/A, 46.48, 53|6, 55, N/A, 58.92, 35|
17:54:44 0, 55, N/A, 47.71, 90|1, 54, N/A, 50.42, 85|2, 56, N/A, 78.86, 86|3, 55, N/A, 50.88, 38|4, 54, N/A, 64.85, 51|5, 58, N/A, 52.63, 29|6, 55, N/A, 53.03, 53|
17:54:46 0, 56, N/A, 80.05, 88|1, 54, N/A, 72.01, 86|2, 56, N/A, 53.12, 66|3, 56, N/A, 74.09, 39|4, 54, N/A, 85.83, 30|5, 59, N/A, 76.35, 43|6, 55, N/A, 68.46, 40|
17:54:48 0, 54, N/A, 75.12, 64|1, 53, N/A, 74.46, 84|2, 56, N/A, 80.33, 79|3, 55, N/A, 50.35, 41|4, 54, N/A, 56.26, 44|5, 58, N/A, 51.37, 43|6, 55, N/A, 52.30, 41|
17:54:50 0, 55, N/A, 49.66, 88|1, 53, N/A, 51.16, 65|2, 56, N/A, 57.30, 83|3, 55, N/A, 58.22, 53|4, 54, N/A, 66.82, 36|5, 58, N/A, 58.74, 45|6, 55, N/A, 58.19, 28|
17:54:53 0, 54, N/A, 63.63, 68|1, 53, N/A, 66.16, 86|2, 55, N/A, 66.41, 82|3, 55, N/A, 46.21, 31|4, 54, N/A, 54.82, 44|5, 58, N/A, 47.47, 41|6, 55, N/A, 49.63, 57|
17:54:55 0, 54, N/A, 47.71, 49|1, 53, N/A, 52.63, 43|2, 55, N/A, 55.59, 76|3, 55, N/A, 76.56, 26|4, 53, N/A, 44.49, 39|5, 58, N/A, 77.29, 43|6, 54, N/A, 77.78, 39|
17:54:57 0, 54, N/A, 64.89, 86|1, 53, N/A, 59.27, 83|2, 55, N/A, 64.93, 61|3, 55, N/A, 46.70, 38|4, 53, N/A, 46.95, 58|5, 58, N/A, 45.75, 29|6, 54, N/A, 71.15, 47|
17:54:59 0, 54, N/A, 56.53, 89|1, 52, N/A, 62.22, 71|2, 55, N/A, 59.28, 84|3, 55, N/A, 44.49, 50|4, 53, N/A, 45.97, 29|5, 58, N/A, 45.01, 60|6, 54, N/A, 47.65, 43|
17:55:01 0, 54, N/A, 152.51, 85|1, 52, N/A, 46.22, 84|2, 55, N/A, 193.69, 81|3, 54, N/A, 42.24, 37|4, 53, N/A, 166.53, 58|5, 57, N/A, 43.26, 44|6, 55, N/A, 115.86, 43|
17:55:03 0, 53, N/A, 69.26, 91|1, 52, N/A, 78.37, 85|2, 54, N/A, 74.97, 83|3, 54, N/A, 49.65, 32|4, 53, N/A, 55.31, 42|5, 57, N/A, 50.42, 41|6, 54, N/A, 52.57, 45|
17:55:05 0, 54, N/A, 48.94, 80|1, 52, N/A, 51.40, 84|2, 54, N/A, 56.81, 81|3, 54, N/A, 57.48, 41|4, 53, N/A, 68.99, 43|5, 57, N/A, 68.09, 32|6, 54, N/A, 56.01, 59|
17:55:07 0, 54, N/A, 56.04, 87|1, 53, N/A, 91.33, 84|2, 54, N/A, 81.06, 78|3, 55, N/A, 51.83, 37|4, 53, N/A, 55.06, 43|5, 58, N/A, 52.85, 44|6, 54, N/A, 52.33, 32|
17:55:09 0, 53, N/A, 118.37, 86|1, 52, N/A, 47.21, 83|2, 54, N/A, 167.69, 80|3, 54, N/A, 42.24, 38|4, 53, N/A, 158.62, 44|5, 57, N/A, 43.50, 39|6, 54, N/A, 182.74, 44|
17:55:11 0, 54, N/A, 67.10, 90|1, 52, N/A, 78.12, 86|2, 54, N/A, 65.63, 76|3, 54, N/A, 45.96, 29|4, 53, N/A, 48.91, 41|5, 57, N/A, 47.22, 47|6, 54, N/A, 48.89, 47|
17:55:14 0, 54, N/A, 50.90, 67|1, 52, N/A, 52.38, 85|2, 55, N/A, 56.57, 87|3, 54, N/A, 72.42, 33|4, 53, N/A, 46.71, 56|5, 57, N/A, 56.04, 29|6, 54, N/A, 91.90, 42|
17:55:16 0, 55, N/A, 62.67, 91|1, 53, N/A, 57.80, 84|2, 54, N/A, 86.42, 81|3, 55, N/A, 59.16, 55|4, 53, N/A, 64.82, 44|5, 58, N/A, 60.22, 44|6, 54, N/A, 57.45, 40|
17:55:18 0, 54, N/A, 49.43, 88|1, 52, N/A, 51.40, 86|2, 55, N/A, 55.83, 79|3, 55, N/A, 43.99, 37|4, 53, N/A, 89.26, 42|5, 57, N/A, 45.22, 43|6, 54, N/A, 134.24, 42|
17:55:20 0, 54, N/A, 53.58, 90|1, 52, N/A, 70.04, 67|2, 55, N/A, 70.01, 80|3, 54, N/A, 47.90, 30|4, 54, N/A, 53.06, 45|5, 57, N/A, 55.56, 38|6, 55, N/A, 50.82, 56|
17:55:22 0, 54, N/A, 41.81, 89|1, 53, N/A, 85.00, 85|2, 55, N/A, 52.14, 76|3, 55, N/A, 51.56, 38|4, 53, N/A, 43.51, 38|5, 58, N/A, 58.92, 56|6, 55, N/A, 97.31, 45|
17:55:24 0, 54, N/A, 50.39, 84|1, 53, N/A, 49.18, 81|2, 55, N/A, 118.52, 79|3, 55, N/A, 43.23, 40|4, 53, N/A, 140.20, 45|5, 58, N/A, 147.05, 45|6, 54, N/A, 47.13, 42|
17:55:26 0, 55, N/A, 73.24, 42|1, 53, N/A, 74.76, 41|2, 55, N/A, 83.33, 41|3, 55, N/A, 69.73, 39|4, 54, N/A, 73.24, 35|5, 58, N/A, 74.93, 34|6, 55, N/A, 84.47, 36|
17:55:28 0, 55, N/A, 76.49, 42|1, 53, N/A, 76.70, 41|2, 56, N/A, 84.12, 41|3, 55, N/A, 69.97, 39|4, 54, N/A, 73.75, 35|5, 58, N/A, 72.02, 35|6, 55, N/A, 80.56, 36|
17:55:30 0, 55, N/A, 74.76, 41|1, 53, N/A, 79.19, 41|2, 56, N/A, 82.88, 41|3, 55, N/A, 71.04, 38|4, 54, N/A, 71.53, 34|5, 59, N/A, 69.98, 34|6, 55, N/A, 78.04, 35|
17:55:32 0, 55, N/A, 72.76, 42|1, 54, N/A, 75.47, 42|2, 56, N/A, 81.37, 41|3, 55, N/A, 69.03, 39|4, 54, N/A, 72.50, 35|5, 59, N/A, 69.56, 35|6, 55, N/A, 82.06, 36|
17:55:34 0, 55, N/A, 72.52, 41|1, 54, N/A, 77.47, 41|2, 56, N/A, 87.31, 41|3, 56, N/A, 70.70, 38|4, 54, N/A, 74.93, 35|5, 59, N/A, 73.70, 35|6, 56, N/A, 75.99, 36|
17:55:37 0, 55, N/A, 73.75, 41|1, 54, N/A, 80.18, 42|2, 56, N/A, 87.06, 41|3, 56, N/A, 69.97, 38|4, 55, N/A, 75.67, 35|5, 59, N/A, 73.91, 35|6, 56, N/A, 77.55, 36|
17:55:39 0, 55, N/A, 69.81, 41|1, 54, N/A, 75.52, 42|2, 56, N/A, 87.53, 41|3, 56, N/A, 71.52, 38|4, 55, N/A, 76.24, 35|5, 59, N/A, 71.01, 35|6, 56, N/A, 80.83, 36|
17:55:41 0, 55, N/A, 71.49, 42|1, 54, N/A, 81.61, 42|2, 56, N/A, 94.29, 41|3, 56, N/A, 73.94, 39|4, 55, N/A, 73.39, 35|5, 59, N/A, 75.67, 35|6, 56, N/A, 85.24, 36|
17:55:43 0, 55, N/A, 65.43, 36|1, 54, N/A, 70.10, 41|2, 56, N/A, 83.37, 41|3, 56, N/A, 70.30, 30|4, 55, N/A, 72.52, 25|5, 59, N/A, 73.26, 35|6, 56, N/A, 76.04, 36|
17:55:45 0, 56, N/A, 70.84, 41|1, 54, N/A, 77.28, 41|2, 57, N/A, 89.29, 41|3, 56, N/A, 71.24, 39|4, 55, N/A, 79.85, 35|5, 59, N/A, 74.53, 34|6, 56, N/A, 80.92, 35|
17:55:47 0, 56, N/A, 70.31, 42|1, 54, N/A, 75.01, 42|2, 57, N/A, 84.56, 41|3, 56, N/A, 71.68, 39|4, 55, N/A, 72.15, 35|5, 60, N/A, 73.67, 35|6, 56, N/A, 82.00, 36|
17:55:49 0, 56, N/A, 70.27, 41|1, 54, N/A, 77.67, 41|2, 57, N/A, 88.21, 41|3, 56, N/A, 74.63, 38|4, 55, N/A, 80.07, 35|5, 60, N/A, 77.18, 34|6, 56, N/A, 82.74, 36|
17:55:51 0, 56, N/A, 73.99, 41|1, 54, N/A, 76.41, 41|2, 57, N/A, 89.72, 41|3, 56, N/A, 75.37, 38|4, 56, N/A, 76.31, 34|5, 60, N/A, 75.47, 34|6, 56, N/A, 84.30, 36|
17:55:53 0, 56, N/A, 71.29, 42|1, 55, N/A, 76.20, 42|2, 57, N/A, 87.96, 41|3, 57, N/A, 76.39, 39|4, 56, N/A, 78.61, 35|5, 60, N/A, 77.10, 35|6, 57, N/A, 81.19, 36|
17:55:55 0, 56, N/A, 70.80, 41|1, 55, N/A, 78.92, 42|2, 57, N/A, 90.47, 41|3, 57, N/A, 75.42, 39|4, 56, N/A, 74.89, 35|5, 60, N/A, 74.24, 35|6, 57, N/A, 78.98, 36|
17:55:57 0, 56, N/A, 72.03, 41|1, 55, N/A, 75.50, 41|2, 57, N/A, 87.28, 41|3, 57, N/A, 71.45, 38|4, 56, N/A, 75.95, 35|5, 60, N/A, 77.47, 34|6, 57, N/A, 79.67, 35|
17:55:59 0, 56, N/A, 76.70, 42|1, 55, N/A, 79.15, 41|2, 57, N/A, 85.30, 41|3, 57, N/A, 70.21, 39|4, 56, N/A, 71.46, 35|5, 60, N/A, 71.53, 35|6, 57, N/A, 80.94, 36|
17:56:02 0, 56, N/A, 46.27, 41|1, 55, N/A, 49.00, 41|2, 57, N/A, 55.62, 36|3, 57, N/A, 44.27, 39|4, 56, N/A, 45.75, 34|5, 60, N/A, 44.79, 27|6, 57, N/A, 51.35, 36|
17:56:04 0, 56, N/A, 72.21, 41|1, 55, N/A, 77.87, 41|2, 58, N/A, 88.44, 41|3, 57, N/A, 72.42, 38|4, 56, N/A, 73.94, 35|5, 60, N/A, 72.01, 34|6, 57, N/A, 76.77, 36|
17:56:06 0, 57, N/A, 75.01, 41|1, 55, N/A, 77.72, 42|2, 58, N/A, 89.28, 40|3, 57, N/A, 70.96, 39|4, 56, N/A, 69.48, 35|5, 60, N/A, 73.96, 35|6, 57, N/A, 77.71, 36|
17:56:08 0, 57, N/A, 74.24, 42|1, 55, N/A, 81.89, 42|2, 58, N/A, 93.70, 41|3, 57, N/A, 74.18, 39|4, 56, N/A, 75.45, 35|5, 61, N/A, 75.72, 35|6, 57, N/A, 84.25, 36|
17:56:10 0, 57, N/A, 70.29, 41|1, 55, N/A, 75.22, 42|2, 58, N/A, 88.25, 40|3, 57, N/A, 72.71, 39|4, 56, N/A, 78.58, 35|5, 60, N/A, 76.65, 35|6, 57, N/A, 83.76, 36|
17:56:12 0, 57, N/A, 72.19, 41|1, 55, N/A, 81.61, 41|2, 58, N/A, 90.69, 41|3, 57, N/A, 73.94, 38|4, 57, N/A, 77.91, 35|5, 61, N/A, 75.47, 34|6, 58, N/A, 79.92, 36|
17:56:14 0, 57, N/A, 72.76, 42|1, 55, N/A, 80.39, 41|2, 58, N/A, 83.78, 41|3, 57, N/A, 68.92, 39|4, 57, N/A, 73.41, 35|5, 61, N/A, 73.50, 35|6, 58, N/A, 80.73, 36|
17:56:16 0, 57, N/A, 75.48, 41|1, 56, N/A, 81.42, 42|2, 58, N/A, 85.85, 42|3, 57, N/A, 72.22, 39|4, 57, N/A, 79.40, 35|5, 61, N/A, 77.11, 35|6, 58, N/A, 84.58, 36|
17:56:18 0, 57, N/A, 74.03, 41|1, 56, N/A, 80.42, 41|2, 58, N/A, 84.72, 41|3, 58, N/A, 69.48, 39|4, 57, N/A, 74.52, 34|5, 61, N/A, 71.04, 35|6, 58, N/A, 83.36, 36|
17:56:20 0, 57, N/A, 71.08, 41|1, 56, N/A, 80.93, 41|2, 58, N/A, 91.70, 41|3, 58, N/A, 71.69, 39|4, 57, N/A, 74.47, 35|5, 61, N/A, 72.76, 35|6, 58, N/A, 82.99, 35|
17:56:22 0, 57, N/A, 72.75, 41|1, 56, N/A, 78.65, 42|2, 58, N/A, 89.67, 41|3, 58, N/A, 74.34, 38|4, 57, N/A, 76.93, 35|5, 61, N/A, 73.04, 34|6, 58, N/A, 76.55, 36|
17:56:24 0, 57, N/A, 74.77, 42|1, 55, N/A, 75.96, 42|2, 58, N/A, 85.81, 41|3, 57, N/A, 71.48, 39|4, 57, N/A, 74.16, 35|5, 61, N/A, 71.98, 35|6, 58, N/A, 76.07, 36|
17:56:27 0, 57, N/A, 74.23, 41|1, 55, N/A, 81.61, 41|2, 58, N/A, 98.46, 41|3, 57, N/A, 71.43, 38|4, 56, N/A, 73.38, 35|5, 60, N/A, 73.18, 35|6, 57, N/A, 88.55, 35|
17:56:29 0, 57, N/A, 71.03, 41|1, 55, N/A, 75.74, 41|2, 58, N/A, 86.98, 41|3, 57, N/A, 72.71, 38|4, 56, N/A, 74.64, 35|5, 60, N/A, 72.50, 34|6, 57, N/A, 78.52, 36|
17:56:31 0, 57, N/A, 75.71, 41|1, 55, N/A, 79.43, 41|2, 58, N/A, 86.69, 41|3, 57, N/A, 73.61, 39|4, 56, N/A, 74.15, 35|5, 60, N/A, 80.54, 35|6, 57, N/A, 81.62, 35|
17:56:33 0, 56, N/A, 72.76, 42|1, 55, N/A, 77.72, 41|2, 57, N/A, 87.71, 41|3, 57, N/A, 74.15, 39|4, 56, N/A, 76.87, 35|5, 60, N/A, 72.23, 35|6, 57, N/A, 74.63, 36|
17:56:35 0, 56, N/A, 73.46, 42|1, 55, N/A, 80.88, 42|2, 57, N/A, 86.72, 41|3, 57, N/A, 69.97, 39|4, 56, N/A, 71.66, 35|5, 60, N/A, 71.25, 35|6, 57, N/A, 76.97, 37|
17:56:37 0, 56, N/A, 72.22, 41|1, 55, N/A, 79.89, 42|2, 57, N/A, 87.50, 41|3, 57, N/A, 69.97, 39|4, 56, N/A, 72.40, 35|5, 60, N/A, 72.48, 35|6, 57, N/A, 78.32, 36|
17:56:39 0, 55, N/A, 41.83, 0|1, 54, N/A, 45.78, 0|2, 56, N/A, 52.17, 0|3, 56, N/A, 42.30, 0|4, 55, N/A, 44.03, 0|5, 59, N/A, 43.56, 0|6, 56, N/A, 46.70, 0|
17:56:41 0, 56, N/A, 52.39, 88|1, 54, N/A, 62.75, 82|2, 57, N/A, 66.17, 85|3, 56, N/A, 46.97, 54|4, 55, N/A, 49.69, 33|5, 59, N/A, 47.74, 41|6, 56, N/A, 49.90, 38|
17:56:43 0, 55, N/A, 42.33, 86|1, 54, N/A, 88.25, 85|2, 57, N/A, 83.33, 79|3, 56, N/A, 49.65, 36|4, 56, N/A, 55.56, 44|5, 59, N/A, 43.81, 43|6, 57, N/A, 77.50, 49|
17:56:45 0, 55, N/A, 66.33, 44|1, 53, N/A, 80.08, 31|2, 56, N/A, 79.39, 58|3, 56, N/A, 50.88, 22|4, 55, N/A, 56.99, 34|5, 59, N/A, 53.37, 40|6, 56, N/A, 53.79, 32|
17:56:47 0, 55, N/A, 49.65, 71|1, 54, N/A, 52.14, 87|2, 56, N/A, 57.06, 65|3, 56, N/A, 58.43, 45|4, 55, N/A, 85.14, 55|5, 59, N/A, 59.98, 27|6, 56, N/A, 58.92, 56|
17:56:49 0, 55, N/A, 64.35, 87|1, 53, N/A, 66.36, 82|2, 56, N/A, 67.35, 84|3, 56, N/A, 46.43, 53|4, 54, N/A, 49.38, 37|5, 59, N/A, 47.93, 53|6, 55, N/A, 49.10, 39|
17:56:52 0, 54, N/A, 50.66, 87|1, 53, N/A, 53.37, 84|2, 55, N/A, 57.55, 71|3, 55, N/A, 81.17, 37|4, 54, N/A, 46.70, 32|5, 58, N/A, 58.22, 44|6, 55, N/A, 93.87, 44|
17:56:54 0, 55, N/A, 52.82, 89|1, 53, N/A, 85.72, 84|2, 55, N/A, 88.39, 78|3, 55, N/A, 52.57, 26|4, 54, N/A, 57.48, 46|5, 58, N/A, 54.33, 43|6, 55, N/A, 54.51, 41|
17:56:56 0, 54, N/A, 62.18, 66|1, 53, N/A, 60.22, 83|2, 55, N/A, 63.90, 58|3, 55, N/A, 45.72, 55|4, 54, N/A, 47.93, 55|5, 58, N/A, 46.48, 28|6, 55, N/A, 59.14, 55|
17:56:58 0, 54, N/A, 49.18, 89|1, 52, N/A, 50.69, 85|2, 55, N/A, 56.07, 80|3, 55, N/A, 118.06, 39|4, 54, N/A, 45.96, 42|5, 58, N/A, 112.99, 41|6, 55, N/A, 48.85, 41|
17:57:00 0, 54, N/A, 52.63, 86|1, 52, N/A, 52.17, 85|2, 55, N/A, 56.81, 58|3, 55, N/A, 60.43, 37|4, 54, N/A, 61.63, 46|5, 58, N/A, 63.67, 55|6, 55, N/A, 60.68, 55|
17:57:02 0, 54, N/A, 45.03, 90|1, 52, N/A, 47.25, 66|2, 55, N/A, 53.12, 81|3, 55, N/A, 49.65, 31|4, 54, N/A, 44.27, 53|5, 58, N/A, 43.76, 53|6, 54, N/A, 73.17, 34|
17:57:04 0, 54, N/A, 43.01, 86|1, 52, N/A, 150.39, 84|2, 54, N/A, 175.93, 79|3, 54, N/A, 42.49, 37|4, 54, N/A, 166.19, 43|5, 58, N/A, 43.25, 40|6, 54, N/A, 182.83, 41|
17:57:06 0, 54, N/A, 62.67, 89|1, 52, N/A, 52.87, 83|2, 54, N/A, 58.29, 79|3, 54, N/A, 43.99, 29|4, 53, N/A, 45.96, 50|5, 57, N/A, 44.76, 44|6, 54, N/A, 55.95, 41|
17:57:08 0, 53, N/A, 47.71, 62|1, 52, N/A, 49.43, 88|2, 54, N/A, 65.13, 71|3, 54, N/A, 59.93, 52|4, 53, N/A, 56.53, 32|5, 57, N/A, 52.60, 45|6, 54, N/A, 53.30, 54|
17:57:10 0, 54, N/A, 154.96, 87|1, 52, N/A, 45.49, 82|2, 54, N/A, 192.71, 76|3, 55, N/A, 135.77, 52|4, 53, N/A, 43.72, 41|5, 58, N/A, 153.41, 41|6, 54, N/A, 46.15, 39|
17:57:13 0, 54, N/A, 45.25, 86|1, 52, N/A, 47.00, 86|2, 54, N/A, 78.33, 80|3, 54, N/A, 56.98, 36|4, 53, N/A, 63.87, 44|5, 57, N/A, 58.26, 43|6, 54, N/A, 57.70, 31|
17:57:15 0, 54, N/A, 50.17, 45|1, 52, N/A, 51.40, 47|2, 54, N/A, 52.88, 77|3, 54, N/A, 46.45, 18|4, 53, N/A, 45.48, 56|5, 57, N/A, 44.27, 31|6, 54, N/A, 64.52, 43|
17:57:17 0, 53, N/A, 42.54, 88|1, 53, N/A, 84.32, 85|2, 54, N/A, 50.18, 63|3, 55, N/A, 51.37, 37|4, 55, N/A, 56.05, 45|5, 57, N/A, 43.06, 37|6, 55, N/A, 70.17, 44|
17:57:19 0, 54, N/A, 47.71, 85|1, 52, N/A, 50.45, 83|2, 54, N/A, 52.88, 79|3, 54, N/A, 111.28, 36|4, 53, N/A, 47.44, 47|5, 57, N/A, 125.68, 44|6, 54, N/A, 47.63, 46|
17:57:21 0, 54, N/A, 45.01, 66|1, 52, N/A, 47.99, 88|2, 54, N/A, 57.52, 60|3, 55, N/A, 60.39, 50|4, 53, N/A, 70.96, 30|5, 58, N/A, 58.51, 59|6, 55, N/A, 56.74, 59|
17:57:23 0, 55, N/A, 87.41, 87|1, 52, N/A, 45.77, 82|2, 55, N/A, 73.75, 80|3, 55, N/A, 54.29, 32|4, 55, N/A, 54.82, 43|5, 58, N/A, 56.51, 41|6, 54, N/A, 83.87, 38|
17:57:25 0, 54, N/A, 47.71, 89|1, 52, N/A, 49.43, 85|2, 54, N/A, 53.59, 82|3, 54, N/A, 126.33, 37|4, 54, N/A, 102.45, 44|5, 58, N/A, 44.97, 43|6, 54, N/A, 144.93, 41|
17:57:27 0, 54, N/A, 45.49, 92|1, 52, N/A, 77.13, 65|2, 54, N/A, 77.87, 85|3, 55, N/A, 53.79, 30|4, 54, N/A, 61.17, 58|5, 58, N/A, 55.80, 38|6, 55, N/A, 54.29, 54|
17:57:29 0, 54, N/A, 42.30, 88|1, 53, N/A, 57.79, 88|2, 54, N/A, 60.95, 73|3, 55, N/A, 63.09, 36|4, 54, N/A, 73.16, 42|5, 59, N/A, 63.87, 48|6, 55, N/A, 62.12, 54|
17:57:31 0, 54, N/A, 46.73, 89|1, 52, N/A, 48.97, 85|2, 54, N/A, 66.62, 84|3, 55, N/A, 44.49, 37|4, 54, N/A, 108.58, 44|5, 58, N/A, 122.00, 43|6, 55, N/A, 47.62, 44|
17:57:33 0, 54, N/A, 46.48, 87|1, 53, N/A, 52.38, 87|2, 54, N/A, 51.90, 61|3, 55, N/A, 68.00, 43|4, 54, N/A, 83.86, 28|5, 58, N/A, 69.28, 58|6, 55, N/A, 66.98, 32|
17:57:36 0, 55, N/A, 76.65, 85|1, 52, N/A, 46.51, 83|2, 55, N/A, 66.13, 83|3, 55, N/A, 65.58, 37|4, 55, N/A, 87.84, 59|5, 58, N/A, 70.74, 31|6, 55, N/A, 69.93, 44|
17:57:38 0, 54, N/A, 46.26, 91|1, 52, N/A, 49.22, 86|2, 54, N/A, 65.42, 82|3, 55, N/A, 61.66, 43|4, 54, N/A, 74.68, 41|5, 58, N/A, 62.44, 38|6, 55, N/A, 62.89, 44|
17:57:40 0, 54, N/A, 52.63, 64|1, 53, N/A, 53.89, 83|2, 55, N/A, 55.34, 87|3, 55, N/A, 44.49, 29|4, 54, N/A, 47.94, 58|5, 58, N/A, 44.76, 28|6, 55, N/A, 64.98, 44|
17:57:42 0, 55, N/A, 138.00, 92|1, 53, N/A, 104.10, 86|2, 54, N/A, 49.93, 80|3, 56, N/A, 56.25, 52|4, 54, N/A, 43.76, 43|5, 59, N/A, 58.51, 46|6, 55, N/A, 87.50, 45|
17:57:44 0, 54, N/A, 48.20, 83|1, 53, N/A, 50.17, 85|2, 54, N/A, 52.63, 85|3, 55, N/A, 70.46, 37|4, 54, N/A, 73.12, 46|5, 58, N/A, 72.22, 43|6, 55, N/A, 68.70, 42|
17:57:46 0, 55, N/A, 54.85, 90|1, 53, N/A, 49.95, 65|2, 55, N/A, 53.37, 78|3, 55, N/A, 81.99, 55|4, 54, N/A, 45.23, 29|5, 58, N/A, 75.08, 45|6, 55, N/A, 77.29, 31|
17:57:48 0, 54, N/A, 42.05, 86|1, 53, N/A, 88.93, 86|2, 55, N/A, 81.07, 82|3, 55, N/A, 43.01, 36|4, 55, N/A, 57.98, 44|5, 58, N/A, 43.53, 45|6, 56, N/A, 88.66, 59|
17:57:50 0, 54, N/A, 55.34, 41|1, 53, N/A, 51.16, 31|2, 54, N/A, 53.86, 64|3, 55, N/A, 55.51, 23|4, 54, N/A, 45.48, 30|5, 58, N/A, 44.76, 37|6, 55, N/A, 72.62, 32|
17:57:52 0, 54, N/A, 50.42, 88|1, 53, N/A, 52.14, 86|2, 55, N/A, 53.90, 60|3, 55, N/A, 71.20, 37|4, 54, N/A, 45.74, 59|5, 58, N/A, 58.99, 28|6, 55, N/A, 91.96, 57|
17:57:55 0, 55, N/A, 151.38, 87|1, 53, N/A, 45.77, 82|2, 56, N/A, 82.34, 84|3, 56, N/A, 90.54, 36|4, 54, N/A, 44.02, 39|5, 59, N/A, 77.09, 56|6, 55, N/A, 80.48, 41|
17:57:57 0, 54, N/A, 58.50, 78|1, 53, N/A, 59.03, 90|2, 55, N/A, 58.04, 63|3, 55, N/A, 47.44, 38|4, 54, N/A, 47.44, 30|5, 59, N/A, 45.99, 58|6, 55, N/A, 48.64, 58|
17:57:59 0, 55, N/A, 59.27, 87|1, 53, N/A, 59.03, 61|2, 55, N/A, 58.53, 77|3, 55, N/A, 45.22, 32|4, 55, N/A, 48.20, 61|5, 58, N/A, 46.49, 55|6, 55, N/A, 50.86, 41|
17:58:01 0, 54, N/A, 42.27, 83|1, 54, N/A, 160.93, 83|2, 55, N/A, 49.43, 79|3, 56, N/A, 66.53, 48|4, 55, N/A, 77.34, 43|5, 58, N/A, 43.53, 44|6, 56, N/A, 64.57, 43|
17:58:03 0, 55, N/A, 53.83, 90|1, 53, N/A, 69.03, 64|2, 55, N/A, 67.83, 87|3, 55, N/A, 47.41, 27|4, 55, N/A, 51.12, 58|5, 58, N/A, 48.70, 34|6, 56, N/A, 52.79, 46|
17:58:05 0, 55, N/A, 46.48, 61|1, 53, N/A, 49.93, 85|2, 55, N/A, 71.98, 80|3, 55, N/A, 51.83, 51|4, 54, N/A, 53.30, 31|5, 59, N/A, 50.14, 45|6, 56, N/A, 52.08, 58|
17:58:07 0, 55, N/A, 171.16, 86|1, 53, N/A, 45.73, 73|2, 56, N/A, 130.97, 79|3, 55, N/A, 42.49, 39|4, 56, N/A, 82.94, 44|5, 59, N/A, 71.25, 41|6, 55, N/A, 46.67, 34|
17:58:09 0, 55, N/A, 46.48, 89|1, 53, N/A, 58.99, 87|2, 55, N/A, 89.18, 60|3, 55, N/A, 48.88, 55|4, 54, N/A, 54.32, 31|5, 59, N/A, 51.13, 56|6, 55, N/A, 51.34, 29|
17:58:11 0, 55, N/A, 48.45, 86|1, 53, N/A, 49.22, 58|2, 55, N/A, 53.62, 82|3, 55, N/A, 55.02, 39|4, 55, N/A, 58.96, 47|5, 59, N/A, 58.99, 36|6, 56, N/A, 52.79, 62|
17:58:13 0, 55, N/A, 46.23, 90|1, 53, N/A, 55.55, 86|2, 55, N/A, 54.35, 85|3, 55, N/A, 137.50, 40|4, 55, N/A, 46.42, 36|5, 59, N/A, 139.96, 44|6, 56, N/A, 159.01, 36|
17:58:15 0, 55, N/A, 62.15, 64|1, 53, N/A, 59.02, 86|2, 55, N/A, 61.98, 87|3, 55, N/A, 46.21, 31|4, 55, N/A, 48.91, 59|5, 59, N/A, 46.48, 30|6, 56, N/A, 58.92, 62|
17:58:18 0, 55, N/A, 74.19, 87|1, 54, N/A, 67.59, 84|2, 55, N/A, 60.50, 61|3, 56, N/A, 47.19, 39|4, 54, N/A, 49.16, 33|5, 59, N/A, 47.47, 54|6, 56, N/A, 49.13, 42|
17:58:20 0, 55, N/A, 44.51, 86|1, 53, N/A, 70.53, 84|2, 55, N/A, 81.56, 81|3, 56, N/A, 53.30, 38|4, 54, N/A, 60.19, 31|5, 59, N/A, 54.57, 43|6, 56, N/A, 55.52, 42|
17:58:22 0, 55, N/A, 49.41, 88|1, 53, N/A, 48.94, 62|2, 55, N/A, 56.28, 86|3, 56, N/A, 62.84, 54|4, 54, N/A, 72.18, 31|5, 59, N/A, 64.85, 55|6, 56, N/A, 62.08, 33|
17:58:24 0, 55, N/A, 42.27, 83|1, 54, N/A, 96.24, 83|2, 56, N/A, 89.13, 81|3, 55, N/A, 42.77, 35|4, 56, N/A, 60.43, 57|5, 59, N/A, 43.53, 43|6, 56, N/A, 55.73, 42|
17:58:26 0, 55, N/A, 54.81, 62|1, 53, N/A, 67.59, 41|2, 55, N/A, 64.16, 37|3, 55, N/A, 47.44, 18|4, 55, N/A, 52.35, 26|5, 59, N/A, 48.94, 23|6, 56, N/A, 49.87, 30|
17:58:28 0, 55, N/A, 50.18, 64|1, 54, N/A, 52.14, 85|2, 55, N/A, 54.11, 84|3, 56, N/A, 72.43, 57|4, 55, N/A, 67.80, 60|5, 59, N/A, 56.78, 45|6, 56, N/A, 57.45, 43|
17:58:30 0, 55, N/A, 130.38, 85|1, 53, N/A, 46.69, 83|2, 55, N/A, 166.95, 78|3, 56, N/A, 165.66, 40|4, 55, N/A, 44.45, 46|5, 59, N/A, 169.86, 41|6, 56, N/A, 46.88, 40|
17:58:32 0, 55, N/A, 45.99, 60|1, 54, N/A, 48.97, 85|2, 55, N/A, 53.37, 79|3, 56, N/A, 63.83, 52|4, 55, N/A, 78.81, 30|5, 59, N/A, 67.31, 60|6, 56, N/A, 62.61, 53|
17:58:34 0, 56, N/A, 144.75, 85|1, 54, N/A, 46.23, 80|2, 56, N/A, 100.43, 77|3, 56, N/A, 43.01, 39|4, 56, N/A, 65.35, 44|5, 60, N/A, 59.73, 43|6, 56, N/A, 46.67, 36|
17:58:36 0, 55, N/A, 45.50, 89|1, 53, N/A, 48.72, 63|2, 55, N/A, 53.62, 84|3, 56, N/A, 61.37, 40|4, 55, N/A, 77.09, 46|5, 59, N/A, 65.88, 43|6, 56, N/A, 61.87, 27|
17:58:39 0, 56, N/A, 81.55, 88|1, 53, N/A, 65.13, 76|2, 56, N/A, 68.34, 82|3, 56, N/A, 48.17, 25|4, 55, N/A, 51.86, 46|5, 59, N/A, 47.71, 45|6, 57, N/A, 51.09, 59|
17:58:41 0, 55, N/A, 48.42, 88|1, 53, N/A, 49.92, 78|2, 55, N/A, 55.09, 83|3, 56, N/A, 128.26, 37|4, 55, N/A, 47.40, 43|5, 59, N/A, 124.12, 43|6, 56, N/A, 146.64, 42|
17:58:43 0, 55, N/A, 54.36, 85|1, 54, N/A, 53.12, 84|2, 55, N/A, 54.60, 60|3, 56, N/A, 60.92, 38|4, 55, N/A, 66.54, 58|5, 59, N/A, 75.42, 28|6, 56, N/A, 61.38, 45|
17:58:45 0, 56, N/A, 160.76, 87|1, 54, N/A, 174.93, 86|2, 55, N/A, 49.88, 82|3, 57, N/A, 137.73, 38|4, 55, N/A, 44.21, 42|5, 60, N/A, 154.97, 43|6, 56, N/A, 46.89, 41|
17:58:47 0, 55, N/A, 45.49, 86|1, 54, N/A, 60.74, 85|2, 55, N/A, 70.05, 64|3, 56, N/A, 48.66, 38|4, 55, N/A, 59.20, 29|5, 59, N/A, 48.20, 55|6, 56, N/A, 50.36, 41|
17:58:49 0, 55, N/A, 44.29, 91|1, 54, N/A, 47.00, 78|2, 55, N/A, 51.16, 83|3, 56, N/A, 60.19, 26|4, 55, N/A, 58.71, 60|5, 59, N/A, 60.47, 57|6, 56, N/A, 58.22, 36|
17:58:51 0, 55, N/A, 47.71, 87|1, 54, N/A, 49.47, 85|2, 55, N/A, 66.86, 81|3, 56, N/A, 44.73, 37|4, 55, N/A, 108.58, 44|5, 59, N/A, 45.25, 44|6, 56, N/A, 144.54, 46|
17:58:53 0, 55, N/A, 59.24, 89|1, 54, N/A, 58.29, 76|2, 56, N/A, 60.50, 82|3, 56, N/A, 45.23, 27|4, 55, N/A, 47.47, 56|5, 59, N/A, 46.24, 31|6, 57, N/A, 61.87, 41|
17:58:55 0, 55, N/A, 45.74, 66|1, 54, N/A, 55.58, 85|2, 55, N/A, 85.93, 58|3, 56, N/A, 51.34, 53|4, 55, N/A, 56.26, 29|5, 59, N/A, 52.88, 59|6, 57, N/A, 53.28, 42|
17:58:57 0, 55, N/A, 45.97, 63|1, 54, N/A, 71.00, 82|2, 55, N/A, 69.56, 84|3, 56, N/A, 48.64, 36|4, 55, N/A, 53.55, 63|5, 59, N/A, 49.43, 35|6, 56, N/A, 54.53, 43|
17:59:00 0, 56, N/A, 51.15, 92|1, 54, N/A, 51.89, 88|2, 55, N/A, 54.36, 58|3, 56, N/A, 57.47, 56|4, 55, N/A, 62.36, 30|5, 59, N/A, 56.78, 59|6, 56, N/A, 56.22, 31|
17:59:02 0, 56, N/A, 139.94, 86|1, 54, N/A, 45.98, 84|2, 56, N/A, 97.46, 80|3, 56, N/A, 67.22, 30|4, 56, N/A, 81.17, 47|5, 59, N/A, 62.89, 44|6, 57, N/A, 62.12, 46|
17:59:04 0, 56, N/A, 46.24, 91|1, 54, N/A, 51.40, 84|2, 56, N/A, 52.14, 86|3, 56, N/A, 68.73, 57|4, 55, N/A, 86.32, 33|5, 60, N/A, 70.71, 52|6, 56, N/A, 69.20, 42|
17:59:06 0, 55, N/A, 52.87, 63|1, 54, N/A, 54.85, 87|2, 56, N/A, 55.34, 83|3, 56, N/A, 51.33, 30|4, 56, N/A, 48.42, 59|5, 59, N/A, 45.50, 43|6, 57, N/A, 82.84, 57|
17:59:08 0, 55, N/A, 50.90, 36|1, 54, N/A, 51.65, 59|2, 55, N/A, 54.36, 49|3, 56, N/A, 61.62, 19|4, 55, N/A, 56.01, 22|5, 59, N/A, 63.13, 32|6, 56, N/A, 60.64, 38|
17:59:10 0, 55, N/A, 44.76, 64|1, 54, N/A, 57.27, 86|2, 55, N/A, 92.75, 80|3, 56, N/A, 56.49, 57|4, 55, N/A, 63.34, 60|5, 59, N/A, 59.49, 30|6, 56, N/A, 58.92, 58|
17:59:12 0, 56, N/A, 172.74, 87|1, 54, N/A, 46.47, 83|2, 56, N/A, 125.57, 80|3, 57, N/A, 64.07, 38|4, 55, N/A, 44.24, 43|5, 60, N/A, 65.10, 44|6, 56, N/A, 46.92, 37|
17:59:14 0, 55, N/A, 67.31, 61|1, 54, N/A, 62.43, 87|2, 55, N/A, 61.94, 64|3, 56, N/A, 46.92, 55|4, 55, N/A, 47.93, 30|5, 60, N/A, 46.24, 60|6, 57, N/A, 75.57, 57|
17:59:16 0, 56, N/A, 54.60, 90|1, 54, N/A, 61.73, 76|2, 56, N/A, 94.29, 80|3, 56, N/A, 56.01, 29|4, 56, N/A, 67.07, 43|5, 60, N/A, 60.47, 42|6, 56, N/A, 55.76, 34|
17:59:18 0, 56, N/A, 64.64, 89|1, 54, N/A, 60.01, 85|2, 56, N/A, 62.47, 82|3, 56, N/A, 48.91, 40|4, 55, N/A, 47.69, 47|5, 60, N/A, 46.21, 47|6, 56, N/A, 77.24, 46|
17:59:21 0, 56, N/A, 52.38, 90|1, 54, N/A, 51.16, 81|2, 56, N/A, 56.07, 84|3, 56, N/A, 59.69, 27|4, 56, N/A, 67.03, 62|5, 60, N/A, 77.39, 41|6, 57, N/A, 61.63, 54|
17:59:23 0, 56, N/A, 46.23, 86|1, 54, N/A, 63.62, 85|2, 56, N/A, 52.60, 79|3, 56, N/A, 139.85, 37|4, 55, N/A, 45.91, 42|5, 59, N/A, 135.06, 44|6, 57, N/A, 157.29, 41|
17:59:25 0, 55, N/A, 44.51, 78|1, 54, N/A, 59.48, 85|2, 56, N/A, 88.68, 56|3, 57, N/A, 55.02, 42|4, 55, N/A, 63.87, 44|5, 59, N/A, 55.56, 28|6, 57, N/A, 57.94, 58|
17:59:27 0, 55, N/A, 62.88, 87|1, 54, N/A, 107.96, 84|2, 56, N/A, 52.84, 76|3, 56, N/A, 152.81, 40|4, 56, N/A, 45.44, 44|5, 59, N/A, 152.60, 40|6, 57, N/A, 47.84, 43|
17:59:29 0, 56, N/A, 69.77, 74|1, 54, N/A, 80.62, 87|2, 55, N/A, 72.26, 58|3, 56, N/A, 49.40, 37|4, 56, N/A, 53.83, 44|5, 60, N/A, 51.16, 59|6, 56, N/A, 52.82, 58|
17:59:31 0, 56, N/A, 47.22, 86|1, 54, N/A, 49.68, 60|2, 56, N/A, 53.62, 81|3, 56, N/A, 76.80, 35|4, 56, N/A, 45.72, 56|5, 60, N/A, 66.79, 58|6, 57, N/A, 91.21, 27|
17:59:33 0, 56, N/A, 47.93, 86|1, 54, N/A, 50.17, 89|2, 56, N/A, 63.18, 59|3, 56, N/A, 60.14, 37|4, 55, N/A, 58.71, 45|5, 59, N/A, 53.83, 44|6, 56, N/A, 55.24, 34|
17:59:35 0, 56, N/A, 53.79, 86|1, 54, N/A, 88.14, 57|2, 56, N/A, 77.62, 87|3, 56, N/A, 53.54, 37|4, 56, N/A, 61.13, 60|5, 60, N/A, 54.07, 32|6, 57, N/A, 53.77, 60|
17:59:37 0, 56, N/A, 44.73, 89|1, 54, N/A, 148.92, 83|2, 56, N/A, 50.87, 73|3, 56, N/A, 164.36, 36|4, 56, N/A, 44.92, 45|5, 60, N/A, 169.61, 49|6, 57, N/A, 184.94, 37|
17:59:39 0, 56, N/A, 45.99, 88|1, 55, N/A, 49.71, 86|2, 56, N/A, 64.40, 88|3, 56, N/A, 61.86, 32|4, 56, N/A, 75.62, 57|5, 60, N/A, 62.92, 28|6, 57, N/A, 63.59, 58|
17:59:41 0, 56, N/A, 165.16, 87|1, 55, N/A, 178.45, 83|2, 56, N/A, 50.16, 65|3, 57, N/A, 128.51, 36|4, 56, N/A, 44.45, 43|5, 60, N/A, 144.95, 58|6, 57, N/A, 47.41, 42|
17:59:44 0, 56, N/A, 46.73, 87|1, 54, N/A, 49.93, 88|2, 56, N/A, 56.05, 60|3, 56, N/A, 65.29, 37|4, 56, N/A, 71.44, 30|5, 60, N/A, 64.85, 59|6, 57, N/A, 63.34, 45|
17:59:46 0, 56, N/A, 153.49, 85|1, 54, N/A, 46.72, 82|2, 56, N/A, 182.78, 78|3, 57, N/A, 170.22, 39|4, 56, N/A, 44.70, 41|5, 60, N/A, 176.60, 46|6, 57, N/A, 47.37, 40|
17:59:48 0, 56, N/A, 60.46, 86|1, 55, N/A, 59.23, 85|2, 56, N/A, 60.50, 56|3, 56, N/A, 48.88, 36|4, 56, N/A, 46.94, 30|5, 60, N/A, 56.26, 59|6, 57, N/A, 65.76, 41|
17:59:50 0, 56, N/A, 45.74, 85|1, 54, N/A, 47.49, 51|2, 56, N/A, 52.17, 86|3, 56, N/A, 43.04, 36|4, 56, N/A, 45.25, 58|5, 60, N/A, 44.05, 30|6, 57, N/A, 47.69, 43|
17:59:52 0, 56, N/A, 48.17, 87|1, 54, N/A, 50.20, 69|2, 56, N/A, 61.70, 83|3, 56, N/A, 51.58, 37|4, 56, N/A, 56.04, 29|5, 60, N/A, 51.86, 62|6, 57, N/A, 51.83, 37|
17:59:54 0, 56, N/A, 45.00, 65|1, 55, N/A, 70.74, 87|2, 56, N/A, 86.43, 87|3, 56, N/A, 53.30, 26|4, 56, N/A, 60.68, 60|5, 60, N/A, 54.81, 28|6, 57, N/A, 54.01, 60|
17:59:56 0, 56, N/A, 48.20, 62|1, 54, N/A, 49.68, 37|2, 56, N/A, 65.59, 34|3, 56, N/A, 51.83, 28|4, 56, N/A, 58.22, 40|5, 60, N/A, 53.83, 18|6, 57, N/A, 53.28, 25|
17:59:58 0, 56, N/A, 44.76, 73|1, 55, N/A, 56.78, 85|2, 56, N/A, 91.57, 59|3, 57, N/A, 56.00, 52|4, 56, N/A, 60.92, 63|5, 60, N/A, 57.28, 27|6, 57, N/A, 55.24, 61|
18:00:00 0, 56, N/A, 161.73, 86|1, 55, N/A, 46.69, 83|2, 56, N/A, 185.96, 79|3, 57, N/A, 168.76, 37|4, 56, N/A, 44.70, 44|5, 61, N/A, 177.58, 56|6, 57, N/A, 47.62, 46|
18:00:02 0, 56, N/A, 58.01, 88|1, 55, N/A, 58.04, 89|2, 56, N/A, 63.95, 57|3, 57, N/A, 45.72, 54|4, 56, N/A, 47.69, 39|5, 60, N/A, 46.48, 59|6, 57, N/A, 49.13, 60|
18:00:05 0, 56, N/A, 147.20, 85|1, 55, N/A, 46.97, 84|2, 56, N/A, 177.15, 77|3, 56, N/A, 42.98, 36|4, 56, N/A, 174.26, 43|5, 60, N/A, 173.28, 46|6, 57, N/A, 47.62, 45|
18:00:07 0, 56, N/A, 70.74, 88|1, 54, N/A, 69.06, 71|2, 56, N/A, 64.15, 84|3, 57, N/A, 48.42, 36|4, 56, N/A, 51.61, 30|5, 60, N/A, 48.94, 57|6, 57, N/A, 51.34, 40|
18:00:09 0, 56, N/A, 51.64, 88|1, 55, N/A, 51.89, 87|2, 56, N/A, 54.85, 81|3, 56, N/A, 46.45, 37|4, 56, N/A, 74.60, 41|5, 60, N/A, 46.21, 43|6, 57, N/A, 125.77, 40|
18:00:11 0, 56, N/A, 54.56, 88|1, 55, N/A, 50.91, 58|2, 56, N/A, 54.11, 79|3, 57, N/A, 75.82, 36|4, 56, N/A, 59.94, 58|5, 60, N/A, 87.31, 59|6, 57, N/A, 77.50, 31|
18:00:13 0, 56, N/A, 73.17, 86|1, 55, N/A, 71.77, 86|2, 56, N/A, 69.32, 55|3, 57, N/A, 49.62, 36|4, 57, N/A, 54.56, 53|5, 60, N/A, 49.19, 28|6, 57, N/A, 51.59, 62|
18:00:15 0, 56, N/A, 51.16, 89|1, 55, N/A, 52.14, 54|2, 56, N/A, 54.36, 85|3, 56, N/A, 56.22, 26|4, 56, N/A, 63.63, 50|5, 60, N/A, 58.01, 29|6, 57, N/A, 63.59, 62|
18:00:17 0, 56, N/A, 43.26, 89|1, 55, N/A, 71.77, 86|2, 56, N/A, 51.16, 73|3, 57, N/A, 73.40, 37|4, 56, N/A, 69.72, 44|5, 61, N/A, 72.67, 47|6, 58, N/A, 69.44, 59|
18:00:19 0, 56, N/A, 47.96, 84|1, 55, N/A, 51.68, 83|2, 56, N/A, 53.86, 56|3, 57, N/A, 71.19, 37|4, 56, N/A, 88.57, 46|5, 60, N/A, 78.12, 28|6, 57, N/A, 68.01, 48|
18:00:21 0, 57, N/A, 173.72, 86|1, 55, N/A, 145.09, 85|2, 56, N/A, 50.41, 81|3, 57, N/A, 65.30, 38|4, 56, N/A, 44.49, 42|5, 61, N/A, 67.32, 44|6, 57, N/A, 47.65, 38|
18:00:23 0, 56, N/A, 46.24, 84|1, 55, N/A, 72.75, 87|2, 56, N/A, 68.08, 81|3, 57, N/A, 48.64, 36|4, 56, N/A, 60.92, 44|5, 60, N/A, 50.63, 44|6, 57, N/A, 52.08, 57|
18:00:26 0, 57, N/A, 46.48, 91|1, 55, N/A, 49.19, 59|2, 56, N/A, 53.12, 80|3, 57, N/A, 68.25, 24|4, 57, N/A, 63.12, 56|5, 60, N/A, 83.72, 60|6, 57, N/A, 76.31, 26|
18:00:28 0, 57, N/A, 63.63, 90|1, 55, N/A, 59.76, 87|2, 56, N/A, 60.99, 80|3, 57, N/A, 45.72, 52|4, 56, N/A, 47.93, 40|5, 60, N/A, 46.48, 42|6, 57, N/A, 69.20, 31|
18:00:30 0, 57, N/A, 62.68, 90|1, 55, N/A, 60.00, 63|2, 56, N/A, 58.29, 81|3, 57, N/A, 45.47, 26|4, 56, N/A, 47.94, 43|5, 60, N/A, 47.96, 38|6, 58, N/A, 57.17, 58|
18:00:32 0, 56, N/A, 54.32, 88|1, 55, N/A, 53.37, 82|2, 56, N/A, 54.60, 81|3, 57, N/A, 106.86, 37|4, 56, N/A, 49.62, 45|5, 60, N/A, 98.29, 37|6, 57, N/A, 126.17, 43|
18:00:34 0, 56, N/A, 48.20, 59|1, 55, N/A, 51.16, 85|2, 57, N/A, 60.25, 82|3, 57, N/A, 53.55, 29|4, 56, N/A, 74.40, 59|5, 60, N/A, 56.05, 45|6, 58, N/A, 56.22, 60|
18:00:36 0, 56, N/A, 48.20, 85|1, 55, N/A, 50.66, 82|2, 56, N/A, 53.62, 76|3, 57, N/A, 123.46, 35|4, 56, N/A, 46.91, 40|5, 60, N/A, 117.09, 43|6, 57, N/A, 49.34, 43|
18:00:38 0, 56, N/A, 58.74, 59|1, 55, N/A, 58.53, 89|2, 56, N/A, 58.26, 60|3, 57, N/A, 45.69, 56|4, 56, N/A, 47.93, 32|5, 61, N/A, 58.71, 56|6, 57, N/A, 67.23, 60|
18:00:40 0, 56, N/A, 69.02, 66|1, 55, N/A, 64.89, 80|2, 56, N/A, 62.92, 78|3, 57, N/A, 47.19, 39|4, 56, N/A, 50.88, 45|5, 60, N/A, 48.42, 42|6, 57, N/A, 51.07, 41|
18:00:42 0, 56, N/A, 63.87, 90|1, 55, N/A, 60.99, 88|2, 56, N/A, 69.56, 73|3, 57, N/A, 46.21, 57|4, 56, N/A, 49.16, 29|5, 60, N/A, 47.71, 44|6, 57, N/A, 49.13, 32|
18:00:44 0, 57, N/A, 172.14, 85|1, 54, N/A, 46.44, 84|2, 56, N/A, 179.68, 80|3, 56, N/A, 42.73, 35|4, 57, N/A, 111.46, 60|5, 60, N/A, 43.99, 45|6, 58, N/A, 84.61, 44|
18:00:47 0, 56, N/A, 65.87, 90|1, 54, N/A, 59.51, 59|2, 56, N/A, 62.96, 87|3, 56, N/A, 46.21, 56|4, 56, N/A, 48.42, 29|5, 60, N/A, 46.73, 58|6, 57, N/A, 70.18, 30|
18:00:49 0, 56, N/A, 42.51, 87|1, 54, N/A, 182.27, 85|2, 56, N/A, 191.46, 83|3, 56, N/A, 42.73, 37|4, 57, N/A, 124.93, 46|5, 59, N/A, 43.77, 31|6, 57, N/A, 87.55, 41|
18:00:51 0, 55, N/A, 55.79, 89|1, 53, N/A, 54.35, 32|2, 55, N/A, 56.32, 70|3, 56, N/A, 49.89, 15|4, 55, N/A, 47.69, 62|5, 59, N/A, 45.99, 21|6, 56, N/A, 49.62, 33|
18:00:53 0, 55, N/A, 45.22, 87|1, 54, N/A, 106.49, 85|2, 55, N/A, 51.61, 80|3, 56, N/A, 152.81, 37|4, 55, N/A, 147.46, 47|5, 59, N/A, 44.45, 47|6, 56, N/A, 172.09, 43|
18:00:55 0, 55, N/A, 48.45, 87|1, 54, N/A, 51.19, 88|2, 55, N/A, 54.88, 87|3, 55, N/A, 77.58, 38|4, 55, N/A, 58.71, 60|5, 59, N/A, 84.21, 28|6, 56, N/A, 74.59, 47|
18:00:57 0, 55, N/A, 47.71, 56|1, 53, N/A, 51.65, 33|2, 54, N/A, 52.88, 80|3, 55, N/A, 68.50, 23|4, 55, N/A, 75.58, 39|5, 59, N/A, 71.73, 46|6, 56, N/A, 69.20, 23|
18:00:59 0, 55, N/A, 78.61, 61|1, 53, N/A, 76.89, 87|2, 54, N/A, 72.47, 59|3, 56, N/A, 49.37, 60|4, 55, N/A, 53.83, 59|5, 58, N/A, 51.37, 24|6, 56, N/A, 53.06, 63|
18:01:01 0, 55, N/A, 159.12, 85|1, 53, N/A, 45.95, 82|2, 55, N/A, 183.76, 78|3, 56, N/A, 171.20, 37|4, 55, N/A, 44.18, 43|5, 59, N/A, 177.33, 49|6, 55, N/A, 46.61, 41|
18:01:03 0, 54, N/A, 47.22, 56|1, 53, N/A, 52.38, 88|2, 54, N/A, 52.88, 71|3, 55, N/A, 56.74, 54|4, 54, N/A, 63.87, 45|5, 59, N/A, 56.54, 49|6, 56, N/A, 56.99, 62|
18:01:05 0, 54, N/A, 55.06, 86|1, 53, N/A, 53.86, 83|2, 54, N/A, 55.09, 80|3, 55, N/A, 47.44, 39|4, 54, N/A, 46.95, 44|5, 58, N/A, 71.45, 41|6, 55, N/A, 49.10, 43|
18:01:08 0, 54, N/A, 55.31, 91|1, 53, N/A, 62.67, 59|2, 54, N/A, 56.57, 86|3, 55, N/A, 44.98, 44|4, 54, N/A, 46.95, 43|5, 58, N/A, 45.99, 59|6, 55, N/A, 47.90, 28|
18:01:10 0, 54, N/A, 58.96, 62|1, 52, N/A, 65.62, 85|2, 53, N/A, 64.16, 82|3, 55, N/A, 46.70, 45|4, 54, N/A, 56.50, 45|5, 58, N/A, 48.45, 45|6, 55, N/A, 50.36, 45|
18:01:12 0, 54, N/A, 46.97, 92|1, 52, N/A, 49.43, 58|2, 53, N/A, 52.63, 83|3, 54, N/A, 64.77, 26|4, 54, N/A, 86.61, 61|5, 58, N/A, 72.47, 53|6, 55, N/A, 67.72, 24|
18:01:14 0, 54, N/A, 43.50, 88|1, 52, N/A, 142.07, 85|2, 53, N/A, 49.89, 81|3, 55, N/A, 161.75, 37|4, 54, N/A, 163.75, 44|5, 58, N/A, 43.72, 44|6, 55, N/A, 182.01, 44|
18:01:16 0, 54, N/A, 89.80, 88|1, 52, N/A, 71.28, 83|2, 54, N/A, 75.71, 79|3, 54, N/A, 48.15, 27|4, 54, N/A, 54.56, 65|5, 58, N/A, 49.93, 44|6, 55, N/A, 51.59, 46|
18:01:18 0, 54, N/A, 44.51, 90|1, 52, N/A, 58.22, 83|2, 53, N/A, 89.41, 78|3, 54, N/A, 56.74, 30|4, 54, N/A, 65.35, 43|5, 58, N/A, 57.28, 45|6, 54, N/A, 58.19, 45|
18:01:20 0, 54, N/A, 55.06, 59|1, 52, N/A, 54.60, 88|2, 53, N/A, 55.83, 61|3, 55, N/A, 58.22, 61|4, 54, N/A, 46.21, 59|5, 58, N/A, 52.35, 35|6, 55, N/A, 70.66, 61|
18:01:22 0, 54, N/A, 49.43, 91|1, 51, N/A, 50.91, 76|2, 53, N/A, 52.63, 82|3, 54, N/A, 57.97, 38|4, 54, N/A, 69.72, 65|5, 57, N/A, 60.68, 37|6, 54, N/A, 55.73, 45|
18:01:24 0, 53, N/A, 59.48, 58|1, 52, N/A, 59.27, 84|2, 53, N/A, 64.44, 56|3, 54, N/A, 45.47, 57|4, 53, N/A, 47.69, 29|5, 58, N/A, 45.74, 62|6, 54, N/A, 47.90, 50|
18:01:26 0, 53, N/A, 45.01, 85|1, 51, N/A, 50.41, 83|2, 52, N/A, 105.27, 82|3, 54, N/A, 43.23, 39|4, 53, N/A, 132.69, 44|5, 57, N/A, 140.69, 42|6, 54, N/A, 47.59, 43|
18:01:29 0, 55, N/A, 81.03, 87|1, 52, N/A, 66.15, 83|2, 52, N/A, 48.70, 56|3, 54, N/A, 70.90, 37|4, 53, N/A, 84.65, 41|5, 58, N/A, 73.94, 60|6, 54, N/A, 66.25, 42|
18:01:31 0, 53, N/A, 46.48, 90|1, 52, N/A, 47.96, 86|2, 52, N/A, 71.49, 67|3, 54, N/A, 50.60, 38|4, 53, N/A, 68.01, 28|5, 57, N/A, 51.37, 56|6, 54, N/A, 53.31, 43|
18:01:33 0, 54, N/A, 46.73, 90|1, 52, N/A, 48.20, 84|2, 53, N/A, 52.14, 81|3, 54, N/A, 75.86, 25|4, 54, N/A, 44.98, 61|5, 58, N/A, 64.32, 59|6, 54, N/A, 90.23, 25|
18:01:35 0, 54, N/A, 45.49, 89|1, 52, N/A, 47.22, 89|2, 53, N/A, 63.66, 55|3, 54, N/A, 59.16, 40|4, 53, N/A, 72.18, 43|5, 58, N/A, 64.12, 59|6, 54, N/A, 58.92, 27|
18:01:37 0, 55, N/A, 61.66, 86|1, 52, N/A, 56.53, 53|2, 53, N/A, 99.85, 84|3, 54, N/A, 53.30, 37|4, 55, N/A, 64.57, 44|5, 57, N/A, 57.02, 39|6, 55, N/A, 58.92, 63|
18:01:39 0, 54, N/A, 56.28, 86|1, 52, N/A, 55.09, 73|2, 53, N/A, 56.57, 81|3, 54, N/A, 54.29, 35|4, 54, N/A, 46.71, 43|5, 58, N/A, 45.74, 62|6, 54, N/A, 72.58, 38|
18:01:41 0, 54, N/A, 42.51, 87|1, 52, N/A, 156.66, 84|2, 53, N/A, 177.64, 81|3, 54, N/A, 41.97, 30|4, 54, N/A, 173.41, 42|5, 58, N/A, 43.23, 41|6, 55, N/A, 187.38, 42|
18:01:43 0, 54, N/A, 45.25, 90|1, 52, N/A, 46.51, 52|2, 53, N/A, 78.61, 80|3, 54, N/A, 55.97, 26|4, 54, N/A, 67.76, 49|5, 58, N/A, 60.47, 43|6, 55, N/A, 59.91, 65|
18:01:45 0, 54, N/A, 41.78, 62|1, 53, N/A, 87.46, 84|2, 53, N/A, 49.92, 80|3, 55, N/A, 51.83, 56|4, 54, N/A, 43.75, 44|5, 59, N/A, 52.85, 46|6, 55, N/A, 69.93, 47|
18:01:47 0, 54, N/A, 44.76, 59|1, 52, N/A, 52.35, 88|2, 53, N/A, 90.59, 91|3, 54, N/A, 55.97, 28|4, 54, N/A, 65.31, 64|5, 58, N/A, 56.05, 27|6, 55, N/A, 58.43, 58|
18:01:50 0, 54, N/A, 150.06, 90|1, 53, N/A, 167.18, 86|2, 53, N/A, 48.91, 79|3, 55, N/A, 169.24, 37|4, 54, N/A, 43.96, 39|5, 58, N/A, 175.13, 40|6, 55, N/A, 46.37, 44|
18:01:52 0, 54, N/A, 49.90, 57|1, 53, N/A, 50.69, 88|2, 53, N/A, 52.88, 55|3, 55, N/A, 71.44, 57|4, 54, N/A, 69.76, 25|5, 58, N/A, 60.92, 60|6, 55, N/A, 60.15, 43|
18:01:54 0, 54, N/A, 51.16, 86|1, 52, N/A, 52.14, 80|2, 53, N/A, 54.11, 84|3, 54, N/A, 80.24, 36|4, 54, N/A, 45.50, 43|5, 58, N/A, 67.55, 30|6, 55, N/A, 84.36, 43|
18:01:56 0, 54, N/A, 46.51, 90|1, 53, N/A, 48.97, 90|2, 53, N/A, 64.65, 54|3, 55, N/A, 62.60, 50|4, 54, N/A, 72.96, 29|5, 58, N/A, 60.72, 60|6, 55, N/A, 59.20, 26|
18:01:58 0, 54, N/A, 54.60, 87|1, 52, N/A, 51.16, 84|2, 53, N/A, 54.88, 74|3, 55, N/A, 46.48, 37|4, 54, N/A, 68.99, 47|5, 58, N/A, 45.74, 47|6, 55, N/A, 123.88, 45|
18:02:00 0, 55, N/A, 70.25, 86|1, 52, N/A, 82.04, 55|2, 55, N/A, 85.24, 78|3, 55, N/A, 54.04, 39|4, 54, N/A, 56.01, 41|5, 59, N/A, 55.31, 48|6, 55, N/A, 52.82, 30|
18:02:02 0, 54, N/A, 47.22, 87|1, 53, N/A, 48.45, 87|2, 53, N/A, 51.41, 82|3, 55, N/A, 73.40, 37|4, 54, N/A, 70.21, 42|5, 58, N/A, 78.32, 43|6, 55, N/A, 69.93, 39|
18:02:04 0, 55, N/A, 45.25, 87|1, 52, N/A, 46.26, 55|2, 54, N/A, 50.67, 84|3, 55, N/A, 42.77, 21|4, 55, N/A, 44.49, 49|5, 58, N/A, 43.53, 39|6, 55, N/A, 46.92, 64|
18:02:06 0, 55, N/A, 46.97, 91|1, 53, N/A, 51.16, 54|2, 54, N/A, 51.65, 82|3, 55, N/A, 66.53, 58|4, 54, N/A, 81.21, 32|5, 59, N/A, 63.13, 46|6, 55, N/A, 59.66, 29|
18:02:08 0, 54, N/A, 42.79, 57|1, 53, N/A, 77.62, 84|2, 54, N/A, 87.41, 80|3, 55, N/A, 50.14, 27|4, 55, N/A, 60.19, 46|5, 58, N/A, 53.34, 44|6, 56, N/A, 53.31, 57|
18:02:10 0, 54, N/A, 44.02, 69|1, 52, N/A, 58.25, 31|2, 54, N/A, 87.66, 29|3, 55, N/A, 52.81, 18|4, 55, N/A, 62.40, 31|5, 58, N/A, 56.54, 20|6, 55, N/A, 56.47, 25|
18:02:13 0, 55, N/A, 43.99, 87|1, 53, N/A, 132.60, 85|2, 54, N/A, 50.90, 82|3, 55, N/A, 159.81, 37|4, 54, N/A, 159.44, 52|5, 59, N/A, 43.99, 43|6, 56, N/A, 178.94, 42|
18:02:15 0, 54, N/A, 65.88, 57|1, 53, N/A, 62.76, 89|2, 54, N/A, 64.24, 84|3, 55, N/A, 45.99, 27|4, 55, N/A, 49.69, 65|5, 58, N/A, 50.71, 33|6, 56, N/A, 49.66, 44|
18:02:17 0, 55, N/A, 53.12, 58|1, 53, N/A, 51.93, 41|2, 54, N/A, 54.15, 29|3, 55, N/A, 60.43, 26|4, 55, N/A, 51.10, 38|5, 59, N/A, 65.39, 19|6, 55, N/A, 62.12, 24|
18:02:19 0, 55, N/A, 50.20, 87|1, 53, N/A, 51.19, 87|2, 54, N/A, 53.41, 55|3, 56, N/A, 67.31, 36|4, 55, N/A, 62.93, 53|5, 59, N/A, 57.07, 26|6, 56, N/A, 56.51, 64|
18:02:21 0, 55, N/A, 44.51, 86|1, 53, N/A, 55.55, 81|2, 54, N/A, 92.55, 87|3, 55, N/A, 54.53, 38|4, 55, N/A, 61.66, 40|5, 58, N/A, 55.34, 42|6, 56, N/A, 56.50, 39|
18:02:23 0, 55, N/A, 43.25, 62|1, 53, N/A, 152.60, 84|2, 54, N/A, 49.89, 81|3, 56, N/A, 167.05, 30|4, 55, N/A, 44.21, 43|5, 59, N/A, 171.71, 44|6, 56, N/A, 187.38, 41|
18:02:25 0, 55, N/A, 54.08, 57|1, 53, N/A, 66.61, 87|2, 54, N/A, 65.38, 55|3, 55, N/A, 47.90, 60|4, 55, N/A, 58.47, 48|5, 59, N/A, 49.65, 44|6, 56, N/A, 51.34, 63|
18:02:27 0, 56, N/A, 169.32, 86|1, 53, N/A, 45.49, 79|2, 55, N/A, 190.12, 78|3, 56, N/A, 141.16, 37|4, 55, N/A, 43.97, 39|5, 60, N/A, 175.51, 41|6, 56, N/A, 46.91, 36|
18:02:29 0, 55, N/A, 42.55, 79|1, 54, N/A, 61.73, 84|2, 54, N/A, 49.95, 78|3, 56, N/A, 69.52, 48|4, 55, N/A, 82.69, 27|5, 59, N/A, 74.68, 44|6, 56, N/A, 68.75, 39|
18:02:31 0, 55, N/A, 46.24, 57|1, 53, N/A, 48.70, 84|2, 54, N/A, 74.96, 83|3, 56, N/A, 50.85, 63|4, 55, N/A, 55.80, 58|5, 59, N/A, 58.26, 42|6, 56, N/A, 53.55, 42|
18:02:34 0, 56, N/A, 47.95, 90|1, 53, N/A, 54.60, 85|2, 55, N/A, 75.21, 81|3, 56, N/A, 51.61, 59|4, 55, N/A, 57.24, 26|5, 59, N/A, 53.86, 61|6, 56, N/A, 53.06, 43|
18:02:36 0, 55, N/A, 44.76, 85|1, 53, N/A, 59.23, 90|2, 54, N/A, 94.76, 54|3, 56, N/A, 54.04, 50|4, 55, N/A, 64.85, 30|5, 59, N/A, 58.51, 60|6, 56, N/A, 57.21, 61|
18:02:38 0, 55, N/A, 81.51, 86|1, 53, N/A, 48.45, 84|2, 54, N/A, 137.98, 75|3, 56, N/A, 43.23, 38|4, 55, N/A, 149.90, 46|5, 59, N/A, 156.03, 46|6, 56, N/A, 47.87, 45|
18:02:40 0, 55, N/A, 48.20, 91|1, 53, N/A, 48.45, 56|2, 54, N/A, 67.07, 86|3, 56, N/A, 51.33, 44|4, 55, N/A, 56.75, 30|5, 59, N/A, 51.62, 64|6, 56, N/A, 52.54, 30|
18:02:42 0, 55, N/A, 47.47, 55|1, 53, N/A, 49.46, 89|2, 54, N/A, 52.14, 78|3, 56, N/A, 70.21, 59|4, 55, N/A, 83.18, 31|5, 59, N/A, 68.54, 45|6, 56, N/A, 66.04, 44|
18:02:44 0, 56, N/A, 52.11, 89|1, 53, N/A, 75.16, 75|2, 55, N/A, 75.95, 82|3, 56, N/A, 51.09, 24|4, 56, N/A, 59.69, 42|5, 60, N/A, 54.82, 43|6, 56, N/A, 52.82, 36|
18:02:46 0, 55, N/A, 66.11, 91|1, 53, N/A, 61.97, 84|2, 55, N/A, 72.76, 81|3, 56, N/A, 46.70, 49|4, 55, N/A, 49.90, 45|5, 59, N/A, 47.96, 46|6, 56, N/A, 50.36, 42|
18:02:48 0, 55, N/A, 62.43, 87|1, 53, N/A, 58.04, 85|2, 54, N/A, 61.98, 84|3, 56, N/A, 46.21, 37|4, 55, N/A, 49.16, 43|5, 59, N/A, 46.73, 45|6, 56, N/A, 49.60, 45|
18:02:50 0, 56, N/A, 68.82, 89|1, 53, N/A, 67.63, 55|2, 55, N/A, 64.93, 81|3, 56, N/A, 46.67, 25|4, 56, N/A, 51.38, 63|5, 59, N/A, 48.70, 59|6, 56, N/A, 49.62, 32|
18:02:52 0, 56, N/A, 46.70, 87|1, 53, N/A, 93.04, 84|2, 55, N/A, 52.38, 79|3, 56, N/A, 149.39, 36|4, 55, N/A, 143.62, 45|5, 59, N/A, 44.70, 44|6, 56, N/A, 168.67, 44|
18:02:54 0, 56, N/A, 168.10, 87|1, 54, N/A, 45.73, 80|2, 55, N/A, 189.38, 81|3, 56, N/A, 42.73, 38|4, 56, N/A, 180.77, 42|5, 59, N/A, 43.74, 41|6, 58, N/A, 191.04, 57|
18:02:57 0, 55, N/A, 82.04, 90|1, 54, N/A, 68.82, 56|2, 55, N/A, 70.54, 82|3, 56, N/A, 48.91, 37|4, 56, N/A, 51.86, 45|5, 59, N/A, 50.17, 59|6, 56, N/A, 51.59, 25|
18:02:59 0, 55, N/A, 50.38, 87|1, 54, N/A, 88.91, 89|2, 55, N/A, 81.06, 64|3, 57, N/A, 54.04, 37|4, 56, N/A, 62.64, 45|5, 59, N/A, 54.08, 38|6, 57, N/A, 58.19, 63|
18:03:01 0, 56, N/A, 62.18, 89|1, 53, N/A, 58.00, 72|2, 55, N/A, 59.76, 82|3, 56, N/A, 45.94, 23|4, 56, N/A, 48.91, 65|5, 59, N/A, 49.65, 27|6, 57, N/A, 49.60, 59|
18:03:03 0, 55, N/A, 59.72, 89|1, 54, N/A, 78.37, 85|2, 55, N/A, 71.28, 82|3, 56, N/A, 50.36, 29|4, 56, N/A, 56.78, 45|5, 60, N/A, 49.93, 44|6, 56, N/A, 51.83, 42|
18:03:05 0, 56, N/A, 47.47, 56|1, 54, N/A, 49.43, 85|2, 55, N/A, 52.63, 53|3, 56, N/A, 70.70, 61|4, 56, N/A, 82.64, 61|5, 59, N/A, 74.68, 25|6, 57, N/A, 68.46, 61|
18:03:07 0, 56, N/A, 47.22, 89|1, 54, N/A, 48.95, 49|2, 55, N/A, 67.85, 85|3, 56, N/A, 49.65, 29|4, 56, N/A, 55.31, 63|5, 59, N/A, 52.14, 27|6, 57, N/A, 58.96, 64|
18:03:09 0, 55, N/A, 42.73, 88|1, 54, N/A, 175.91, 84|2, 55, N/A, 49.64, 72|3, 57, N/A, 172.66, 37|4, 56, N/A, 44.43, 44|5, 60, N/A, 178.57, 49|6, 57, N/A, 192.01, 45|
18:03:11 0, 55, N/A, 50.17, 83|1, 54, N/A, 50.69, 87|2, 55, N/A, 54.60, 56|3, 56, N/A, 79.75, 42|4, 56, N/A, 47.42, 67|5, 59, N/A, 78.77, 23|6, 57, N/A, 78.51, 56|
18:03:13 0, 56, N/A, 46.24, 90|1, 54, N/A, 57.30, 52|2, 55, N/A, 72.03, 78|3, 56, N/A, 49.65, 26|4, 56, N/A, 55.27, 42|5, 59, N/A, 51.16, 43|6, 57, N/A, 52.57, 63|
18:03:15 0, 56, N/A, 58.25, 54|1, 54, N/A, 59.27, 85|2, 55, N/A, 58.78, 80|3, 57, N/A, 46.21, 57|4, 56, N/A, 47.93, 24|5, 60, N/A, 47.22, 43|6, 57, N/A, 73.81, 57|
18:03:18 0, 56, N/A, 54.78, 62|1, 54, N/A, 66.36, 83|2, 55, N/A, 63.18, 80|3, 56, N/A, 47.19, 54|4, 56, N/A, 51.83, 46|5, 60, N/A, 53.34, 43|6, 57, N/A, 51.09, 42|
18:03:20 0, 56, N/A, 46.48, 85|1, 54, N/A, 55.27, 78|2, 55, N/A, 95.25, 85|3, 56, N/A, 56.25, 36|4, 56, N/A, 61.66, 43|5, 60, N/A, 58.01, 30|6, 57, N/A, 58.43, 44|
18:03:22 0, 56, N/A, 51.90, 82|1, 54, N/A, 53.65, 90|2, 55, N/A, 58.78, 51|3, 56, N/A, 44.98, 48|4, 56, N/A, 46.46, 28|5, 60, N/A, 45.74, 60|6, 57, N/A, 89.01, 61|
18:03:24 0, 56, N/A, 58.99, 87|1, 54, N/A, 59.51, 84|2, 55, N/A, 57.30, 74|3, 56, N/A, 46.70, 38|4, 56, N/A, 47.93, 44|5, 60, N/A, 51.37, 42|6, 57, N/A, 50.33, 44|
18:03:26 0, 56, N/A, 132.52, 87|1, 54, N/A, 153.58, 83|2, 55, N/A, 50.87, 77|3, 57, N/A, 166.56, 39|4, 56, N/A, 44.94, 41|5, 60, N/A, 171.08, 41|6, 57, N/A, 47.59, 44|
18:03:28 0, 56, N/A, 50.41, 54|1, 54, N/A, 51.40, 90|2, 55, N/A, 54.11, 75|3, 56, N/A, 73.40, 59|4, 56, N/A, 71.44, 26|5, 60, N/A, 61.20, 45|6, 57, N/A, 58.92, 61|
18:03:30 0, 56, N/A, 163.69, 88|1, 54, N/A, 45.95, 84|2, 56, N/A, 186.45, 82|3, 56, N/A, 42.95, 32|4, 57, N/A, 179.30, 45|5, 60, N/A, 179.04, 42|6, 57, N/A, 47.34, 41|
18:03:32 0, 57, N/A, 163.14, 89|1, 55, N/A, 112.13, 83|2, 55, N/A, 50.17, 57|3, 57, N/A, 57.72, 37|4, 56, N/A, 44.49, 40|5, 61, N/A, 60.47, 60|6, 57, N/A, 47.65, 40|
18:03:34 0, 56, N/A, 45.99, 87|1, 54, N/A, 49.19, 88|2, 55, N/A, 51.90, 54|3, 57, N/A, 66.28, 37|4, 56, N/A, 73.17, 25|5, 60, N/A, 66.08, 65|6, 57, N/A, 64.57, 47|
18:03:36 0, 57, N/A, 143.79, 88|1, 54, N/A, 46.48, 86|2, 57, N/A, 103.13, 85|3, 56, N/A, 43.75, 37|4, 57, N/A, 69.28, 49|5, 61, N/A, 62.44, 61|6, 57, N/A, 47.17, 41|
18:03:38 0, 57, N/A, 80.56, 91|1, 55, N/A, 73.49, 86|2, 55, N/A, 63.66, 78|3, 57, N/A, 48.42, 61|4, 56, N/A, 49.90, 44|5, 60, N/A, 48.94, 46|6, 57, N/A, 50.61, 29|
18:03:41 0, 56, N/A, 49.16, 64|1, 54, N/A, 52.14, 90|2, 56, N/A, 54.36, 84|3, 57, N/A, 59.94, 45|4, 56, N/A, 65.06, 46|5, 60, N/A, 63.17, 45|6, 57, N/A, 61.13, 66|
18:03:43 0, 57, N/A, 64.61, 91|1, 54, N/A, 59.02, 69|2, 56, N/A, 61.73, 80|3, 57, N/A, 46.45, 22|4, 57, N/A, 50.14, 60|5, 60, N/A, 48.18, 44|6, 57, N/A, 49.38, 32|
18:03:45 0, 57, N/A, 60.43, 88|1, 55, N/A, 75.96, 83|2, 55, N/A, 62.47, 51|3, 57, N/A, 45.97, 47|4, 56, N/A, 49.19, 29|5, 60, N/A, 47.47, 63|6, 57, N/A, 49.62, 32|
18:03:47 0, 56, N/A, 47.71, 89|1, 55, N/A, 49.68, 87|2, 55, N/A, 52.88, 72|3, 57, N/A, 68.45, 39|4, 56, N/A, 89.27, 44|5, 60, N/A, 70.22, 53|6, 57, N/A, 65.05, 43|
18:03:49 0, 56, N/A, 54.32, 86|1, 54, N/A, 52.14, 55|2, 56, N/A, 56.32, 82|3, 56, N/A, 44.49, 34|4, 57, N/A, 46.70, 61|5, 61, N/A, 45.25, 61|6, 57, N/A, 60.11, 26|
18:03:51 0, 57, N/A, 61.20, 91|1, 55, N/A, 58.50, 88|2, 55, N/A, 57.80, 63|3, 57, N/A, 56.99, 60|4, 56, N/A, 47.44, 27|5, 60, N/A, 70.22, 45|6, 57, N/A, 67.73, 28|
18:03:53 0, 56, N/A, 48.20, 75|1, 54, N/A, 49.46, 83|2, 56, N/A, 65.88, 79|3, 57, N/A, 44.70, 37|4, 56, N/A, 109.26, 43|5, 60, N/A, 45.71, 42|6, 57, N/A, 158.52, 42|
18:03:55 0, 56, N/A, 81.06, 91|1, 54, N/A, 73.98, 57|2, 56, N/A, 69.81, 79|3, 57, N/A, 47.44, 27|4, 57, N/A, 52.11, 66|5, 61, N/A, 49.43, 55|6, 57, N/A, 51.59, 25|
18:03:57 0, 57, N/A, 65.13, 88|1, 55, N/A, 64.89, 89|2, 56, N/A, 76.93, 54|3, 57, N/A, 48.64, 43|4, 56, N/A, 52.60, 25|5, 60, N/A, 49.65, 62|6, 57, N/A, 51.59, 24|
18:03:59 0, 56, N/A, 92.80, 89|1, 54, N/A, 49.16, 86|2, 56, N/A, 140.68, 81|3, 57, N/A, 43.72, 37|4, 56, N/A, 151.62, 45|5, 60, N/A, 44.95, 44|6, 58, N/A, 175.77, 44|
18:04:02 0, 56, N/A, 62.92, 90|1, 54, N/A, 60.50, 53|2, 56, N/A, 58.04, 79|3, 57, N/A, 44.98, 29|4, 57, N/A, 48.18, 62|5, 61, N/A, 46.00, 64|6, 57, N/A, 48.89, 26|
18:04:04 0, 56, N/A, 52.42, 91|1, 55, N/A, 53.40, 84|2, 56, N/A, 58.08, 70|3, 57, N/A, 60.19, 60|4, 56, N/A, 46.74, 24|5, 60, N/A, 55.53, 46|6, 57, N/A, 88.57, 41|
18:04:06 0, 56, N/A, 163.80, 86|1, 55, N/A, 46.23, 84|2, 56, N/A, 187.30, 81|3, 57, N/A, 43.23, 38|4, 57, N/A, 179.88, 60|5, 60, N/A, 44.24, 45|6, 59, N/A, 192.78, 43|
18:04:08 0, 56, N/A, 44.79, 91|1, 54, N/A, 46.76, 86|2, 56, N/A, 50.94, 80|3, 57, N/A, 51.13, 23|4, 57, N/A, 67.52, 67|5, 60, N/A, 58.99, 56|6, 57, N/A, 59.20, 36|
18:04:10 0, 57, N/A, 73.99, 87|1, 55, N/A, 69.84, 91|2, 56, N/A, 64.93, 52|3, 57, N/A, 47.68, 45|4, 56, N/A, 51.13, 41|5, 60, N/A, 48.21, 61|6, 58, N/A, 50.36, 22|
18:04:12 0, 57, N/A, 171.52, 87|1, 55, N/A, 45.74, 69|2, 57, N/A, 130.23, 81|3, 57, N/A, 43.01, 37|4, 58, N/A, 81.02, 42|5, 60, N/A, 44.27, 44|6, 59, N/A, 67.97, 59|
18:04:14 0, 57, N/A, 43.53, 93|1, 55, N/A, 46.51, 54|2, 56, N/A, 75.42, 82|3, 57, N/A, 47.19, 28|4, 57, N/A, 55.79, 36|5, 61, N/A, 51.65, 42|6, 57, N/A, 53.55, 28|
18:04:16 0, 57, N/A, 55.31, 87|1, 55, N/A, 56.07, 85|2, 56, N/A, 57.55, 60|3, 57, N/A, 57.48, 37|4, 57, N/A, 48.17, 26|5, 60, N/A, 46.73, 55|6, 58, N/A, 73.81, 41|
18:04:18 0, 57, N/A, 174.67, 88|1, 55, N/A, 45.74, 85|2, 57, N/A, 125.80, 89|3, 57, N/A, 43.23, 39|4, 58, N/A, 75.87, 55|5, 60, N/A, 44.27, 28|6, 59, N/A, 62.85, 43|
18:04:20 0, 57, N/A, 55.55, 87|1, 55, N/A, 52.14, 74|2, 56, N/A, 54.85, 81|3, 57, N/A, 51.80, 34|4, 57, N/A, 46.70, 64|5, 60, N/A, 75.12, 56|6, 58, N/A, 79.46, 37|
18:04:23 0, 57, N/A, 62.15, 89|1, 55, N/A, 66.40, 87|2, 56, N/A, 62.72, 83|3, 57, N/A, 49.16, 45|4, 57, N/A, 49.41, 44|5, 61, N/A, 48.20, 43|6, 58, N/A, 50.12, 25|
18:04:25 0, 57, N/A, 60.95, 89|1, 55, N/A, 57.06, 76|2, 57, N/A, 59.76, 80|3, 57, N/A, 52.81, 21|4, 57, N/A, 49.16, 62|5, 61, N/A, 46.73, 44|6, 59, N/A, 72.39, 58|
18:04:27 0, 57, N/A, 52.84, 93|1, 55, N/A, 84.75, 83|2, 56, N/A, 82.83, 78|3, 57, N/A, 52.81, 30|4, 57, N/A, 57.27, 41|5, 61, N/A, 54.35, 40|6, 58, N/A, 54.78, 41|
18:04:29 0, 57, N/A, 51.61, 88|1, 55, N/A, 52.14, 85|2, 56, N/A, 55.58, 62|3, 57, N/A, 46.21, 37|4, 57, N/A, 46.70, 44|5, 60, N/A, 45.50, 58|6, 58, N/A, 71.60, 43|
18:04:31 0, 57, N/A, 87.15, 87|1, 55, N/A, 70.54, 51|2, 57, N/A, 78.37, 87|3, 57, N/A, 49.87, 38|4, 58, N/A, 56.50, 45|5, 61, N/A, 51.62, 36|6, 59, N/A, 54.51, 64|
18:04:33 0, 57, N/A, 47.46, 89|1, 55, N/A, 56.56, 61|2, 56, N/A, 95.75, 85|3, 57, N/A, 56.25, 37|4, 57, N/A, 62.85, 39|5, 60, N/A, 59.24, 41|6, 58, N/A, 58.68, 32|
18:04:35 0, 56, N/A, 49.18, 90|1, 55, N/A, 50.66, 86|2, 56, N/A, 55.10, 82|3, 57, N/A, 85.88, 37|4, 56, N/A, 46.21, 36|5, 60, N/A, 69.96, 41|6, 58, N/A, 84.56, 42|
18:04:37 0, 57, N/A, 62.43, 87|1, 55, N/A, 56.07, 84|2, 56, N/A, 60.23, 90|3, 57, N/A, 49.62, 30|4, 57, N/A, 48.42, 64|5, 60, N/A, 56.25, 28|6, 58, N/A, 70.91, 44|
18:04:39 0, 56, N/A, 70.70, 86|1, 54, N/A, 73.00, 82|2, 55, N/A, 74.23, 76|3, 56, N/A, 49.37, 34|4, 56, N/A, 54.04, 57|5, 60, N/A, 51.62, 46|6, 57, N/A, 53.06, 38|
18:04:41 0, 56, N/A, 51.12, 87|1, 54, N/A, 52.87, 90|2, 55, N/A, 53.62, 82|3, 56, N/A, 86.36, 37|4, 56, N/A, 45.97, 44|5, 60, N/A, 80.43, 44|6, 57, N/A, 72.58, 32|
18:04:44 0, 56, N/A, 56.28, 90|1, 54, N/A, 52.38, 69|2, 56, N/A, 57.80, 79|3, 56, N/A, 64.57, 21|4, 57, N/A, 47.68, 45|5, 60, N/A, 64.11, 44|6, 57, N/A, 65.76, 59|
18:04:46 0, 56, N/A, 73.17, 90|1, 54, N/A, 64.15, 84|2, 55, N/A, 64.39, 82|3, 56, N/A, 48.42, 29|4, 56, N/A, 50.14, 38|5, 60, N/A, 48.94, 43|6, 57, N/A, 50.61, 40|
18:04:48 0, 55, N/A, 47.22, 87|1, 54, N/A, 49.22, 84|2, 55, N/A, 53.62, 64|3, 56, N/A, 70.95, 37|4, 55, N/A, 78.27, 46|5, 59, N/A, 74.88, 53|6, 56, N/A, 68.95, 47|
18:04:50 0, 56, N/A, 57.02, 88|1, 53, N/A, 52.14, 49|2, 55, N/A, 57.06, 89|3, 56, N/A, 65.83, 38|4, 56, N/A, 56.74, 49|5, 59, N/A, 84.26, 28|6, 57, N/A, 64.53, 68|
18:04:52 0, 55, N/A, 54.32, 89|1, 53, N/A, 52.38, 75|2, 55, N/A, 56.07, 84|3, 56, N/A, 62.15, 35|4, 55, N/A, 56.74, 43|5, 59, N/A, 64.12, 45|6, 56, N/A, 61.38, 35|
18:04:54 0, 55, N/A, 45.74, 91|1, 53, N/A, 48.94, 84|2, 54, N/A, 51.16, 79|3, 56, N/A, 63.29, 37|4, 55, N/A, 71.93, 37|5, 59, N/A, 65.59, 42|6, 56, N/A, 62.81, 39|
18:04:56 0, 56, N/A, 58.01, 86|1, 53, N/A, 53.86, 85|2, 55, N/A, 58.29, 88|3, 55, N/A, 59.66, 34|4, 56, N/A, 47.94, 68|5, 59, N/A, 56.99, 26|6, 56, N/A, 70.66, 43|
18:04:58 0, 55, N/A, 69.48, 87|1, 53, N/A, 72.96, 85|2, 54, N/A, 73.96, 79|3, 55, N/A, 49.40, 35|4, 55, N/A, 53.83, 57|5, 59, N/A, 50.91, 53|6, 56, N/A, 52.33, 41|
18:05:00 0, 55, N/A, 50.38, 88|1, 53, N/A, 51.89, 90|2, 54, N/A, 53.62, 79|3, 55, N/A, 56.74, 41|4, 55, N/A, 45.96, 44|5, 59, N/A, 45.01, 42|6, 56, N/A, 80.19, 29|
18:05:02 0, 55, N/A, 77.87, 90|1, 53, N/A, 62.47, 76|2, 54, N/A, 65.92, 81|3, 55, N/A, 46.46, 23|4, 56, N/A, 49.93, 44|5, 59, N/A, 46.24, 40|6, 56, N/A, 62.61, 57|
18:05:05 0, 54, N/A, 62.68, 90|1, 52, N/A, 57.06, 83|2, 54, N/A, 57.30, 79|3, 55, N/A, 45.23, 27|4, 55, N/A, 47.19, 39|5, 59, N/A, 57.52, 43|6, 55, N/A, 69.20, 41|
18:05:07 0, 54, N/A, 46.97, 87|1, 52, N/A, 48.48, 86|2, 53, N/A, 52.14, 55|3, 55, N/A, 70.95, 36|4, 54, N/A, 75.57, 45|5, 58, N/A, 74.64, 58|6, 55, N/A, 69.19, 39|
18:05:09 0, 55, N/A, 52.14, 86|1, 52, N/A, 50.17, 48|2, 54, N/A, 54.60, 85|3, 55, N/A, 58.46, 23|4, 55, N/A, 69.73, 45|5, 58, N/A, 73.45, 30|6, 56, N/A, 60.15, 63|
18:05:11 0, 54, N/A, 67.10, 88|1, 52, N/A, 61.21, 57|2, 53, N/A, 61.98, 82|3, 55, N/A, 46.45, 37|4, 54, N/A, 49.16, 42|5, 58, N/A, 47.22, 43|6, 55, N/A, 49.38, 31|
18:05:13 0, 54, N/A, 48.91, 88|1, 52, N/A, 51.15, 86|2, 53, N/A, 53.37, 81|3, 55, N/A, 80.68, 37|4, 54, N/A, 45.22, 34|5, 58, N/A, 86.86, 43|6, 55, N/A, 76.76, 41|
18:05:15 0, 55, N/A, 56.32, 88|1, 52, N/A, 53.40, 85|2, 53, N/A, 57.34, 91|3, 54, N/A, 58.71, 37|4, 55, N/A, 46.97, 59|5, 58, N/A, 76.36, 23|6, 55, N/A, 64.08, 65|
18:05:17 0, 54, N/A, 74.67, 86|1, 52, N/A, 72.75, 84|2, 53, N/A, 73.99, 77|3, 54, N/A, 48.66, 34|4, 54, N/A, 53.83, 67|5, 58, N/A, 49.93, 56|6, 55, N/A, 50.61, 35|
18:05:19 0, 54, N/A, 48.94, 89|1, 52, N/A, 49.93, 84|2, 52, N/A, 52.88, 81|3, 54, N/A, 57.72, 47|4, 54, N/A, 45.47, 43|5, 58, N/A, 44.49, 44|6, 55, N/A, 79.90, 45|
18:05:21 0, 54, N/A, 57.02, 90|1, 52, N/A, 52.14, 82|2, 53, N/A, 56.32, 82|3, 54, N/A, 66.57, 27|4, 54, N/A, 46.94, 69|5, 57, N/A, 63.13, 44|6, 55, N/A, 68.25, 56|
18:05:23 0, 54, N/A, 76.60, 92|1, 51, N/A, 74.96, 84|2, 52, N/A, 73.25, 79|3, 54, N/A, 49.40, 20|4, 54, N/A, 51.37, 50|5, 58, N/A, 49.43, 35|6, 54, N/A, 50.36, 43|
18:05:26 0, 53, N/A, 53.83, 88|1, 51, N/A, 52.42, 89|2, 52, N/A, 54.60, 50|3, 54, N/A, 45.47, 38|4, 53, N/A, 45.72, 45|5, 58, N/A, 45.01, 44|6, 54, N/A, 56.68, 34|
18:05:28 0, 54, N/A, 60.96, 86|1, 51, N/A, 55.09, 53|2, 53, N/A, 58.53, 83|3, 54, N/A, 54.04, 21|4, 54, N/A, 46.95, 47|5, 57, N/A, 58.75, 35|6, 55, N/A, 68.50, 63|
18:05:30 0, 53, N/A, 59.72, 90|1, 51, N/A, 76.88, 52|2, 52, N/A, 70.79, 83|3, 54, N/A, 47.90, 31|4, 53, N/A, 51.62, 47|5, 57, N/A, 49.93, 47|6, 54, N/A, 50.12, 23|
18:05:32 0, 53, N/A, 46.48, 86|1, 51, N/A, 47.74, 84|2, 52, N/A, 75.95, 62|3, 54, N/A, 56.01, 36|4, 53, N/A, 55.52, 28|5, 57, N/A, 49.90, 53|6, 54, N/A, 51.59, 39|
18:05:34 0, 55, N/A, 78.61, 87|1, 51, N/A, 44.51, 85|2, 53, N/A, 64.69, 87|3, 54, N/A, 65.05, 38|4, 55, N/A, 80.28, 46|5, 57, N/A, 66.08, 27|6, 55, N/A, 63.59, 66|
18:05:36 0, 53, N/A, 69.35, 88|1, 51, N/A, 54.60, 59|2, 52, N/A, 57.80, 83|3, 54, N/A, 43.26, 34|4, 54, N/A, 46.97, 43|5, 57, N/A, 45.01, 64|6, 54, N/A, 47.41, 28|
18:05:38 0, 54, N/A, 66.08, 92|1, 51, N/A, 59.02, 85|2, 52, N/A, 59.24, 73|3, 54, N/A, 45.47, 64|4, 53, N/A, 47.68, 26|5, 57, N/A, 46.24, 45|6, 54, N/A, 48.39, 46|
18:05:40 0, 54, N/A, 172.39, 85|1, 51, N/A, 44.23, 83|2, 53, N/A, 190.97, 80|3, 54, N/A, 41.97, 38|4, 54, N/A, 177.33, 59|5, 57, N/A, 43.25, 44|6, 56, N/A, 123.07, 45|
18:05:42 0, 54, N/A, 44.51, 91|1, 51, N/A, 46.02, 67|2, 53, N/A, 49.68, 85|3, 54, N/A, 64.32, 22|4, 54, N/A, 44.25, 61|5, 58, N/A, 43.78, 68|6, 54, N/A, 55.48, 36|
18:05:44 0, 54, N/A, 45.01, 92|1, 52, N/A, 68.08, 91|2, 52, N/A, 85.24, 75|3, 54, N/A, 48.17, 65|4, 54, N/A, 52.84, 30|5, 58, N/A, 48.94, 44|6, 54, N/A, 50.36, 30|
18:05:47 0, 53, N/A, 45.25, 87|1, 52, N/A, 47.93, 83|2, 52, N/A, 94.52, 79|3, 54, N/A, 44.46, 36|4, 54, N/A, 125.59, 42|5, 58, N/A, 44.70, 44|6, 55, N/A, 158.28, 43|
18:05:49 0, 54, N/A, 45.50, 92|1, 52, N/A, 47.71, 65|2, 53, N/A, 50.91, 83|3, 54, N/A, 62.85, 23|4, 54, N/A, 87.59, 61|5, 58, N/A, 68.29, 60|6, 55, N/A, 62.61, 27|
18:05:51 0, 54, N/A, 67.30, 92|1, 52, N/A, 79.84, 88|2, 52, N/A, 72.26, 51|3, 55, N/A, 50.36, 57|4, 54, N/A, 57.24, 30|5, 58, N/A, 52.35, 60|6, 55, N/A, 51.83, 21|
18:05:53 0, 54, N/A, 45.49, 87|1, 52, N/A, 47.99, 89|2, 53, N/A, 85.19, 79|3, 54, N/A, 52.81, 37|4, 54, N/A, 62.89, 45|5, 58, N/A, 52.85, 45|6, 55, N/A, 54.04, 44|
18:05:55 0, 54, N/A, 48.70, 91|1, 52, N/A, 48.23, 60|2, 54, N/A, 59.49, 81|3, 55, N/A, 52.08, 26|4, 55, N/A, 58.71, 65|5, 59, N/A, 51.86, 48|6, 55, N/A, 58.92, 24|
18:05:57 0, 55, N/A, 55.06, 87|1, 52, N/A, 53.12, 89|2, 53, N/A, 53.12, 49|3, 55, N/A, 68.04, 37|4, 54, N/A, 47.44, 38|5, 58, N/A, 67.32, 67|6, 55, N/A, 62.85, 27|
18:05:59 0, 54, N/A, 51.65, 84|1, 52, N/A, 51.92, 89|2, 53, N/A, 54.88, 52|3, 55, N/A, 66.08, 38|4, 54, N/A, 45.72, 43|5, 58, N/A, 64.40, 70|6, 55, N/A, 61.38, 58|
18:06:01 0, 56, N/A, 92.02, 85|1, 52, N/A, 46.01, 55|2, 54, N/A, 72.51, 79|3, 54, N/A, 77.74, 36|4, 56, N/A, 63.10, 42|5, 59, N/A, 82.94, 47|6, 55, N/A, 69.44, 25|
18:06:03 0, 56, N/A, 104.29, 87|1, 53, N/A, 78.40, 83|2, 53, N/A, 49.68, 76|3, 55, N/A, 76.07, 43|4, 54, N/A, 82.93, 29|5, 60, N/A, 71.24, 61|6, 55, N/A, 64.29, 42|
18:06:05 0, 54, N/A, 47.22, 87|1, 52, N/A, 48.94, 87|2, 53, N/A, 51.41, 49|3, 55, N/A, 70.71, 37|4, 54, N/A, 70.18, 19|5, 59, N/A, 71.48, 63|6, 55, N/A, 67.23, 43|
18:06:08 0, 54, N/A, 158.88, 87|1, 52, N/A, 45.25, 85|2, 54, N/A, 182.04, 80|3, 55, N/A, 42.24, 37|4, 55, N/A, 176.70, 42|5, 59, N/A, 175.72, 47|6, 55, N/A, 46.64, 40|
18:06:10 0, 54, N/A, 58.74, 89|1, 52, N/A, 54.60, 84|2, 53, N/A, 56.07, 82|3, 55, N/A, 58.71, 37|4, 55, N/A, 46.95, 43|5, 58, N/A, 53.77, 44|6, 56, N/A, 50.32, 38|
18:06:12 0, 54, N/A, 52.60, 62|1, 53, N/A, 65.13, 85|2, 53, N/A, 78.62, 48|3, 55, N/A, 47.19, 57|4, 55, N/A, 49.41, 22|5, 59, N/A, 47.71, 62|6, 56, N/A, 49.38, 49|
18:06:14 0, 54, N/A, 53.33, 85|1, 53, N/A, 53.37, 83|2, 53, N/A, 54.36, 75|3, 55, N/A, 44.49, 39|4, 55, N/A, 46.21, 61|5, 58, N/A, 48.91, 35|6, 55, N/A, 88.47, 43|
18:06:16 0, 54, N/A, 73.41, 91|1, 52, N/A, 63.69, 84|2, 54, N/A, 63.21, 83|3, 55, N/A, 46.45, 25|4, 55, N/A, 50.64, 42|5, 59, N/A, 48.20, 40|6, 56, N/A, 50.36, 41|
18:06:18 0, 54, N/A, 42.55, 62|1, 53, N/A, 59.76, 83|2, 53, N/A, 49.95, 79|3, 56, N/A, 66.03, 62|4, 55, N/A, 85.14, 19|5, 60, N/A, 75.17, 43|6, 56, N/A, 68.95, 45|
18:06:20 0, 54, N/A, 46.23, 52|1, 53, N/A, 47.95, 81|2, 54, N/A, 63.66, 67|3, 55, N/A, 61.37, 62|4, 55, N/A, 73.90, 67|5, 59, N/A, 60.68, 32|6, 56, N/A, 59.42, 41|
18:06:22 0, 55, N/A, 46.72, 90|1, 53, N/A, 48.23, 46|2, 54, N/A, 75.95, 87|3, 55, N/A, 49.37, 22|4, 55, N/A, 54.07, 62|5, 59, N/A, 49.93, 43|6, 56, N/A, 54.75, 68|
18:06:24 0, 55, N/A, 48.45, 88|1, 53, N/A, 49.19, 86|2, 54, N/A, 55.09, 80|3, 55, N/A, 135.05, 38|4, 55, N/A, 46.18, 45|5, 59, N/A, 131.71, 43|6, 56, N/A, 154.13, 43|
18:06:26 0, 55, N/A, 63.87, 56|1, 53, N/A, 64.92, 86|2, 54, N/A, 63.90, 50|3, 56, N/A, 51.83, 61|4, 56, N/A, 52.35, 71|5, 59, N/A, 48.92, 25|6, 56, N/A, 51.07, 56|
18:06:28 0, 56, N/A, 47.22, 93|1, 53, N/A, 57.76, 48|2, 54, N/A, 75.66, 88|3, 55, N/A, 51.12, 21|4, 56, N/A, 56.99, 48|5, 59, N/A, 59.00, 33|6, 57, N/A, 54.53, 65|
18:06:31 0, 55, N/A, 49.43, 89|1, 53, N/A, 49.68, 49|2, 54, N/A, 52.38, 78|3, 55, N/A, 56.25, 28|4, 55, N/A, 62.40, 42|5, 59, N/A, 55.55, 42|6, 56, N/A, 53.52, 20|
18:06:33 0, 55, N/A, 42.02, 66|1, 54, N/A, 181.78, 86|2, 54, N/A, 49.18, 84|3, 57, N/A, 80.96, 55|4, 57, N/A, 89.33, 45|5, 59, N/A, 43.53, 44|6, 57, N/A, 72.39, 45|
18:06:35 0, 55, N/A, 163.69, 86|1, 53, N/A, 45.71, 85|2, 55, N/A, 185.71, 80|3, 55, N/A, 42.71, 37|4, 56, N/A, 179.55, 43|5, 59, N/A, 43.47, 40|6, 57, N/A, 192.01, 43|
18:06:37 0, 55, N/A, 44.76, 94|1, 53, N/A, 62.67, 51|2, 54, N/A, 84.75, 83|3, 56, N/A, 49.13, 22|4, 56, N/A, 55.52, 60|5, 59, N/A, 51.62, 66|6, 56, N/A, 52.82, 20|
18:06:39 0, 55, N/A, 45.00, 90|1, 53, N/A, 61.44, 86|2, 54, N/A, 94.27, 85|3, 56, N/A, 54.77, 38|4, 55, N/A, 65.59, 44|5, 59, N/A, 58.26, 44|6, 56, N/A, 56.47, 42|
18:06:41 0, 55, N/A, 56.75, 87|1, 53, N/A, 64.89, 85|2, 54, N/A, 63.90, 60|3, 56, N/A, 47.19, 37|4, 55, N/A, 55.27, 41|5, 59, N/A, 47.47, 59|6, 56, N/A, 50.12, 42|
18:06:43 0, 56, N/A, 77.63, 85|1, 53, N/A, 46.26, 50|2, 56, N/A, 63.69, 85|3, 56, N/A, 68.98, 38|4, 56, N/A, 92.95, 45|5, 60, N/A, 70.75, 58|6, 56, N/A, 62.85, 21|
18:06:45 0, 55, N/A, 54.59, 94|1, 53, N/A, 59.02, 52|2, 55, N/A, 56.57, 86|3, 56, N/A, 44.73, 56|4, 55, N/A, 46.46, 35|5, 60, N/A, 45.50, 43|6, 56, N/A, 60.85, 23|
18:06:47 0, 55, N/A, 53.12, 62|1, 53, N/A, 53.15, 90|2, 54, N/A, 55.10, 47|3, 56, N/A, 80.97, 38|4, 55, N/A, 46.48, 23|5, 60, N/A, 69.81, 62|6, 57, N/A, 64.82, 59|
18:06:49 0, 55, N/A, 58.74, 87|1, 54, N/A, 55.58, 83|2, 54, N/A, 55.83, 81|3, 56, N/A, 47.68, 39|4, 55, N/A, 47.19, 42|5, 59, N/A, 96.43, 42|6, 57, N/A, 50.08, 43|
18:06:52 0, 56, N/A, 47.96, 92|1, 54, N/A, 51.16, 50|2, 55, N/A, 73.99, 84|3, 56, N/A, 49.65, 63|4, 55, N/A, 55.06, 41|5, 60, N/A, 49.93, 58|6, 57, N/A, 51.84, 24|
18:06:54 0, 55, N/A, 80.52, 88|1, 54, N/A, 73.98, 86|2, 54, N/A, 68.58, 48|3, 56, N/A, 47.93, 44|4, 55, N/A, 51.87, 27|5, 60, N/A, 50.17, 61|6, 57, N/A, 52.08, 42|
18:06:56 0, 55, N/A, 82.73, 87|1, 54, N/A, 69.28, 86|2, 55, N/A, 71.04, 55|3, 56, N/A, 48.88, 38|4, 55, N/A, 52.82, 64|5, 59, N/A, 48.92, 22|6, 57, N/A, 51.56, 49|
18:06:58 0, 56, N/A, 162.71, 85|1, 54, N/A, 45.71, 68|2, 55, N/A, 187.18, 78|3, 57, N/A, 172.42, 37|4, 56, N/A, 44.43, 43|5, 60, N/A, 178.57, 42|6, 57, N/A, 47.34, 29|
18:07:00 0, 56, N/A, 46.70, 86|1, 54, N/A, 85.23, 84|2, 55, N/A, 51.85, 72|3, 56, N/A, 147.19, 35|4, 55, N/A, 45.66, 30|5, 59, N/A, 144.51, 38|6, 57, N/A, 165.50, 40|
18:07:02 0, 56, N/A, 55.30, 68|1, 54, N/A, 65.42, 84|2, 55, N/A, 62.97, 50|3, 56, N/A, 50.88, 55|4, 56, N/A, 51.12, 66|5, 59, N/A, 48.45, 23|6, 57, N/A, 51.10, 69|
18:07:04 0, 56, N/A, 58.74, 85|1, 54, N/A, 67.10, 82|2, 55, N/A, 64.40, 87|3, 56, N/A, 46.94, 37|4, 56, N/A, 51.62, 44|5, 60, N/A, 48.70, 29|6, 57, N/A, 53.80, 47|
18:07:06 0, 56, N/A, 49.93, 22|1, 54, N/A, 50.69, 74|2, 55, N/A, 53.62, 53|3, 56, N/A, 59.94, 18|4, 56, N/A, 65.31, 25|5, 59, N/A, 60.72, 37|6, 57, N/A, 59.91, 36|
18:07:08 0, 55, N/A, 42.49, 90|1, 54, N/A, 181.54, 87|2, 55, N/A, 49.64, 84|3, 57, N/A, 128.50, 37|4, 57, N/A, 183.21, 59|5, 60, N/A, 43.99, 44|6, 58, N/A, 102.70, 44|
18:07:10 0, 56, N/A, 62.43, 65|1, 54, N/A, 57.54, 89|2, 55, N/A, 61.49, 93|3, 56, N/A, 45.96, 26|4, 56, N/A, 49.16, 64|5, 60, N/A, 46.48, 19|6, 57, N/A, 50.12, 59|
18:07:13 0, 56, N/A, 45.25, 42|1, 54, N/A, 47.25, 34|2, 55, N/A, 68.29, 74|3, 56, N/A, 56.25, 21|4, 56, N/A, 66.54, 17|5, 59, N/A, 59.00, 21|6, 57, N/A, 59.66, 34|
18:07:15 0, 56, N/A, 50.66, 87|1, 54, N/A, 51.65, 85|2, 55, N/A, 56.57, 81|3, 56, N/A, 71.89, 37|4, 56, N/A, 45.72, 32|5, 60, N/A, 62.12, 45|6, 57, N/A, 77.74, 42|
18:07:17 0, 56, N/A, 43.53, 88|1, 55, N/A, 66.62, 85|2, 56, N/A, 63.46, 88|3, 56, N/A, 67.55, 37|4, 57, N/A, 86.81, 58|5, 60, N/A, 75.87, 26|6, 58, N/A, 70.67, 42|
18:07:19 0, 56, N/A, 42.30, 70|1, 54, N/A, 45.03, 46|2, 55, N/A, 49.95, 88|3, 56, N/A, 43.01, 11|4, 56, N/A, 44.76, 64|5, 60, N/A, 43.78, 26|6, 57, N/A, 47.41, 62|
18:07:21 0, 56, N/A, 55.82, 89|1, 54, N/A, 53.62, 62|2, 55, N/A, 57.06, 86|3, 57, N/A, 53.30, 63|4, 56, N/A, 47.19, 24|5, 60, N/A, 46.73, 58|6, 57, N/A, 65.96, 29|
18:07:23 0, 56, N/A, 46.97, 88|1, 54, N/A, 47.96, 85|2, 55, N/A, 67.83, 79|3, 57, N/A, 63.33, 37|4, 56, N/A, 68.54, 31|5, 60, N/A, 63.88, 46|6, 57, N/A, 62.85, 42|
18:07:25 0, 57, N/A, 173.97, 87|1, 54, N/A, 45.73, 86|2, 56, N/A, 193.54, 84|3, 56, N/A, 42.73, 39|4, 57, N/A, 183.21, 42|5, 60, N/A, 43.99, 37|6, 58, N/A, 187.73, 46|
18:07:27 0, 56, N/A, 175.08, 88|1, 54, N/A, 45.46, 82|2, 56, N/A, 193.69, 77|3, 57, N/A, 135.29, 54|4, 56, N/A, 44.45, 44|5, 61, N/A, 137.86, 43|6, 57, N/A, 47.38, 45|
18:07:29 0, 56, N/A, 63.38, 93|1, 54, N/A, 59.97, 87|2, 55, N/A, 60.72, 48|3, 56, N/A, 46.70, 64|4, 55, N/A, 48.92, 21|5, 60, N/A, 46.97, 64|6, 57, N/A, 58.92, 32|
18:07:31 0, 55, N/A, 46.48, 86|1, 54, N/A, 48.94, 84|2, 54, N/A, 72.47, 55|3, 56, N/A, 51.83, 37|4, 55, N/A, 69.24, 45|5, 60, N/A, 52.85, 59|6, 57, N/A, 54.78, 43|
18:07:33 0, 55, N/A, 53.09, 54|1, 54, N/A, 70.05, 85|2, 54, N/A, 67.10, 86|3, 56, N/A, 48.88, 29|4, 55, N/A, 53.58, 49|5, 59, N/A, 49.90, 45|6, 57, N/A, 56.22, 45|
18:07:36 0, 56, N/A, 169.54, 87|1, 54, N/A, 179.34, 84|2, 54, N/A, 49.14, 76|3, 57, N/A, 173.64, 37|4, 55, N/A, 44.43, 30|5, 60, N/A, 180.02, 43|6, 56, N/A, 47.10, 40|
18:07:38 0, 55, N/A, 46.24, 89|1, 53, N/A, 48.70, 91|2, 54, N/A, 76.40, 48|3, 56, N/A, 51.61, 43|4, 55, N/A, 56.53, 29|5, 60, N/A, 52.63, 64|6, 57, N/A, 53.55, 64|
18:07:40 0, 55, N/A, 45.50, 51|1, 53, N/A, 57.79, 88|2, 54, N/A, 74.72, 81|3, 55, N/A, 49.62, 24|4, 55, N/A, 68.79, 64|5, 59, N/A, 51.65, 42|6, 57, N/A, 52.08, 60|
18:07:42 0, 55, N/A, 46.24, 91|1, 53, N/A, 48.45, 83|2, 54, N/A, 71.98, 79|3, 55, N/A, 49.87, 21|4, 55, N/A, 56.26, 60|5, 59, N/A, 51.86, 42|6, 56, N/A, 51.83, 40|
18:07:44 0, 54, N/A, 45.71, 88|1, 52, N/A, 130.63, 82|2, 54, N/A, 50.87, 78|3, 56, N/A, 159.55, 39|4, 55, N/A, 44.70, 43|5, 59, N/A, 162.53, 40|6, 56, N/A, 179.32, 38|
18:07:46 0, 55, N/A, 47.47, 87|1, 52, N/A, 50.17, 83|2, 53, N/A, 52.14, 80|3, 55, N/A, 44.24, 38|4, 54, N/A, 100.55, 47|5, 59, N/A, 45.47, 46|6, 56, N/A, 142.31, 43|
18:07:48 0, 55, N/A, 63.87, 87|1, 52, N/A, 82.77, 84|2, 54, N/A, 90.16, 84|3, 55, N/A, 53.06, 31|4, 56, N/A, 59.45, 72|5, 59, N/A, 53.34, 28|6, 56, N/A, 56.26, 46|
18:07:50 0, 54, N/A, 44.29, 92|1, 52, N/A, 45.74, 70|2, 53, N/A, 49.71, 84|3, 55, N/A, 51.86, 38|4, 55, N/A, 66.29, 61|5, 58, N/A, 57.76, 64|6, 55, N/A, 56.47, 34|
18:07:52 0, 55, N/A, 59.24, 92|1, 52, N/A, 57.30, 89|2, 53, N/A, 56.07, 59|3, 55, N/A, 47.68, 62|4, 54, N/A, 47.69, 30|5, 58, N/A, 45.99, 56|6, 55, N/A, 67.23, 27|
18:07:54 0, 54, N/A, 48.69, 89|1, 52, N/A, 49.68, 86|2, 53, N/A, 53.12, 84|3, 55, N/A, 76.56, 38|4, 54, N/A, 52.08, 34|5, 58, N/A, 80.74, 47|6, 55, N/A, 77.01, 45|
18:07:57 0, 55, N/A, 69.77, 84|1, 52, N/A, 45.52, 81|2, 54, N/A, 63.17, 85|3, 55, N/A, 72.91, 40|4, 55, N/A, 75.08, 60|5, 59, N/A, 79.55, 67|6, 55, N/A, 66.01, 46|
18:07:59 0, 54, N/A, 153.98, 87|1, 51, N/A, 166.94, 83|2, 52, N/A, 48.93, 76|3, 55, N/A, 169.60, 38|4, 54, N/A, 43.96, 44|5, 58, N/A, 175.48, 46|6, 55, N/A, 46.64, 45|
18:08:01 0, 54, N/A, 52.14, 84|1, 52, N/A, 55.12, 84|2, 53, N/A, 54.12, 45|3, 55, N/A, 66.81, 47|4, 54, N/A, 60.44, 28|5, 58, N/A, 61.70, 61|6, 55, N/A, 58.19, 69|
18:08:03 0, 53, N/A, 62.92, 84|1, 52, N/A, 57.30, 85|2, 52, N/A, 60.26, 46|3, 55, N/A, 45.47, 41|4, 54, N/A, 48.42, 42|5, 58, N/A, 45.99, 25|6, 55, N/A, 59.14, 55|
18:08:05 0, 54, N/A, 52.38, 92|1, 52, N/A, 51.65, 64|2, 53, N/A, 53.86, 89|3, 54, N/A, 44.49, 24|4, 54, N/A, 45.97, 67|5, 58, N/A, 44.76, 29|6, 55, N/A, 59.14, 47|
18:08:07 0, 54, N/A, 49.44, 86|1, 51, N/A, 50.45, 83|2, 52, N/A, 52.38, 74|3, 54, N/A, 103.25, 36|4, 54, N/A, 48.42, 43|5, 58, N/A, 93.18, 45|6, 54, N/A, 124.05, 41|
18:08:09 0, 54, N/A, 51.16, 88|1, 52, N/A, 50.45, 89|2, 52, N/A, 51.93, 49|3, 55, N/A, 69.76, 70|4, 54, N/A, 64.37, 51|5, 57, N/A, 55.09, 28|6, 55, N/A, 55.52, 70|
18:08:11 0, 54, N/A, 130.64, 85|1, 51, N/A, 44.29, 83|2, 53, N/A, 94.09, 88|3, 54, N/A, 43.50, 35|4, 55, N/A, 62.65, 58|5, 57, N/A, 50.14, 24|6, 55, N/A, 102.21, 43|
18:08:13 0, 54, N/A, 50.39, 90|1, 51, N/A, 68.37, 57|2, 52, N/A, 65.14, 86|3, 54, N/A, 46.94, 37|4, 54, N/A, 50.91, 64|5, 57, N/A, 48.21, 66|6, 54, N/A, 49.87, 28|
18:08:15 0, 54, N/A, 66.57, 88|1, 51, N/A, 63.45, 75|2, 52, N/A, 61.98, 81|3, 54, N/A, 46.45, 37|4, 53, N/A, 50.39, 44|5, 58, N/A, 48.20, 45|6, 54, N/A, 49.38, 39|
18:08:18 0, 53, N/A, 46.24, 87|1, 52, N/A, 47.71, 82|2, 52, N/A, 63.18, 60|3, 54, N/A, 52.32, 37|4, 53, N/A, 69.48, 23|5, 58, N/A, 55.31, 59|6, 55, N/A, 55.00, 41|
18:08:20 0, 54, N/A, 172.39, 86|1, 51, N/A, 44.48, 84|2, 54, N/A, 190.76, 80|3, 54, N/A, 41.97, 37|4, 55, N/A, 181.47, 42|5, 59, N/A, 180.02, 50|6, 55, N/A, 46.12, 42|
18:08:22 0, 54, N/A, 45.99, 92|1, 52, N/A, 46.26, 46|2, 53, N/A, 68.08, 85|3, 55, N/A, 58.42, 63|4, 54, N/A, 64.82, 37|5, 58, N/A, 61.42, 67|6, 55, N/A, 60.40, 22|
18:08:24 0, 53, N/A, 57.51, 88|1, 52, N/A, 59.02, 90|2, 52, N/A, 58.04, 45|3, 55, N/A, 45.22, 40|4, 54, N/A, 47.68, 29|5, 58, N/A, 46.73, 65|6, 55, N/A, 72.58, 64|
18:08:26 0, 54, N/A, 52.57, 79|1, 52, N/A, 85.23, 88|2, 53, N/A, 82.28, 46|3, 55, N/A, 53.05, 44|4, 54, N/A, 60.64, 44|5, 58, N/A, 52.60, 20|6, 55, N/A, 54.01, 60|
18:08:28 0, 54, N/A, 142.72, 86|1, 52, N/A, 45.46, 83|2, 53, N/A, 172.99, 80|3, 55, N/A, 167.05, 36|4, 54, N/A, 44.21, 42|5, 58, N/A, 172.20, 42|6, 55, N/A, 46.61, 39|
18:08:30 0, 54, N/A, 70.74, 86|1, 52, N/A, 76.65, 58|2, 53, N/A, 71.52, 41|3, 55, N/A, 48.88, 36|4, 54, N/A, 56.26, 42|5, 58, N/A, 51.86, 32|6, 55, N/A, 53.28, 42|
18:08:32 0, 54, N/A, 41.81, 86|1, 53, N/A, 78.40, 89|2, 53, N/A, 49.44, 61|3, 56, N/A, 86.12, 36|4, 55, N/A, 52.84, 44|5, 58, N/A, 60.15, 38|6, 56, N/A, 87.05, 68|
18:08:34 0, 54, N/A, 50.66, 49|1, 52, N/A, 50.91, 88|2, 53, N/A, 53.37, 87|3, 55, N/A, 57.97, 24|4, 55, N/A, 68.01, 62|5, 58, N/A, 74.40, 39|6, 56, N/A, 58.68, 71|
18:08:36 0, 54, N/A, 55.79, 89|1, 52, N/A, 55.09, 29|2, 53, N/A, 56.57, 47|3, 55, N/A, 49.87, 16|4, 55, N/A, 47.19, 51|5, 58, N/A, 45.74, 15|6, 55, N/A, 48.89, 17|
18:08:38 0, 54, N/A, 58.01, 90|1, 52, N/A, 57.06, 47|2, 54, N/A, 55.83, 80|3, 55, N/A, 48.88, 46|4, 54, N/A, 47.44, 44|5, 59, N/A, 47.96, 44|6, 55, N/A, 73.36, 21|
18:08:41 0, 54, N/A, 42.51, 76|1, 53, N/A, 172.98, 84|2, 53, N/A, 186.08, 80|3, 55, N/A, 42.46, 32|4, 55, N/A, 179.27, 44|5, 58, N/A, 43.47, 42|6, 56, N/A, 191.28, 44|
18:08:43 0, 56, N/A, 58.74, 87|1, 52, N/A, 51.65, 84|2, 54, N/A, 59.03, 88|3, 55, N/A, 46.21, 32|4, 55, N/A, 49.93, 71|5, 58, N/A, 45.75, 26|6, 57, N/A, 49.63, 43|
18:08:45 0, 56, N/A, 65.35, 93|1, 52, N/A, 84.51, 58|2, 54, N/A, 89.18, 79|3, 56, N/A, 56.04, 68|4, 54, N/A, 58.26, 39|5, 59, N/A, 57.56, 45|6, 56, N/A, 53.07, 29|
18:08:47 0, 55, N/A, 63.18, 92|1, 53, N/A, 60.50, 92|2, 53, N/A, 72.55, 73|3, 55, N/A, 46.46, 67|4, 54, N/A, 49.66, 28|5, 59, N/A, 47.22, 46|6, 56, N/A, 49.87, 26|
18:08:49 0, 54, N/A, 54.78, 87|1, 53, N/A, 63.66, 83|2, 53, N/A, 63.41, 69|3, 55, N/A, 47.19, 36|4, 55, N/A, 54.57, 23|5, 59, N/A, 47.71, 52|6, 56, N/A, 49.87, 42|
18:08:51 0, 55, N/A, 47.22, 59|1, 53, N/A, 68.57, 82|2, 54, N/A, 68.08, 80|3, 55, N/A, 48.17, 31|4, 55, N/A, 53.59, 48|5, 58, N/A, 50.17, 46|6, 56, N/A, 55.73, 43|
18:08:53 0, 56, N/A, 171.49, 88|1, 53, N/A, 179.34, 84|2, 54, N/A, 48.90, 79|3, 56, N/A, 173.88, 48|4, 55, N/A, 44.18, 30|5, 60, N/A, 180.51, 44|6, 56, N/A, 46.86, 44|
18:08:55 0, 55, N/A, 51.64, 84|1, 54, N/A, 57.06, 81|2, 54, N/A, 55.83, 45|3, 56, N/A, 54.78, 48|4, 55, N/A, 46.95, 29|5, 59, N/A, 46.21, 63|6, 57, N/A, 75.57, 64|
18:08:57 0, 55, N/A, 43.04, 55|1, 54, N/A, 66.78, 86|2, 54, N/A, 97.71, 84|3, 55, N/A, 53.30, 21|4, 56, N/A, 66.57, 71|5, 59, N/A, 56.53, 46|6, 57, N/A, 56.72, 59|
18:08:59 0, 55, N/A, 59.98, 92|1, 53, N/A, 63.91, 63|2, 54, N/A, 63.70, 87|3, 55, N/A, 46.94, 21|4, 55, N/A, 51.87, 63|5, 59, N/A, 48.21, 22|6, 57, N/A, 54.05, 48|
18:09:02 0, 55, N/A, 67.56, 88|1, 53, N/A, 80.37, 85|2, 54, N/A, 64.43, 81|3, 55, N/A, 46.94, 33|4, 55, N/A, 50.88, 42|5, 59, N/A, 48.20, 51|6, 56, N/A, 50.36, 44|
18:09:04 0, 55, N/A, 47.95, 92|1, 53, N/A, 48.69, 83|2, 54, N/A, 62.92, 72|3, 56, N/A, 60.18, 37|4, 55, N/A, 56.99, 33|5, 59, N/A, 53.58, 46|6, 56, N/A, 54.01, 40|
18:09:06 0, 56, N/A, 162.47, 86|1, 53, N/A, 45.46, 83|2, 54, N/A, 185.22, 79|3, 56, N/A, 42.46, 38|4, 56, N/A, 178.57, 46|5, 59, N/A, 43.72, 39|6, 57, N/A, 192.26, 41|
18:09:08 0, 56, N/A, 56.53, 93|1, 53, N/A, 55.33, 48|2, 55, N/A, 56.32, 85|3, 56, N/A, 45.22, 19|4, 56, N/A, 47.68, 61|5, 59, N/A, 46.48, 72|6, 56, N/A, 49.84, 16|
18:09:10 0, 57, N/A, 93.04, 87|1, 54, N/A, 78.61, 82|2, 54, N/A, 49.68, 77|3, 57, N/A, 76.79, 40|4, 55, N/A, 73.61, 30|5, 60, N/A, 76.60, 65|6, 56, N/A, 68.95, 42|
18:09:12 0, 55, N/A, 56.81, 59|1, 54, N/A, 56.57, 90|2, 54, N/A, 57.80, 45|3, 56, N/A, 53.79, 47|4, 55, N/A, 47.69, 28|5, 59, N/A, 46.48, 73|6, 57, N/A, 75.33, 69|
18:09:14 0, 55, N/A, 45.99, 83|1, 53, N/A, 48.20, 82|2, 54, N/A, 88.87, 81|3, 56, N/A, 57.72, 41|4, 56, N/A, 63.38, 44|5, 59, N/A, 58.26, 45|6, 57, N/A, 55.27, 41|
18:09:16 0, 55, N/A, 62.67, 87|1, 53, N/A, 64.15, 50|2, 54, N/A, 62.18, 92|3, 56, N/A, 46.45, 35|4, 56, N/A, 49.89, 45|5, 59, N/A, 47.47, 26|6, 57, N/A, 50.36, 60|
18:09:18 0, 56, N/A, 45.22, 87|1, 53, N/A, 112.13, 85|2, 54, N/A, 51.61, 82|3, 56, N/A, 154.28, 37|4, 55, N/A, 45.19, 44|5, 59, N/A, 156.49, 45|6, 57, N/A, 173.55, 42|
18:09:20 0, 55, N/A, 82.28, 53|1, 54, N/A, 76.94, 84|2, 54, N/A, 72.80, 79|3, 57, N/A, 51.86, 63|4, 57, N/A, 57.52, 71|5, 59, N/A, 50.91, 42|6, 57, N/A, 54.54, 55|
18:09:22 0, 56, N/A, 162.82, 87|1, 53, N/A, 45.74, 73|2, 55, N/A, 185.10, 79|3, 56, N/A, 43.01, 36|4, 56, N/A, 178.66, 43|5, 59, N/A, 43.99, 44|6, 58, N/A, 191.65, 57|
18:09:25 0, 57, N/A, 49.96, 92|1, 54, N/A, 48.48, 57|2, 55, N/A, 74.73, 78|3, 56, N/A, 50.63, 22|4, 56, N/A, 57.28, 65|5, 60, N/A, 53.37, 47|6, 57, N/A, 59.46, 25|
18:09:27 0, 56, N/A, 46.27, 91|1, 54, N/A, 50.45, 80|2, 55, N/A, 52.17, 83|3, 56, N/A, 62.63, 65|4, 56, N/A, 75.13, 24|5, 60, N/A, 62.68, 60|6, 57, N/A, 63.34, 36|
18:09:29 0, 55, N/A, 47.01, 46|1, 54, N/A, 48.97, 89|2, 55, N/A, 53.65, 63|3, 56, N/A, 68.09, 66|4, 56, N/A, 86.68, 25|5, 60, N/A, 74.48, 60|6, 57, N/A, 67.56, 70|
18:09:31 0, 56, N/A, 49.71, 48|1, 54, N/A, 49.99, 84|2, 55, N/A, 60.79, 80|3, 57, N/A, 53.09, 39|4, 56, N/A, 60.47, 61|5, 60, N/A, 64.20, 35|6, 57, N/A, 55.56, 44|
18:09:33 0, 57, N/A, 165.24, 86|1, 54, N/A, 45.74, 84|2, 55, N/A, 187.67, 79|3, 57, N/A, 172.78, 40|4, 56, N/A, 44.46, 43|5, 61, N/A, 178.91, 59|6, 57, N/A, 47.37, 44|
18:09:35 0, 56, N/A, 42.33, 39|1, 54, N/A, 45.55, 2|2, 55, N/A, 50.70, 4|3, 56, N/A, 43.04, 32|4, 56, N/A, 44.52, 19|5, 59, N/A, 43.81, 4|6, 57, N/A, 47.19, 2|
18:09:37 0, 56, N/A, 65.63, 92|1, 54, N/A, 53.65, 69|2, 55, N/A, 58.32, 80|3, 57, N/A, 45.47, 64|4, 56, N/A, 46.73, 22|5, 60, N/A, 46.00, 67|6, 57, N/A, 64.81, 34|
18:09:39 0, 56, N/A, 58.78, 86|1, 54, N/A, 58.29, 84|2, 55, N/A, 58.82, 62|3, 57, N/A, 45.47, 36|4, 56, N/A, 48.45, 28|5, 60, N/A, 46.76, 57|6, 57, N/A, 65.31, 40|
18:09:41 0, 56, N/A, 55.06, 87|1, 54, N/A, 53.15, 84|2, 55, N/A, 56.07, 81|3, 56, N/A, 45.47, 37|4, 56, N/A, 70.46, 44|5, 60, N/A, 46.70, 45|6, 57, N/A, 126.25, 43|
18:09:43 0, 57, N/A, 75.96, 46|1, 55, N/A, 86.32, 46|2, 56, N/A, 96.81, 46|3, 57, N/A, 84.45, 43|4, 57, N/A, 84.41, 40|5, 61, N/A, 84.27, 40|6, 58, N/A, 88.34, 43|
18:09:46 0, 57, N/A, 77.68, 47|1, 55, N/A, 85.09, 47|2, 56, N/A, 97.05, 47|3, 57, N/A, 84.50, 44|4, 57, N/A, 92.22, 40|5, 61, N/A, 79.85, 41|6, 58, N/A, 88.79, 42|
18:09:48 0, 57, N/A, 82.63, 47|1, 55, N/A, 87.50, 48|2, 56, N/A, 96.75, 46|3, 57, N/A, 77.09, 44|4, 57, N/A, 82.54, 40|5, 61, N/A, 83.24, 40|6, 58, N/A, 97.12, 42|
18:09:50 0, 57, N/A, 80.88, 46|1, 55, N/A, 88.19, 47|2, 57, N/A, 96.05, 47|3, 58, N/A, 81.02, 44|4, 57, N/A, 86.97, 39|5, 61, N/A, 82.34, 39|6, 59, N/A, 87.16, 42|
18:09:52 0, 57, N/A, 82.54, 47|1, 55, N/A, 88.78, 45|2, 57, N/A, 100.49, 46|3, 58, N/A, 78.11, 44|4, 57, N/A, 81.81, 39|5, 61, N/A, 83.44, 40|6, 59, N/A, 93.39, 41|
18:09:54 0, 57, N/A, 78.91, 47|1, 55, N/A, 85.59, 47|2, 56, N/A, 94.39, 48|3, 58, N/A, 82.49, 44|4, 57, N/A, 92.77, 40|5, 61, N/A, 79.32, 40|6, 58, N/A, 93.93, 42|
18:09:56 0, 57, N/A, 82.35, 46|1, 55, N/A, 88.24, 47|2, 56, N/A, 95.33, 45|3, 57, N/A, 83.47, 43|4, 57, N/A, 78.86, 40|5, 61, N/A, 80.83, 40|6, 58, N/A, 94.18, 41|
18:09:58 0, 57, N/A, 85.74, 47|1, 55, N/A, 81.45, 47|2, 57, N/A, 90.95, 46|3, 57, N/A, 75.61, 44|4, 57, N/A, 82.50, 40|5, 61, N/A, 80.63, 40|6, 58, N/A, 92.67, 42|
18:10:00 0, 57, N/A, 82.85, 46|1, 55, N/A, 89.33, 47|2, 56, N/A, 99.87, 46|3, 57, N/A, 79.40, 43|4, 57, N/A, 83.25, 39|5, 61, N/A, 85.05, 40|6, 58, N/A, 92.13, 42|
18:10:02 0, 57, N/A, 74.57, 47|1, 55, N/A, 86.15, 47|2, 56, N/A, 93.72, 46|3, 57, N/A, 80.14, 44|4, 57, N/A, 84.28, 40|5, 61, N/A, 83.29, 39|6, 58, N/A, 82.75, 41|
18:10:04 0, 57, N/A, 78.22, 47|1, 55, N/A, 79.24, 46|2, 56, N/A, 88.31, 46|3, 57, N/A, 75.50, 44|4, 57, N/A, 77.68, 41|5, 61, N/A, 80.59, 40|6, 58, N/A, 93.60, 42|
18:10:06 0, 57, N/A, 78.72, 47|1, 55, N/A, 85.64, 46|2, 56, N/A, 98.04, 47|3, 57, N/A, 83.52, 44|4, 57, N/A, 88.74, 40|5, 61, N/A, 88.94, 40|6, 58, N/A, 91.83, 42|
18:10:08 0, 57, N/A, 82.36, 47|1, 55, N/A, 88.55, 47|2, 56, N/A, 96.12, 46|3, 57, N/A, 78.57, 44|4, 57, N/A, 85.00, 41|5, 61, N/A, 85.75, 41|6, 58, N/A, 87.51, 42|
18:10:11 0, 57, N/A, 84.51, 46|1, 54, N/A, 93.21, 47|2, 56, N/A, 98.70, 46|3, 57, N/A, 78.61, 43|4, 57, N/A, 86.39, 41|5, 61, N/A, 85.54, 40|6, 58, N/A, 87.26, 42|
18:10:13 0, 57, N/A, 79.45, 47|1, 55, N/A, 87.32, 47|2, 56, N/A, 95.92, 46|3, 57, N/A, 84.21, 44|4, 57, N/A, 88.44, 40|5, 61, N/A, 84.08, 40|6, 58, N/A, 90.08, 42|
18:10:15 0, 56, N/A, 78.01, 47|1, 54, N/A, 85.85, 47|2, 56, N/A, 93.96, 47|3, 57, N/A, 84.07, 45|4, 57, N/A, 87.43, 40|5, 61, N/A, 87.52, 41|6, 58, N/A, 89.62, 42|
18:10:17 0, 56, N/A, 78.92, 47|1, 55, N/A, 85.10, 47|2, 56, N/A, 97.85, 47|3, 57, N/A, 82.79, 44|4, 57, N/A, 86.44, 41|5, 61, N/A, 86.69, 40|6, 58, N/A, 90.90, 43|
18:10:19 0, 56, N/A, 76.95, 47|1, 54, N/A, 81.17, 47|2, 56, N/A, 90.23, 46|3, 57, N/A, 77.87, 44|4, 56, N/A, 86.97, 40|5, 60, N/A, 87.71, 40|6, 58, N/A, 95.22, 43|
18:10:21 0, 56, N/A, 77.98, 46|1, 54, N/A, 82.20, 47|2, 56, N/A, 96.92, 47|3, 57, N/A, 82.05, 43|4, 57, N/A, 89.15, 39|5, 60, N/A, 89.69, 39|6, 58, N/A, 92.87, 42|
18:10:23 0, 56, N/A, 82.16, 47|1, 54, N/A, 90.52, 46|2, 56, N/A, 90.48, 47|3, 57, N/A, 84.31, 44|4, 56, N/A, 90.67, 40|5, 60, N/A, 80.89, 40|6, 58, N/A, 94.19, 42|
18:10:25 0, 56, N/A, 82.12, 47|1, 54, N/A, 88.55, 46|2, 56, N/A, 96.18, 46|3, 57, N/A, 77.92, 44|4, 56, N/A, 83.79, 40|5, 60, N/A, 82.52, 39|6, 57, N/A, 86.64, 42|
18:10:27 0, 56, N/A, 78.18, 46|1, 54, N/A, 83.88, 47|2, 56, N/A, 87.57, 46|3, 57, N/A, 72.72, 44|4, 56, N/A, 76.70, 40|5, 60, N/A, 78.13, 39|6, 57, N/A, 90.17, 41|
18:10:29 0, 56, N/A, 78.42, 46|1, 54, N/A, 78.71, 47|2, 56, N/A, 88.55, 47|3, 57, N/A, 73.99, 44|4, 56, N/A, 76.94, 41|5, 60, N/A, 79.90, 40|6, 57, N/A, 86.39, 41|
18:10:31 0, 56, N/A, 81.57, 47|1, 54, N/A, 85.05, 47|2, 56, N/A, 91.20, 46|3, 57, N/A, 77.58, 44|4, 56, N/A, 81.27, 41|5, 60, N/A, 82.22, 40|6, 57, N/A, 92.56, 42|
18:10:33 0, 56, N/A, 80.42, 47|1, 54, N/A, 78.96, 47|2, 56, N/A, 92.75, 46|3, 57, N/A, 77.38, 44|4, 56, N/A, 81.37, 40|5, 60, N/A, 83.05, 40|6, 57, N/A, 93.86, 42|
18:10:36 0, 56, N/A, 75.02, 47|1, 54, N/A, 80.68, 48|2, 56, N/A, 92.00, 47|3, 57, N/A, 79.10, 44|4, 56, N/A, 82.76, 40|5, 60, N/A, 86.00, 40|6, 57, N/A, 95.32, 42|
18:10:38 0, 56, N/A, 79.90, 46|1, 54, N/A, 82.65, 47|2, 56, N/A, 95.15, 45|3, 57, N/A, 79.83, 44|4, 56, N/A, 83.53, 40|5, 60, N/A, 84.82, 40|6, 57, N/A, 82.46, 41|
18:10:40 0, 56, N/A, 77.28, 47|1, 54, N/A, 78.96, 47|2, 56, N/A, 87.82, 47|3, 57, N/A, 74.73, 45|4, 56, N/A, 76.90, 41|5, 60, N/A, 77.19, 41|6, 57, N/A, 87.96, 42|
18:10:42 0, 56, N/A, 77.73, 47|1, 54, N/A, 82.89, 46|2, 55, N/A, 94.66, 46|3, 57, N/A, 81.75, 44|4, 56, N/A, 88.99, 41|5, 60, N/A, 87.57, 40|6, 57, N/A, 90.13, 41|
18:10:44 0, 56, N/A, 82.40, 47|1, 54, N/A, 78.67, 46|2, 55, N/A, 92.05, 46|3, 57, N/A, 75.95, 44|4, 56, N/A, 79.40, 41|5, 60, N/A, 80.34, 41|6, 57, N/A, 89.33, 42|
18:10:46 0, 56, N/A, 81.42, 47|1, 54, N/A, 86.63, 48|2, 55, N/A, 98.16, 46|3, 57, N/A, 84.02, 43|4, 56, N/A, 82.80, 40|5, 60, N/A, 79.41, 40|6, 57, N/A, 84.47, 42|
18:10:48 0, 56, N/A, 73.50, 46|1, 54, N/A, 86.58, 46|2, 55, N/A, 96.92, 47|3, 57, N/A, 73.74, 43|4, 56, N/A, 78.82, 40|5, 60, N/A, 80.10, 40|6, 57, N/A, 84.72, 42|
18:10:50 0, 56, N/A, 83.63, 47|1, 54, N/A, 85.36, 47|2, 55, N/A, 92.72, 46|3, 57, N/A, 79.06, 44|4, 56, N/A, 83.34, 39|5, 60, N/A, 82.40, 40|6, 57, N/A, 90.41, 41|
18:10:52 0, 56, N/A, 75.80, 47|1, 54, N/A, 81.21, 47|2, 55, N/A, 92.47, 47|3, 57, N/A, 78.03, 44|4, 56, N/A, 82.85, 40|5, 60, N/A, 84.08, 40|6, 57, N/A, 96.66, 42|
18:10:54 0, 56, N/A, 74.97, 47|1, 54, N/A, 82.16, 46|2, 55, N/A, 92.72, 47|3, 57, N/A, 75.62, 44|4, 56, N/A, 80.11, 40|5, 60, N/A, 81.61, 40|6, 57, N/A, 93.74, 42|
18:10:56 0, 55, N/A, 42.38, 47|1, 53, N/A, 45.86, 46|2, 55, N/A, 51.75, 24|3, 56, N/A, 42.60, 44|4, 55, N/A, 44.57, 33|5, 60, N/A, 43.86, 26|6, 56, N/A, 47.26, 42|
18:10:58 0, 54, N/A, 41.40, 0|1, 52, N/A, 44.60, 0|2, 54, N/A, 50.49, 0|3, 55, N/A, 41.84, 0|4, 54, N/A, 43.83, 0|5, 58, N/A, 42.88, 0|6, 55, N/A, 46.27, 0|
18:11:01 0, 53, N/A, 35.73, 3|1, 51, N/A, 38.44, 0|2, 53, N/A, 40.91, 3|3, 54, N/A, 36.20, 3|4, 53, N/A, 37.19, 4|5, 58, N/A, 37.21, 3|6, 54, N/A, 39.13, 2|
18:11:03 0, 53, N/A, 35.48, 3|1, 51, N/A, 38.19, 4|2, 52, N/A, 40.66, 3|3, 54, N/A, 35.95, 5|4, 53, N/A, 37.19, 0|5, 57, N/A, 37.21, 3|6, 54, N/A, 39.13, 4|
18:11:05 0, 53, N/A, 45.31, 39|1, 51, N/A, 45.34, 38|2, 52, N/A, 46.33, 38|3, 54, N/A, 40.39, 36|4, 53, N/A, 40.64, 32|5, 57, N/A, 39.92, 31|6, 54, N/A, 41.59, 32|
18:11:07 0, 53, N/A, 42.35, 85|1, 51, N/A, 47.28, 83|2, 52, N/A, 77.64, 80|3, 54, N/A, 55.83, 42|4, 53, N/A, 65.88, 45|5, 57, N/A, 55.87, 43|6, 54, N/A, 57.53, 42|
18:11:09 0, 53, N/A, 56.57, 85|1, 51, N/A, 56.84, 78|2, 53, N/A, 55.35, 75|3, 54, N/A, 55.06, 37|4, 54, N/A, 46.73, 44|5, 58, N/A, 45.28, 45|6, 54, N/A, 73.17, 41|
18:11:11 0, 54, N/A, 62.89, 36|1, 52, N/A, 67.59, 36|2, 53, N/A, 74.43, 36|3, 54, N/A, 64.77, 33|4, 54, N/A, 67.02, 30|5, 58, N/A, 66.29, 30|6, 55, N/A, 73.40, 30|
18:11:13 0, 54, N/A, 65.35, 37|1, 52, N/A, 68.33, 37|2, 53, N/A, 75.42, 36|3, 55, N/A, 64.32, 34|4, 54, N/A, 67.80, 30|5, 58, N/A, 67.07, 30|6, 55, N/A, 71.41, 30|
18:11:15 0, 54, N/A, 46.72, 89|1, 52, N/A, 49.93, 87|2, 53, N/A, 53.62, 76|3, 55, N/A, 61.41, 36|4, 54, N/A, 45.22, 24|5, 58, N/A, 56.78, 36|6, 55, N/A, 56.47, 41|
18:11:17 0, 54, N/A, 48.20, 87|1, 51, N/A, 49.71, 82|2, 53, N/A, 54.60, 78|3, 55, N/A, 55.76, 38|4, 54, N/A, 65.06, 46|5, 58, N/A, 59.73, 45|6, 55, N/A, 57.94, 39|
18:11:19 0, 54, N/A, 48.20, 84|1, 52, N/A, 49.22, 83|2, 53, N/A, 63.17, 81|3, 55, N/A, 43.99, 38|4, 54, N/A, 61.42, 47|5, 58, N/A, 57.28, 43|6, 55, N/A, 47.41, 46|
18:11:21 0, 54, N/A, 46.24, 89|1, 51, N/A, 48.97, 83|2, 53, N/A, 53.37, 83|3, 54, N/A, 66.29, 38|4, 54, N/A, 88.33, 46|5, 58, N/A, 67.80, 39|6, 55, N/A, 66.98, 46|
18:11:24 0, 54, N/A, 47.22, 86|1, 52, N/A, 49.19, 82|2, 53, N/A, 53.86, 78|3, 54, N/A, 62.60, 37|4, 54, N/A, 65.84, 45|5, 58, N/A, 60.96, 46|6, 55, N/A, 58.92, 43|
18:11:26 0, 54, N/A, 58.50, 85|1, 51, N/A, 57.54, 82|2, 53, N/A, 60.01, 75|3, 54, N/A, 70.42, 37|4, 54, N/A, 47.66, 43|5, 58, N/A, 66.33, 47|6, 55, N/A, 58.92, 39|
18:11:28 0, 54, N/A, 46.97, 85|1, 52, N/A, 49.92, 82|2, 53, N/A, 86.17, 75|3, 54, N/A, 44.24, 34|4, 54, N/A, 63.10, 42|5, 58, N/A, 44.27, 45|6, 55, N/A, 56.22, 45|
18:11:30 0, 54, N/A, 41.59, 54|1, 51, N/A, 44.54, 69|2, 53, N/A, 50.42, 77|3, 54, N/A, 41.78, 22|4, 54, N/A, 43.28, 45|5, 58, N/A, 42.79, 46|6, 55, N/A, 45.94, 37|
18:11:32 0, 54, N/A, 59.72, 84|1, 52, N/A, 57.54, 81|2, 53, N/A, 60.75, 82|3, 55, N/A, 45.96, 42|4, 54, N/A, 51.13, 48|5, 58, N/A, 46.48, 39|6, 55, N/A, 48.39, 47|
18:11:34 0, 54, N/A, 45.99, 88|1, 52, N/A, 51.40, 85|2, 53, N/A, 55.82, 79|3, 54, N/A, 55.76, 38|4, 54, N/A, 61.91, 44|5, 58, N/A, 43.78, 46|6, 54, N/A, 55.98, 45|
18:11:36 0, 54, N/A, 64.15, 36|1, 52, N/A, 68.57, 36|2, 53, N/A, 76.15, 36|3, 55, N/A, 65.79, 34|4, 54, N/A, 67.23, 30|5, 58, N/A, 67.83, 30|6, 55, N/A, 72.58, 30|
18:11:38 0, 54, N/A, 66.11, 36|1, 52, N/A, 66.62, 36|2, 54, N/A, 74.93, 36|3, 55, N/A, 62.14, 33|4, 54, N/A, 66.33, 29|5, 58, N/A, 64.82, 30|6, 55, N/A, 70.67, 30|
18:11:40 0, 54, N/A, 44.49, 64|1, 52, N/A, 79.55, 33|2, 54, N/A, 53.61, 80|3, 55, N/A, 51.58, 25|4, 54, N/A, 44.98, 42|5, 58, N/A, 53.34, 43|6, 55, N/A, 54.53, 22|
18:11:42 0, 54, N/A, 71.24, 85|1, 52, N/A, 57.05, 79|2, 53, N/A, 60.01, 73|3, 54, N/A, 45.22, 34|4, 54, N/A, 46.95, 42|5, 58, N/A, 45.25, 44|6, 55, N/A, 47.90, 35|
18:11:45 0, 54, N/A, 58.78, 86|1, 52, N/A, 46.76, 81|2, 54, N/A, 60.01, 79|3, 54, N/A, 50.60, 37|4, 54, N/A, 48.17, 41|5, 58, N/A, 64.82, 45|6, 55, N/A, 80.72, 36|
18:11:47 0, 54, N/A, 73.45, 85|1, 52, N/A, 65.87, 84|2, 54, N/A, 69.81, 83|3, 55, N/A, 46.70, 41|4, 54, N/A, 49.41, 48|5, 58, N/A, 46.48, 46|6, 55, N/A, 49.13, 49|
18:11:49 0, 54, N/A, 56.28, 86|1, 52, N/A, 57.05, 86|2, 53, N/A, 58.53, 84|3, 54, N/A, 46.94, 40|4, 54, N/A, 45.72, 47|5, 58, N/A, 46.23, 44|6, 55, N/A, 71.41, 47|
18:11:51 0, 54, N/A, 48.70, 83|1, 52, N/A, 50.20, 84|2, 53, N/A, 57.55, 80|3, 54, N/A, 77.58, 38|4, 54, N/A, 44.98, 42|5, 58, N/A, 64.82, 44|6, 55, N/A, 77.29, 43|
18:11:53 0, 54, N/A, 54.36, 89|1, 52, N/A, 58.78, 86|2, 53, N/A, 58.04, 82|3, 55, N/A, 44.73, 37|4, 54, N/A, 45.97, 45|5, 58, N/A, 45.01, 44|6, 55, N/A, 48.12, 44|
18:11:55 0, 54, N/A, 53.83, 85|1, 52, N/A, 66.11, 83|2, 54, N/A, 67.11, 76|3, 55, N/A, 46.94, 40|4, 54, N/A, 51.35, 41|5, 58, N/A, 49.19, 40|6, 55, N/A, 54.53, 42|
18:11:57 0, 54, N/A, 46.23, 86|1, 52, N/A, 47.99, 80|2, 54, N/A, 68.08, 78|3, 55, N/A, 61.62, 39|4, 54, N/A, 72.67, 45|5, 58, N/A, 64.12, 41|6, 55, N/A, 57.70, 43|
18:11:59 0, 54, N/A, 43.28, 87|1, 52, N/A, 56.81, 85|2, 54, N/A, 60.26, 85|3, 54, N/A, 54.53, 36|4, 54, N/A, 47.68, 44|5, 58, N/A, 43.28, 45|6, 55, N/A, 84.85, 47|
18:12:01 0, 54, N/A, 62.18, 83|1, 52, N/A, 58.53, 85|2, 54, N/A, 62.93, 77|3, 54, N/A, 45.47, 38|4, 54, N/A, 48.18, 41|5, 58, N/A, 46.24, 44|6, 55, N/A, 54.50, 43|
18:12:03 0, 54, N/A, 60.95, 88|1, 52, N/A, 58.74, 85|2, 54, N/A, 61.95, 83|3, 54, N/A, 45.72, 38|4, 54, N/A, 48.18, 42|5, 58, N/A, 45.74, 44|6, 55, N/A, 63.80, 40|
18:12:06 0, 54, N/A, 44.27, 87|1, 52, N/A, 47.00, 82|2, 54, N/A, 52.38, 80|3, 54, N/A, 60.88, 37|4, 54, N/A, 76.36, 43|5, 58, N/A, 65.35, 43|6, 55, N/A, 62.61, 35|
18:12:08 0, 54, N/A, 48.20, 84|1, 52, N/A, 48.94, 81|2, 54, N/A, 59.72, 81|3, 54, N/A, 53.55, 38|4, 54, N/A, 60.43, 47|5, 58, N/A, 56.05, 39|6, 55, N/A, 63.83, 45|
18:12:10 0, 54, N/A, 54.84, 86|1, 52, N/A, 55.82, 84|2, 54, N/A, 58.04, 81|3, 54, N/A, 59.17, 38|4, 54, N/A, 46.21, 46|5, 58, N/A, 62.64, 40|6, 55, N/A, 65.06, 41|
18:12:12 0, 54, N/A, 60.95, 83|1, 52, N/A, 58.78, 85|2, 54, N/A, 60.01, 79|3, 54, N/A, 47.93, 39|4, 54, N/A, 46.95, 41|5, 58, N/A, 45.74, 44|6, 55, N/A, 48.15, 46|
18:12:14 0, 54, N/A, 45.49, 88|1, 52, N/A, 76.60, 83|2, 53, N/A, 54.10, 81|3, 55, N/A, 56.74, 36|4, 54, N/A, 44.74, 42|5, 58, N/A, 58.51, 42|6, 55, N/A, 57.94, 42|
18:12:16 0, 54, N/A, 62.68, 84|1, 52, N/A, 60.99, 77|2, 54, N/A, 62.23, 76|3, 54, N/A, 44.98, 34|4, 54, N/A, 48.18, 48|5, 58, N/A, 46.48, 44|6, 55, N/A, 48.39, 40|
18:12:18 0, 54, N/A, 59.24, 82|1, 52, N/A, 58.00, 83|2, 54, N/A, 60.71, 79|3, 54, N/A, 46.70, 39|4, 54, N/A, 47.93, 47|5, 58, N/A, 46.21, 43|6, 55, N/A, 50.09, 44|
18:12:20 0, 54, N/A, 45.99, 84|1, 52, N/A, 54.59, 84|2, 54, N/A, 75.42, 79|3, 54, N/A, 50.11, 41|4, 54, N/A, 65.31, 48|5, 58, N/A, 52.11, 40|6, 55, N/A, 53.31, 44|
18:12:22 0, 54, N/A, 45.74, 82|1, 52, N/A, 48.69, 86|2, 54, N/A, 53.37, 80|3, 54, N/A, 65.30, 36|4, 54, N/A, 72.42, 41|5, 58, N/A, 65.84, 43|6, 55, N/A, 61.38, 44|
18:12:24 0, 54, N/A, 43.53, 87|1, 52, N/A, 56.57, 84|2, 54, N/A, 53.12, 79|3, 54, N/A, 75.33, 36|4, 54, N/A, 43.99, 42|5, 58, N/A, 81.22, 44|6, 55, N/A, 75.78, 46|
18:12:27 0, 54, N/A, 60.50, 89|1, 52, N/A, 51.89, 81|2, 54, N/A, 58.04, 76|3, 54, N/A, 44.49, 32|4, 54, N/A, 45.99, 47|5, 58, N/A, 44.51, 47|6, 55, N/A, 61.58, 39|
18:12:29 0, 54, N/A, 44.02, 81|1, 52, N/A, 86.70, 82|2, 54, N/A, 86.23, 79|3, 54, N/A, 49.62, 38|4, 54, N/A, 56.26, 48|5, 58, N/A, 52.63, 41|6, 55, N/A, 53.31, 45|
18:12:31 0, 54, N/A, 48.69, 82|1, 52, N/A, 49.68, 83|2, 54, N/A, 55.59, 80|3, 54, N/A, 77.58, 38|4, 54, N/A, 54.26, 45|5, 58, N/A, 82.00, 38|6, 55, N/A, 76.75, 43|
18:12:33 0, 54, N/A, 45.25, 82|1, 52, N/A, 47.71, 86|2, 54, N/A, 53.10, 79|3, 54, N/A, 63.33, 39|4, 54, N/A, 70.22, 41|5, 58, N/A, 63.63, 47|6, 55, N/A, 62.36, 46|
18:12:35 0, 54, N/A, 43.53, 88|1, 52, N/A, 68.09, 85|2, 54, N/A, 53.12, 79|3, 55, N/A, 47.68, 36|4, 54, N/A, 44.00, 42|5, 58, N/A, 49.19, 44|6, 55, N/A, 50.61, 42|
18:12:37 0, 54, N/A, 51.37, 86|1, 52, N/A, 62.67, 79|2, 54, N/A, 64.68, 74|3, 55, N/A, 45.96, 34|4, 54, N/A, 49.89, 48|5, 58, N/A, 47.22, 45|6, 55, N/A, 48.89, 36|
18:12:39 0, 54, N/A, 58.19, 80|1, 52, N/A, 84.49, 81|2, 54, N/A, 82.54, 76|3, 54, N/A, 49.13, 37|4, 54, N/A, 57.24, 47|5, 58, N/A, 52.85, 43|6, 55, N/A, 52.05, 43|
18:12:41 0, 54, N/A, 48.70, 84|1, 52, N/A, 48.94, 86|2, 54, N/A, 54.60, 84|3, 54, N/A, 72.91, 39|4, 54, N/A, 59.41, 45|5, 58, N/A, 80.04, 42|6, 55, N/A, 76.76, 45|
18:12:43 0, 54, N/A, 46.97, 82|1, 52, N/A, 48.97, 86|2, 54, N/A, 54.60, 80|3, 54, N/A, 72.92, 38|4, 54, N/A, 68.99, 39|5, 58, N/A, 79.30, 45|6, 55, N/A, 71.15, 45|
18:12:46 0, 54, N/A, 45.49, 87|1, 52, N/A, 95.25, 85|2, 54, N/A, 53.37, 76|3, 55, N/A, 53.55, 37|4, 54, N/A, 44.24, 43|5, 58, N/A, 55.06, 43|6, 55, N/A, 55.24, 45|
18:12:48 0, 54, N/A, 48.94, 87|1, 52, N/A, 50.42, 80|2, 54, N/A, 55.34, 76|3, 54, N/A, 59.69, 35|4, 54, N/A, 68.01, 45|5, 58, N/A, 60.44, 44|6, 55, N/A, 58.19, 37|
18:12:50 0, 54, N/A, 62.68, 80|1, 52, N/A, 59.03, 82|2, 54, N/A, 60.99, 78|3, 55, N/A, 46.21, 37|4, 54, N/A, 48.42, 44|5, 58, N/A, 45.99, 43|6, 55, N/A, 50.12, 40|
18:12:52 0, 54, N/A, 47.71, 83|1, 52, N/A, 48.94, 84|2, 54, N/A, 54.33, 80|3, 54, N/A, 53.30, 38|4, 54, N/A, 75.62, 45|5, 58, N/A, 52.85, 42|6, 55, N/A, 53.31, 41|
18:12:54 0, 54, N/A, 45.74, 79|1, 52, N/A, 62.39, 82|2, 54, N/A, 83.52, 77|3, 55, N/A, 54.04, 39|4, 54, N/A, 56.99, 43|5, 58, N/A, 51.65, 47|6, 55, N/A, 53.31, 41|
18:12:56 0, 54, N/A, 59.97, 85|1, 52, N/A, 57.79, 78|2, 54, N/A, 58.04, 77|3, 54, N/A, 61.41, 36|4, 54, N/A, 61.12, 42|5, 58, N/A, 58.99, 44|6, 55, N/A, 59.42, 45|
18:12:58 0, 54, N/A, 53.61, 86|1, 52, N/A, 52.14, 84|2, 54, N/A, 56.81, 76|3, 54, N/A, 76.84, 40|4, 54, N/A, 61.12, 40|5, 58, N/A, 61.91, 49|6, 54, N/A, 58.92, 47|
18:13:00 0, 54, N/A, 44.02, 89|1, 52, N/A, 65.35, 80|2, 54, N/A, 87.89, 77|3, 54, N/A, 54.01, 38|4, 54, N/A, 63.38, 41|5, 58, N/A, 54.82, 43|6, 55, N/A, 56.72, 40|
18:13:02 0, 54, N/A, 66.61, 87|1, 52, N/A, 61.44, 79|2, 54, N/A, 63.90, 80|3, 54, N/A, 44.73, 37|4, 54, N/A, 49.41, 42|5, 58, N/A, 46.97, 41|6, 55, N/A, 51.59, 40|
18:13:04 0, 54, N/A, 65.84, 36|1, 52, N/A, 69.80, 36|2, 54, N/A, 76.90, 36|3, 55, N/A, 62.63, 33|4, 54, N/A, 65.84, 30|5, 58, N/A, 62.34, 29|6, 55, N/A, 71.24, 30|
18:13:07 0, 54, N/A, 64.15, 37|1, 53, N/A, 68.34, 37|2, 54, N/A, 79.93, 36|3, 55, N/A, 66.08, 34|4, 54, N/A, 59.46, 33|5, 58, N/A, 61.24, 33|6, 55, N/A, 63.34, 34|
18:13:09 0, 54, N/A, 41.34, 1|1, 52, N/A, 44.54, 0|2, 54, N/A, 50.67, 0|3, 54, N/A, 41.81, 1|4, 53, N/A, 37.14, 2|5, 57, N/A, 37.41, 3|6, 54, N/A, 39.57, 1|
18:13:11 0, 54, N/A, 41.81, 68|1, 52, N/A, 45.03, 55|2, 54, N/A, 50.67, 63|3, 55, N/A, 41.78, 26|4, 54, N/A, 43.78, 41|5, 58, N/A, 43.04, 41|6, 54, N/A, 46.18, 32|
18:13:13 0, 54, N/A, 64.39, 36|1, 53, N/A, 68.54, 36|2, 54, N/A, 76.15, 36|3, 55, N/A, 64.35, 34|4, 54, N/A, 65.80, 30|5, 58, N/A, 64.64, 30|6, 55, N/A, 72.18, 30|
18:13:15 0, 54, N/A, 63.87, 36|1, 53, N/A, 68.82, 37|2, 55, N/A, 77.14, 36|3, 55, N/A, 54.25, 36|4, 55, N/A, 66.82, 30|5, 58, N/A, 66.33, 29|6, 55, N/A, 70.94, 30|
18:13:17 0, 55, N/A, 64.88, 36|1, 53, N/A, 68.33, 36|2, 55, N/A, 78.61, 36|3, 55, N/A, 55.26, 36|4, 55, N/A, 67.55, 30|5, 59, N/A, 66.33, 29|6, 55, N/A, 69.90, 30|
18:13:19 0, 55, N/A, 72.70, 36|1, 53, N/A, 73.73, 37|2, 55, N/A, 80.81, 36|3, 55, N/A, 57.44, 36|4, 55, N/A, 69.51, 30|5, 58, N/A, 65.83, 30|6, 55, N/A, 71.68, 30|
18:13:21 0, 55, N/A, 65.35, 37|1, 53, N/A, 71.77, 36|2, 55, N/A, 82.30, 36|3, 55, N/A, 58.46, 36|4, 55, N/A, 70.46, 30|5, 59, N/A, 67.31, 30|6, 55, N/A, 70.34, 30|
18:13:23 0, 55, N/A, 63.90, 36|1, 53, N/A, 69.31, 36|2, 55, N/A, 79.39, 36|3, 55, N/A, 56.46, 36|4, 55, N/A, 72.84, 30|5, 59, N/A, 72.01, 30|6, 56, N/A, 75.87, 30|
18:13:25 0, 55, N/A, 63.63, 36|1, 53, N/A, 68.57, 36|2, 55, N/A, 79.38, 35|3, 55, N/A, 60.39, 36|4, 55, N/A, 70.95, 30|5, 59, N/A, 67.27, 29|6, 55, N/A, 76.10, 30|
18:13:27 0, 55, N/A, 64.12, 36|1, 53, N/A, 67.83, 36|2, 55, N/A, 78.90, 36|3, 55, N/A, 54.77, 36|4, 55, N/A, 66.57, 30|5, 59, N/A, 65.63, 30|6, 56, N/A, 72.91, 30|
18:13:29 0, 55, N/A, 64.12, 36|1, 53, N/A, 69.55, 36|2, 55, N/A, 74.89, 36|3, 55, N/A, 53.00, 36|4, 55, N/A, 64.82, 29|5, 59, N/A, 64.12, 29|6, 56, N/A, 70.91, 30|
18:13:32 0, 55, N/A, 63.87, 36|1, 53, N/A, 68.57, 36|2, 55, N/A, 77.87, 36|3, 55, N/A, 53.79, 36|4, 55, N/A, 67.52, 30|5, 59, N/A, 64.89, 30|6, 56, N/A, 71.86, 30|
18:13:34 0, 55, N/A, 65.84, 36|1, 53, N/A, 69.31, 36|2, 55, N/A, 76.19, 36|3, 55, N/A, 55.51, 36|4, 55, N/A, 68.01, 30|5, 59, N/A, 66.08, 30|6, 56, N/A, 70.94, 30|
18:13:36 0, 55, N/A, 62.65, 36|1, 53, N/A, 68.62, 36|2, 55, N/A, 77.46, 36|3, 55, N/A, 55.54, 36|4, 55, N/A, 66.04, 30|5, 59, N/A, 67.14, 30|6, 56, N/A, 70.39, 30|
18:13:38 0, 55, N/A, 67.80, 36|1, 53, N/A, 72.01, 36|2, 55, N/A, 79.39, 35|3, 55, N/A, 55.76, 36|4, 55, N/A, 66.81, 30|5, 59, N/A, 66.57, 29|6, 56, N/A, 71.61, 30|
18:13:40 0, 55, N/A, 65.59, 36|1, 53, N/A, 75.42, 36|2, 55, N/A, 82.04, 36|3, 55, N/A, 56.98, 36|4, 55, N/A, 69.20, 30|5, 59, N/A, 69.52, 30|6, 56, N/A, 70.35, 30|
18:13:42 0, 55, N/A, 64.39, 36|1, 54, N/A, 68.11, 36|2, 56, N/A, 74.89, 35|3, 55, N/A, 55.51, 36|4, 55, N/A, 68.25, 29|5, 59, N/A, 66.82, 29|6, 56, N/A, 70.62, 29|
18:13:44 0, 55, N/A, 62.64, 36|1, 53, N/A, 66.58, 36|2, 56, N/A, 75.63, 36|3, 55, N/A, 55.06, 36|4, 55, N/A, 67.10, 29|5, 59, N/A, 64.36, 29|6, 56, N/A, 72.14, 30|
18:13:46 0, 55, N/A, 63.38, 36|1, 54, N/A, 67.59, 36|2, 56, N/A, 77.63, 36|3, 55, N/A, 55.02, 36|4, 55, N/A, 66.46, 30|5, 59, N/A, 65.59, 30|6, 56, N/A, 73.89, 30|
18:13:48 0, 55, N/A, 68.82, 36|1, 54, N/A, 72.50, 36|2, 56, N/A, 79.59, 36|3, 55, N/A, 56.99, 36|4, 56, N/A, 68.51, 29|5, 59, N/A, 64.85, 30|6, 56, N/A, 72.10, 30|
18:13:50 0, 56, N/A, 65.87, 36|1, 54, N/A, 70.75, 36|2, 56, N/A, 86.47, 36|3, 55, N/A, 59.93, 36|4, 55, N/A, 71.23, 30|5, 59, N/A, 67.77, 30|6, 56, N/A, 71.85, 30|
18:13:52 0, 55, N/A, 64.39, 37|1, 54, N/A, 68.57, 36|2, 56, N/A, 78.66, 36|3, 55, N/A, 56.99, 36|4, 55, N/A, 62.39, 32|5, 59, N/A, 62.40, 32|6, 56, N/A, 64.36, 32|
18:13:54 0, 56, N/A, 64.43, 36|1, 54, N/A, 69.11, 36|2, 56, N/A, 76.19, 35|3, 55, N/A, 54.78, 36|4, 55, N/A, 57.02, 32|5, 59, N/A, 58.75, 32|6, 56, N/A, 62.85, 32|
18:13:57 0, 56, N/A, 66.13, 36|1, 54, N/A, 70.31, 36|2, 56, N/A, 76.16, 36|3, 55, N/A, 54.78, 36|4, 55, N/A, 56.97, 32|5, 59, N/A, 57.27, 32|6, 56, N/A, 56.96, 32|
18:13:59 0, 55, N/A, 68.83, 36|1, 54, N/A, 70.51, 36|2, 56, N/A, 82.10, 36|3, 55, N/A, 55.27, 36|4, 55, N/A, 56.51, 32|5, 59, N/A, 58.04, 32|6, 56, N/A, 62.15, 33|
18:14:01 0, 56, N/A, 65.87, 36|1, 54, N/A, 69.07, 36|2, 56, N/A, 85.26, 36|3, 55, N/A, 56.99, 36|4, 55, N/A, 58.99, 32|5, 59, N/A, 59.45, 32|6, 56, N/A, 62.39, 33|
18:14:03 0, 56, N/A, 67.31, 36|1, 54, N/A, 73.54, 36|2, 56, N/A, 80.17, 36|3, 55, N/A, 56.04, 36|4, 55, N/A, 58.00, 32|5, 59, N/A, 56.54, 32|6, 56, N/A, 58.19, 32|
18:14:05 0, 56, N/A, 65.14, 37|1, 54, N/A, 75.18, 36|2, 56, N/A, 79.81, 36|3, 55, N/A, 55.55, 36|4, 55, N/A, 57.23, 32|5, 59, N/A, 58.53, 32|6, 56, N/A, 60.15, 32|
18:14:07 0, 56, N/A, 64.12, 36|1, 54, N/A, 69.35, 36|2, 56, N/A, 76.12, 35|3, 55, N/A, 55.02, 36|4, 55, N/A, 55.76, 32|5, 59, N/A, 55.53, 32|6, 56, N/A, 63.13, 32|
18:14:09 0, 56, N/A, 63.87, 36|1, 54, N/A, 70.30, 36|2, 56, N/A, 77.93, 36|3, 55, N/A, 54.29, 36|4, 55, N/A, 58.00, 32|5, 59, N/A, 59.03, 32|6, 56, N/A, 63.42, 32|
18:14:11 0, 56, N/A, 66.37, 36|1, 54, N/A, 68.34, 36|2, 56, N/A, 78.13, 36|3, 55, N/A, 54.54, 36|4, 55, N/A, 55.98, 32|5, 59, N/A, 55.55, 32|6, 56, N/A, 61.94, 32|
18:14:13 0, 56, N/A, 66.36, 36|1, 54, N/A, 71.28, 36|2, 56, N/A, 83.24, 36|3, 55, N/A, 57.26, 36|4, 55, N/A, 59.70, 32|5, 59, N/A, 57.73, 32|6, 56, N/A, 59.87, 32|
18:14:15 0, 56, N/A, 64.15, 37|1, 54, N/A, 69.56, 36|2, 57, N/A, 77.67, 36|3, 55, N/A, 54.26, 36|4, 55, N/A, 57.97, 32|5, 59, N/A, 59.69, 32|6, 56, N/A, 64.54, 32|
18:14:17 0, 56, N/A, 65.88, 36|1, 54, N/A, 69.32, 36|2, 56, N/A, 77.15, 36|3, 55, N/A, 54.53, 36|4, 55, N/A, 56.75, 32|5, 59, N/A, 58.26, 32|6, 56, N/A, 60.88, 32|
18:14:19 0, 56, N/A, 67.60, 36|1, 54, N/A, 69.56, 36|2, 57, N/A, 79.40, 36|3, 55, N/A, 56.75, 36|4, 55, N/A, 58.53, 32|5, 59, N/A, 58.78, 32|6, 56, N/A, 57.70, 32|
18:14:22 0, 56, N/A, 67.11, 36|1, 54, N/A, 70.02, 36|2, 57, N/A, 79.15, 35|3, 55, N/A, 54.78, 36|4, 55, N/A, 57.76, 32|5, 59, N/A, 58.50, 31|6, 56, N/A, 60.61, 32|
18:14:24 0, 56, N/A, 65.17, 36|1, 55, N/A, 68.86, 36|2, 57, N/A, 79.11, 36|3, 55, N/A, 56.29, 36|4, 55, N/A, 63.17, 32|5, 59, N/A, 60.71, 32|6, 56, N/A, 63.31, 32|
18:14:26 0, 56, N/A, 61.17, 37|1, 54, N/A, 66.37, 36|2, 57, N/A, 76.15, 36|3, 55, N/A, 56.53, 37|4, 55, N/A, 56.50, 32|5, 59, N/A, 56.29, 32|6, 56, N/A, 59.13, 33|
18:14:28 0, 56, N/A, 64.61, 36|1, 55, N/A, 69.07, 36|2, 57, N/A, 79.39, 36|3, 55, N/A, 56.04, 36|4, 55, N/A, 58.50, 32|5, 59, N/A, 57.52, 32|6, 56, N/A, 58.95, 32|
18:14:30 0, 56, N/A, 67.63, 36|1, 55, N/A, 68.58, 36|2, 57, N/A, 80.42, 35|3, 55, N/A, 54.07, 36|4, 55, N/A, 56.53, 32|5, 59, N/A, 57.77, 32|6, 56, N/A, 59.44, 33|
18:14:32 0, 56, N/A, 64.18, 36|1, 54, N/A, 66.09, 36|2, 57, N/A, 76.16, 36|3, 55, N/A, 55.33, 36|4, 55, N/A, 58.50, 32|5, 59, N/A, 58.26, 32|6, 56, N/A, 62.36, 32|
18:14:34 0, 56, N/A, 63.98, 36|1, 55, N/A, 68.12, 36|2, 57, N/A, 77.44, 35|3, 55, N/A, 53.34, 36|4, 55, N/A, 55.31, 32|5, 59, N/A, 55.10, 32|6, 56, N/A, 59.48, 33|
18:14:36 0, 56, N/A, 66.37, 36|1, 55, N/A, 70.34, 36|2, 57, N/A, 79.15, 36|3, 55, N/A, 55.02, 36|4, 55, N/A, 58.26, 32|5, 59, N/A, 56.78, 32|6, 56, N/A, 60.92, 32|
18:14:38 0, 56, N/A, 42.08, 0|1, 54, N/A, 45.77, 6|2, 57, N/A, 52.39, 7|3, 54, N/A, 36.40, 0|4, 54, N/A, 37.88, 0|5, 59, N/A, 37.90, 0|6, 55, N/A, 40.06, 1|
18:14:40 0, 56, N/A, 65.63, 36|1, 55, N/A, 69.81, 37|2, 57, N/A, 78.66, 36|3, 55, N/A, 64.11, 34|4, 55, N/A, 65.87, 30|5, 59, N/A, 64.89, 30|6, 56, N/A, 66.53, 31|
18:14:42 0, 56, N/A, 66.55, 36|1, 55, N/A, 71.28, 36|2, 57, N/A, 79.61, 36|3, 55, N/A, 54.53, 36|4, 55, N/A, 56.97, 32|5, 59, N/A, 57.27, 32|6, 56, N/A, 58.39, 32|
18:14:44 0, 56, N/A, 63.38, 36|1, 55, N/A, 69.84, 36|2, 57, N/A, 81.56, 36|3, 55, N/A, 57.02, 36|4, 55, N/A, 58.96, 32|5, 59, N/A, 58.75, 32|6, 56, N/A, 61.34, 32|
18:14:47 0, 56, N/A, 63.66, 36|1, 55, N/A, 68.83, 35|2, 57, N/A, 77.10, 35|3, 55, N/A, 56.01, 36|4, 55, N/A, 57.97, 32|5, 59, N/A, 58.99, 32|6, 55, N/A, 63.83, 32|
18:14:49 0, 57, N/A, 63.91, 36|1, 55, N/A, 69.36, 36|2, 57, N/A, 78.91, 36|3, 55, N/A, 55.51, 36|4, 55, N/A, 57.27, 32|5, 59, N/A, 57.28, 32|6, 55, N/A, 60.67, 33|
18:14:51 0, 57, N/A, 64.85, 36|1, 55, N/A, 70.79, 36|2, 57, N/A, 79.84, 36|3, 55, N/A, 56.01, 36|4, 55, N/A, 57.23, 32|5, 59, N/A, 58.75, 32|6, 56, N/A, 59.90, 32|
18:14:53 0, 57, N/A, 66.86, 36|1, 55, N/A, 70.79, 36|2, 57, N/A, 78.86, 36|3, 55, N/A, 55.02, 36|4, 55, N/A, 58.50, 32|5, 59, N/A, 58.29, 32|6, 56, N/A, 60.18, 32|
18:14:55 0, 57, N/A, 65.88, 36|1, 55, N/A, 69.32, 36|2, 57, N/A, 76.65, 36|3, 55, N/A, 55.30, 36|4, 55, N/A, 56.78, 32|5, 59, N/A, 57.74, 32|6, 55, N/A, 58.40, 33|
18:14:57 0, 57, N/A, 65.87, 36|1, 55, N/A, 71.57, 36|2, 57, N/A, 85.00, 35|3, 55, N/A, 57.94, 36|4, 55, N/A, 59.73, 32|5, 59, N/A, 59.97, 31|6, 56, N/A, 61.41, 32|
18:14:59 0, 57, N/A, 65.13, 36|1, 55, N/A, 70.58, 36|2, 57, N/A, 80.66, 36|3, 55, N/A, 57.30, 36|4, 55, N/A, 56.99, 32|5, 59, N/A, 61.94, 32|6, 56, N/A, 64.57, 32|
18:15:01 0, 57, N/A, 64.40, 36|1, 55, N/A, 70.34, 36|2, 57, N/A, 78.91, 35|3, 55, N/A, 55.27, 36|4, 55, N/A, 57.74, 32|5, 59, N/A, 58.04, 32|6, 55, N/A, 60.43, 32|
18:15:03 0, 57, N/A, 66.93, 36|1, 55, N/A, 70.83, 36|2, 57, N/A, 79.90, 36|3, 55, N/A, 54.81, 36|4, 55, N/A, 56.81, 32|5, 59, N/A, 58.01, 32|6, 55, N/A, 62.18, 32|
18:15:05 0, 57, N/A, 67.60, 36|1, 55, N/A, 71.32, 36|2, 58, N/A, 78.91, 36|3, 55, N/A, 54.78, 36|4, 55, N/A, 55.55, 31|5, 59, N/A, 57.06, 32|6, 56, N/A, 59.94, 32|
18:15:07 0, 57, N/A, 63.38, 35|1, 55, N/A, 69.80, 36|2, 57, N/A, 78.40, 35|3, 55, N/A, 55.51, 35|4, 55, N/A, 57.45, 32|5, 59, N/A, 57.46, 31|6, 56, N/A, 65.54, 32|
18:15:09 0, 57, N/A, 65.63, 37|1, 55, N/A, 69.60, 36|2, 58, N/A, 78.62, 36|3, 55, N/A, 54.81, 36|4, 55, N/A, 56.75, 32|5, 59, N/A, 58.26, 32|6, 55, N/A, 58.92, 33|
18:15:12 0, 57, N/A, 67.31, 36|1, 55, N/A, 70.80, 36|2, 58, N/A, 78.61, 36|3, 55, N/A, 55.27, 36|4, 55, N/A, 56.96, 32|5, 59, N/A, 57.73, 32|6, 55, N/A, 60.36, 32|
18:15:14 0, 57, N/A, 65.62, 36|1, 55, N/A, 68.58, 36|2, 58, N/A, 81.60, 36|3, 55, N/A, 56.01, 36|4, 55, N/A, 58.50, 32|5, 59, N/A, 58.26, 32|6, 56, N/A, 62.88, 32|
18:15:16 0, 57, N/A, 67.80, 37|1, 55, N/A, 71.98, 37|2, 58, N/A, 78.82, 36|3, 55, N/A, 54.50, 37|4, 55, N/A, 57.76, 32|5, 59, N/A, 56.26, 32|6, 56, N/A, 59.41, 33|
18:15:18 0, 57, N/A, 68.57, 37|1, 55, N/A, 78.40, 36|2, 58, N/A, 85.00, 36|3, 55, N/A, 56.74, 36|4, 55, N/A, 58.00, 32|5, 59, N/A, 57.52, 32|6, 55, N/A, 61.66, 32|
18:15:20 0, 57, N/A, 63.11, 36|1, 55, N/A, 70.51, 36|2, 58, N/A, 76.61, 36|3, 55, N/A, 54.07, 36|4, 55, N/A, 57.52, 32|5, 59, N/A, 57.55, 32|6, 56, N/A, 62.39, 32|
18:15:22 0, 57, N/A, 63.90, 36|1, 55, N/A, 70.29, 36|2, 58, N/A, 78.37, 36|3, 55, N/A, 55.27, 36|4, 55, N/A, 57.23, 32|5, 59, N/A, 56.75, 32|6, 55, N/A, 59.16, 33|
18:15:24 0, 57, N/A, 67.83, 36|1, 55, N/A, 70.50, 36|2, 58, N/A, 79.10, 36|3, 55, N/A, 55.30, 36|4, 55, N/A, 58.25, 32|5, 59, N/A, 58.26, 32|6, 56, N/A, 61.94, 33|
18:15:26 0, 57, N/A, 65.14, 36|1, 55, N/A, 71.49, 36|2, 58, N/A, 85.50, 36|3, 55, N/A, 57.76, 36|4, 55, N/A, 58.47, 32|5, 59, N/A, 57.80, 32|6, 55, N/A, 58.18, 32|
18:15:28 0, 57, N/A, 65.87, 37|1, 55, N/A, 69.57, 36|2, 58, N/A, 80.12, 36|3, 55, N/A, 55.76, 36|4, 55, N/A, 57.70, 32|5, 59, N/A, 62.22, 32|6, 55, N/A, 62.60, 33|
18:15:30 0, 57, N/A, 62.89, 36|1, 55, N/A, 67.07, 36|2, 58, N/A, 78.82, 36|3, 55, N/A, 56.04, 36|4, 55, N/A, 55.80, 32|5, 59, N/A, 56.01, 32|6, 55, N/A, 61.62, 32|
18:15:32 0, 57, N/A, 64.89, 35|1, 55, N/A, 68.83, 35|2, 58, N/A, 77.89, 35|3, 55, N/A, 55.51, 35|4, 55, N/A, 55.76, 31|5, 59, N/A, 56.50, 31|6, 55, N/A, 59.66, 31|
18:15:34 0, 57, N/A, 68.82, 36|1, 56, N/A, 73.24, 36|2, 58, N/A, 81.07, 36|3, 55, N/A, 56.04, 36|4, 55, N/A, 56.44, 32|5, 59, N/A, 58.78, 32|6, 56, N/A, 59.69, 33|
18:15:37 0, 57, N/A, 64.36, 36|1, 56, N/A, 72.71, 36|2, 58, N/A, 80.33, 36|3, 55, N/A, 60.71, 36|4, 55, N/A, 59.69, 32|5, 59, N/A, 60.50, 32|6, 55, N/A, 63.34, 33|
18:15:39 0, 57, N/A, 66.57, 36|1, 56, N/A, 70.83, 36|2, 58, N/A, 78.86, 36|3, 55, N/A, 56.01, 36|4, 55, N/A, 56.99, 32|5, 59, N/A, 63.13, 32|6, 55, N/A, 63.79, 32|
18:15:41 0, 57, N/A, 64.15, 36|1, 56, N/A, 68.33, 36|2, 58, N/A, 78.86, 36|3, 55, N/A, 56.04, 36|4, 55, N/A, 58.26, 32|5, 59, N/A, 57.76, 32|6, 55, N/A, 60.15, 32|
18:15:43 0, 57, N/A, 64.12, 36|1, 56, N/A, 71.08, 36|2, 58, N/A, 79.15, 36|3, 55, N/A, 55.79, 36|4, 55, N/A, 58.99, 32|5, 59, N/A, 57.80, 32|6, 55, N/A, 60.67, 33|
18:15:45 0, 57, N/A, 63.17, 35|1, 56, N/A, 68.09, 34|2, 58, N/A, 76.44, 35|3, 55, N/A, 53.79, 35|4, 55, N/A, 56.29, 31|5, 59, N/A, 55.06, 31|6, 55, N/A, 68.00, 32|
18:15:47 0, 57, N/A, 62.93, 36|1, 56, N/A, 67.87, 36|2, 58, N/A, 78.66, 36|3, 55, N/A, 53.33, 35|4, 55, N/A, 56.26, 32|5, 59, N/A, 54.78, 32|6, 55, N/A, 58.92, 33|
18:15:49 0, 57, N/A, 68.08, 37|1, 56, N/A, 72.01, 36|2, 58, N/A, 77.89, 36|3, 55, N/A, 53.79, 37|4, 55, N/A, 56.53, 32|5, 59, N/A, 54.85, 31|6, 56, N/A, 59.17, 32|
18:15:51 0, 57, N/A, 63.94, 35|1, 56, N/A, 73.46, 36|2, 58, N/A, 81.08, 36|3, 55, N/A, 55.03, 35|4, 55, N/A, 55.77, 32|5, 59, N/A, 57.31, 32|6, 55, N/A, 57.91, 32|
18:15:53 0, 57, N/A, 64.43, 37|1, 56, N/A, 70.30, 36|2, 58, N/A, 79.65, 36|3, 55, N/A, 54.81, 36|4, 55, N/A, 58.23, 32|5, 59, N/A, 59.77, 32|6, 55, N/A, 64.99, 33|
18:15:55 0, 57, N/A, 67.91, 36|1, 56, N/A, 65.60, 36|2, 58, N/A, 78.46, 35|3, 55, N/A, 53.77, 35|4, 55, N/A, 57.02, 32|5, 59, N/A, 58.08, 31|6, 55, N/A, 61.14, 32|
18:15:57 0, 57, N/A, 66.61, 36|1, 56, N/A, 75.92, 36|2, 58, N/A, 81.03, 35|3, 55, N/A, 56.22, 36|4, 55, N/A, 57.97, 31|5, 59, N/A, 57.76, 31|6, 55, N/A, 57.66, 32|
18:16:00 0, 57, N/A, 67.83, 36|1, 56, N/A, 73.04, 36|2, 58, N/A, 88.44, 36|3, 55, N/A, 58.95, 36|4, 55, N/A, 57.21, 32|5, 59, N/A, 59.48, 32|6, 55, N/A, 59.65, 32|
18:16:02 0, 57, N/A, 65.63, 36|1, 56, N/A, 71.29, 36|2, 58, N/A, 80.14, 35|3, 55, N/A, 55.27, 36|4, 55, N/A, 58.01, 32|5, 59, N/A, 58.78, 32|6, 55, N/A, 61.35, 32|
18:16:04 0, 57, N/A, 64.93, 36|1, 56, N/A, 70.34, 36|2, 59, N/A, 80.88, 36|3, 55, N/A, 55.55, 36|4, 55, N/A, 58.29, 32|5, 59, N/A, 57.56, 32|6, 55, N/A, 61.20, 32|
18:16:06 0, 57, N/A, 63.15, 36|1, 56, N/A, 72.83, 36|2, 58, N/A, 78.45, 36|3, 55, N/A, 55.06, 36|4, 55, N/A, 56.51, 32|5, 59, N/A, 58.05, 32|6, 55, N/A, 59.94, 33|
18:16:08 0, 57, N/A, 66.61, 23|1, 56, N/A, 68.83, 34|2, 58, N/A, 80.88, 34|3, 55, N/A, 63.58, 24|4, 55, N/A, 58.71, 22|5, 59, N/A, 60.46, 26|6, 55, N/A, 64.78, 26|
18:16:10 0, 57, N/A, 64.89, 36|1, 56, N/A, 72.26, 36|2, 58, N/A, 80.59, 36|3, 55, N/A, 64.11, 33|4, 55, N/A, 60.92, 31|5, 59, N/A, 62.89, 30|6, 56, N/A, 66.71, 31|
18:16:12 0, 57, N/A, 67.07, 36|1, 56, N/A, 70.33, 37|2, 59, N/A, 79.84, 36|3, 55, N/A, 54.53, 36|4, 55, N/A, 58.74, 32|5, 59, N/A, 58.50, 32|6, 55, N/A, 61.13, 33|
18:16:14 0, 57, N/A, 67.34, 36|1, 56, N/A, 71.04, 36|2, 59, N/A, 80.83, 36|3, 55, N/A, 55.79, 36|4, 55, N/A, 56.51, 32|5, 59, N/A, 56.78, 32|6, 55, N/A, 59.97, 33|
18:16:16 0, 57, N/A, 69.52, 36|1, 56, N/A, 70.76, 36|2, 59, N/A, 80.18, 36|3, 55, N/A, 57.72, 36|4, 55, N/A, 59.23, 32|5, 59, N/A, 57.52, 32|6, 55, N/A, 58.89, 33|
18:16:18 0, 58, N/A, 66.82, 36|1, 56, N/A, 71.49, 36|2, 59, N/A, 88.63, 36|3, 55, N/A, 58.95, 36|4, 55, N/A, 60.18, 32|5, 59, N/A, 58.47, 32|6, 55, N/A, 62.60, 32|
18:16:20 0, 58, N/A, 66.85, 36|1, 56, N/A, 72.83, 36|2, 59, N/A, 76.66, 35|3, 55, N/A, 54.51, 35|4, 55, N/A, 57.02, 32|5, 59, N/A, 59.77, 31|6, 55, N/A, 60.67, 32|
18:16:22 0, 58, N/A, 67.34, 36|1, 56, N/A, 70.31, 36|2, 59, N/A, 78.86, 36|3, 55, N/A, 54.29, 36|4, 55, N/A, 57.98, 32|5, 59, N/A, 58.75, 32|6, 55, N/A, 61.38, 32|
18:16:25 0, 58, N/A, 66.61, 37|1, 56, N/A, 71.29, 36|2, 59, N/A, 77.63, 36|3, 55, N/A, 54.04, 36|4, 55, N/A, 57.51, 32|5, 59, N/A, 58.01, 32|6, 55, N/A, 58.43, 33|
18:16:27 0, 58, N/A, 66.82, 36|1, 56, N/A, 73.24, 36|2, 59, N/A, 80.58, 35|3, 55, N/A, 55.51, 36|4, 55, N/A, 55.98, 32|5, 59, N/A, 56.99, 32|6, 55, N/A, 58.95, 32|
18:16:29 0, 58, N/A, 65.87, 37|1, 56, N/A, 72.26, 36|2, 59, N/A, 80.83, 36|3, 55, N/A, 59.20, 36|4, 55, N/A, 59.42, 32|5, 59, N/A, 59.94, 32|6, 55, N/A, 63.13, 32|
18:16:31 0, 58, N/A, 66.13, 36|1, 56, N/A, 69.32, 36|2, 59, N/A, 80.38, 36|3, 55, N/A, 55.52, 36|4, 55, N/A, 58.00, 32|5, 59, N/A, 59.27, 32|6, 55, N/A, 60.91, 32|
18:16:33 0, 58, N/A, 65.11, 36|1, 56, N/A, 67.81, 36|2, 59, N/A, 78.86, 36|3, 55, N/A, 54.78, 36|4, 55, N/A, 56.51, 31|5, 59, N/A, 56.78, 32|6, 55, N/A, 59.41, 32|
18:16:35 0, 58, N/A, 65.87, 36|1, 56, N/A, 71.53, 36|2, 59, N/A, 81.12, 35|3, 55, N/A, 56.99, 36|4, 55, N/A, 58.71, 32|5, 59, N/A, 61.42, 31|6, 55, N/A, 64.32, 32|
18:16:37 0, 58, N/A, 65.62, 36|1, 56, N/A, 70.54, 36|2, 59, N/A, 80.38, 36|3, 55, N/A, 56.04, 36|4, 55, N/A, 57.49, 32|5, 59, N/A, 59.24, 32|6, 55, N/A, 62.60, 32|
18:16:39 0, 58, N/A, 64.61, 36|1, 56, N/A, 69.56, 36|2, 59, N/A, 79.35, 35|3, 55, N/A, 55.76, 36|4, 55, N/A, 57.24, 32|5, 59, N/A, 57.02, 31|6, 55, N/A, 58.67, 32|
18:16:41 0, 58, N/A, 64.89, 36|1, 56, N/A, 69.31, 36|2, 59, N/A, 81.12, 36|3, 55, N/A, 54.78, 36|4, 55, N/A, 56.75, 32|5, 59, N/A, 58.00, 32|6, 55, N/A, 62.61, 32|
18:16:43 0, 58, N/A, 66.85, 36|1, 56, N/A, 71.77, 36|2, 59, N/A, 78.42, 36|3, 55, N/A, 54.56, 36|4, 55, N/A, 58.74, 32|5, 59, N/A, 58.26, 31|6, 55, N/A, 60.92, 33|
18:16:45 0, 58, N/A, 66.85, 36|1, 56, N/A, 75.96, 36|2, 59, N/A, 83.05, 36|3, 55, N/A, 57.70, 36|4, 55, N/A, 57.27, 32|5, 59, N/A, 58.01, 32|6, 55, N/A, 58.95, 32|
18:16:47 0, 58, N/A, 65.39, 36|1, 56, N/A, 70.55, 37|2, 59, N/A, 83.98, 36|3, 55, N/A, 58.25, 36|4, 55, N/A, 58.96, 33|5, 59, N/A, 57.77, 32|6, 55, N/A, 61.94, 33|
18:16:50 0, 58, N/A, 66.37, 36|1, 57, N/A, 69.57, 36|2, 59, N/A, 79.11, 35|3, 55, N/A, 55.76, 36|4, 55, N/A, 58.23, 32|5, 59, N/A, 58.99, 32|6, 55, N/A, 64.12, 32|
18:16:52 0, 58, N/A, 66.37, 37|1, 56, N/A, 70.05, 36|2, 59, N/A, 80.58, 36|3, 55, N/A, 56.04, 36|4, 55, N/A, 57.24, 32|5, 59, N/A, 56.53, 32|6, 55, N/A, 58.86, 32|
18:16:54 0, 58, N/A, 67.83, 36|1, 57, N/A, 70.82, 36|2, 59, N/A, 80.34, 35|3, 55, N/A, 54.53, 36|4, 55, N/A, 57.02, 32|5, 59, N/A, 57.52, 31|6, 55, N/A, 59.84, 32|
18:16:56 0, 58, N/A, 66.85, 37|1, 56, N/A, 76.45, 36|2, 59, N/A, 82.83, 36|3, 55, N/A, 58.99, 36|4, 55, N/A, 58.96, 32|5, 59, N/A, 57.80, 32|6, 55, N/A, 60.67, 32|
18:16:58 0, 58, N/A, 66.62, 36|1, 57, N/A, 72.80, 36|2, 59, N/A, 78.62, 35|3, 55, N/A, 54.78, 36|4, 55, N/A, 57.05, 32|5, 59, N/A, 56.78, 32|6, 55, N/A, 62.68, 32|
18:17:00 0, 58, N/A, 64.64, 36|1, 57, N/A, 69.81, 36|2, 59, N/A, 79.85, 36|3, 55, N/A, 54.78, 36|4, 55, N/A, 58.26, 32|5, 59, N/A, 56.99, 32|6, 55, N/A, 59.90, 33|
18:17:02 0, 58, N/A, 62.90, 37|1, 57, N/A, 70.31, 36|2, 59, N/A, 78.58, 36|3, 55, N/A, 54.01, 36|4, 55, N/A, 57.52, 32|5, 59, N/A, 57.77, 32|6, 55, N/A, 58.19, 32|
18:17:04 0, 58, N/A, 71.28, 37|1, 57, N/A, 75.18, 36|2, 59, N/A, 81.56, 36|3, 55, N/A, 54.75, 36|4, 55, N/A, 57.51, 32|5, 59, N/A, 59.52, 32|6, 55, N/A, 61.44, 32|
18:17:06 0, 58, N/A, 65.10, 36|1, 57, N/A, 70.79, 36|2, 59, N/A, 82.09, 36|3, 55, N/A, 57.23, 36|4, 55, N/A, 62.15, 32|5, 59, N/A, 61.70, 32|6, 55, N/A, 62.82, 32|
18:17:08 0, 58, N/A, 65.62, 36|1, 57, N/A, 69.80, 36|2, 59, N/A, 80.58, 36|3, 55, N/A, 54.32, 36|4, 55, N/A, 57.00, 32|5, 59, N/A, 56.53, 32|6, 55, N/A, 62.64, 32|
18:17:10 0, 58, N/A, 67.10, 36|1, 57, N/A, 69.04, 36|2, 59, N/A, 79.15, 35|3, 55, N/A, 55.06, 36|4, 55, N/A, 55.80, 32|5, 59, N/A, 55.06, 31|6, 55, N/A, 56.47, 31|
18:17:12 0, 58, N/A, 64.90, 36|1, 57, N/A, 69.36, 36|2, 60, N/A, 80.63, 36|3, 55, N/A, 55.55, 36|4, 55, N/A, 59.24, 32|5, 59, N/A, 57.76, 32|6, 55, N/A, 61.38, 32|
18:17:15 0, 58, N/A, 67.36, 36|1, 57, N/A, 73.54, 36|2, 59, N/A, 80.63, 36|3, 55, N/A, 56.04, 36|4, 55, N/A, 55.53, 32|5, 59, N/A, 56.81, 32|6, 55, N/A, 58.19, 33|
18:17:17 0, 58, N/A, 64.61, 36|1, 57, N/A, 72.71, 36|2, 59, N/A, 82.99, 36|3, 55, N/A, 58.67, 36|4, 55, N/A, 60.22, 32|5, 59, N/A, 60.19, 31|6, 55, N/A, 60.15, 33|
18:17:19 0, 58, N/A, 64.68, 36|1, 57, N/A, 70.79, 36|2, 60, N/A, 81.36, 35|3, 55, N/A, 54.53, 36|4, 55, N/A, 58.24, 32|5, 59, N/A, 59.20, 32|6, 55, N/A, 66.07, 32|
18:17:21 0, 58, N/A, 63.13, 35|1, 57, N/A, 73.33, 35|2, 60, N/A, 79.36, 34|3, 55, N/A, 54.29, 35|4, 55, N/A, 57.02, 31|5, 59, N/A, 57.76, 31|6, 55, N/A, 57.42, 31|
18:17:23 0, 58, N/A, 64.39, 33|1, 57, N/A, 71.28, 34|2, 60, N/A, 78.61, 33|3, 55, N/A, 55.76, 33|4, 55, N/A, 57.46, 29|5, 59, N/A, 57.52, 30|6, 55, N/A, 57.90, 30|
18:17:25 0, 58, N/A, 67.31, 36|1, 57, N/A, 71.77, 35|2, 60, N/A, 84.96, 35|3, 55, N/A, 57.97, 35|4, 55, N/A, 58.95, 31|5, 59, N/A, 60.46, 31|6, 55, N/A, 60.08, 32|
18:17:27 0, 58, N/A, 65.38, 37|1, 57, N/A, 69.06, 36|2, 60, N/A, 80.83, 36|3, 55, N/A, 55.51, 36|4, 55, N/A, 59.72, 32|5, 59, N/A, 58.99, 32|6, 55, N/A, 65.97, 32|
18:17:29 0, 58, N/A, 66.61, 37|1, 57, N/A, 70.79, 36|2, 60, N/A, 81.33, 36|3, 55, N/A, 55.27, 36|4, 55, N/A, 56.47, 32|5, 59, N/A, 58.01, 32|6, 55, N/A, 61.10, 32|
18:17:31 0, 58, N/A, 64.65, 37|1, 57, N/A, 70.62, 36|2, 60, N/A, 80.91, 36|3, 55, N/A, 55.52, 36|4, 55, N/A, 57.03, 32|5, 59, N/A, 56.78, 32|6, 55, N/A, 60.18, 32|
18:17:33 0, 58, N/A, 65.10, 36|1, 57, N/A, 70.05, 36|2, 60, N/A, 78.86, 36|3, 55, N/A, 56.04, 36|4, 55, N/A, 58.25, 32|5, 59, N/A, 58.28, 32|6, 55, N/A, 58.89, 32|
18:17:35 0, 58, N/A, 42.82, 74|1, 56, N/A, 46.76, 34|2, 59, N/A, 54.11, 55|3, 54, N/A, 40.58, 71|4, 54, N/A, 41.07, 65|5, 58, N/A, 37.65, 33|6, 55, N/A, 44.00, 66|
18:17:37 0, 57, N/A, 41.34, 0|1, 56, N/A, 45.28, 0|2, 59, N/A, 53.37, 0|3, 54, N/A, 40.83, 0|4, 54, N/A, 42.55, 0|5, 58, N/A, 42.58, 0|6, 55, N/A, 44.00, 0|
