17:10:54 0, 54, N/A, 29.30, 0|1, 52, N/A, 37.67, 0|2, 55, N/A, 34.72, 0|3, 55, N/A, 30.27, 0|4, 54, N/A, 31.01, 0|5, 39, N/A, 26.84, 0|6, 36, N/A, 28.04, 0|
17:10:56 0, 54, N/A, 35.71, 0|1, 52, N/A, 38.17, 0|2, 54, N/A, 41.59, 0|3, 55, N/A, 36.42, 0|4, 54, N/A, 37.65, 0|5, 39, N/A, 32.75, 0|6, 36, N/A, 28.04, 0|
17:10:58 0, 54, N/A, 35.71, 11|1, 52, N/A, 38.19, 14|2, 54, N/A, 41.62, 13|3, 54, N/A, 36.42, 11|4, 54, N/A, 37.43, 13|5, 40, N/A, 32.77, 13|6, 36, N/A, 28.05, 0|
17:11:00 0, 53, N/A, 35.73, 13|1, 51, N/A, 38.44, 11|2, 54, N/A, 41.37, 17|3, 54, N/A, 36.20, 11|4, 53, N/A, 37.19, 12|5, 40, N/A, 32.77, 12|6, 36, N/A, 28.06, 0|
17:11:02 0, 53, N/A, 35.73, 0|1, 51, N/A, 37.95, 11|2, 54, N/A, 41.37, 8|3, 54, N/A, 36.20, 4|4, 53, N/A, 37.19, 15|5, 40, N/A, 32.77, 14|6, 37, N/A, 28.06, 0|
17:11:04 0, 53, N/A, 37.68, 0|1, 51, N/A, 38.19, 0|2, 54, N/A, 41.12, 0|3, 54, N/A, 36.18, 0|4, 53, N/A, 37.19, 0|5, 40, N/A, 32.77, 0|6, 37, N/A, 28.05, 0|
17:11:06 0, 55, N/A, 70.80, 44|1, 53, N/A, 75.71, 44|2, 55, N/A, 83.54, 41|3, 55, N/A, 72.22, 40|4, 54, N/A, 65.10, 40|5, 41, N/A, 61.94, 40|6, 37, N/A, 27.79, 0|
17:11:08 0, 55, N/A, 71.29, 44|1, 53, N/A, 75.70, 44|2, 55, N/A, 84.56, 40|3, 56, N/A, 69.48, 40|4, 54, N/A, 63.35, 39|5, 42, N/A, 58.26, 39|6, 37, N/A, 28.02, 0|
17:11:11 0, 55, N/A, 72.50, 43|1, 53, N/A, 75.95, 44|2, 56, N/A, 85.45, 40|3, 56, N/A, 72.38, 39|4, 54, N/A, 71.24, 39|5, 42, N/A, 61.67, 39|6, 37, N/A, 27.77, 0|
17:11:13 0, 55, N/A, 70.06, 44|1, 53, N/A, 77.47, 44|2, 56, N/A, 84.76, 41|3, 56, N/A, 72.71, 40|4, 54, N/A, 62.92, 39|5, 42, N/A, 59.76, 39|6, 37, N/A, 28.03, 0|
17:11:15 0, 55, N/A, 72.75, 44|1, 53, N/A, 75.67, 44|2, 56, N/A, 86.00, 41|3, 56, N/A, 71.44, 40|4, 54, N/A, 65.60, 39|5, 42, N/A, 63.17, 39|6, 37, N/A, 28.02, 0|
17:11:17 0, 56, N/A, 71.29, 43|1, 54, N/A, 75.47, 44|2, 56, N/A, 84.56, 41|3, 56, N/A, 71.45, 40|4, 55, N/A, 63.91, 39|5, 43, N/A, 59.76, 39|6, 37, N/A, 28.02, 0|
17:11:19 0, 56, N/A, 74.52, 43|1, 54, N/A, 85.30, 44|2, 56, N/A, 90.71, 41|3, 56, N/A, 74.68, 40|4, 55, N/A, 63.39, 40|5, 43, N/A, 59.77, 39|6, 37, N/A, 28.05, 0|
17:11:21 0, 56, N/A, 70.84, 43|1, 54, N/A, 75.27, 43|2, 56, N/A, 84.86, 40|3, 56, N/A, 70.01, 39|4, 55, N/A, 63.92, 38|5, 43, N/A, 58.30, 39|6, 37, N/A, 28.05, 0|
17:11:23 0, 56, N/A, 77.96, 43|1, 54, N/A, 80.43, 44|2, 56, N/A, 90.72, 41|3, 56, N/A, 72.72, 39|4, 55, N/A, 66.66, 38|5, 43, N/A, 60.51, 39|6, 37, N/A, 28.05, 0|
17:11:25 0, 56, N/A, 70.34, 44|1, 54, N/A, 76.46, 44|2, 57, N/A, 83.84, 41|3, 56, N/A, 71.00, 39|4, 55, N/A, 65.87, 39|5, 43, N/A, 60.26, 39|6, 37, N/A, 28.05, 0|
17:11:27 0, 56, N/A, 76.99, 44|1, 54, N/A, 79.21, 44|2, 57, N/A, 89.04, 41|3, 57, N/A, 72.52, 40|4, 55, N/A, 66.66, 38|5, 44, N/A, 59.81, 39|6, 37, N/A, 28.05, 0|
17:11:29 0, 56, N/A, 71.38, 44|1, 54, N/A, 75.56, 44|2, 57, N/A, 86.15, 41|3, 57, N/A, 70.06, 40|4, 55, N/A, 65.44, 38|5, 44, N/A, 60.05, 39|6, 37, N/A, 28.07, 0|
17:11:31 0, 56, N/A, 73.55, 44|1, 54, N/A, 77.98, 44|2, 57, N/A, 86.84, 41|3, 57, N/A, 71.04, 40|4, 55, N/A, 65.44, 39|5, 44, N/A, 59.07, 40|6, 37, N/A, 28.05, 0|
17:11:33 0, 56, N/A, 71.54, 43|1, 54, N/A, 75.27, 44|2, 57, N/A, 85.36, 41|3, 57, N/A, 72.26, 39|4, 55, N/A, 65.92, 38|5, 44, N/A, 59.31, 39|6, 37, N/A, 28.05, 0|
17:11:36 0, 56, N/A, 72.56, 44|1, 54, N/A, 77.73, 44|2, 57, N/A, 86.05, 41|3, 57, N/A, 71.78, 40|4, 55, N/A, 66.38, 39|5, 45, N/A, 60.09, 40|6, 37, N/A, 28.30, 0|
17:11:38 0, 57, N/A, 73.55, 43|1, 55, N/A, 79.94, 44|2, 57, N/A, 93.96, 40|3, 57, N/A, 73.21, 40|4, 55, N/A, 69.36, 38|5, 45, N/A, 60.30, 39|6, 37, N/A, 28.05, 0|
17:11:40 0, 57, N/A, 72.32, 44|1, 55, N/A, 78.01, 44|2, 57, N/A, 86.54, 41|3, 57, N/A, 72.23, 40|4, 55, N/A, 66.90, 38|5, 45, N/A, 60.26, 39|6, 37, N/A, 28.05, 0|
17:11:42 0, 57, N/A, 74.32, 44|1, 55, N/A, 78.96, 44|2, 57, N/A, 92.20, 41|3, 57, N/A, 74.48, 40|4, 55, N/A, 67.64, 38|5, 45, N/A, 59.81, 39|6, 37, N/A, 28.05, 0|
17:11:44 0, 57, N/A, 72.07, 44|1, 55, N/A, 76.01, 44|2, 58, N/A, 87.76, 41|3, 57, N/A, 71.77, 40|4, 55, N/A, 66.13, 39|5, 45, N/A, 59.52, 39|6, 37, N/A, 28.05, 0|
17:11:46 0, 57, N/A, 70.80, 42|1, 55, N/A, 75.02, 42|2, 58, N/A, 86.29, 39|3, 57, N/A, 71.04, 38|4, 55, N/A, 66.13, 37|5, 45, N/A, 66.62, 38|6, 37, N/A, 28.30, 0|
17:11:48 0, 57, N/A, 72.03, 44|1, 55, N/A, 77.73, 43|2, 58, N/A, 87.06, 41|3, 57, N/A, 69.03, 40|4, 56, N/A, 63.42, 38|5, 46, N/A, 58.05, 39|6, 37, N/A, 28.28, 0|
17:11:50 0, 57, N/A, 69.40, 43|1, 55, N/A, 76.29, 44|2, 58, N/A, 85.11, 40|3, 57, N/A, 69.07, 38|4, 56, N/A, 64.16, 38|5, 46, N/A, 60.73, 38|6, 37, N/A, 28.30, 0|
17:11:52 0, 57, N/A, 74.57, 44|1, 55, N/A, 77.52, 44|2, 58, N/A, 86.34, 41|3, 57, N/A, 72.56, 40|4, 56, N/A, 67.36, 38|5, 46, N/A, 61.74, 38|6, 37, N/A, 28.05, 0|
17:11:54 0, 57, N/A, 75.80, 44|1, 55, N/A, 77.98, 44|2, 58, N/A, 89.04, 41|3, 58, N/A, 71.04, 40|4, 56, N/A, 66.13, 38|5, 46, N/A, 62.76, 38|6, 37, N/A, 28.30, 0|
17:11:56 0, 57, N/A, 73.06, 43|1, 55, N/A, 77.48, 44|2, 58, N/A, 98.39, 41|3, 58, N/A, 75.92, 40|4, 56, N/A, 69.11, 38|5, 46, N/A, 64.02, 38|6, 37, N/A, 28.32, 0|
17:11:58 0, 57, N/A, 74.53, 44|1, 56, N/A, 78.67, 44|2, 59, N/A, 88.07, 41|3, 58, N/A, 72.72, 40|4, 56, N/A, 68.13, 38|5, 47, N/A, 63.67, 38|6, 38, N/A, 28.05, 0|
17:12:01 0, 57, N/A, 73.34, 44|1, 56, N/A, 77.28, 44|2, 59, N/A, 90.72, 41|3, 58, N/A, 76.15, 40|4, 56, N/A, 70.52, 38|5, 47, N/A, 65.46, 38|6, 37, N/A, 28.30, 0|
17:12:03 0, 57, N/A, 72.07, 44|1, 56, N/A, 77.23, 44|2, 59, N/A, 86.09, 41|3, 58, N/A, 72.47, 40|4, 56, N/A, 65.43, 39|5, 47, N/A, 61.00, 39|6, 38, N/A, 28.30, 0|
17:12:05 0, 57, N/A, 73.79, 44|1, 56, N/A, 77.73, 45|2, 59, N/A, 88.06, 41|3, 58, N/A, 70.01, 40|4, 56, N/A, 67.61, 39|5, 47, N/A, 62.73, 39|6, 37, N/A, 28.30, 0|
17:12:07 0, 57, N/A, 72.32, 44|1, 56, N/A, 78.22, 45|2, 59, N/A, 89.78, 41|3, 58, N/A, 77.14, 40|4, 56, N/A, 69.29, 39|5, 47, N/A, 66.16, 39|6, 38, N/A, 28.30, 0|
17:12:09 0, 58, N/A, 72.32, 43|1, 56, N/A, 79.01, 44|2, 59, N/A, 88.06, 40|3, 58, N/A, 70.79, 39|4, 56, N/A, 67.64, 38|5, 48, N/A, 63.50, 38|6, 37, N/A, 28.30, 0|
17:12:11 0, 57, N/A, 47.28, 79|1, 55, N/A, 49.74, 73|2, 58, N/A, 56.64, 52|3, 57, N/A, 65.63, 42|4, 55, N/A, 40.61, 33|5, 47, N/A, 39.38, 25|6, 38, N/A, 28.30, 0|
17:12:13 0, 57, N/A, 71.09, 87|1, 55, N/A, 50.23, 87|2, 58, N/A, 64.24, 67|3, 57, N/A, 49.66, 50|4, 56, N/A, 43.31, 33|5, 47, N/A, 59.52, 35|6, 38, N/A, 28.28, 0|
17:12:15 0, 57, N/A, 64.44, 84|1, 55, N/A, 90.95, 87|2, 58, N/A, 57.55, 62|3, 57, N/A, 57.27, 48|4, 55, N/A, 56.05, 33|5, 47, N/A, 36.67, 36|6, 38, N/A, 28.28, 0|
17:12:17 0, 57, N/A, 55.10, 88|1, 55, N/A, 49.71, 86|2, 58, N/A, 109.69, 67|3, 57, N/A, 84.40, 51|4, 56, N/A, 83.92, 32|5, 47, N/A, 62.43, 37|6, 38, N/A, 28.26, 0|
17:12:19 0, 57, N/A, 51.89, 85|1, 55, N/A, 53.62, 86|2, 58, N/A, 96.98, 62|3, 57, N/A, 83.71, 47|4, 56, N/A, 92.76, 36|5, 47, N/A, 62.19, 36|6, 38, N/A, 28.26, 0|
17:12:21 0, 57, N/A, 81.56, 88|1, 55, N/A, 68.12, 86|2, 58, N/A, 65.39, 66|3, 57, N/A, 50.38, 50|4, 55, N/A, 50.14, 34|5, 48, N/A, 40.33, 36|6, 38, N/A, 28.26, 0|
17:12:24 0, 57, N/A, 52.38, 85|1, 55, N/A, 66.61, 87|2, 58, N/A, 94.76, 64|3, 57, N/A, 68.00, 51|4, 56, N/A, 72.43, 33|5, 47, N/A, 52.14, 36|6, 38, N/A, 28.26, 0|
17:12:26 0, 57, N/A, 65.39, 87|1, 55, N/A, 60.99, 84|2, 58, N/A, 61.74, 65|3, 57, N/A, 51.83, 52|4, 56, N/A, 48.42, 32|5, 48, N/A, 73.25, 33|6, 38, N/A, 28.26, 0|
17:12:28 0, 57, N/A, 90.59, 90|1, 55, N/A, 88.93, 87|2, 58, N/A, 68.58, 64|3, 57, N/A, 52.35, 54|4, 56, N/A, 53.83, 34|5, 48, N/A, 41.32, 35|6, 38, N/A, 28.26, 0|
17:12:30 0, 57, N/A, 64.15, 87|1, 55, N/A, 60.99, 83|2, 58, N/A, 62.72, 67|3, 57, N/A, 56.74, 47|4, 56, N/A, 56.26, 34|5, 48, N/A, 68.08, 34|6, 38, N/A, 28.26, 0|
17:12:32 0, 57, N/A, 51.89, 91|1, 55, N/A, 66.11, 87|2, 58, N/A, 95.02, 65|3, 57, N/A, 69.96, 50|4, 56, N/A, 74.15, 34|5, 48, N/A, 51.13, 37|6, 38, N/A, 28.26, 0|
17:12:34 0, 57, N/A, 83.73, 89|1, 55, N/A, 72.01, 83|2, 58, N/A, 67.60, 67|3, 57, N/A, 52.81, 51|4, 56, N/A, 52.84, 36|5, 48, N/A, 42.06, 34|6, 38, N/A, 28.26, 0|
17:12:36 0, 57, N/A, 56.07, 92|1, 56, N/A, 57.30, 84|2, 58, N/A, 105.52, 66|3, 57, N/A, 81.70, 49|4, 56, N/A, 83.68, 29|5, 48, N/A, 56.78, 35|6, 38, N/A, 28.26, 0|
17:12:38 0, 57, N/A, 85.19, 89|1, 55, N/A, 76.68, 86|2, 58, N/A, 69.06, 64|3, 57, N/A, 53.58, 50|4, 56, N/A, 53.34, 38|5, 48, N/A, 43.04, 34|6, 38, N/A, 28.26, 0|
17:12:40 0, 57, N/A, 53.37, 90|1, 55, N/A, 63.38, 85|2, 58, N/A, 95.50, 64|3, 57, N/A, 68.49, 52|4, 56, N/A, 72.71, 32|5, 48, N/A, 51.37, 37|6, 38, N/A, 28.26, 0|
17:12:42 0, 57, N/A, 52.63, 86|1, 55, N/A, 67.31, 86|2, 58, N/A, 92.32, 67|3, 58, N/A, 64.81, 46|4, 56, N/A, 63.63, 33|5, 49, N/A, 50.63, 35|6, 38, N/A, 28.28, 0|
17:12:44 0, 57, N/A, 78.57, 87|1, 55, N/A, 70.55, 85|2, 58, N/A, 55.83, 65|3, 57, N/A, 50.85, 51|4, 56, N/A, 51.13, 38|5, 48, N/A, 59.41, 30|6, 38, N/A, 28.26, 0|
17:12:47 0, 57, N/A, 69.81, 85|1, 55, N/A, 48.72, 85|2, 58, N/A, 100.17, 63|3, 57, N/A, 85.39, 45|4, 56, N/A, 87.61, 36|5, 48, N/A, 63.63, 38|6, 38, N/A, 28.28, 0|
17:12:49 0, 57, N/A, 68.79, 89|1, 55, N/A, 105.08, 83|2, 58, N/A, 56.81, 65|3, 57, N/A, 63.62, 50|4, 56, N/A, 64.36, 36|5, 48, N/A, 36.92, 33|6, 38, N/A, 28.28, 0|
17:12:51 0, 57, N/A, 96.74, 84|1, 55, N/A, 50.66, 86|2, 58, N/A, 74.24, 66|3, 57, N/A, 54.53, 50|4, 56, N/A, 45.01, 36|5, 49, N/A, 43.78, 37|6, 38, N/A, 28.26, 0|
17:12:53 0, 57, N/A, 64.64, 85|1, 55, N/A, 61.98, 85|2, 58, N/A, 61.70, 68|3, 57, N/A, 48.42, 50|4, 56, N/A, 48.67, 33|5, 49, N/A, 40.09, 32|6, 38, N/A, 28.26, 0|
17:12:55 0, 57, N/A, 65.87, 88|1, 55, N/A, 65.42, 87|2, 58, N/A, 61.21, 66|3, 57, N/A, 66.53, 50|4, 56, N/A, 49.41, 36|5, 49, N/A, 68.79, 38|6, 38, N/A, 28.26, 0|
17:12:57 0, 57, N/A, 59.00, 83|1, 55, N/A, 69.32, 88|2, 58, N/A, 61.21, 67|3, 57, N/A, 47.44, 49|4, 56, N/A, 50.64, 32|5, 49, N/A, 52.35, 39|6, 38, N/A, 28.26, 0|
17:12:59 0, 57, N/A, 60.99, 85|1, 56, N/A, 56.84, 85|2, 58, N/A, 66.16, 66|3, 57, N/A, 65.79, 45|4, 56, N/A, 85.64, 40|5, 49, N/A, 51.89, 35|6, 38, N/A, 28.28, 0|
17:13:01 0, 57, N/A, 51.16, 87|1, 56, N/A, 52.88, 83|2, 58, N/A, 100.43, 68|3, 57, N/A, 72.42, 52|4, 56, N/A, 70.02, 30|5, 49, N/A, 52.14, 39|6, 38, N/A, 28.28, 0|
17:13:03 0, 57, N/A, 50.18, 85|1, 55, N/A, 67.34, 86|2, 58, N/A, 96.73, 65|3, 57, N/A, 70.45, 46|4, 56, N/A, 70.01, 36|5, 49, N/A, 51.89, 35|6, 38, N/A, 28.26, 0|
17:13:05 0, 57, N/A, 61.44, 91|1, 55, N/A, 73.98, 81|2, 59, N/A, 70.55, 69|3, 57, N/A, 60.67, 50|4, 56, N/A, 53.10, 32|5, 49, N/A, 41.81, 37|6, 38, N/A, 28.28, 0|
17:13:08 0, 57, N/A, 49.44, 84|1, 55, N/A, 76.68, 86|2, 59, N/A, 72.26, 65|3, 57, N/A, 61.16, 46|4, 56, N/A, 54.33, 34|5, 49, N/A, 41.56, 37|6, 38, N/A, 28.28, 0|
17:13:10 0, 57, N/A, 49.18, 87|1, 55, N/A, 81.81, 82|2, 59, N/A, 88.39, 66|3, 57, N/A, 61.40, 50|4, 56, N/A, 64.61, 33|5, 49, N/A, 48.20, 36|6, 38, N/A, 28.28, 0|
17:13:12 0, 57, N/A, 62.92, 87|1, 56, N/A, 61.49, 86|2, 59, N/A, 67.85, 66|3, 57, N/A, 47.90, 48|4, 56, N/A, 48.42, 38|5, 50, N/A, 57.27, 35|6, 38, N/A, 28.26, 0|
17:13:14 0, 57, N/A, 81.02, 85|1, 55, N/A, 83.28, 86|2, 59, N/A, 76.89, 63|3, 57, N/A, 57.97, 52|4, 56, N/A, 57.03, 35|5, 50, N/A, 45.74, 37|6, 38, N/A, 28.28, 0|
17:13:16 0, 57, N/A, 44.54, 87|1, 56, N/A, 54.57, 85|2, 58, N/A, 106.50, 64|3, 57, N/A, 71.43, 50|4, 56, N/A, 74.15, 38|5, 50, N/A, 57.03, 35|6, 38, N/A, 28.26, 0|
17:13:18 0, 57, N/A, 60.47, 86|1, 56, N/A, 62.93, 87|2, 58, N/A, 62.47, 63|3, 57, N/A, 51.86, 50|4, 56, N/A, 51.37, 36|5, 50, N/A, 63.83, 38|6, 38, N/A, 28.26, 0|
17:13:20 0, 57, N/A, 87.36, 88|1, 56, N/A, 80.08, 85|2, 58, N/A, 70.29, 62|3, 57, N/A, 53.79, 52|4, 56, N/A, 55.56, 33|5, 50, N/A, 43.04, 32|6, 38, N/A, 28.51, 0|
17:13:22 0, 57, N/A, 64.16, 89|1, 56, N/A, 61.73, 84|2, 59, N/A, 63.67, 67|3, 57, N/A, 53.79, 48|4, 56, N/A, 81.02, 38|5, 50, N/A, 53.83, 36|6, 38, N/A, 28.26, 0|
17:13:24 0, 57, N/A, 51.65, 91|1, 55, N/A, 51.65, 86|2, 59, N/A, 91.59, 59|3, 57, N/A, 68.00, 52|4, 56, N/A, 66.57, 38|5, 50, N/A, 50.17, 32|6, 38, N/A, 28.53, 0|
17:13:26 0, 57, N/A, 88.38, 85|1, 55, N/A, 81.56, 85|2, 59, N/A, 70.31, 64|3, 57, N/A, 52.84, 47|4, 56, N/A, 53.34, 35|5, 50, N/A, 43.28, 34|6, 38, N/A, 28.26, 0|
17:13:29 0, 57, N/A, 51.16, 88|1, 56, N/A, 52.63, 84|2, 59, N/A, 105.04, 63|3, 57, N/A, 72.13, 49|4, 56, N/A, 74.15, 38|5, 50, N/A, 59.97, 29|6, 38, N/A, 28.51, 0|
17:13:31 0, 57, N/A, 59.97, 86|1, 56, N/A, 97.96, 71|2, 59, N/A, 88.19, 59|3, 57, N/A, 59.94, 48|4, 56, N/A, 63.63, 32|5, 50, N/A, 49.68, 32|6, 38, N/A, 28.53, 0|
17:13:33 0, 57, N/A, 76.40, 85|1, 56, N/A, 73.75, 86|2, 59, N/A, 56.07, 58|3, 57, N/A, 59.66, 51|4, 56, N/A, 55.52, 34|5, 50, N/A, 71.45, 33|6, 38, N/A, 28.26, 0|
17:13:35 0, 57, N/A, 55.27, 75|1, 56, N/A, 93.54, 72|2, 59, N/A, 79.10, 55|3, 57, N/A, 57.48, 41|4, 56, N/A, 59.45, 36|5, 50, N/A, 45.25, 33|6, 39, N/A, 28.28, 0|
17:13:37 0, 57, N/A, 67.07, 87|1, 56, N/A, 75.21, 83|2, 59, N/A, 64.65, 65|3, 57, N/A, 49.89, 52|4, 56, N/A, 54.57, 30|5, 50, N/A, 40.58, 40|6, 39, N/A, 28.26, 0|
17:13:39 0, 57, N/A, 81.36, 69|1, 56, N/A, 61.49, 86|2, 59, N/A, 62.68, 63|3, 57, N/A, 51.86, 37|4, 56, N/A, 48.18, 32|5, 50, N/A, 40.83, 29|6, 38, N/A, 28.26, 0|
17:13:41 0, 57, N/A, 65.10, 88|1, 56, N/A, 93.50, 81|2, 59, N/A, 83.28, 70|3, 57, N/A, 59.69, 51|4, 56, N/A, 62.40, 33|5, 50, N/A, 53.09, 37|6, 39, N/A, 28.26, 0|
17:13:43 0, 57, N/A, 51.38, 90|1, 56, N/A, 55.58, 86|2, 59, N/A, 59.98, 66|3, 57, N/A, 45.96, 50|4, 56, N/A, 47.71, 37|5, 51, N/A, 42.30, 37|6, 39, N/A, 28.51, 0|
17:13:45 0, 57, N/A, 53.59, 83|1, 56, N/A, 56.07, 88|2, 59, N/A, 94.04, 66|3, 57, N/A, 103.18, 43|4, 56, N/A, 48.40, 36|5, 51, N/A, 110.86, 37|6, 39, N/A, 28.51, 0|
17:13:47 0, 57, N/A, 65.63, 88|1, 56, N/A, 76.45, 86|2, 59, N/A, 64.44, 61|3, 57, N/A, 48.91, 51|4, 56, N/A, 53.34, 35|5, 51, N/A, 60.47, 38|6, 39, N/A, 28.51, 0|
17:13:49 0, 57, N/A, 71.98, 89|1, 56, N/A, 69.10, 87|2, 59, N/A, 65.18, 67|3, 57, N/A, 55.55, 45|4, 56, N/A, 49.93, 37|5, 51, N/A, 44.76, 34|6, 39, N/A, 28.26, 0|
17:13:52 0, 57, N/A, 58.99, 91|1, 56, N/A, 58.78, 84|2, 59, N/A, 66.62, 63|3, 57, N/A, 54.53, 50|4, 56, N/A, 47.93, 40|5, 51, N/A, 72.42, 29|6, 39, N/A, 28.51, 0|
17:13:54 0, 57, N/A, 47.71, 88|1, 56, N/A, 124.83, 87|2, 59, N/A, 98.69, 67|3, 57, N/A, 44.49, 47|4, 56, N/A, 72.22, 37|5, 51, N/A, 59.49, 33|6, 39, N/A, 28.51, 0|
17:13:56 0, 57, N/A, 48.20, 86|1, 56, N/A, 54.32, 85|2, 59, N/A, 96.48, 67|3, 57, N/A, 71.19, 50|4, 56, N/A, 76.15, 32|5, 51, N/A, 59.73, 34|6, 39, N/A, 28.51, 0|
17:13:58 0, 57, N/A, 63.41, 88|1, 56, N/A, 56.07, 85|2, 59, N/A, 60.47, 61|3, 57, N/A, 48.66, 52|4, 56, N/A, 46.94, 40|5, 51, N/A, 62.85, 28|6, 39, N/A, 28.51, 0|
17:14:00 0, 57, N/A, 60.22, 90|1, 56, N/A, 57.28, 82|2, 59, N/A, 62.97, 63|3, 57, N/A, 70.46, 49|4, 56, N/A, 58.71, 34|5, 52, N/A, 84.95, 39|6, 39, N/A, 28.51, 0|
17:14:02 0, 57, N/A, 50.67, 88|1, 56, N/A, 53.61, 82|2, 59, N/A, 59.48, 66|3, 57, N/A, 113.40, 48|4, 56, N/A, 111.04, 31|5, 52, N/A, 42.55, 39|6, 39, N/A, 28.51, 0|
17:14:04 0, 57, N/A, 48.94, 82|1, 56, N/A, 53.86, 87|2, 59, N/A, 95.01, 65|3, 57, N/A, 67.26, 46|4, 56, N/A, 72.67, 36|5, 52, N/A, 59.00, 38|6, 39, N/A, 28.51, 0|
17:14:06 0, 57, N/A, 79.06, 83|1, 56, N/A, 60.99, 85|2, 59, N/A, 62.97, 66|3, 57, N/A, 50.88, 52|4, 56, N/A, 47.69, 30|5, 52, N/A, 46.95, 39|6, 39, N/A, 28.26, 0|
17:14:08 0, 57, N/A, 48.45, 88|1, 56, N/A, 77.62, 87|2, 59, N/A, 95.56, 66|3, 57, N/A, 64.85, 50|4, 56, N/A, 67.53, 41|5, 52, N/A, 60.50, 37|6, 39, N/A, 28.53, 0|
17:14:10 0, 57, N/A, 116.49, 87|1, 56, N/A, 49.92, 88|2, 59, N/A, 102.14, 65|3, 58, N/A, 63.62, 51|4, 56, N/A, 44.98, 35|5, 52, N/A, 55.56, 35|6, 39, N/A, 28.51, 0|
17:14:13 0, 57, N/A, 54.10, 89|1, 56, N/A, 60.01, 86|2, 59, N/A, 59.28, 67|3, 57, N/A, 83.86, 53|4, 56, N/A, 92.01, 39|5, 52, N/A, 70.26, 31|6, 39, N/A, 28.51, 0|
17:14:15 0, 57, N/A, 65.59, 83|1, 56, N/A, 97.42, 88|2, 59, N/A, 82.79, 68|3, 57, N/A, 58.92, 42|4, 57, N/A, 60.19, 38|5, 52, N/A, 51.89, 37|6, 39, N/A, 28.51, 0|
17:14:17 0, 57, N/A, 63.17, 87|1, 56, N/A, 60.47, 88|2, 59, N/A, 63.67, 66|3, 57, N/A, 63.83, 44|4, 56, N/A, 60.43, 43|5, 52, N/A, 60.68, 41|6, 39, N/A, 28.51, 0|
17:14:19 0, 57, N/A, 47.95, 82|1, 56, N/A, 99.67, 86|2, 59, N/A, 81.81, 67|3, 57, N/A, 58.71, 44|4, 56, N/A, 62.40, 35|5, 53, N/A, 52.11, 33|6, 39, N/A, 28.51, 0|
17:14:21 0, 58, N/A, 63.38, 88|1, 56, N/A, 94.52, 84|2, 59, N/A, 84.02, 60|3, 58, N/A, 58.71, 52|4, 56, N/A, 59.48, 43|5, 52, N/A, 51.40, 31|6, 39, N/A, 28.51, 0|
17:14:23 0, 58, N/A, 76.63, 45|1, 56, N/A, 83.52, 46|2, 60, N/A, 92.32, 42|3, 58, N/A, 74.34, 42|4, 57, N/A, 79.30, 39|5, 53, N/A, 76.36, 39|6, 39, N/A, 28.51, 0|
17:14:25 0, 58, N/A, 76.70, 45|1, 56, N/A, 88.50, 45|2, 60, N/A, 97.10, 42|3, 58, N/A, 74.14, 41|4, 57, N/A, 78.37, 38|5, 53, N/A, 72.27, 38|6, 39, N/A, 28.53, 0|
17:14:27 0, 58, N/A, 73.01, 44|1, 57, N/A, 78.13, 44|2, 60, N/A, 91.41, 42|3, 58, N/A, 76.40, 40|4, 57, N/A, 78.08, 37|5, 53, N/A, 75.72, 37|6, 39, N/A, 28.53, 0|
17:14:29 0, 58, N/A, 76.70, 44|1, 57, N/A, 84.81, 45|2, 60, N/A, 96.56, 42|3, 58, N/A, 77.38, 41|4, 57, N/A, 78.13, 38|5, 54, N/A, 75.23, 38|6, 39, N/A, 28.53, 0|
17:14:31 0, 58, N/A, 74.77, 45|1, 57, N/A, 80.19, 44|2, 60, N/A, 91.16, 42|3, 58, N/A, 74.64, 41|4, 57, N/A, 76.70, 37|5, 54, N/A, 71.33, 37|6, 39, N/A, 28.55, 0|
17:14:33 0, 58, N/A, 78.96, 45|1, 57, N/A, 88.80, 45|2, 60, N/A, 96.13, 42|3, 58, N/A, 74.43, 41|4, 57, N/A, 79.40, 38|5, 54, N/A, 73.01, 38|6, 39, N/A, 28.55, 0|
17:14:36 0, 58, N/A, 76.65, 45|1, 57, N/A, 81.61, 46|2, 60, N/A, 92.87, 43|3, 58, N/A, 76.15, 41|4, 57, N/A, 76.41, 38|5, 54, N/A, 75.72, 38|6, 39, N/A, 28.53, 0|
17:14:38 0, 59, N/A, 76.20, 43|1, 57, N/A, 77.68, 43|2, 60, N/A, 93.17, 40|3, 58, N/A, 73.90, 40|4, 58, N/A, 78.37, 36|5, 54, N/A, 83.78, 36|6, 39, N/A, 28.53, 0|
17:14:40 0, 59, N/A, 74.78, 45|1, 57, N/A, 81.17, 46|2, 61, N/A, 92.49, 43|3, 59, N/A, 74.19, 41|4, 58, N/A, 77.39, 38|5, 54, N/A, 73.01, 38|6, 39, N/A, 28.55, 0|
17:14:42 0, 58, N/A, 75.48, 45|1, 57, N/A, 86.32, 33|2, 61, N/A, 92.88, 30|3, 59, N/A, 73.94, 41|4, 58, N/A, 78.17, 32|5, 55, N/A, 73.26, 32|6, 39, N/A, 28.53, 0|
17:14:44 0, 59, N/A, 76.41, 45|1, 57, N/A, 82.10, 45|2, 61, N/A, 91.15, 42|3, 59, N/A, 74.92, 41|4, 58, N/A, 78.37, 38|5, 55, N/A, 75.42, 38|6, 39, N/A, 28.53, 0|
17:14:46 0, 59, N/A, 76.98, 46|1, 58, N/A, 86.77, 46|2, 61, N/A, 97.05, 43|3, 59, N/A, 75.17, 42|4, 58, N/A, 79.36, 38|5, 55, N/A, 74.00, 38|6, 39, N/A, 28.53, 0|
17:14:48 0, 59, N/A, 73.79, 45|1, 57, N/A, 79.70, 46|2, 61, N/A, 91.21, 42|3, 59, N/A, 74.43, 41|4, 58, N/A, 78.66, 38|5, 55, N/A, 73.26, 38|6, 39, N/A, 28.55, 0|
17:14:50 0, 59, N/A, 76.49, 42|1, 58, N/A, 78.17, 42|2, 61, N/A, 90.66, 39|3, 59, N/A, 74.88, 38|4, 58, N/A, 77.88, 35|5, 55, N/A, 73.25, 35|6, 39, N/A, 28.53, 0|
17:14:52 0, 59, N/A, 75.71, 45|1, 58, N/A, 81.37, 45|2, 61, N/A, 101.91, 42|3, 59, N/A, 77.87, 42|4, 58, N/A, 81.52, 38|5, 55, N/A, 76.20, 38|6, 39, N/A, 28.53, 0|
17:14:54 0, 59, N/A, 77.73, 45|1, 57, N/A, 82.21, 45|2, 61, N/A, 94.65, 42|3, 59, N/A, 75.92, 41|4, 58, N/A, 80.10, 38|5, 55, N/A, 75.48, 38|6, 39, N/A, 28.55, 0|
17:14:56 0, 59, N/A, 76.01, 45|1, 57, N/A, 84.61, 46|2, 61, N/A, 100.61, 42|3, 59, N/A, 77.43, 41|4, 58, N/A, 79.36, 38|5, 55, N/A, 74.24, 38|6, 39, N/A, 28.55, 0|
17:14:58 0, 58, N/A, 76.75, 39|1, 57, N/A, 79.90, 45|2, 60, N/A, 89.99, 30|3, 59, N/A, 73.74, 33|4, 58, N/A, 78.38, 37|5, 55, N/A, 77.68, 37|6, 39, N/A, 28.30, 0|
17:15:01 0, 58, N/A, 81.37, 45|1, 57, N/A, 84.56, 46|2, 60, N/A, 95.58, 42|3, 58, N/A, 74.68, 41|4, 58, N/A, 79.57, 38|5, 55, N/A, 73.75, 38|6, 39, N/A, 28.55, 0|
17:15:03 0, 58, N/A, 75.22, 45|1, 57, N/A, 82.64, 45|2, 60, N/A, 91.95, 42|3, 58, N/A, 74.43, 41|4, 58, N/A, 77.14, 38|5, 55, N/A, 76.21, 38|6, 39, N/A, 28.53, 0|
17:15:05 0, 58, N/A, 74.28, 45|1, 57, N/A, 80.43, 45|2, 60, N/A, 90.92, 42|3, 58, N/A, 73.70, 41|4, 57, N/A, 77.39, 38|5, 55, N/A, 75.47, 38|6, 39, N/A, 28.53, 0|
17:15:07 0, 58, N/A, 77.68, 46|1, 57, N/A, 82.60, 46|2, 60, N/A, 93.90, 42|3, 58, N/A, 74.93, 42|4, 57, N/A, 79.60, 39|5, 55, N/A, 73.46, 39|6, 39, N/A, 28.28, 0|
17:15:09 0, 58, N/A, 73.06, 45|1, 57, N/A, 79.70, 45|2, 60, N/A, 89.48, 42|3, 58, N/A, 72.47, 41|4, 57, N/A, 78.62, 38|5, 55, N/A, 75.96, 38|6, 39, N/A, 28.55, 0|
17:15:11 0, 58, N/A, 75.71, 45|1, 56, N/A, 82.65, 46|2, 60, N/A, 91.44, 43|3, 58, N/A, 72.51, 42|4, 57, N/A, 78.91, 39|5, 55, N/A, 73.51, 38|6, 39, N/A, 28.30, 0|
17:15:13 0, 58, N/A, 73.06, 45|1, 56, N/A, 79.21, 46|2, 59, N/A, 90.77, 42|3, 58, N/A, 74.44, 41|4, 57, N/A, 77.93, 38|5, 55, N/A, 74.78, 38|6, 38, N/A, 28.30, 0|
17:15:15 0, 58, N/A, 73.79, 45|1, 56, N/A, 78.96, 46|2, 59, N/A, 91.21, 42|3, 58, N/A, 73.74, 41|4, 57, N/A, 76.70, 38|5, 55, N/A, 72.81, 38|6, 39, N/A, 28.30, 0|
17:15:17 0, 58, N/A, 75.26, 45|1, 56, N/A, 80.93, 46|2, 59, N/A, 94.95, 42|3, 58, N/A, 78.86, 41|4, 57, N/A, 85.95, 38|5, 55, N/A, 79.15, 38|6, 38, N/A, 28.30, 0|
17:15:19 0, 57, N/A, 75.47, 46|1, 56, N/A, 80.14, 46|2, 59, N/A, 92.43, 43|3, 58, N/A, 73.94, 42|4, 57, N/A, 78.17, 39|5, 55, N/A, 75.22, 39|6, 38, N/A, 28.28, 0|
17:15:21 0, 57, N/A, 73.99, 45|1, 56, N/A, 81.37, 45|2, 59, N/A, 95.38, 42|3, 58, N/A, 77.13, 41|4, 57, N/A, 89.92, 38|5, 55, N/A, 79.40, 38|6, 38, N/A, 28.53, 0|
17:15:23 0, 57, N/A, 75.21, 45|1, 56, N/A, 82.84, 46|2, 59, N/A, 93.64, 42|3, 57, N/A, 73.65, 41|4, 57, N/A, 77.88, 38|5, 55, N/A, 73.91, 39|6, 38, N/A, 28.53, 0|
17:15:26 0, 57, N/A, 75.92, 45|1, 56, N/A, 79.15, 45|2, 59, N/A, 90.42, 42|3, 57, N/A, 75.90, 41|4, 57, N/A, 78.62, 38|5, 55, N/A, 76.90, 38|6, 38, N/A, 28.28, 0|
17:15:28 0, 57, N/A, 65.39, 86|1, 55, N/A, 55.34, 81|2, 58, N/A, 59.52, 69|3, 57, N/A, 58.95, 49|4, 56, N/A, 58.71, 32|5, 55, N/A, 80.00, 37|6, 38, N/A, 28.26, 0|
17:15:30 0, 56, N/A, 48.69, 90|1, 55, N/A, 59.69, 84|2, 58, N/A, 83.28, 66|3, 57, N/A, 58.42, 51|4, 56, N/A, 62.15, 41|5, 55, N/A, 57.03, 39|6, 38, N/A, 28.26, 0|
17:15:32 0, 56, N/A, 103.00, 88|1, 55, N/A, 50.38, 88|2, 58, N/A, 115.82, 65|3, 56, N/A, 80.97, 51|4, 56, N/A, 45.72, 42|5, 55, N/A, 64.90, 43|6, 38, N/A, 28.26, 0|
17:15:34 0, 56, N/A, 57.02, 89|1, 54, N/A, 65.13, 85|2, 57, N/A, 60.01, 66|3, 56, N/A, 46.94, 52|4, 56, N/A, 50.12, 38|5, 54, N/A, 73.61, 30|6, 38, N/A, 28.49, 0|
17:15:36 0, 56, N/A, 63.41, 84|1, 54, N/A, 62.47, 86|2, 57, N/A, 63.21, 66|3, 56, N/A, 48.42, 44|4, 55, N/A, 49.63, 40|5, 54, N/A, 71.24, 34|6, 38, N/A, 28.51, 0|
17:15:38 0, 56, N/A, 61.45, 85|1, 54, N/A, 64.19, 86|2, 57, N/A, 61.98, 56|3, 56, N/A, 52.32, 50|4, 55, N/A, 49.65, 37|5, 54, N/A, 76.11, 34|6, 38, N/A, 28.26, 0|
17:15:40 0, 56, N/A, 49.93, 71|1, 54, N/A, 51.65, 77|2, 57, N/A, 76.15, 54|3, 56, N/A, 55.27, 38|4, 55, N/A, 65.10, 32|5, 54, N/A, 51.62, 31|6, 38, N/A, 28.26, 0|
17:15:42 0, 56, N/A, 50.91, 88|1, 54, N/A, 52.38, 80|2, 57, N/A, 78.40, 70|3, 56, N/A, 65.79, 49|4, 55, N/A, 58.22, 31|5, 54, N/A, 52.85, 38|6, 38, N/A, 28.26, 0|
17:15:44 0, 55, N/A, 49.68, 91|1, 54, N/A, 53.37, 86|2, 57, N/A, 59.03, 65|3, 56, N/A, 44.98, 51|4, 55, N/A, 47.20, 40|5, 54, N/A, 44.27, 36|6, 38, N/A, 28.26, 0|
17:15:46 0, 56, N/A, 50.42, 83|1, 54, N/A, 56.07, 87|2, 57, N/A, 92.81, 66|3, 56, N/A, 76.30, 50|4, 55, N/A, 82.25, 37|5, 54, N/A, 65.60, 37|6, 38, N/A, 28.26, 0|
17:15:49 0, 56, N/A, 57.03, 90|1, 54, N/A, 52.63, 87|2, 57, N/A, 79.56, 58|3, 56, N/A, 85.83, 54|4, 55, N/A, 90.05, 38|5, 55, N/A, 74.39, 29|6, 38, N/A, 28.26, 0|
17:15:51 0, 56, N/A, 80.73, 83|1, 55, N/A, 86.23, 86|2, 57, N/A, 78.37, 67|3, 56, N/A, 54.53, 43|4, 55, N/A, 58.22, 36|5, 55, N/A, 53.09, 36|6, 38, N/A, 28.26, 0|
17:15:53 0, 56, N/A, 47.94, 86|1, 54, N/A, 67.31, 86|2, 57, N/A, 88.38, 66|3, 56, N/A, 63.58, 52|4, 55, N/A, 68.25, 31|5, 55, N/A, 57.52, 31|6, 38, N/A, 28.26, 0|
17:15:55 0, 56, N/A, 48.94, 88|1, 55, N/A, 68.33, 86|2, 57, N/A, 71.52, 60|3, 56, N/A, 61.66, 53|4, 56, N/A, 55.28, 40|5, 55, N/A, 50.17, 29|6, 38, N/A, 28.26, 0|
17:15:57 0, 56, N/A, 51.16, 87|1, 54, N/A, 73.24, 80|2, 57, N/A, 82.05, 65|3, 56, N/A, 53.09, 49|4, 55, N/A, 54.82, 33|5, 55, N/A, 54.60, 37|6, 38, N/A, 28.53, 0|
17:15:59 0, 56, N/A, 48.20, 89|1, 54, N/A, 64.39, 80|2, 57, N/A, 96.74, 66|3, 56, N/A, 68.73, 46|4, 56, N/A, 75.62, 31|5, 55, N/A, 59.00, 40|6, 38, N/A, 28.26, 0|
17:16:01 0, 56, N/A, 58.53, 83|1, 55, N/A, 52.38, 89|2, 57, N/A, 74.47, 67|3, 56, N/A, 93.67, 45|4, 56, N/A, 87.89, 40|5, 55, N/A, 65.35, 42|6, 38, N/A, 28.51, 0|
17:16:03 0, 56, N/A, 56.53, 92|1, 54, N/A, 92.11, 87|2, 58, N/A, 84.51, 66|3, 57, N/A, 64.11, 50|4, 55, N/A, 63.90, 33|5, 55, N/A, 57.52, 39|6, 38, N/A, 28.28, 0|
17:16:05 0, 56, N/A, 79.35, 88|1, 55, N/A, 71.52, 86|2, 58, N/A, 68.57, 65|3, 56, N/A, 50.63, 55|4, 56, N/A, 52.11, 39|5, 55, N/A, 64.60, 33|6, 38, N/A, 28.51, 0|
17:16:07 0, 56, N/A, 56.28, 83|1, 55, N/A, 56.57, 87|2, 58, N/A, 66.86, 64|3, 56, N/A, 83.42, 44|4, 56, N/A, 72.67, 41|5, 55, N/A, 61.42, 40|6, 39, N/A, 28.26, 0|
17:16:10 0, 57, N/A, 62.92, 86|1, 55, N/A, 61.98, 86|2, 58, N/A, 60.50, 58|3, 57, N/A, 68.00, 48|4, 56, N/A, 70.42, 38|5, 55, N/A, 74.88, 36|6, 39, N/A, 28.26, 0|
17:16:12 0, 56, N/A, 54.56, 89|1, 55, N/A, 54.85, 86|2, 58, N/A, 85.98, 59|3, 57, N/A, 64.07, 53|4, 56, N/A, 78.57, 36|5, 55, N/A, 55.80, 36|6, 39, N/A, 28.26, 0|
17:16:14 0, 56, N/A, 65.38, 88|1, 55, N/A, 62.96, 77|2, 58, N/A, 62.68, 70|3, 57, N/A, 49.13, 50|4, 56, N/A, 49.41, 32|5, 56, N/A, 68.05, 38|6, 39, N/A, 28.26, 0|
17:16:16 0, 56, N/A, 71.77, 86|1, 55, N/A, 66.86, 88|2, 58, N/A, 64.44, 69|3, 57, N/A, 49.65, 51|4, 56, N/A, 50.88, 34|5, 56, N/A, 47.69, 33|6, 39, N/A, 28.26, 0|
17:16:18 0, 56, N/A, 51.16, 81|1, 55, N/A, 56.28, 87|2, 58, N/A, 93.84, 67|3, 57, N/A, 63.13, 44|4, 56, N/A, 62.40, 40|5, 55, N/A, 54.85, 40|6, 39, N/A, 28.51, 0|
17:16:20 0, 57, N/A, 62.89, 89|1, 55, N/A, 83.97, 78|2, 58, N/A, 84.26, 65|3, 57, N/A, 64.36, 50|4, 56, N/A, 62.64, 37|5, 56, N/A, 57.03, 36|6, 39, N/A, 28.51, 0|
17:16:22 0, 56, N/A, 47.96, 90|1, 55, N/A, 70.50, 88|2, 58, N/A, 96.99, 65|3, 57, N/A, 68.73, 47|4, 56, N/A, 72.92, 41|5, 55, N/A, 60.47, 31|6, 39, N/A, 28.51, 0|
17:16:24 0, 56, N/A, 48.94, 91|1, 55, N/A, 55.06, 86|2, 58, N/A, 102.13, 62|3, 57, N/A, 66.04, 50|4, 56, N/A, 71.20, 41|5, 56, N/A, 60.96, 42|6, 39, N/A, 28.51, 0|
17:16:26 0, 57, N/A, 129.67, 90|1, 55, N/A, 106.80, 83|2, 58, N/A, 55.09, 65|3, 57, N/A, 64.60, 51|4, 57, N/A, 65.35, 28|5, 55, N/A, 42.55, 42|6, 39, N/A, 28.51, 0|
17:16:28 0, 57, N/A, 75.91, 82|1, 55, N/A, 57.80, 68|2, 58, N/A, 61.21, 50|3, 57, N/A, 49.40, 45|4, 56, N/A, 47.94, 35|5, 56, N/A, 60.64, 35|6, 39, N/A, 28.49, 0|
17:16:30 0, 57, N/A, 63.17, 91|1, 55, N/A, 58.78, 87|2, 58, N/A, 61.98, 64|3, 57, N/A, 59.44, 53|4, 56, N/A, 56.99, 30|5, 56, N/A, 83.68, 35|6, 39, N/A, 28.51, 0|
17:16:33 0, 57, N/A, 48.45, 88|1, 55, N/A, 66.36, 87|2, 58, N/A, 96.97, 65|3, 57, N/A, 69.72, 53|4, 56, N/A, 72.71, 42|5, 56, N/A, 59.73, 31|6, 39, N/A, 28.51, 0|
17:16:35 0, 57, N/A, 62.18, 82|1, 55, N/A, 57.06, 86|2, 58, N/A, 64.90, 63|3, 57, N/A, 61.13, 43|4, 56, N/A, 64.11, 43|5, 56, N/A, 95.45, 41|6, 39, N/A, 28.51, 0|
17:16:37 0, 57, N/A, 78.11, 86|1, 55, N/A, 73.98, 88|2, 58, N/A, 69.80, 66|3, 57, N/A, 52.10, 49|4, 56, N/A, 54.33, 28|5, 56, N/A, 49.19, 37|6, 39, N/A, 28.51, 0|
17:16:39 0, 57, N/A, 48.70, 90|1, 55, N/A, 63.90, 86|2, 58, N/A, 96.99, 60|3, 57, N/A, 66.29, 54|4, 56, N/A, 71.24, 43|5, 56, N/A, 63.18, 29|6, 39, N/A, 28.53, 0|
17:16:41 0, 57, N/A, 49.18, 79|1, 55, N/A, 53.12, 87|2, 58, N/A, 142.10, 64|3, 57, N/A, 129.50, 52|4, 56, N/A, 47.90, 38|5, 56, N/A, 140.53, 37|6, 39, N/A, 28.51, 0|
17:16:43 0, 57, N/A, 49.68, 91|1, 55, N/A, 65.87, 88|2, 59, N/A, 92.61, 63|3, 57, N/A, 63.37, 52|4, 56, N/A, 63.13, 28|5, 56, N/A, 58.75, 40|6, 39, N/A, 28.53, 0|
17:16:45 0, 57, N/A, 48.91, 90|1, 55, N/A, 110.17, 86|2, 58, N/A, 164.78, 64|3, 57, N/A, 44.70, 47|4, 56, N/A, 147.07, 41|5, 57, N/A, 107.19, 33|6, 39, N/A, 28.51, 0|
17:16:47 0, 57, N/A, 73.94, 81|1, 55, N/A, 68.37, 88|2, 59, N/A, 66.86, 65|3, 57, N/A, 49.16, 40|4, 56, N/A, 51.13, 44|5, 57, N/A, 48.45, 37|6, 39, N/A, 28.53, 0|
17:16:49 0, 57, N/A, 104.72, 91|1, 55, N/A, 135.62, 89|2, 59, N/A, 56.53, 66|3, 57, N/A, 100.79, 51|4, 56, N/A, 102.26, 30|5, 56, N/A, 43.28, 39|6, 39, N/A, 28.51, 0|
17:16:51 0, 57, N/A, 69.80, 91|1, 55, N/A, 64.15, 86|2, 58, N/A, 64.90, 63|3, 57, N/A, 48.42, 55|4, 56, N/A, 50.88, 45|5, 56, N/A, 67.80, 30|6, 39, N/A, 28.51, 0|
17:16:54 0, 57, N/A, 111.65, 91|1, 55, N/A, 48.20, 88|2, 59, N/A, 81.07, 66|3, 57, N/A, 58.95, 49|4, 56, N/A, 44.98, 40|5, 57, N/A, 69.48, 39|6, 39, N/A, 28.51, 0|
17:16:56 0, 57, N/A, 51.16, 91|1, 56, N/A, 62.19, 77|2, 59, N/A, 76.69, 63|3, 57, N/A, 63.58, 58|4, 56, N/A, 57.51, 29|5, 57, N/A, 51.89, 40|6, 39, N/A, 28.53, 0|
17:16:58 0, 57, N/A, 44.27, 91|1, 56, N/A, 66.11, 87|2, 59, N/A, 75.38, 66|3, 57, N/A, 87.54, 50|4, 57, N/A, 89.75, 43|5, 57, N/A, 83.72, 31|6, 39, N/A, 28.51, 0|
17:17:00 0, 57, N/A, 72.01, 80|1, 56, N/A, 56.57, 88|2, 59, N/A, 60.50, 66|3, 57, N/A, 49.16, 42|4, 57, N/A, 48.18, 43|5, 57, N/A, 73.13, 42|6, 39, N/A, 28.51, 0|
17:17:02 0, 57, N/A, 70.05, 88|1, 56, N/A, 66.85, 86|2, 59, N/A, 93.50, 66|3, 57, N/A, 81.45, 51|4, 57, N/A, 76.11, 40|5, 57, N/A, 60.19, 26|6, 39, N/A, 28.51, 0|
17:17:04 0, 57, N/A, 79.59, 81|1, 55, N/A, 63.67, 68|2, 59, N/A, 62.93, 49|3, 57, N/A, 51.61, 44|4, 56, N/A, 49.41, 40|5, 57, N/A, 63.87, 32|6, 39, N/A, 28.51, 0|
17:17:06 0, 58, N/A, 64.61, 87|1, 55, N/A, 85.93, 89|2, 59, N/A, 80.13, 63|3, 57, N/A, 59.69, 49|4, 57, N/A, 58.74, 32|5, 57, N/A, 52.35, 36|6, 39, N/A, 28.51, 0|
17:17:08 0, 57, N/A, 55.79, 91|1, 56, N/A, 54.85, 87|2, 59, N/A, 84.02, 57|3, 57, N/A, 61.62, 51|4, 56, N/A, 78.37, 44|5, 57, N/A, 56.29, 28|6, 39, N/A, 28.51, 0|
17:17:10 0, 57, N/A, 43.78, 88|1, 56, N/A, 61.73, 88|2, 59, N/A, 118.76, 66|3, 57, N/A, 77.52, 50|4, 57, N/A, 83.91, 37|5, 57, N/A, 71.25, 40|6, 39, N/A, 28.51, 0|
17:17:12 0, 57, N/A, 58.01, 87|1, 56, N/A, 86.91, 77|2, 59, N/A, 84.75, 70|3, 57, N/A, 64.56, 48|4, 57, N/A, 64.85, 28|5, 57, N/A, 57.03, 40|6, 39, N/A, 28.51, 0|
17:17:15 0, 57, N/A, 122.07, 88|1, 56, N/A, 149.17, 85|2, 59, N/A, 56.28, 70|3, 58, N/A, 91.95, 49|4, 56, N/A, 96.67, 37|5, 57, N/A, 43.53, 33|6, 39, N/A, 28.51, 0|
17:17:17 0, 57, N/A, 72.47, 79|1, 56, N/A, 59.52, 85|2, 59, N/A, 61.73, 70|3, 57, N/A, 50.14, 41|4, 57, N/A, 48.67, 44|5, 57, N/A, 46.18, 39|6, 39, N/A, 28.51, 0|
17:17:19 0, 57, N/A, 66.08, 78|1, 56, N/A, 65.62, 86|2, 59, N/A, 62.18, 72|3, 57, N/A, 60.88, 43|4, 57, N/A, 51.59, 35|5, 57, N/A, 97.31, 37|6, 39, N/A, 28.49, 0|
17:17:21 0, 57, N/A, 49.93, 88|1, 56, N/A, 63.42, 87|2, 59, N/A, 73.99, 56|3, 57, N/A, 62.15, 54|4, 57, N/A, 57.28, 37|5, 57, N/A, 51.65, 34|6, 39, N/A, 28.53, 0|
17:17:23 0, 57, N/A, 60.92, 88|1, 56, N/A, 92.55, 88|2, 59, N/A, 84.51, 55|3, 57, N/A, 62.60, 55|4, 57, N/A, 67.76, 38|5, 57, N/A, 58.51, 32|6, 39, N/A, 28.51, 0|
17:17:25 0, 57, N/A, 64.15, 88|1, 56, N/A, 60.01, 86|2, 59, N/A, 62.92, 71|3, 57, N/A, 60.64, 56|4, 57, N/A, 59.66, 29|5, 58, N/A, 66.57, 40|6, 39, N/A, 28.51, 0|
17:17:27 0, 57, N/A, 55.59, 88|1, 56, N/A, 63.94, 80|2, 59, N/A, 59.52, 63|3, 57, N/A, 75.37, 54|4, 57, N/A, 90.54, 25|5, 57, N/A, 70.30, 45|6, 39, N/A, 28.53, 0|
17:17:29 0, 57, N/A, 49.19, 80|1, 56, N/A, 57.27, 86|2, 59, N/A, 99.67, 66|3, 57, N/A, 67.51, 41|4, 57, N/A, 72.92, 45|5, 58, N/A, 61.95, 39|6, 39, N/A, 28.51, 0|
17:17:31 0, 57, N/A, 70.75, 80|1, 56, N/A, 77.63, 89|2, 59, N/A, 65.14, 65|3, 57, N/A, 50.63, 51|4, 57, N/A, 57.03, 39|5, 57, N/A, 47.96, 46|6, 39, N/A, 28.51, 0|
17:17:33 0, 57, N/A, 56.04, 92|1, 56, N/A, 56.81, 85|2, 59, N/A, 65.39, 63|3, 58, N/A, 76.55, 57|4, 57, N/A, 58.46, 44|5, 58, N/A, 89.56, 24|6, 39, N/A, 28.51, 0|
17:17:35 0, 57, N/A, 59.97, 77|1, 56, N/A, 57.30, 66|2, 59, N/A, 62.22, 47|3, 57, N/A, 69.23, 38|4, 57, N/A, 84.66, 38|5, 58, N/A, 59.49, 35|6, 39, N/A, 28.51, 0|
17:17:38 0, 58, N/A, 60.23, 88|1, 56, N/A, 56.07, 76|2, 59, N/A, 75.92, 63|3, 58, N/A, 68.74, 49|4, 57, N/A, 65.59, 30|5, 58, N/A, 70.76, 38|6, 39, N/A, 28.53, 0|
17:17:40 0, 57, N/A, 59.52, 89|1, 56, N/A, 56.57, 85|2, 59, N/A, 70.06, 58|3, 58, N/A, 68.04, 52|4, 57, N/A, 91.08, 45|5, 58, N/A, 60.72, 24|6, 39, N/A, 28.51, 0|
17:17:42 0, 57, N/A, 46.69, 89|1, 56, N/A, 141.57, 86|2, 59, N/A, 178.46, 56|3, 57, N/A, 44.21, 52|4, 57, N/A, 111.09, 34|5, 58, N/A, 89.37, 34|6, 39, N/A, 28.51, 0|
17:17:44 0, 57, N/A, 53.09, 85|1, 56, N/A, 71.28, 76|2, 60, N/A, 68.82, 69|3, 58, N/A, 56.25, 51|4, 57, N/A, 52.60, 32|5, 58, N/A, 48.70, 42|6, 39, N/A, 28.51, 0|
17:17:46 0, 57, N/A, 90.34, 86|1, 56, N/A, 89.18, 88|2, 59, N/A, 73.25, 70|3, 58, N/A, 55.02, 52|4, 57, N/A, 55.80, 32|5, 58, N/A, 50.66, 35|6, 39, N/A, 28.53, 0|
17:17:48 0, 57, N/A, 85.00, 79|1, 56, N/A, 77.63, 86|2, 60, N/A, 70.79, 69|3, 58, N/A, 52.08, 43|4, 57, N/A, 55.28, 42|5, 58, N/A, 50.17, 33|6, 39, N/A, 28.51, 0|
17:17:50 0, 58, N/A, 115.99, 79|1, 56, N/A, 105.33, 79|2, 60, N/A, 58.01, 60|3, 58, N/A, 79.74, 51|4, 57, N/A, 77.09, 34|5, 58, N/A, 56.53, 40|6, 39, N/A, 28.51, 0|
17:17:52 0, 57, N/A, 64.12, 91|1, 56, N/A, 59.76, 88|2, 59, N/A, 63.67, 53|3, 58, N/A, 54.75, 55|4, 57, N/A, 59.20, 46|5, 58, N/A, 61.21, 27|6, 39, N/A, 28.51, 0|
17:17:54 0, 58, N/A, 51.65, 77|1, 56, N/A, 54.11, 88|2, 59, N/A, 127.28, 62|3, 58, N/A, 120.19, 43|4, 57, N/A, 48.14, 40|5, 58, N/A, 134.90, 37|6, 39, N/A, 28.49, 0|
17:17:56 0, 58, N/A, 76.65, 47|1, 57, N/A, 80.91, 47|2, 60, N/A, 92.81, 44|3, 58, N/A, 76.79, 43|4, 58, N/A, 80.44, 40|5, 58, N/A, 75.87, 40|6, 39, N/A, 28.51, 0|
17:17:59 0, 58, N/A, 76.61, 47|1, 57, N/A, 84.55, 47|2, 60, N/A, 95.71, 44|3, 58, N/A, 78.26, 43|4, 58, N/A, 82.08, 40|5, 59, N/A, 84.70, 40|6, 39, N/A, 28.51, 0|
17:18:01 0, 58, N/A, 76.44, 47|1, 57, N/A, 79.39, 47|2, 60, N/A, 94.05, 44|3, 58, N/A, 75.66, 43|4, 58, N/A, 82.30, 40|5, 59, N/A, 78.13, 40|6, 39, N/A, 28.76, 0|
17:18:03 0, 58, N/A, 76.20, 47|1, 57, N/A, 81.65, 48|2, 61, N/A, 93.80, 44|3, 59, N/A, 74.63, 43|4, 58, N/A, 79.60, 40|5, 59, N/A, 86.18, 40|6, 40, N/A, 28.53, 0|
17:18:05 0, 58, N/A, 78.62, 47|1, 57, N/A, 83.82, 47|2, 61, N/A, 100.97, 44|3, 59, N/A, 78.86, 43|4, 58, N/A, 81.52, 40|5, 59, N/A, 78.87, 40|6, 39, N/A, 28.77, 0|
17:18:07 0, 59, N/A, 79.89, 46|1, 57, N/A, 87.50, 47|2, 61, N/A, 97.84, 44|3, 59, N/A, 75.86, 42|4, 58, N/A, 77.64, 40|5, 59, N/A, 78.13, 40|6, 40, N/A, 28.53, 0|
17:18:09 0, 58, N/A, 79.40, 47|1, 57, N/A, 84.56, 47|2, 61, N/A, 99.31, 44|3, 59, N/A, 80.32, 43|4, 58, N/A, 87.42, 40|5, 59, N/A, 82.30, 40|6, 39, N/A, 28.53, 0|
17:18:11 0, 58, N/A, 75.92, 47|1, 57, N/A, 83.52, 47|2, 60, N/A, 97.77, 45|3, 59, N/A, 77.38, 43|4, 58, N/A, 79.03, 40|5, 59, N/A, 76.85, 40|6, 39, N/A, 28.53, 0|
17:18:13 0, 58, N/A, 75.01, 47|1, 57, N/A, 81.67, 47|2, 60, N/A, 93.43, 44|3, 58, N/A, 78.12, 43|4, 58, N/A, 82.80, 40|5, 59, N/A, 80.19, 40|6, 39, N/A, 28.53, 0|
17:18:15 0, 58, N/A, 76.90, 46|1, 57, N/A, 85.59, 46|2, 60, N/A, 98.82, 44|3, 58, N/A, 78.12, 43|4, 58, N/A, 81.12, 39|5, 59, N/A, 79.89, 40|6, 39, N/A, 28.53, 0|
17:18:17 0, 58, N/A, 77.93, 47|1, 57, N/A, 84.76, 47|2, 60, N/A, 95.87, 44|3, 58, N/A, 75.17, 43|4, 58, N/A, 77.60, 40|5, 59, N/A, 78.13, 40|6, 39, N/A, 28.53, 0|
17:18:19 0, 58, N/A, 77.09, 46|1, 57, N/A, 82.14, 47|2, 60, N/A, 94.03, 44|3, 58, N/A, 78.61, 43|4, 58, N/A, 81.75, 40|5, 59, N/A, 79.31, 40|6, 39, N/A, 28.53, 0|
17:18:21 0, 58, N/A, 78.16, 46|1, 57, N/A, 84.11, 48|2, 60, N/A, 97.35, 45|3, 58, N/A, 86.17, 44|4, 58, N/A, 86.43, 40|5, 59, N/A, 82.06, 40|6, 39, N/A, 28.53, 0|
17:18:24 0, 58, N/A, 77.64, 47|1, 56, N/A, 86.53, 47|2, 60, N/A, 95.13, 44|3, 58, N/A, 74.39, 44|4, 58, N/A, 82.50, 40|5, 59, N/A, 80.59, 41|6, 39, N/A, 28.53, 0|
17:18:26 0, 58, N/A, 76.00, 46|1, 57, N/A, 80.67, 47|2, 60, N/A, 90.95, 44|3, 58, N/A, 75.17, 43|4, 57, N/A, 79.16, 40|5, 59, N/A, 77.19, 40|6, 39, N/A, 28.30, 0|
17:18:28 0, 58, N/A, 78.66, 47|1, 56, N/A, 85.30, 48|2, 60, N/A, 97.54, 44|3, 58, N/A, 79.55, 43|4, 57, N/A, 84.47, 40|5, 59, N/A, 79.36, 40|6, 39, N/A, 28.28, 0|
17:18:30 0, 57, N/A, 78.69, 47|1, 56, N/A, 84.85, 47|2, 59, N/A, 95.64, 45|3, 58, N/A, 74.15, 43|4, 58, N/A, 79.56, 40|5, 59, N/A, 77.93, 40|6, 39, N/A, 28.53, 0|
17:18:32 0, 57, N/A, 80.63, 47|1, 56, N/A, 85.10, 47|2, 59, N/A, 93.86, 44|3, 58, N/A, 75.41, 43|4, 57, N/A, 81.33, 40|5, 59, N/A, 79.36, 40|6, 39, N/A, 28.53, 0|
17:18:34 0, 57, N/A, 79.15, 47|1, 56, N/A, 85.11, 47|2, 59, N/A, 94.60, 44|3, 58, N/A, 74.19, 43|4, 57, N/A, 79.37, 40|5, 59, N/A, 80.64, 40|6, 39, N/A, 28.53, 0|
17:18:36 0, 57, N/A, 75.71, 47|1, 56, N/A, 79.44, 47|2, 59, N/A, 92.61, 44|3, 58, N/A, 77.62, 43|4, 57, N/A, 80.34, 40|5, 59, N/A, 76.17, 40|6, 39, N/A, 28.53, 0|
17:18:38 0, 57, N/A, 78.96, 47|1, 56, N/A, 85.60, 47|2, 59, N/A, 102.01, 44|3, 58, N/A, 76.65, 43|4, 57, N/A, 82.30, 40|5, 59, N/A, 81.86, 40|6, 39, N/A, 28.55, 0|
17:18:40 0, 57, N/A, 78.96, 46|1, 56, N/A, 84.85, 47|2, 59, N/A, 92.92, 44|3, 58, N/A, 75.66, 43|4, 57, N/A, 80.83, 40|5, 59, N/A, 77.68, 40|6, 39, N/A, 28.30, 0|
17:18:42 0, 57, N/A, 75.95, 47|1, 56, N/A, 80.63, 48|2, 59, N/A, 92.62, 45|3, 57, N/A, 76.40, 44|4, 57, N/A, 81.27, 40|5, 59, N/A, 76.16, 40|6, 39, N/A, 28.28, 0|
17:18:44 0, 57, N/A, 75.27, 47|1, 56, N/A, 80.14, 48|2, 59, N/A, 94.61, 45|3, 58, N/A, 77.62, 43|4, 57, N/A, 83.74, 40|5, 59, N/A, 82.06, 41|6, 39, N/A, 28.30, 0|
17:18:46 0, 57, N/A, 77.93, 47|1, 56, N/A, 83.18, 48|2, 59, N/A, 92.38, 45|3, 57, N/A, 73.70, 43|4, 57, N/A, 79.65, 40|5, 59, N/A, 80.39, 40|6, 39, N/A, 28.55, 0|
17:18:49 0, 57, N/A, 79.89, 47|1, 56, N/A, 81.60, 47|2, 59, N/A, 96.49, 44|3, 57, N/A, 76.60, 43|4, 57, N/A, 83.03, 39|5, 59, N/A, 80.34, 40|6, 39, N/A, 28.53, 0|
17:18:51 0, 57, N/A, 77.72, 46|1, 55, N/A, 85.30, 47|2, 59, N/A, 94.10, 43|3, 57, N/A, 74.48, 43|4, 57, N/A, 76.90, 40|5, 59, N/A, 78.18, 40|6, 39, N/A, 28.30, 0|
17:18:53 0, 57, N/A, 76.21, 47|1, 55, N/A, 80.93, 47|2, 58, N/A, 93.43, 44|3, 57, N/A, 77.43, 42|4, 57, N/A, 81.33, 40|5, 59, N/A, 78.18, 40|6, 38, N/A, 28.55, 0|
17:18:55 0, 57, N/A, 74.24, 47|1, 55, N/A, 80.68, 48|2, 58, N/A, 95.08, 45|3, 57, N/A, 76.40, 43|4, 57, N/A, 81.82, 40|5, 59, N/A, 79.65, 40|6, 38, N/A, 28.55, 0|
17:18:57 0, 57, N/A, 75.02, 47|1, 55, N/A, 86.14, 47|2, 58, N/A, 98.09, 44|3, 57, N/A, 76.40, 43|4, 57, N/A, 76.86, 40|5, 59, N/A, 79.21, 40|6, 38, N/A, 28.30, 0|
17:18:59 0, 57, N/A, 76.75, 46|1, 55, N/A, 82.16, 47|2, 58, N/A, 92.69, 44|3, 57, N/A, 82.30, 43|4, 57, N/A, 83.78, 39|5, 59, N/A, 81.62, 39|6, 38, N/A, 28.30, 0|
17:19:01 0, 56, N/A, 42.11, 0|1, 54, N/A, 45.80, 0|2, 57, N/A, 53.41, 0|3, 56, N/A, 42.58, 0|4, 56, N/A, 44.30, 0|5, 58, N/A, 42.85, 0|6, 38, N/A, 28.53, 0|
17:19:03 0, 56, N/A, 49.68, 87|1, 54, N/A, 107.98, 88|2, 57, N/A, 168.45, 66|3, 56, N/A, 45.19, 46|4, 56, N/A, 152.44, 38|5, 58, N/A, 152.71, 35|6, 38, N/A, 28.51, 0|
17:19:05 0, 56, N/A, 70.54, 91|1, 54, N/A, 66.86, 76|2, 57, N/A, 61.73, 70|3, 56, N/A, 47.19, 53|4, 56, N/A, 48.92, 27|5, 58, N/A, 46.48, 41|6, 38, N/A, 28.28, 0|
17:19:07 0, 56, N/A, 54.82, 86|1, 54, N/A, 54.36, 88|2, 57, N/A, 80.62, 71|3, 56, N/A, 60.67, 55|4, 55, N/A, 70.22, 33|5, 58, N/A, 54.57, 37|6, 38, N/A, 28.26, 0|
17:19:09 0, 55, N/A, 73.49, 89|1, 54, N/A, 68.82, 88|2, 57, N/A, 68.09, 67|3, 56, N/A, 48.91, 42|4, 56, N/A, 51.61, 33|5, 58, N/A, 48.92, 37|6, 38, N/A, 28.26, 0|
17:19:12 0, 55, N/A, 52.14, 79|1, 54, N/A, 55.09, 89|2, 57, N/A, 82.09, 66|3, 56, N/A, 73.89, 43|4, 55, N/A, 62.64, 39|5, 57, N/A, 56.29, 46|6, 38, N/A, 28.51, 0|
17:19:14 0, 55, N/A, 132.83, 91|1, 54, N/A, 148.68, 88|2, 56, N/A, 54.80, 63|3, 56, N/A, 104.21, 52|4, 56, N/A, 106.93, 27|5, 57, N/A, 43.53, 36|6, 38, N/A, 28.26, 0|
17:19:16 0, 55, N/A, 56.07, 91|1, 53, N/A, 56.32, 85|2, 56, N/A, 62.93, 63|3, 56, N/A, 65.79, 55|4, 55, N/A, 51.84, 49|5, 57, N/A, 82.74, 23|6, 38, N/A, 28.28, 0|
17:19:18 0, 55, N/A, 49.44, 88|1, 53, N/A, 55.83, 88|2, 56, N/A, 106.51, 66|3, 55, N/A, 77.77, 50|4, 55, N/A, 86.86, 43|5, 57, N/A, 68.82, 43|6, 38, N/A, 28.51, 0|
17:19:20 0, 55, N/A, 71.49, 88|1, 53, N/A, 47.22, 74|2, 57, N/A, 112.88, 65|3, 56, N/A, 85.08, 47|4, 55, N/A, 78.53, 37|5, 58, N/A, 73.18, 37|6, 38, N/A, 28.26, 0|
17:19:22 0, 55, N/A, 64.15, 88|1, 53, N/A, 60.01, 85|2, 56, N/A, 60.96, 55|3, 55, N/A, 57.72, 53|4, 55, N/A, 89.56, 48|5, 57, N/A, 61.94, 23|6, 38, N/A, 28.26, 0|
17:19:24 0, 55, N/A, 46.20, 66|1, 53, N/A, 136.02, 85|2, 56, N/A, 183.26, 46|3, 55, N/A, 43.47, 38|4, 55, N/A, 132.77, 34|5, 57, N/A, 105.71, 33|6, 38, N/A, 28.26, 0|
17:19:26 0, 55, N/A, 73.24, 85|1, 53, N/A, 58.53, 75|2, 56, N/A, 60.72, 73|3, 55, N/A, 50.11, 54|4, 55, N/A, 48.42, 32|5, 57, N/A, 62.64, 44|6, 38, N/A, 28.26, 0|
17:19:28 0, 55, N/A, 48.20, 89|1, 53, N/A, 113.85, 86|2, 57, N/A, 165.76, 58|3, 56, N/A, 44.21, 55|4, 55, N/A, 152.20, 34|5, 57, N/A, 155.86, 32|6, 38, N/A, 28.26, 0|
17:19:30 0, 55, N/A, 48.70, 77|1, 54, N/A, 61.48, 85|2, 57, N/A, 91.63, 67|3, 56, N/A, 54.29, 43|4, 55, N/A, 56.78, 36|5, 57, N/A, 58.26, 32|6, 38, N/A, 28.26, 0|
17:19:32 0, 55, N/A, 67.55, 88|1, 54, N/A, 89.85, 76|2, 57, N/A, 82.30, 70|3, 56, N/A, 60.64, 53|4, 55, N/A, 59.45, 31|5, 58, N/A, 54.08, 43|6, 38, N/A, 28.26, 0|
17:19:35 0, 55, N/A, 60.71, 89|1, 54, N/A, 62.22, 77|2, 57, N/A, 61.73, 65|3, 56, N/A, 49.65, 49|4, 55, N/A, 49.87, 36|5, 57, N/A, 48.18, 47|6, 38, N/A, 28.26, 0|
17:19:37 0, 55, N/A, 48.45, 89|1, 54, N/A, 58.74, 88|2, 57, N/A, 97.72, 67|3, 56, N/A, 65.54, 52|4, 55, N/A, 70.01, 44|5, 58, N/A, 63.14, 44|6, 38, N/A, 28.51, 0|
17:19:39 0, 55, N/A, 66.08, 76|1, 54, N/A, 94.32, 88|2, 57, N/A, 80.82, 72|3, 56, N/A, 60.67, 39|4, 55, N/A, 59.00, 35|5, 58, N/A, 52.60, 40|6, 38, N/A, 28.51, 0|
17:19:41 0, 56, N/A, 68.33, 86|1, 54, N/A, 63.70, 87|2, 57, N/A, 105.34, 69|3, 56, N/A, 83.42, 50|4, 56, N/A, 86.33, 34|5, 58, N/A, 67.60, 37|6, 38, N/A, 28.26, 0|
17:19:43 0, 56, N/A, 53.37, 91|1, 54, N/A, 53.62, 87|2, 57, N/A, 88.88, 57|3, 56, N/A, 76.79, 56|4, 56, N/A, 79.26, 47|5, 58, N/A, 70.26, 25|6, 39, N/A, 28.26, 0|
17:19:45 0, 56, N/A, 49.93, 77|1, 54, N/A, 55.09, 89|2, 57, N/A, 93.55, 63|3, 56, N/A, 82.68, 50|4, 56, N/A, 88.10, 47|5, 58, N/A, 70.79, 42|6, 38, N/A, 28.51, 0|
17:19:47 0, 56, N/A, 94.29, 87|1, 54, N/A, 47.25, 73|2, 58, N/A, 75.71, 66|3, 57, N/A, 98.58, 51|4, 55, N/A, 66.26, 35|5, 58, N/A, 94.48, 39|6, 38, N/A, 28.51, 0|
17:19:49 0, 56, N/A, 51.41, 89|1, 54, N/A, 50.42, 87|2, 57, N/A, 105.52, 57|3, 56, N/A, 81.94, 54|4, 56, N/A, 80.29, 50|5, 58, N/A, 67.80, 28|6, 39, N/A, 28.26, 0|
17:19:51 0, 56, N/A, 48.45, 65|1, 54, N/A, 53.37, 72|2, 57, N/A, 78.09, 51|3, 56, N/A, 86.81, 34|4, 56, N/A, 91.53, 29|5, 58, N/A, 75.17, 29|6, 39, N/A, 28.51, 0|
17:19:53 0, 56, N/A, 54.11, 88|1, 54, N/A, 53.12, 87|2, 58, N/A, 102.19, 69|3, 56, N/A, 59.69, 59|4, 56, N/A, 62.15, 34|5, 58, N/A, 67.10, 33|6, 39, N/A, 28.26, 0|
17:19:55 0, 56, N/A, 50.90, 91|1, 54, N/A, 78.61, 87|2, 57, N/A, 82.54, 55|3, 56, N/A, 61.66, 56|4, 56, N/A, 62.15, 47|5, 58, N/A, 56.78, 24|6, 39, N/A, 28.51, 0|
17:19:58 0, 56, N/A, 70.50, 88|1, 55, N/A, 67.59, 89|2, 57, N/A, 65.63, 66|3, 56, N/A, 49.16, 50|4, 56, N/A, 51.62, 40|5, 58, N/A, 47.93, 31|6, 39, N/A, 28.51, 0|
17:20:00 0, 56, N/A, 60.95, 88|1, 55, N/A, 57.80, 74|2, 58, N/A, 62.97, 66|3, 57, N/A, 46.21, 49|4, 56, N/A, 47.44, 32|5, 58, N/A, 62.40, 38|6, 39, N/A, 28.51, 0|
17:20:02 0, 56, N/A, 71.49, 84|1, 55, N/A, 58.04, 72|2, 58, N/A, 61.73, 71|3, 57, N/A, 50.38, 58|4, 56, N/A, 48.42, 28|5, 58, N/A, 78.57, 38|6, 39, N/A, 28.51, 0|
17:20:04 0, 56, N/A, 44.72, 89|1, 55, N/A, 157.64, 86|2, 57, N/A, 175.29, 54|3, 56, N/A, 43.72, 56|4, 56, N/A, 114.46, 34|5, 59, N/A, 92.81, 33|6, 39, N/A, 28.51, 0|
17:20:06 0, 56, N/A, 74.96, 85|1, 55, N/A, 68.82, 87|2, 58, N/A, 68.58, 64|3, 56, N/A, 49.40, 48|4, 56, N/A, 50.88, 47|5, 59, N/A, 64.36, 41|6, 39, N/A, 28.51, 0|
17:20:08 0, 56, N/A, 49.19, 90|1, 55, N/A, 73.45, 74|2, 58, N/A, 91.62, 69|3, 57, N/A, 68.25, 49|4, 56, N/A, 68.79, 26|5, 59, N/A, 60.22, 44|6, 39, N/A, 28.51, 0|
17:20:10 0, 56, N/A, 54.60, 87|1, 55, N/A, 59.52, 87|2, 58, N/A, 58.53, 69|3, 57, N/A, 74.59, 56|4, 56, N/A, 78.52, 35|5, 59, N/A, 90.11, 37|6, 39, N/A, 28.51, 0|
17:20:12 0, 56, N/A, 49.19, 90|1, 55, N/A, 62.46, 88|2, 58, N/A, 91.59, 69|3, 57, N/A, 55.76, 39|4, 56, N/A, 58.22, 38|5, 59, N/A, 58.51, 33|6, 39, N/A, 28.53, 0|
17:20:14 0, 56, N/A, 78.86, 77|1, 55, N/A, 75.66, 87|2, 58, N/A, 70.31, 67|3, 56, N/A, 50.63, 41|4, 57, N/A, 53.10, 46|5, 59, N/A, 50.17, 47|6, 39, N/A, 28.51, 0|
17:20:16 0, 56, N/A, 62.36, 88|1, 55, N/A, 99.43, 74|2, 58, N/A, 82.30, 66|3, 57, N/A, 59.44, 49|4, 56, N/A, 64.36, 30|5, 59, N/A, 55.80, 44|6, 39, N/A, 28.51, 0|
17:20:19 0, 56, N/A, 50.41, 89|1, 55, N/A, 54.35, 89|2, 58, N/A, 59.49, 66|3, 57, N/A, 46.21, 51|4, 57, N/A, 47.94, 48|5, 59, N/A, 45.99, 42|6, 39, N/A, 28.51, 0|
17:20:21 0, 56, N/A, 48.94, 76|1, 55, N/A, 60.95, 86|2, 58, N/A, 97.71, 69|3, 57, N/A, 66.53, 42|4, 56, N/A, 71.69, 36|5, 59, N/A, 59.00, 33|6, 39, N/A, 28.51, 0|
17:20:23 0, 57, N/A, 51.16, 88|1, 55, N/A, 60.96, 87|2, 58, N/A, 76.44, 70|3, 57, N/A, 55.27, 56|4, 56, N/A, 65.84, 27|5, 59, N/A, 53.62, 32|6, 39, N/A, 28.51, 0|
17:20:25 0, 56, N/A, 61.17, 88|1, 55, N/A, 86.91, 75|2, 58, N/A, 57.76, 63|3, 57, N/A, 141.40, 50|4, 57, N/A, 147.07, 29|5, 59, N/A, 45.22, 45|6, 39, N/A, 28.49, 0|
17:20:27 0, 56, N/A, 49.44, 90|1, 55, N/A, 52.63, 88|2, 58, N/A, 106.75, 65|3, 57, N/A, 71.39, 51|4, 57, N/A, 76.85, 43|5, 59, N/A, 69.52, 43|6, 39, N/A, 28.51, 0|
17:20:29 0, 56, N/A, 77.87, 74|1, 55, N/A, 59.27, 88|2, 58, N/A, 61.98, 70|3, 57, N/A, 49.40, 39|4, 57, N/A, 47.94, 48|5, 59, N/A, 61.69, 38|6, 39, N/A, 28.49, 0|
17:20:31 0, 57, N/A, 53.62, 86|1, 55, N/A, 55.09, 89|2, 59, N/A, 60.75, 62|3, 57, N/A, 105.14, 55|4, 57, N/A, 104.41, 30|5, 59, N/A, 47.44, 37|6, 39, N/A, 28.49, 0|
17:20:33 0, 57, N/A, 136.02, 88|1, 55, N/A, 154.31, 74|2, 58, N/A, 55.30, 64|3, 58, N/A, 134.62, 49|4, 57, N/A, 119.86, 37|5, 59, N/A, 44.02, 28|6, 39, N/A, 28.51, 0|
17:20:35 0, 57, N/A, 89.90, 88|1, 56, N/A, 81.81, 89|2, 59, N/A, 70.80, 73|3, 57, N/A, 52.08, 38|4, 57, N/A, 53.10, 49|5, 59, N/A, 50.91, 45|6, 39, N/A, 28.51, 0|
17:20:37 0, 57, N/A, 63.41, 75|1, 56, N/A, 57.30, 90|2, 59, N/A, 59.03, 68|3, 57, N/A, 70.95, 41|4, 57, N/A, 72.87, 42|5, 59, N/A, 87.90, 46|6, 39, N/A, 28.51, 0|
17:20:40 0, 57, N/A, 54.84, 88|1, 55, N/A, 56.07, 81|2, 59, N/A, 62.96, 66|3, 57, N/A, 98.52, 50|4, 57, N/A, 101.53, 27|5, 59, N/A, 47.44, 45|6, 39, N/A, 28.49, 0|
17:20:42 0, 57, N/A, 55.55, 88|1, 56, N/A, 60.01, 89|2, 59, N/A, 63.95, 66|3, 57, N/A, 47.19, 50|4, 57, N/A, 50.14, 48|5, 60, N/A, 48.20, 42|6, 39, N/A, 28.51, 0|
17:20:44 0, 57, N/A, 54.11, 76|1, 56, N/A, 55.58, 86|2, 59, N/A, 79.06, 70|3, 57, N/A, 86.85, 39|4, 57, N/A, 89.72, 38|5, 59, N/A, 78.57, 34|6, 39, N/A, 28.51, 0|
17:20:46 0, 57, N/A, 49.43, 87|1, 55, N/A, 81.85, 76|2, 59, N/A, 86.43, 68|3, 57, N/A, 65.30, 57|4, 57, N/A, 64.85, 26|5, 60, N/A, 59.24, 45|6, 39, N/A, 28.51, 0|
17:20:48 0, 57, N/A, 57.51, 86|1, 56, N/A, 65.39, 72|2, 59, N/A, 60.99, 68|3, 57, N/A, 47.44, 48|4, 57, N/A, 51.12, 26|5, 59, N/A, 91.24, 45|6, 39, N/A, 28.51, 0|
17:20:50 0, 57, N/A, 44.02, 89|1, 56, N/A, 73.73, 87|2, 59, N/A, 70.55, 60|3, 57, N/A, 54.04, 50|4, 57, N/A, 60.39, 37|5, 60, N/A, 91.53, 33|6, 39, N/A, 28.51, 0|
17:20:52 0, 57, N/A, 78.61, 78|1, 56, N/A, 76.65, 88|2, 59, N/A, 72.75, 63|3, 57, N/A, 52.57, 47|4, 57, N/A, 54.57, 49|5, 60, N/A, 51.40, 42|6, 39, N/A, 28.51, 0|
17:20:54 0, 57, N/A, 76.61, 92|1, 56, N/A, 59.76, 72|2, 59, N/A, 63.42, 70|3, 58, N/A, 50.38, 58|4, 57, N/A, 48.67, 26|5, 60, N/A, 50.14, 44|6, 39, N/A, 28.49, 0|
17:20:56 0, 57, N/A, 49.68, 87|1, 56, N/A, 50.66, 73|2, 59, N/A, 105.03, 72|3, 57, N/A, 76.06, 55|4, 57, N/A, 75.09, 28|5, 60, N/A, 65.39, 39|6, 39, N/A, 28.51, 0|
17:20:58 0, 57, N/A, 50.41, 89|1, 56, N/A, 93.54, 86|2, 59, N/A, 156.53, 63|3, 58, N/A, 45.19, 47|4, 57, N/A, 150.47, 39|5, 60, N/A, 156.11, 35|6, 39, N/A, 28.49, 0|
17:21:00 0, 57, N/A, 43.25, 89|1, 57, N/A, 95.75, 59|2, 59, N/A, 83.77, 54|3, 57, N/A, 44.24, 44|4, 58, N/A, 60.19, 42|5, 60, N/A, 56.53, 45|6, 39, N/A, 28.51, 0|
17:21:03 0, 57, N/A, 62.92, 88|1, 56, N/A, 62.44, 71|2, 59, N/A, 63.67, 75|3, 58, N/A, 48.39, 56|4, 57, N/A, 60.43, 31|5, 60, N/A, 67.56, 44|6, 39, N/A, 28.51, 0|
17:21:05 0, 57, N/A, 54.11, 90|1, 56, N/A, 55.09, 86|2, 59, N/A, 83.28, 51|3, 58, N/A, 60.42, 60|4, 57, N/A, 72.92, 44|5, 60, N/A, 56.05, 35|6, 39, N/A, 28.51, 0|
17:21:07 0, 57, N/A, 49.93, 89|1, 56, N/A, 56.32, 88|2, 59, N/A, 103.60, 67|3, 58, N/A, 75.57, 50|4, 57, N/A, 81.96, 44|5, 60, N/A, 67.07, 28|6, 39, N/A, 28.51, 0|
17:21:09 0, 58, N/A, 162.30, 91|1, 56, N/A, 47.95, 82|2, 59, N/A, 125.08, 65|3, 58, N/A, 86.61, 50|4, 57, N/A, 45.47, 36|5, 61, N/A, 75.67, 31|6, 39, N/A, 28.51, 0|
17:21:11 0, 57, N/A, 87.89, 88|1, 56, N/A, 51.64, 88|2, 59, N/A, 167.23, 66|3, 58, N/A, 149.39, 51|4, 57, N/A, 46.66, 45|5, 60, N/A, 159.92, 42|6, 39, N/A, 28.49, 0|
17:21:13 0, 58, N/A, 58.50, 88|1, 57, N/A, 72.75, 87|2, 59, N/A, 77.14, 67|3, 58, N/A, 50.38, 53|4, 58, N/A, 52.60, 49|5, 60, N/A, 52.63, 24|6, 39, N/A, 28.51, 0|
17:21:15 0, 58, N/A, 59.23, 91|1, 56, N/A, 72.26, 88|2, 59, N/A, 82.30, 53|3, 58, N/A, 51.86, 58|4, 58, N/A, 52.85, 34|5, 60, N/A, 52.14, 36|6, 39, N/A, 28.51, 0|
17:21:17 0, 57, N/A, 54.85, 74|1, 56, N/A, 52.38, 90|2, 60, N/A, 105.28, 68|3, 58, N/A, 84.36, 39|4, 57, N/A, 86.09, 47|5, 60, N/A, 71.00, 50|6, 39, N/A, 28.51, 0|
17:21:19 0, 57, N/A, 50.17, 72|1, 56, N/A, 80.32, 87|2, 59, N/A, 91.59, 70|3, 58, N/A, 68.00, 38|4, 57, N/A, 67.76, 47|5, 60, N/A, 60.23, 45|6, 39, N/A, 28.51, 0|
17:21:21 0, 57, N/A, 87.41, 86|1, 56, N/A, 83.52, 88|2, 60, N/A, 73.00, 73|3, 58, N/A, 53.79, 56|4, 58, N/A, 56.78, 33|5, 60, N/A, 52.14, 38|6, 39, N/A, 28.51, 0|
17:21:24 0, 57, N/A, 44.76, 92|1, 57, N/A, 81.07, 86|2, 60, N/A, 131.45, 63|3, 58, N/A, 77.77, 51|4, 58, N/A, 91.23, 47|5, 61, N/A, 79.79, 30|6, 39, N/A, 28.51, 0|
17:21:26 0, 57, N/A, 44.27, 89|1, 57, N/A, 59.72, 86|2, 60, N/A, 111.89, 63|3, 58, N/A, 65.54, 50|4, 58, N/A, 69.28, 36|5, 61, N/A, 63.42, 35|6, 39, N/A, 28.51, 0|
17:21:28 0, 58, N/A, 72.22, 88|1, 56, N/A, 64.19, 87|2, 60, N/A, 62.44, 69|3, 58, N/A, 46.94, 59|4, 58, N/A, 48.18, 26|5, 61, N/A, 46.48, 45|6, 39, N/A, 28.51, 0|
17:21:30 0, 58, N/A, 57.06, 88|1, 56, N/A, 56.57, 71|2, 60, N/A, 85.49, 70|3, 58, N/A, 79.99, 58|4, 58, N/A, 65.84, 28|5, 61, N/A, 58.75, 45|6, 39, N/A, 28.51, 0|
17:21:32 0, 58, N/A, 70.26, 88|1, 56, N/A, 80.33, 88|2, 60, N/A, 64.65, 52|3, 58, N/A, 49.89, 59|4, 58, N/A, 56.54, 36|5, 60, N/A, 48.21, 36|6, 40, N/A, 28.51, 0|
17:21:34 0, 58, N/A, 58.25, 89|1, 56, N/A, 57.30, 86|2, 60, N/A, 75.17, 60|3, 58, N/A, 67.72, 49|4, 58, N/A, 90.54, 47|5, 60, N/A, 59.98, 24|6, 40, N/A, 28.51, 0|
17:21:36 0, 57, N/A, 55.55, 84|1, 56, N/A, 57.30, 86|2, 60, N/A, 98.70, 70|3, 58, N/A, 103.67, 45|4, 58, N/A, 50.35, 36|5, 60, N/A, 119.30, 34|6, 39, N/A, 28.49, 0|
17:21:38 0, 57, N/A, 64.15, 88|1, 56, N/A, 65.42, 90|2, 60, N/A, 64.40, 65|3, 58, N/A, 52.81, 51|4, 58, N/A, 52.08, 44|5, 60, N/A, 78.52, 49|6, 39, N/A, 28.49, 0|
17:21:40 0, 58, N/A, 68.08, 88|1, 56, N/A, 66.85, 89|2, 59, N/A, 106.75, 64|3, 58, N/A, 82.88, 50|4, 58, N/A, 90.80, 43|5, 60, N/A, 68.05, 28|6, 39, N/A, 28.51, 0|
17:21:42 0, 57, N/A, 44.76, 69|1, 56, N/A, 48.94, 87|2, 59, N/A, 56.57, 68|3, 57, N/A, 43.99, 38|4, 57, N/A, 45.97, 36|5, 60, N/A, 44.51, 33|6, 39, N/A, 28.51, 0|
17:21:44 0, 57, N/A, 48.45, 87|1, 56, N/A, 73.00, 88|2, 59, N/A, 89.67, 64|3, 57, N/A, 54.81, 49|4, 57, N/A, 56.78, 49|5, 60, N/A, 57.80, 46|6, 39, N/A, 28.53, 0|
17:21:47 0, 57, N/A, 56.53, 88|1, 55, N/A, 57.06, 70|2, 59, N/A, 61.49, 75|3, 57, N/A, 45.72, 59|4, 57, N/A, 47.19, 32|5, 60, N/A, 45.99, 44|6, 39, N/A, 28.51, 0|
17:21:49 0, 57, N/A, 55.56, 91|1, 55, N/A, 56.57, 71|2, 59, N/A, 84.26, 70|3, 57, N/A, 78.35, 58|4, 57, N/A, 62.40, 29|5, 60, N/A, 58.26, 44|6, 39, N/A, 28.53, 0|
17:21:51 0, 57, N/A, 64.36, 89|1, 55, N/A, 87.22, 86|2, 58, N/A, 65.88, 54|3, 57, N/A, 51.86, 52|4, 56, N/A, 57.52, 47|5, 59, N/A, 48.70, 27|6, 39, N/A, 28.53, 0|
17:21:53 0, 56, N/A, 54.85, 91|1, 55, N/A, 54.85, 88|2, 58, N/A, 84.75, 48|3, 57, N/A, 61.65, 61|4, 56, N/A, 74.64, 45|5, 59, N/A, 55.09, 30|6, 39, N/A, 28.53, 0|
17:21:55 0, 56, N/A, 51.16, 88|1, 55, N/A, 53.37, 89|2, 58, N/A, 125.32, 67|3, 57, N/A, 119.28, 51|4, 56, N/A, 47.90, 37|5, 59, N/A, 138.81, 46|6, 39, N/A, 28.49, 0|
17:21:57 0, 56, N/A, 47.19, 71|1, 55, N/A, 73.41, 88|2, 58, N/A, 91.08, 72|3, 56, N/A, 64.81, 38|4, 56, N/A, 70.96, 40|5, 59, N/A, 60.72, 37|6, 39, N/A, 28.51, 0|
17:21:59 0, 56, N/A, 148.59, 88|1, 55, N/A, 162.80, 72|2, 58, N/A, 54.80, 65|3, 57, N/A, 158.93, 51|4, 57, N/A, 160.50, 45|5, 59, N/A, 43.77, 48|6, 39, N/A, 28.51, 0|
17:22:01 0, 56, N/A, 53.12, 89|1, 55, N/A, 58.53, 88|2, 58, N/A, 63.45, 63|3, 56, N/A, 47.19, 50|4, 56, N/A, 49.66, 38|5, 59, N/A, 47.47, 37|6, 39, N/A, 28.53, 0|
17:22:03 0, 55, N/A, 76.64, 76|1, 55, N/A, 78.65, 85|2, 58, N/A, 69.81, 65|3, 56, N/A, 49.16, 42|4, 56, N/A, 51.87, 48|5, 59, N/A, 52.35, 44|6, 39, N/A, 28.51, 0|
17:22:05 0, 56, N/A, 68.33, 92|1, 54, N/A, 61.24, 70|2, 57, N/A, 61.24, 70|3, 56, N/A, 47.19, 50|4, 56, N/A, 48.42, 28|5, 59, N/A, 46.73, 49|6, 39, N/A, 28.53, 0|
17:22:08 0, 56, N/A, 73.45, 88|1, 54, N/A, 66.86, 87|2, 57, N/A, 67.39, 72|3, 56, N/A, 49.65, 60|4, 55, N/A, 50.88, 27|5, 59, N/A, 49.19, 49|6, 39, N/A, 28.51, 0|
17:22:10 0, 56, N/A, 49.16, 92|1, 54, N/A, 82.09, 87|2, 57, N/A, 84.56, 58|3, 56, N/A, 65.59, 52|4, 55, N/A, 65.63, 47|5, 58, N/A, 59.76, 24|6, 38, N/A, 28.53, 0|
17:22:12 0, 55, N/A, 58.29, 91|1, 54, N/A, 56.32, 88|2, 57, N/A, 66.37, 51|3, 56, N/A, 83.67, 59|4, 56, N/A, 72.71, 48|5, 58, N/A, 58.51, 25|6, 39, N/A, 28.53, 0|
17:22:14 0, 55, N/A, 72.52, 72|1, 54, N/A, 64.93, 89|2, 57, N/A, 66.66, 66|3, 56, N/A, 50.42, 50|4, 55, N/A, 50.42, 49|5, 58, N/A, 57.53, 46|6, 39, N/A, 28.53, 0|
17:22:16 0, 55, N/A, 63.42, 71|1, 54, N/A, 55.62, 89|2, 57, N/A, 58.79, 68|3, 55, N/A, 56.01, 38|4, 55, N/A, 48.67, 46|5, 58, N/A, 77.14, 49|6, 38, N/A, 28.28, 0|
17:22:18 0, 55, N/A, 59.06, 89|1, 53, N/A, 67.92, 72|2, 57, N/A, 60.30, 66|3, 56, N/A, 46.98, 47|4, 55, N/A, 50.67, 23|5, 58, N/A, 60.47, 51|6, 38, N/A, 28.53, 0|
17:22:20 0, 55, N/A, 54.38, 88|1, 53, N/A, 56.60, 86|2, 56, N/A, 98.96, 53|3, 56, N/A, 48.17, 55|4, 55, N/A, 103.50, 36|5, 58, N/A, 120.35, 32|6, 39, N/A, 28.51, 0|
17:22:22 0, 55, N/A, 66.13, 88|1, 53, N/A, 66.90, 88|2, 56, N/A, 63.46, 63|3, 56, N/A, 49.43, 50|4, 55, N/A, 51.16, 47|5, 58, N/A, 51.16, 25|6, 38, N/A, 28.26, 0|
17:22:24 0, 55, N/A, 165.51, 90|1, 53, N/A, 46.26, 84|2, 57, N/A, 93.61, 64|3, 56, N/A, 64.60, 50|4, 55, N/A, 44.27, 36|5, 59, N/A, 59.00, 33|6, 38, N/A, 28.51, 0|
17:22:26 0, 54, N/A, 147.86, 91|1, 53, N/A, 46.97, 88|2, 57, N/A, 198.09, 67|3, 55, N/A, 146.29, 52|4, 55, N/A, 44.46, 46|5, 59, N/A, 117.67, 44|6, 38, N/A, 28.26, 0|
17:22:28 0, 55, N/A, 58.25, 88|1, 53, N/A, 73.49, 87|2, 56, N/A, 80.33, 65|3, 55, N/A, 50.88, 49|4, 55, N/A, 52.36, 51|5, 58, N/A, 51.65, 22|6, 38, N/A, 28.49, 0|
17:22:31 0, 55, N/A, 86.32, 92|1, 53, N/A, 83.03, 88|2, 56, N/A, 67.10, 59|3, 55, N/A, 54.29, 58|4, 55, N/A, 55.80, 48|5, 58, N/A, 49.93, 38|6, 38, N/A, 28.26, 0|
17:22:33 0, 54, N/A, 80.97, 90|1, 53, N/A, 86.23, 89|2, 56, N/A, 76.65, 62|3, 55, N/A, 54.29, 50|4, 55, N/A, 57.49, 48|5, 58, N/A, 54.35, 47|6, 38, N/A, 28.26, 0|
17:22:35 0, 54, N/A, 47.47, 72|1, 53, N/A, 74.43, 85|2, 56, N/A, 80.10, 70|3, 55, N/A, 52.84, 37|4, 55, N/A, 53.83, 49|5, 58, N/A, 55.56, 31|6, 38, N/A, 28.28, 0|
17:22:37 0, 54, N/A, 49.68, 91|1, 53, N/A, 52.17, 69|2, 56, N/A, 79.10, 75|3, 55, N/A, 66.78, 56|4, 54, N/A, 60.68, 29|5, 58, N/A, 55.34, 45|6, 38, N/A, 28.26, 0|
17:22:39 0, 54, N/A, 57.77, 91|1, 53, N/A, 51.40, 88|2, 55, N/A, 61.69, 50|3, 55, N/A, 92.19, 59|4, 54, N/A, 85.39, 50|5, 57, N/A, 72.22, 27|6, 38, N/A, 28.26, 0|
17:22:41 0, 55, N/A, 69.35, 92|1, 53, N/A, 56.81, 87|2, 56, N/A, 59.03, 53|3, 55, N/A, 49.16, 54|4, 54, N/A, 47.71, 52|5, 57, N/A, 56.29, 23|6, 38, N/A, 28.51, 0|
17:22:43 0, 55, N/A, 50.42, 70|1, 53, N/A, 64.15, 88|2, 56, N/A, 74.23, 74|3, 55, N/A, 55.06, 37|4, 55, N/A, 62.19, 34|5, 58, N/A, 50.42, 35|6, 38, N/A, 28.28, 0|
17:22:45 0, 55, N/A, 59.97, 85|1, 53, N/A, 92.31, 89|2, 56, N/A, 82.05, 71|3, 55, N/A, 61.13, 44|4, 55, N/A, 60.92, 50|5, 58, N/A, 55.80, 47|6, 38, N/A, 28.26, 0|
17:22:47 0, 55, N/A, 57.76, 87|1, 53, N/A, 66.15, 89|2, 56, N/A, 59.52, 76|3, 55, N/A, 46.70, 57|4, 55, N/A, 50.38, 31|5, 58, N/A, 75.87, 38|6, 38, N/A, 28.26, 0|
17:22:49 0, 55, N/A, 70.54, 88|1, 53, N/A, 62.68, 69|2, 56, N/A, 63.95, 76|3, 55, N/A, 49.16, 55|4, 55, N/A, 49.90, 28|5, 58, N/A, 51.13, 47|6, 38, N/A, 28.26, 0|
17:22:52 0, 55, N/A, 58.25, 89|1, 53, N/A, 90.40, 87|2, 56, N/A, 81.56, 53|3, 55, N/A, 55.27, 58|4, 55, N/A, 59.49, 39|5, 58, N/A, 53.37, 36|6, 39, N/A, 28.51, 0|
17:22:54 0, 55, N/A, 58.50, 59|1, 54, N/A, 92.07, 56|2, 56, N/A, 67.36, 39|3, 55, N/A, 51.37, 33|4, 55, N/A, 59.49, 38|5, 58, N/A, 48.94, 41|6, 39, N/A, 28.51, 0|
17:22:56 0, 55, N/A, 63.90, 69|1, 54, N/A, 60.50, 87|2, 57, N/A, 61.73, 70|3, 56, N/A, 60.39, 36|4, 55, N/A, 52.10, 34|5, 58, N/A, 84.66, 35|6, 39, N/A, 28.49, 0|
17:22:58 0, 55, N/A, 93.49, 89|1, 54, N/A, 118.94, 81|2, 56, N/A, 56.03, 63|3, 56, N/A, 149.15, 52|4, 55, N/A, 154.79, 39|5, 58, N/A, 44.48, 38|6, 38, N/A, 28.49, 0|
17:23:00 0, 55, N/A, 66.33, 87|1, 54, N/A, 65.88, 89|2, 57, N/A, 63.70, 77|3, 56, N/A, 48.66, 57|4, 55, N/A, 50.64, 29|5, 58, N/A, 49.90, 35|6, 39, N/A, 28.51, 0|
17:23:02 0, 55, N/A, 42.76, 88|1, 55, N/A, 101.88, 86|2, 57, N/A, 85.49, 65|3, 56, N/A, 43.26, 49|4, 56, N/A, 58.47, 50|5, 59, N/A, 70.50, 47|6, 39, N/A, 28.25, 0|
17:23:04 0, 55, N/A, 47.46, 89|1, 54, N/A, 132.59, 88|2, 57, N/A, 178.62, 66|3, 56, N/A, 44.21, 62|4, 55, N/A, 159.44, 36|5, 59, N/A, 162.12, 36|6, 39, N/A, 28.49, 0|
17:23:06 0, 56, N/A, 145.02, 89|1, 54, N/A, 47.22, 89|2, 58, N/A, 93.31, 66|3, 57, N/A, 67.27, 49|4, 55, N/A, 44.49, 31|5, 59, N/A, 81.47, 45|6, 39, N/A, 28.51, 0|
17:23:08 0, 55, N/A, 49.43, 69|1, 54, N/A, 54.10, 88|2, 57, N/A, 143.64, 63|3, 56, N/A, 130.96, 36|4, 55, N/A, 47.65, 34|5, 59, N/A, 143.14, 35|6, 39, N/A, 28.49, 0|
17:23:10 0, 56, N/A, 158.88, 88|1, 54, N/A, 172.08, 69|2, 57, N/A, 54.07, 64|3, 56, N/A, 104.15, 50|4, 57, N/A, 105.16, 43|5, 59, N/A, 43.77, 29|6, 39, N/A, 28.51, 0|
17:23:12 0, 56, N/A, 43.50, 89|1, 55, N/A, 119.25, 86|2, 58, N/A, 87.46, 72|3, 56, N/A, 79.74, 40|4, 57, N/A, 111.08, 36|5, 60, N/A, 93.01, 33|6, 39, N/A, 28.51, 0|
17:23:15 0, 56, N/A, 45.22, 90|1, 54, N/A, 157.91, 89|2, 58, N/A, 193.45, 64|3, 56, N/A, 43.47, 48|4, 57, N/A, 171.08, 36|5, 59, N/A, 170.84, 35|6, 39, N/A, 28.49, 0|
17:23:17 0, 57, N/A, 83.97, 79|1, 54, N/A, 46.97, 87|2, 58, N/A, 91.10, 72|3, 57, N/A, 99.56, 60|4, 56, N/A, 75.57, 35|5, 60, N/A, 87.40, 34|6, 39, N/A, 28.51, 0|
17:23:19 0, 56, N/A, 52.63, 90|1, 54, N/A, 54.60, 87|2, 58, N/A, 112.15, 66|3, 56, N/A, 108.32, 48|4, 56, N/A, 48.63, 37|5, 59, N/A, 125.16, 35|6, 39, N/A, 28.49, 0|
17:23:21 0, 56, N/A, 157.41, 86|1, 54, N/A, 171.10, 88|2, 57, N/A, 54.31, 59|3, 57, N/A, 154.12, 61|4, 56, N/A, 164.59, 34|5, 59, N/A, 44.02, 38|6, 39, N/A, 28.51, 0|
17:23:23 0, 56, N/A, 49.93, 87|1, 54, N/A, 55.34, 86|2, 58, N/A, 107.55, 74|3, 56, N/A, 71.93, 56|4, 56, N/A, 76.85, 35|5, 59, N/A, 64.61, 34|6, 39, N/A, 28.51, 0|
17:23:25 0, 56, N/A, 52.63, 88|1, 55, N/A, 55.34, 86|2, 58, N/A, 107.49, 65|3, 56, N/A, 47.43, 52|4, 56, N/A, 125.41, 50|5, 59, N/A, 135.38, 29|6, 39, N/A, 28.49, 0|
17:23:27 0, 56, N/A, 67.34, 55|1, 55, N/A, 74.68, 65|2, 58, N/A, 63.67, 43|3, 56, N/A, 49.40, 31|4, 56, N/A, 55.80, 24|5, 59, N/A, 48.20, 31|6, 39, N/A, 28.51, 0|
17:23:29 0, 56, N/A, 71.47, 88|1, 55, N/A, 100.16, 90|2, 58, N/A, 80.10, 67|3, 56, N/A, 57.97, 52|4, 56, N/A, 63.14, 49|5, 59, N/A, 55.09, 50|6, 39, N/A, 28.53, 0|
17:23:31 0, 56, N/A, 75.91, 87|1, 55, N/A, 70.29, 87|2, 58, N/A, 66.61, 71|3, 56, N/A, 49.65, 52|4, 56, N/A, 52.11, 29|5, 59, N/A, 49.65, 32|6, 39, N/A, 28.49, 0|
17:23:33 0, 56, N/A, 55.58, 88|1, 55, N/A, 62.47, 68|2, 58, N/A, 59.76, 69|3, 57, N/A, 59.20, 47|4, 56, N/A, 58.19, 26|5, 60, N/A, 83.48, 48|6, 39, N/A, 28.51, 0|
17:23:36 0, 56, N/A, 73.17, 90|1, 55, N/A, 68.82, 88|2, 58, N/A, 67.11, 52|3, 57, N/A, 49.40, 61|4, 56, N/A, 51.87, 35|5, 60, N/A, 57.98, 35|6, 39, N/A, 28.51, 0|
17:23:38 0, 56, N/A, 54.35, 90|1, 55, N/A, 52.14, 83|2, 58, N/A, 100.66, 52|3, 57, N/A, 83.62, 60|4, 56, N/A, 82.69, 36|5, 60, N/A, 71.49, 22|6, 39, N/A, 28.51, 0|
17:23:40 0, 56, N/A, 72.96, 69|1, 55, N/A, 67.36, 90|2, 58, N/A, 66.62, 70|3, 57, N/A, 50.63, 37|4, 57, N/A, 50.88, 50|5, 60, N/A, 55.31, 51|6, 39, N/A, 28.51, 0|
17:23:42 0, 56, N/A, 47.20, 69|1, 55, N/A, 91.33, 86|2, 58, N/A, 86.23, 70|3, 57, N/A, 58.43, 36|4, 57, N/A, 59.69, 49|5, 60, N/A, 55.56, 50|6, 39, N/A, 28.53, 0|
17:23:44 0, 57, N/A, 50.45, 91|1, 55, N/A, 55.58, 67|2, 59, N/A, 77.43, 76|3, 57, N/A, 65.59, 57|4, 57, N/A, 59.00, 26|5, 60, N/A, 55.10, 46|6, 39, N/A, 28.53, 0|
17:23:46 0, 57, N/A, 49.68, 91|1, 55, N/A, 73.21, 85|2, 58, N/A, 71.28, 46|3, 57, N/A, 60.43, 62|4, 57, N/A, 55.31, 48|5, 60, N/A, 51.16, 27|6, 39, N/A, 28.53, 0|
17:23:48 0, 57, N/A, 64.85, 89|1, 56, N/A, 69.57, 88|2, 58, N/A, 79.36, 48|3, 57, N/A, 51.37, 58|4, 57, N/A, 52.85, 37|5, 60, N/A, 53.87, 29|6, 39, N/A, 28.53, 0|
17:23:50 0, 57, N/A, 54.36, 69|1, 56, N/A, 56.07, 89|2, 59, N/A, 64.90, 69|3, 57, N/A, 83.95, 37|4, 57, N/A, 78.02, 51|5, 60, N/A, 91.53, 48|6, 39, N/A, 28.51, 0|
17:23:52 0, 57, N/A, 43.28, 89|1, 56, N/A, 111.96, 87|2, 59, N/A, 91.83, 70|3, 57, N/A, 43.99, 37|4, 58, N/A, 64.37, 36|5, 61, N/A, 58.26, 34|6, 39, N/A, 28.51, 0|
17:23:54 0, 58, N/A, 78.86, 87|1, 55, N/A, 48.23, 66|2, 60, N/A, 116.57, 64|3, 58, N/A, 85.83, 51|4, 57, N/A, 78.57, 32|5, 61, N/A, 73.70, 48|6, 39, N/A, 28.51, 0|
17:23:56 0, 57, N/A, 60.95, 71|1, 56, N/A, 84.51, 71|2, 59, N/A, 105.51, 57|3, 57, N/A, 65.79, 53|4, 57, N/A, 74.88, 46|5, 60, N/A, 78.03, 46|6, 39, N/A, 28.51, 0|
17:23:59 0, 57, N/A, 49.68, 88|1, 56, N/A, 55.06, 66|2, 59, N/A, 78.86, 73|3, 57, N/A, 68.99, 60|4, 57, N/A, 57.73, 24|5, 60, N/A, 54.33, 51|6, 39, N/A, 28.53, 0|
17:24:01 0, 57, N/A, 82.00, 90|1, 56, N/A, 66.86, 87|2, 59, N/A, 65.18, 48|3, 58, N/A, 55.06, 61|4, 57, N/A, 51.13, 50|5, 60, N/A, 47.71, 22|6, 39, N/A, 28.51, 0|
17:24:03 0, 58, N/A, 76.61, 50|1, 56, N/A, 86.75, 51|2, 60, N/A, 99.63, 48|3, 58, N/A, 77.78, 46|4, 58, N/A, 82.74, 43|5, 61, N/A, 83.20, 43|6, 39, N/A, 28.77, 0|
17:24:05 0, 58, N/A, 81.37, 50|1, 57, N/A, 88.20, 51|2, 60, N/A, 101.97, 47|3, 58, N/A, 82.25, 46|4, 58, N/A, 88.65, 44|5, 61, N/A, 85.25, 43|6, 39, N/A, 28.53, 0|
17:24:07 0, 58, N/A, 84.58, 50|1, 57, N/A, 93.23, 51|2, 60, N/A, 104.43, 48|3, 58, N/A, 82.54, 46|4, 58, N/A, 86.73, 44|5, 61, N/A, 85.59, 44|6, 39, N/A, 28.55, 0|
17:24:09 0, 58, N/A, 79.68, 49|1, 57, N/A, 89.04, 51|2, 60, N/A, 99.08, 47|3, 58, N/A, 80.33, 46|4, 58, N/A, 83.79, 43|5, 61, N/A, 83.55, 43|6, 39, N/A, 28.55, 0|
17:24:11 0, 58, N/A, 82.16, 50|1, 57, N/A, 90.77, 50|2, 60, N/A, 104.68, 48|3, 58, N/A, 82.30, 46|4, 58, N/A, 86.25, 44|5, 62, N/A, 89.29, 44|6, 39, N/A, 28.30, 0|
17:24:13 0, 58, N/A, 81.38, 48|1, 57, N/A, 87.57, 51|2, 61, N/A, 100.30, 47|3, 59, N/A, 83.82, 46|4, 58, N/A, 85.95, 43|5, 62, N/A, 90.71, 43|6, 39, N/A, 28.55, 0|
17:24:15 0, 58, N/A, 81.38, 51|1, 57, N/A, 88.80, 52|2, 61, N/A, 103.30, 48|3, 59, N/A, 81.56, 47|4, 59, N/A, 88.46, 44|5, 62, N/A, 86.73, 43|6, 39, N/A, 28.53, 0|
17:24:17 0, 58, N/A, 79.45, 51|1, 57, N/A, 88.31, 51|2, 61, N/A, 100.36, 48|3, 59, N/A, 79.84, 46|4, 58, N/A, 85.25, 44|5, 62, N/A, 85.31, 44|6, 39, N/A, 28.79, 0|
17:24:19 0, 58, N/A, 83.37, 50|1, 57, N/A, 84.56, 52|2, 60, N/A, 96.75, 48|3, 59, N/A, 79.30, 47|4, 58, N/A, 86.39, 44|5, 62, N/A, 81.81, 44|6, 39, N/A, 28.28, 0|
17:24:22 0, 58, N/A, 81.11, 51|1, 57, N/A, 87.95, 51|2, 60, N/A, 99.68, 48|3, 58, N/A, 81.26, 47|4, 58, N/A, 87.40, 44|5, 62, N/A, 89.86, 44|6, 39, N/A, 28.77, 0|
17:24:24 0, 58, N/A, 83.61, 51|1, 57, N/A, 84.51, 51|2, 60, N/A, 102.01, 48|3, 58, N/A, 81.75, 47|4, 58, N/A, 93.39, 44|5, 62, N/A, 88.64, 44|6, 39, N/A, 28.26, 0|
17:24:26 0, 58, N/A, 84.07, 50|1, 57, N/A, 91.10, 51|2, 60, N/A, 104.36, 48|3, 58, N/A, 87.10, 47|4, 58, N/A, 93.25, 43|5, 61, N/A, 89.92, 43|6, 39, N/A, 28.53, 0|
17:24:28 0, 58, N/A, 85.25, 50|1, 57, N/A, 84.76, 51|2, 60, N/A, 102.01, 48|3, 58, N/A, 81.95, 46|4, 58, N/A, 92.53, 43|5, 62, N/A, 91.58, 43|6, 39, N/A, 28.53, 0|
17:24:30 0, 58, N/A, 86.77, 50|1, 57, N/A, 95.58, 51|2, 60, N/A, 102.20, 48|3, 58, N/A, 78.36, 46|4, 58, N/A, 83.97, 43|5, 62, N/A, 84.56, 44|6, 39, N/A, 28.53, 0|
17:24:32 0, 58, N/A, 85.11, 50|1, 57, N/A, 87.57, 51|2, 60, N/A, 99.87, 48|3, 58, N/A, 80.08, 47|4, 58, N/A, 87.71, 44|5, 61, N/A, 84.82, 44|6, 39, N/A, 28.55, 0|
17:24:34 0, 58, N/A, 79.16, 50|1, 56, N/A, 85.31, 51|2, 60, N/A, 102.52, 47|3, 58, N/A, 81.76, 46|4, 58, N/A, 88.40, 44|5, 62, N/A, 86.78, 44|6, 39, N/A, 28.55, 0|
17:24:36 0, 58, N/A, 82.60, 50|1, 56, N/A, 89.73, 52|2, 60, N/A, 101.53, 47|3, 58, N/A, 81.31, 46|4, 58, N/A, 85.46, 44|5, 61, N/A, 89.68, 44|6, 39, N/A, 28.55, 0|
17:24:38 0, 58, N/A, 81.37, 50|1, 56, N/A, 92.96, 51|2, 60, N/A, 112.96, 49|3, 58, N/A, 78.85, 47|4, 58, N/A, 85.25, 44|5, 61, N/A, 87.17, 44|6, 39, N/A, 28.30, 0|
17:24:40 0, 58, N/A, 82.80, 50|1, 56, N/A, 90.71, 50|2, 60, N/A, 104.47, 48|3, 58, N/A, 79.30, 47|4, 58, N/A, 84.23, 43|5, 61, N/A, 86.48, 43|6, 39, N/A, 28.53, 0|
17:24:42 0, 58, N/A, 79.44, 50|1, 56, N/A, 93.91, 51|2, 59, N/A, 101.52, 47|3, 58, N/A, 82.05, 46|4, 58, N/A, 88.20, 43|5, 61, N/A, 88.94, 43|6, 39, N/A, 28.55, 0|
17:24:44 0, 58, N/A, 81.42, 51|1, 56, N/A, 90.22, 52|2, 59, N/A, 102.51, 47|3, 58, N/A, 83.33, 46|4, 58, N/A, 87.97, 44|5, 61, N/A, 85.55, 44|6, 39, N/A, 28.55, 0|
17:24:47 0, 58, N/A, 85.40, 50|1, 56, N/A, 90.66, 52|2, 59, N/A, 100.31, 48|3, 58, N/A, 80.08, 47|4, 58, N/A, 89.43, 44|5, 61, N/A, 83.59, 44|6, 39, N/A, 28.55, 0|
17:24:49 0, 58, N/A, 77.68, 50|1, 56, N/A, 88.06, 51|2, 59, N/A, 100.31, 47|3, 58, N/A, 82.05, 46|4, 58, N/A, 83.69, 43|5, 61, N/A, 86.49, 44|6, 39, N/A, 28.05, 0|
17:24:51 0, 57, N/A, 80.14, 50|1, 56, N/A, 87.03, 51|2, 59, N/A, 99.57, 48|3, 58, N/A, 79.79, 46|4, 58, N/A, 83.29, 44|5, 61, N/A, 81.62, 44|6, 39, N/A, 28.55, 0|
17:24:53 0, 57, N/A, 82.10, 50|1, 56, N/A, 91.94, 52|2, 59, N/A, 104.23, 48|3, 58, N/A, 79.35, 46|4, 58, N/A, 84.47, 44|5, 61, N/A, 84.48, 44|6, 39, N/A, 28.55, 0|
17:24:55 0, 57, N/A, 78.46, 50|1, 56, N/A, 87.08, 51|2, 59, N/A, 100.36, 48|3, 58, N/A, 78.37, 46|4, 58, N/A, 84.03, 44|5, 61, N/A, 83.54, 44|6, 39, N/A, 28.55, 0|
17:24:57 0, 57, N/A, 82.12, 50|1, 56, N/A, 91.45, 51|2, 59, N/A, 103.07, 48|3, 58, N/A, 82.30, 47|4, 57, N/A, 85.75, 44|5, 61, N/A, 82.31, 44|6, 38, N/A, 28.55, 0|
17:24:59 0, 57, N/A, 84.81, 51|1, 56, N/A, 86.28, 51|2, 59, N/A, 102.46, 48|3, 58, N/A, 84.02, 47|4, 57, N/A, 87.46, 44|5, 61, N/A, 86.00, 44|6, 39, N/A, 28.28, 0|
17:25:01 0, 57, N/A, 79.43, 49|1, 56, N/A, 84.12, 50|2, 59, N/A, 96.36, 47|3, 58, N/A, 79.54, 45|4, 57, N/A, 83.93, 43|5, 61, N/A, 83.54, 43|6, 38, N/A, 28.53, 0|
17:25:03 0, 57, N/A, 80.13, 50|1, 56, N/A, 84.75, 50|2, 59, N/A, 97.00, 48|3, 57, N/A, 80.29, 47|4, 57, N/A, 86.23, 43|5, 61, N/A, 86.72, 43|6, 38, N/A, 28.28, 0|
17:25:05 0, 57, N/A, 81.86, 51|1, 56, N/A, 86.54, 51|2, 59, N/A, 98.77, 48|3, 58, N/A, 82.69, 47|4, 57, N/A, 87.99, 44|5, 61, N/A, 88.70, 44|6, 38, N/A, 28.55, 0|
17:25:07 0, 56, N/A, 42.35, 0|1, 55, N/A, 46.05, 0|2, 58, N/A, 53.65, 0|3, 57, N/A, 42.58, 0|4, 56, N/A, 44.54, 0|5, 60, N/A, 43.83, 0|6, 38, N/A, 28.30, 0|
17:25:09 0, 57, N/A, 69.12, 89|1, 55, N/A, 66.94, 87|2, 58, N/A, 105.40, 65|3, 57, N/A, 84.17, 49|4, 57, N/A, 90.37, 36|5, 60, N/A, 66.91, 28|6, 38, N/A, 28.30, 0|
17:25:12 0, 56, N/A, 74.23, 69|1, 55, N/A, 69.36, 86|2, 58, N/A, 65.92, 71|3, 57, N/A, 48.94, 36|4, 57, N/A, 51.65, 52|5, 61, N/A, 62.43, 32|6, 38, N/A, 28.53, 0|
17:25:14 0, 56, N/A, 50.94, 89|1, 55, N/A, 99.98, 86|2, 57, N/A, 157.12, 49|3, 56, N/A, 45.47, 59|4, 56, N/A, 145.43, 34|5, 60, N/A, 150.33, 36|6, 38, N/A, 28.26, 0|
17:25:16 0, 56, N/A, 129.25, 88|1, 54, N/A, 48.97, 90|2, 58, N/A, 188.28, 66|3, 57, N/A, 159.43, 51|4, 56, N/A, 45.96, 32|5, 60, N/A, 168.26, 49|6, 38, N/A, 28.26, 0|
17:25:18 0, 55, N/A, 54.38, 69|1, 54, N/A, 54.39, 90|2, 57, N/A, 83.82, 71|3, 56, N/A, 59.23, 36|4, 56, N/A, 72.52, 50|5, 60, N/A, 55.59, 51|6, 38, N/A, 28.28, 0|
17:25:20 0, 56, N/A, 64.69, 85|1, 54, N/A, 69.36, 66|2, 57, N/A, 62.27, 70|3, 57, N/A, 47.71, 53|4, 56, N/A, 51.87, 35|5, 60, N/A, 57.76, 32|6, 38, N/A, 28.26, 0|
17:25:22 0, 56, N/A, 63.13, 91|1, 54, N/A, 92.90, 89|2, 57, N/A, 67.60, 46|3, 56, N/A, 51.61, 63|4, 56, N/A, 59.73, 49|5, 59, N/A, 49.93, 25|6, 38, N/A, 28.26, 0|
17:25:24 0, 56, N/A, 52.14, 90|1, 54, N/A, 50.42, 88|2, 57, N/A, 94.97, 48|3, 56, N/A, 87.83, 60|4, 56, N/A, 81.51, 46|5, 59, N/A, 68.54, 28|6, 38, N/A, 28.26, 0|
17:25:26 0, 56, N/A, 89.33, 68|1, 54, N/A, 86.76, 89|2, 57, N/A, 76.70, 65|3, 56, N/A, 58.00, 48|4, 56, N/A, 58.26, 52|5, 59, N/A, 53.12, 48|6, 38, N/A, 28.28, 0|
17:25:28 0, 55, N/A, 53.90, 71|1, 54, N/A, 55.37, 89|2, 57, N/A, 72.77, 72|3, 56, N/A, 86.14, 41|4, 55, N/A, 92.32, 52|5, 59, N/A, 81.32, 48|6, 38, N/A, 28.28, 0|
17:25:30 0, 56, N/A, 74.48, 87|1, 53, N/A, 63.22, 65|2, 57, N/A, 61.28, 77|3, 56, N/A, 68.79, 61|4, 55, N/A, 59.70, 32|5, 59, N/A, 65.39, 48|6, 38, N/A, 28.28, 0|
17:25:33 0, 56, N/A, 68.34, 87|1, 53, N/A, 89.22, 64|2, 57, N/A, 79.89, 66|3, 56, N/A, 58.75, 49|4, 55, N/A, 57.31, 32|5, 59, N/A, 54.61, 48|6, 38, N/A, 28.30, 0|
17:25:35 0, 56, N/A, 54.88, 92|1, 54, N/A, 56.36, 87|2, 56, N/A, 100.74, 47|3, 56, N/A, 62.15, 63|4, 56, N/A, 62.68, 33|5, 59, N/A, 67.64, 36|6, 38, N/A, 28.28, 0|
17:25:37 0, 55, N/A, 60.72, 87|1, 54, N/A, 63.94, 89|2, 57, N/A, 66.65, 65|3, 56, N/A, 48.91, 50|4, 56, N/A, 51.87, 39|5, 59, N/A, 49.93, 47|6, 38, N/A, 28.28, 0|
17:25:39 0, 55, N/A, 49.19, 88|1, 53, N/A, 53.37, 88|2, 56, N/A, 122.86, 66|3, 55, N/A, 45.69, 52|4, 55, N/A, 123.45, 51|5, 59, N/A, 134.16, 26|6, 38, N/A, 28.24, 0|
17:25:41 0, 55, N/A, 50.41, 72|1, 53, N/A, 56.32, 86|2, 56, N/A, 129.42, 73|3, 55, N/A, 131.46, 39|4, 55, N/A, 46.18, 34|5, 59, N/A, 151.87, 36|6, 38, N/A, 28.24, 0|
17:25:43 0, 55, N/A, 91.76, 67|1, 53, N/A, 80.82, 89|2, 56, N/A, 71.04, 74|3, 55, N/A, 54.53, 34|4, 55, N/A, 55.31, 34|5, 59, N/A, 52.14, 49|6, 38, N/A, 28.26, 0|
17:25:45 0, 55, N/A, 63.17, 89|1, 53, N/A, 60.25, 66|2, 56, N/A, 61.24, 73|3, 55, N/A, 48.64, 60|4, 54, N/A, 48.89, 24|5, 59, N/A, 70.26, 51|6, 38, N/A, 28.26, 0|
17:25:47 0, 55, N/A, 51.89, 88|1, 53, N/A, 52.38, 88|2, 56, N/A, 114.42, 75|3, 55, N/A, 78.02, 61|4, 54, N/A, 89.02, 23|5, 59, N/A, 81.76, 51|6, 38, N/A, 28.26, 0|
17:25:49 0, 55, N/A, 49.89, 90|1, 53, N/A, 88.67, 88|2, 56, N/A, 76.69, 48|3, 55, N/A, 54.53, 52|4, 55, N/A, 58.22, 52|5, 58, N/A, 55.06, 23|6, 38, N/A, 28.26, 0|
17:25:51 0, 54, N/A, 43.04, 68|1, 53, N/A, 47.25, 85|2, 56, N/A, 53.86, 72|3, 55, N/A, 42.52, 38|4, 55, N/A, 44.51, 52|5, 58, N/A, 43.78, 44|6, 38, N/A, 28.28, 0|
17:25:53 0, 54, N/A, 43.28, 89|1, 53, N/A, 94.58, 87|2, 56, N/A, 77.43, 71|3, 55, N/A, 42.77, 36|4, 56, N/A, 59.00, 33|5, 59, N/A, 62.88, 36|6, 38, N/A, 28.26, 0|
17:25:56 0, 55, N/A, 170.54, 88|1, 53, N/A, 45.74, 89|2, 56, N/A, 118.52, 65|3, 56, N/A, 76.34, 51|4, 54, N/A, 43.99, 33|5, 59, N/A, 68.54, 46|6, 38, N/A, 28.26, 0|
17:25:58 0, 54, N/A, 47.71, 85|1, 53, N/A, 71.28, 89|2, 55, N/A, 69.56, 71|3, 55, N/A, 58.71, 40|4, 55, N/A, 54.57, 51|5, 58, N/A, 49.68, 51|6, 38, N/A, 28.26, 0|
17:26:00 0, 54, N/A, 49.41, 92|1, 52, N/A, 60.46, 66|2, 56, N/A, 89.87, 67|3, 55, N/A, 55.51, 57|4, 54, N/A, 55.76, 23|5, 58, N/A, 58.01, 50|6, 38, N/A, 28.26, 0|
17:26:02 0, 54, N/A, 50.18, 89|1, 52, N/A, 51.19, 90|2, 55, N/A, 74.48, 66|3, 54, N/A, 54.53, 49|4, 54, N/A, 67.31, 52|5, 58, N/A, 51.65, 50|6, 38, N/A, 28.28, 0|
17:26:04 0, 54, N/A, 50.91, 88|1, 52, N/A, 53.12, 65|2, 55, N/A, 80.38, 73|3, 55, N/A, 73.89, 61|4, 54, N/A, 61.42, 25|5, 58, N/A, 56.54, 53|6, 38, N/A, 28.26, 0|
17:26:06 0, 55, N/A, 88.15, 92|1, 53, N/A, 75.22, 87|2, 55, N/A, 71.49, 49|3, 55, N/A, 90.54, 59|4, 55, N/A, 101.77, 33|5, 58, N/A, 75.63, 36|6, 38, N/A, 28.26, 0|
17:26:08 0, 54, N/A, 66.29, 88|1, 52, N/A, 85.74, 67|2, 55, N/A, 75.17, 73|3, 55, N/A, 55.02, 60|4, 54, N/A, 56.28, 25|5, 58, N/A, 52.35, 53|6, 38, N/A, 28.26, 0|
17:26:10 0, 54, N/A, 50.91, 91|1, 52, N/A, 52.66, 87|2, 55, N/A, 95.07, 48|3, 55, N/A, 84.17, 63|4, 54, N/A, 86.86, 38|5, 58, N/A, 81.27, 34|6, 38, N/A, 28.03, 0|
17:26:12 0, 54, N/A, 48.94, 89|1, 52, N/A, 65.63, 83|2, 55, N/A, 71.04, 74|3, 54, N/A, 53.58, 61|4, 54, N/A, 59.23, 22|5, 58, N/A, 49.43, 43|6, 38, N/A, 28.28, 0|
17:26:14 0, 54, N/A, 74.19, 91|1, 52, N/A, 63.45, 87|2, 55, N/A, 62.97, 44|3, 54, N/A, 47.93, 63|4, 54, N/A, 48.92, 53|5, 58, N/A, 62.68, 30|6, 38, N/A, 28.28, 0|
17:26:17 0, 53, N/A, 42.54, 89|1, 52, N/A, 88.19, 87|2, 55, N/A, 131.20, 64|3, 54, N/A, 77.28, 51|4, 55, N/A, 83.44, 35|5, 58, N/A, 73.45, 34|6, 38, N/A, 28.26, 0|
17:26:19 0, 54, N/A, 60.68, 90|1, 52, N/A, 91.62, 89|2, 54, N/A, 79.84, 46|3, 54, N/A, 56.99, 64|4, 54, N/A, 58.00, 44|5, 57, N/A, 52.14, 34|6, 38, N/A, 28.26, 0|
17:26:21 0, 54, N/A, 51.65, 89|1, 52, N/A, 52.88, 87|2, 55, N/A, 60.75, 72|3, 54, N/A, 82.93, 32|4, 54, N/A, 88.05, 43|5, 58, N/A, 78.37, 45|6, 38, N/A, 28.26, 0|
17:26:23 0, 54, N/A, 49.68, 90|1, 52, N/A, 63.42, 87|2, 55, N/A, 73.00, 50|3, 54, N/A, 52.60, 61|4, 54, N/A, 61.67, 38|5, 58, N/A, 50.17, 37|6, 38, N/A, 28.28, 0|
17:26:25 0, 54, N/A, 65.38, 65|1, 53, N/A, 62.22, 89|2, 55, N/A, 63.95, 73|3, 55, N/A, 46.94, 35|4, 54, N/A, 49.16, 45|5, 58, N/A, 56.53, 47|6, 38, N/A, 28.26, 0|
17:26:27 0, 54, N/A, 78.35, 48|1, 52, N/A, 76.93, 77|2, 55, N/A, 65.63, 36|3, 55, N/A, 50.88, 29|4, 54, N/A, 52.36, 34|5, 58, N/A, 48.94, 33|6, 38, N/A, 28.26, 0|
17:26:29 0, 54, N/A, 52.38, 68|1, 53, N/A, 50.45, 87|2, 55, N/A, 103.13, 74|3, 55, N/A, 81.21, 32|4, 54, N/A, 80.29, 55|5, 58, N/A, 70.06, 48|6, 38, N/A, 28.26, 0|
17:26:31 0, 55, N/A, 48.20, 90|1, 52, N/A, 69.07, 63|2, 56, N/A, 75.96, 67|3, 55, N/A, 48.91, 50|4, 55, N/A, 51.13, 26|5, 59, N/A, 52.63, 50|6, 38, N/A, 28.28, 0|
17:26:33 0, 54, N/A, 76.89, 67|1, 53, N/A, 66.16, 89|2, 56, N/A, 63.91, 72|3, 55, N/A, 49.40, 33|4, 55, N/A, 50.14, 36|5, 58, N/A, 49.93, 36|6, 38, N/A, 28.26, 0|
17:26:35 0, 55, N/A, 48.70, 91|1, 53, N/A, 58.26, 64|2, 56, N/A, 94.78, 62|3, 55, N/A, 64.85, 50|4, 54, N/A, 70.51, 26|5, 59, N/A, 64.65, 49|6, 38, N/A, 28.28, 0|
17:26:37 0, 54, N/A, 65.59, 74|1, 53, N/A, 84.51, 90|2, 56, N/A, 64.89, 71|3, 55, N/A, 51.12, 39|4, 55, N/A, 55.80, 35|5, 58, N/A, 48.20, 34|6, 38, N/A, 28.26, 0|
17:26:40 0, 55, N/A, 64.92, 91|1, 53, N/A, 60.75, 64|2, 56, N/A, 60.01, 75|3, 56, N/A, 52.82, 61|4, 55, N/A, 47.91, 27|5, 59, N/A, 71.98, 48|6, 38, N/A, 28.28, 0|
17:26:42 0, 56, N/A, 171.52, 90|1, 53, N/A, 179.82, 89|2, 56, N/A, 52.87, 61|3, 56, N/A, 79.99, 49|4, 56, N/A, 85.89, 38|5, 59, N/A, 43.53, 29|6, 38, N/A, 28.26, 0|
17:26:44 0, 55, N/A, 74.93, 87|1, 53, N/A, 57.80, 64|2, 56, N/A, 60.99, 74|3, 55, N/A, 48.42, 58|4, 55, N/A, 47.44, 26|5, 59, N/A, 52.11, 50|6, 38, N/A, 28.26, 0|
17:26:46 0, 55, N/A, 50.91, 91|1, 54, N/A, 53.15, 88|2, 56, N/A, 93.84, 62|3, 56, N/A, 58.22, 52|4, 55, N/A, 59.49, 56|5, 59, N/A, 62.19, 18|6, 38, N/A, 28.28, 0|
17:26:48 0, 55, N/A, 81.81, 87|1, 53, N/A, 83.48, 64|2, 56, N/A, 75.68, 73|3, 55, N/A, 57.23, 53|4, 55, N/A, 58.51, 22|5, 59, N/A, 54.11, 52|6, 38, N/A, 28.28, 0|
17:26:50 0, 56, N/A, 69.52, 91|1, 54, N/A, 65.87, 87|2, 56, N/A, 74.24, 62|3, 56, N/A, 49.13, 52|4, 56, N/A, 49.90, 55|5, 59, N/A, 49.68, 17|6, 38, N/A, 28.26, 0|
17:26:52 0, 55, N/A, 50.91, 88|1, 54, N/A, 69.77, 88|2, 56, N/A, 133.37, 65|3, 56, N/A, 45.71, 51|4, 55, N/A, 126.33, 53|5, 59, N/A, 137.34, 23|6, 38, N/A, 28.25, 0|
17:26:54 0, 56, N/A, 52.85, 91|1, 54, N/A, 54.11, 87|2, 57, N/A, 65.39, 62|3, 56, N/A, 89.55, 49|4, 56, N/A, 71.41, 55|5, 59, N/A, 95.94, 19|6, 38, N/A, 28.26, 0|
17:26:56 0, 55, N/A, 43.50, 89|1, 54, N/A, 169.14, 86|2, 57, N/A, 200.91, 64|3, 55, N/A, 42.73, 51|4, 56, N/A, 176.86, 48|5, 60, N/A, 176.21, 29|6, 38, N/A, 28.49, 0|
17:26:58 0, 56, N/A, 49.92, 90|1, 54, N/A, 73.49, 88|2, 57, N/A, 82.10, 61|3, 56, N/A, 53.09, 50|4, 56, N/A, 54.82, 49|5, 59, N/A, 56.82, 23|6, 38, N/A, 28.26, 0|
17:27:01 0, 55, N/A, 49.18, 88|1, 54, N/A, 106.00, 88|2, 57, N/A, 165.51, 64|3, 56, N/A, 43.96, 50|4, 56, N/A, 150.72, 41|5, 59, N/A, 155.13, 27|6, 38, N/A, 28.24, 0|
17:27:03 0, 55, N/A, 48.20, 66|1, 54, N/A, 73.24, 68|2, 57, N/A, 79.84, 72|3, 56, N/A, 54.04, 34|4, 55, N/A, 56.26, 47|5, 59, N/A, 51.13, 41|6, 38, N/A, 28.51, 0|
17:27:05 0, 56, N/A, 49.92, 88|1, 54, N/A, 98.25, 88|2, 57, N/A, 154.32, 63|3, 56, N/A, 44.46, 50|4, 56, N/A, 140.95, 35|5, 59, N/A, 148.03, 23|6, 38, N/A, 28.24, 0|
17:27:07 0, 55, N/A, 51.16, 65|1, 54, N/A, 50.17, 90|2, 57, N/A, 104.85, 70|3, 56, N/A, 80.47, 37|4, 56, N/A, 70.96, 54|5, 60, N/A, 63.67, 54|6, 38, N/A, 28.51, 0|
17:27:09 0, 56, N/A, 50.90, 89|1, 54, N/A, 110.41, 89|2, 57, N/A, 163.31, 65|3, 56, N/A, 44.94, 51|4, 56, N/A, 149.99, 36|5, 60, N/A, 153.41, 39|6, 38, N/A, 28.49, 0|
17:27:11 0, 55, N/A, 57.30, 65|1, 54, N/A, 52.17, 90|2, 57, N/A, 58.05, 72|3, 56, N/A, 87.59, 34|4, 56, N/A, 79.30, 52|5, 60, N/A, 76.41, 52|6, 38, N/A, 28.28, 0|
17:27:13 0, 56, N/A, 52.38, 77|1, 54, N/A, 55.12, 44|2, 57, N/A, 108.71, 46|3, 56, N/A, 47.19, 40|4, 56, N/A, 106.93, 37|5, 59, N/A, 122.06, 31|6, 38, N/A, 28.51, 0|
17:27:15 0, 56, N/A, 64.90, 66|1, 54, N/A, 55.58, 89|2, 57, N/A, 58.53, 65|3, 56, N/A, 60.18, 47|4, 56, N/A, 48.15, 53|5, 60, N/A, 79.47, 48|6, 38, N/A, 28.51, 0|
17:27:17 0, 57, N/A, 64.89, 91|1, 54, N/A, 48.20, 86|2, 59, N/A, 101.16, 62|3, 57, N/A, 72.42, 49|4, 56, N/A, 71.49, 26|5, 60, N/A, 67.36, 47|6, 38, N/A, 28.51, 0|
17:27:19 0, 56, N/A, 59.98, 89|1, 55, N/A, 60.99, 89|2, 58, N/A, 61.73, 72|3, 56, N/A, 50.39, 33|4, 57, N/A, 49.41, 57|5, 60, N/A, 72.22, 48|6, 39, N/A, 28.51, 0|
17:27:21 0, 57, N/A, 123.18, 88|1, 55, N/A, 47.00, 87|2, 59, N/A, 82.10, 66|3, 57, N/A, 60.18, 50|4, 56, N/A, 44.98, 33|5, 60, N/A, 72.67, 52|6, 39, N/A, 28.51, 0|
17:27:24 0, 56, N/A, 87.40, 63|1, 55, N/A, 85.24, 90|2, 58, N/A, 72.52, 77|3, 56, N/A, 52.84, 35|4, 57, N/A, 55.56, 49|5, 60, N/A, 52.63, 54|6, 38, N/A, 28.53, 0|
17:27:26 0, 57, N/A, 167.12, 89|1, 55, N/A, 46.94, 72|2, 59, N/A, 208.26, 67|3, 57, N/A, 146.05, 50|4, 56, N/A, 44.97, 35|5, 61, N/A, 118.14, 41|6, 38, N/A, 28.51, 0|
17:27:28 0, 56, N/A, 109.62, 87|1, 55, N/A, 130.63, 86|2, 58, N/A, 56.03, 64|3, 56, N/A, 154.04, 48|4, 57, N/A, 159.10, 34|5, 60, N/A, 44.95, 32|6, 38, N/A, 28.47, 0|
17:27:30 0, 57, N/A, 60.47, 89|1, 55, N/A, 57.30, 87|2, 59, N/A, 66.16, 72|3, 57, N/A, 47.90, 64|4, 56, N/A, 48.42, 25|5, 61, N/A, 74.19, 34|6, 39, N/A, 28.51, 0|
17:27:32 0, 56, N/A, 48.45, 87|1, 55, N/A, 77.87, 87|2, 58, N/A, 58.78, 75|3, 57, N/A, 129.74, 58|4, 56, N/A, 134.16, 37|5, 60, N/A, 46.21, 36|6, 38, N/A, 28.49, 0|
17:27:34 0, 57, N/A, 74.19, 92|1, 55, N/A, 47.95, 88|2, 59, N/A, 115.09, 67|3, 57, N/A, 84.60, 56|4, 56, N/A, 83.42, 23|5, 61, N/A, 75.91, 53|6, 39, N/A, 28.51, 0|
17:27:36 0, 56, N/A, 53.86, 89|1, 55, N/A, 58.04, 82|2, 58, N/A, 58.53, 78|3, 57, N/A, 81.75, 60|4, 57, N/A, 83.18, 25|5, 60, N/A, 80.53, 46|6, 39, N/A, 28.51, 0|
17:27:38 0, 57, N/A, 53.83, 91|1, 55, N/A, 54.35, 86|2, 58, N/A, 73.22, 43|3, 57, N/A, 88.32, 64|4, 57, N/A, 80.76, 55|5, 60, N/A, 85.93, 21|6, 39, N/A, 28.51, 0|
17:27:40 0, 57, N/A, 52.38, 89|1, 55, N/A, 53.40, 65|2, 59, N/A, 81.37, 63|3, 57, N/A, 59.94, 49|4, 57, N/A, 73.21, 19|5, 61, N/A, 56.08, 56|6, 39, N/A, 28.53, 0|
17:27:43 0, 57, N/A, 64.16, 92|1, 56, N/A, 71.08, 86|2, 58, N/A, 78.66, 50|3, 57, N/A, 50.39, 59|4, 57, N/A, 52.38, 58|5, 61, N/A, 52.14, 23|6, 39, N/A, 28.53, 0|
17:27:45 0, 57, N/A, 51.93, 86|1, 55, N/A, 51.68, 62|2, 59, N/A, 108.83, 67|3, 57, N/A, 81.50, 51|4, 57, N/A, 80.09, 27|5, 61, N/A, 69.56, 50|6, 39, N/A, 28.53, 0|
17:27:47 0, 57, N/A, 78.61, 92|1, 56, N/A, 72.75, 88|2, 58, N/A, 64.65, 62|3, 57, N/A, 49.90, 54|4, 58, N/A, 52.36, 56|5, 60, N/A, 48.20, 17|6, 39, N/A, 28.51, 0|
17:27:49 0, 57, N/A, 59.48, 90|1, 56, N/A, 65.66, 90|2, 59, N/A, 59.28, 65|3, 57, N/A, 60.39, 49|4, 57, N/A, 59.45, 54|5, 61, N/A, 87.80, 26|6, 39, N/A, 28.51, 0|
17:27:51 0, 58, N/A, 173.97, 89|1, 56, N/A, 158.24, 89|2, 59, N/A, 54.57, 66|3, 58, N/A, 78.76, 48|4, 58, N/A, 85.19, 34|5, 61, N/A, 44.27, 29|6, 39, N/A, 28.51, 0|
17:27:53 0, 57, N/A, 59.52, 89|1, 56, N/A, 57.30, 89|2, 59, N/A, 60.50, 57|3, 57, N/A, 69.76, 48|4, 57, N/A, 70.43, 58|5, 61, N/A, 65.14, 21|6, 39, N/A, 28.53, 0|
17:27:55 0, 57, N/A, 52.38, 86|1, 56, N/A, 54.85, 86|2, 59, N/A, 59.77, 75|3, 57, N/A, 105.63, 54|4, 57, N/A, 106.13, 34|5, 61, N/A, 46.94, 33|6, 39, N/A, 28.49, 0|
17:27:57 0, 57, N/A, 61.91, 91|1, 56, N/A, 71.98, 89|2, 59, N/A, 69.32, 43|3, 57, N/A, 58.22, 67|4, 57, N/A, 54.32, 49|5, 61, N/A, 50.63, 23|6, 39, N/A, 28.51, 0|
17:27:59 0, 56, N/A, 43.99, 89|1, 55, N/A, 175.51, 87|2, 59, N/A, 206.16, 59|3, 57, N/A, 43.23, 51|4, 57, N/A, 179.39, 35|5, 61, N/A, 178.20, 35|6, 39, N/A, 28.51, 0|
17:28:01 0, 57, N/A, 49.89, 92|1, 56, N/A, 72.96, 86|2, 58, N/A, 84.71, 42|3, 57, N/A, 54.78, 64|4, 57, N/A, 57.24, 55|5, 60, N/A, 55.06, 33|6, 39, N/A, 28.51, 0|
17:28:03 0, 56, N/A, 49.93, 90|1, 55, N/A, 53.09, 87|2, 58, N/A, 127.03, 45|3, 57, N/A, 45.69, 62|4, 57, N/A, 129.02, 36|5, 60, N/A, 138.08, 35|6, 39, N/A, 28.49, 0|
17:28:06 0, 57, N/A, 99.87, 91|1, 56, N/A, 89.91, 86|2, 58, N/A, 54.85, 62|3, 57, N/A, 78.27, 53|4, 57, N/A, 70.96, 56|5, 60, N/A, 82.94, 35|6, 38, N/A, 28.51, 0|
17:28:08 0, 56, N/A, 69.28, 93|1, 55, N/A, 79.88, 87|2, 58, N/A, 64.16, 46|3, 56, N/A, 50.14, 66|4, 56, N/A, 56.54, 56|5, 60, N/A, 47.96, 30|6, 38, N/A, 28.51, 0|
17:28:10 0, 56, N/A, 47.25, 71|1, 55, N/A, 52.14, 86|2, 58, N/A, 57.55, 71|3, 56, N/A, 44.27, 38|4, 57, N/A, 46.73, 54|5, 60, N/A, 45.78, 49|6, 38, N/A, 28.53, 0|
17:28:12 0, 56, N/A, 76.44, 93|1, 55, N/A, 58.78, 86|2, 58, N/A, 61.73, 50|3, 56, N/A, 49.40, 63|4, 56, N/A, 48.67, 56|5, 60, N/A, 46.97, 22|6, 38, N/A, 28.51, 0|
17:28:14 0, 55, N/A, 43.28, 91|1, 55, N/A, 68.58, 85|2, 59, N/A, 76.41, 61|3, 56, N/A, 85.38, 48|4, 57, N/A, 92.99, 56|5, 60, N/A, 85.44, 50|6, 38, N/A, 28.26, 0|
17:28:16 0, 56, N/A, 48.94, 89|1, 55, N/A, 51.89, 90|2, 57, N/A, 106.75, 43|3, 56, N/A, 74.37, 67|4, 56, N/A, 76.11, 46|5, 60, N/A, 65.88, 22|6, 38, N/A, 28.51, 0|
17:28:18 0, 56, N/A, 49.16, 90|1, 54, N/A, 97.71, 85|2, 57, N/A, 153.35, 66|3, 56, N/A, 45.19, 49|4, 56, N/A, 148.28, 35|5, 60, N/A, 153.10, 35|6, 38, N/A, 28.49, 0|
17:28:20 0, 55, N/A, 42.33, 90|1, 54, N/A, 46.51, 90|2, 57, N/A, 53.86, 63|3, 56, N/A, 42.79, 22|4, 56, N/A, 44.76, 49|5, 59, N/A, 43.81, 52|6, 38, N/A, 28.28, 0|
17:28:22 0, 55, N/A, 53.83, 91|1, 54, N/A, 53.86, 87|2, 57, N/A, 74.73, 47|3, 56, N/A, 66.53, 65|4, 56, N/A, 89.86, 36|5, 59, N/A, 58.75, 36|6, 38, N/A, 28.26, 0|
17:28:24 0, 55, N/A, 51.65, 64|1, 54, N/A, 53.12, 87|2, 57, N/A, 93.31, 73|3, 56, N/A, 57.72, 32|4, 56, N/A, 61.44, 37|5, 60, N/A, 62.19, 34|6, 38, N/A, 28.26, 0|
17:28:27 0, 55, N/A, 48.94, 91|1, 54, N/A, 60.01, 90|2, 56, N/A, 74.24, 43|3, 56, N/A, 63.62, 67|4, 55, N/A, 57.03, 53|5, 59, N/A, 51.89, 24|6, 38, N/A, 28.28, 0|
17:28:29 0, 55, N/A, 42.51, 82|1, 54, N/A, 181.78, 87|2, 57, N/A, 187.33, 69|3, 55, N/A, 42.73, 44|4, 57, N/A, 133.01, 35|5, 60, N/A, 103.80, 32|6, 38, N/A, 28.26, 0|
17:28:31 0, 55, N/A, 41.83, 63|1, 53, N/A, 45.77, 62|2, 56, N/A, 52.88, 74|3, 55, N/A, 44.46, 35|4, 55, N/A, 72.93, 45|5, 59, N/A, 66.61, 43|6, 38, N/A, 28.28, 0|
17:28:33 0, 55, N/A, 47.22, 89|1, 53, N/A, 69.56, 89|2, 56, N/A, 92.36, 64|3, 55, N/A, 65.30, 49|4, 55, N/A, 65.35, 53|5, 59, N/A, 57.03, 26|6, 38, N/A, 28.28, 0|
17:28:35 0, 55, N/A, 69.97, 78|1, 54, N/A, 91.82, 90|2, 56, N/A, 80.33, 70|3, 55, N/A, 56.01, 39|4, 55, N/A, 60.92, 52|5, 59, N/A, 57.76, 53|6, 38, N/A, 28.26, 0|
17:28:37 0, 55, N/A, 60.22, 91|1, 53, N/A, 54.36, 89|2, 56, N/A, 57.80, 48|3, 55, N/A, 50.11, 62|4, 55, N/A, 46.67, 39|5, 59, N/A, 75.38, 23|6, 38, N/A, 28.51, 0|
17:28:39 0, 55, N/A, 42.54, 89|1, 54, N/A, 81.56, 87|2, 57, N/A, 69.57, 64|3, 55, N/A, 62.36, 49|4, 56, N/A, 65.02, 38|5, 59, N/A, 98.58, 36|6, 38, N/A, 28.26, 0|
17:28:41 0, 54, N/A, 48.72, 36|1, 53, N/A, 51.43, 90|2, 56, N/A, 79.11, 55|3, 55, N/A, 85.88, 23|4, 55, N/A, 91.28, 20|5, 58, N/A, 79.31, 53|6, 38, N/A, 28.26, 0|
17:28:43 0, 55, N/A, 49.19, 90|1, 53, N/A, 58.00, 87|2, 56, N/A, 131.45, 44|3, 55, N/A, 44.70, 63|4, 55, N/A, 123.21, 36|5, 58, N/A, 135.14, 37|6, 38, N/A, 28.24, 0|
17:28:45 0, 54, N/A, 58.99, 63|1, 53, N/A, 59.27, 85|2, 56, N/A, 61.24, 72|3, 55, N/A, 49.90, 33|4, 55, N/A, 48.42, 59|5, 59, N/A, 68.05, 54|6, 38, N/A, 28.26, 0|
17:28:47 0, 55, N/A, 79.10, 92|1, 53, N/A, 66.15, 89|2, 56, N/A, 64.40, 65|3, 55, N/A, 49.40, 49|4, 54, N/A, 49.89, 57|5, 58, N/A, 54.81, 21|6, 38, N/A, 28.26, 0|
17:28:50 0, 54, N/A, 76.57, 83|1, 53, N/A, 86.91, 86|2, 56, N/A, 81.07, 68|3, 55, N/A, 54.78, 46|4, 55, N/A, 59.21, 54|5, 59, N/A, 54.35, 55|6, 38, N/A, 28.26, 0|
17:28:52 0, 54, N/A, 45.49, 63|1, 53, N/A, 62.18, 65|2, 55, N/A, 92.08, 34|3, 55, N/A, 62.84, 27|4, 54, N/A, 65.84, 47|5, 58, N/A, 60.72, 44|6, 38, N/A, 28.26, 0|
17:28:54 0, 54, N/A, 50.41, 90|1, 53, N/A, 89.12, 89|2, 55, N/A, 147.71, 65|3, 54, N/A, 43.97, 50|4, 55, N/A, 148.76, 36|5, 58, N/A, 153.34, 31|6, 38, N/A, 28.24, 0|
17:28:56 0, 54, N/A, 50.42, 63|1, 53, N/A, 52.63, 89|2, 56, N/A, 79.59, 73|3, 55, N/A, 69.48, 36|4, 55, N/A, 60.68, 60|5, 58, N/A, 56.54, 51|6, 38, N/A, 28.26, 0|
17:28:58 0, 54, N/A, 79.83, 92|1, 52, N/A, 69.07, 83|2, 55, N/A, 66.13, 42|3, 55, N/A, 52.60, 65|4, 55, N/A, 52.85, 46|5, 58, N/A, 48.94, 30|6, 38, N/A, 28.26, 0|
17:29:00 0, 54, N/A, 42.79, 62|1, 54, N/A, 64.89, 86|2, 56, N/A, 87.90, 72|3, 54, N/A, 82.64, 30|4, 55, N/A, 93.87, 37|5, 59, N/A, 84.42, 35|6, 38, N/A, 28.26, 0|
17:29:02 0, 54, N/A, 56.78, 57|1, 52, N/A, 58.04, 45|2, 55, N/A, 62.72, 73|3, 54, N/A, 45.22, 28|4, 54, N/A, 46.95, 46|5, 58, N/A, 71.69, 34|6, 38, N/A, 28.26, 0|
17:29:04 0, 54, N/A, 57.27, 88|1, 52, N/A, 56.07, 88|2, 55, N/A, 77.14, 64|3, 54, N/A, 46.18, 50|4, 54, N/A, 86.82, 54|5, 58, N/A, 103.73, 23|6, 38, N/A, 28.26, 0|
17:29:06 0, 54, N/A, 61.94, 68|1, 53, N/A, 91.09, 90|2, 55, N/A, 84.26, 69|3, 54, N/A, 58.71, 39|4, 54, N/A, 62.65, 60|5, 58, N/A, 58.01, 52|6, 38, N/A, 28.26, 0|
17:29:08 0, 54, N/A, 59.72, 90|1, 52, N/A, 55.33, 89|2, 55, N/A, 57.06, 47|3, 54, N/A, 49.62, 64|4, 54, N/A, 48.64, 54|5, 58, N/A, 86.37, 21|6, 38, N/A, 28.25, 0|
17:29:11 0, 54, N/A, 41.78, 90|1, 53, N/A, 97.47, 87|2, 56, N/A, 80.58, 65|3, 54, N/A, 42.52, 49|4, 55, N/A, 58.96, 36|5, 59, N/A, 54.79, 35|6, 38, N/A, 28.02, 0|
17:29:13 0, 53, N/A, 41.32, 37|1, 52, N/A, 63.66, 90|2, 55, N/A, 85.74, 61|3, 54, N/A, 55.27, 22|4, 54, N/A, 60.68, 25|5, 58, N/A, 54.57, 52|6, 38, N/A, 28.26, 0|
17:29:15 0, 54, N/A, 50.17, 90|1, 52, N/A, 91.33, 88|2, 55, N/A, 77.14, 47|3, 54, N/A, 56.25, 65|4, 54, N/A, 61.17, 40|5, 58, N/A, 53.12, 38|6, 38, N/A, 28.28, 0|
17:29:17 0, 53, N/A, 58.01, 61|1, 52, N/A, 58.04, 86|2, 55, N/A, 61.98, 73|3, 54, N/A, 73.86, 31|4, 54, N/A, 59.42, 58|5, 58, N/A, 95.21, 56|6, 38, N/A, 28.26, 0|
17:29:19 0, 54, N/A, 48.45, 92|1, 52, N/A, 57.80, 88|2, 54, N/A, 72.27, 53|3, 54, N/A, 62.88, 61|4, 54, N/A, 55.56, 54|5, 57, N/A, 51.65, 18|6, 38, N/A, 28.28, 0|
17:29:21 0, 53, N/A, 43.50, 89|1, 52, N/A, 163.29, 88|2, 55, N/A, 195.89, 66|3, 54, N/A, 42.49, 48|4, 55, N/A, 174.01, 35|5, 58, N/A, 174.01, 42|6, 38, N/A, 28.24, 0|
17:29:23 0, 53, N/A, 41.56, 86|1, 52, N/A, 45.25, 91|2, 55, N/A, 52.38, 62|3, 54, N/A, 42.03, 48|4, 54, N/A, 44.25, 56|5, 58, N/A, 43.04, 53|6, 38, N/A, 28.26, 0|
17:29:25 0, 54, N/A, 63.87, 90|1, 52, N/A, 88.42, 90|2, 55, N/A, 75.46, 43|3, 54, N/A, 57.48, 67|4, 54, N/A, 58.00, 42|5, 58, N/A, 52.85, 33|6, 38, N/A, 28.26, 0|
17:29:27 0, 54, N/A, 43.28, 90|1, 53, N/A, 66.37, 87|2, 56, N/A, 72.03, 71|3, 54, N/A, 85.87, 32|4, 55, N/A, 85.84, 35|5, 59, N/A, 87.90, 34|6, 38, N/A, 28.26, 0|
17:29:29 0, 55, N/A, 48.94, 93|1, 53, N/A, 67.34, 89|2, 55, N/A, 82.79, 58|3, 55, N/A, 53.55, 60|4, 55, N/A, 56.28, 57|5, 58, N/A, 57.52, 21|6, 38, N/A, 28.26, 0|
17:29:31 0, 54, N/A, 48.45, 88|1, 53, N/A, 52.91, 88|2, 55, N/A, 97.98, 65|3, 55, N/A, 79.98, 50|4, 54, N/A, 93.50, 58|5, 58, N/A, 73.18, 23|6, 38, N/A, 28.26, 0|
17:29:34 0, 54, N/A, 76.64, 90|1, 54, N/A, 83.07, 91|2, 56, N/A, 78.37, 63|3, 54, N/A, 51.12, 51|4, 55, N/A, 56.54, 51|5, 59, N/A, 52.85, 54|6, 38, N/A, 28.26, 0|
17:29:36 0, 55, N/A, 49.93, 92|1, 53, N/A, 51.40, 89|2, 56, N/A, 110.68, 43|3, 55, N/A, 75.85, 64|4, 55, N/A, 79.51, 40|5, 58, N/A, 71.25, 24|6, 38, N/A, 28.26, 0|
17:29:38 0, 54, N/A, 56.28, 89|1, 53, N/A, 56.07, 85|2, 56, N/A, 58.29, 54|3, 55, N/A, 49.40, 50|4, 55, N/A, 72.18, 31|5, 58, N/A, 95.90, 34|6, 38, N/A, 28.26, 0|
17:29:40 0, 54, N/A, 139.36, 91|1, 53, N/A, 156.26, 88|2, 56, N/A, 54.07, 61|3, 55, N/A, 161.75, 50|4, 55, N/A, 168.88, 28|5, 59, N/A, 43.96, 36|6, 38, N/A, 28.23, 0|
17:29:42 0, 55, N/A, 55.31, 93|1, 53, N/A, 54.36, 90|2, 56, N/A, 64.40, 44|3, 55, N/A, 83.62, 66|4, 55, N/A, 68.75, 54|5, 58, N/A, 60.23, 21|6, 38, N/A, 28.26, 0|
17:29:44 0, 55, N/A, 63.41, 90|1, 53, N/A, 63.18, 89|2, 56, N/A, 61.73, 66|3, 55, N/A, 50.36, 50|4, 55, N/A, 51.34, 38|5, 59, N/A, 93.20, 24|6, 38, N/A, 28.25, 0|
17:29:46 0, 55, N/A, 170.79, 90|1, 54, N/A, 181.54, 86|2, 56, N/A, 53.08, 64|3, 56, N/A, 168.62, 48|4, 56, N/A, 179.79, 36|5, 59, N/A, 43.50, 35|6, 38, N/A, 28.26, 0|
17:29:48 0, 55, N/A, 70.79, 91|1, 53, N/A, 56.07, 89|2, 56, N/A, 59.28, 46|3, 56, N/A, 48.91, 65|4, 55, N/A, 48.20, 55|5, 59, N/A, 48.45, 20|6, 38, N/A, 28.26, 0|
17:29:50 0, 55, N/A, 86.70, 89|1, 53, N/A, 82.57, 65|2, 57, N/A, 75.71, 77|3, 55, N/A, 57.23, 63|4, 55, N/A, 58.26, 23|5, 59, N/A, 53.37, 56|6, 38, N/A, 28.26, 0|
17:29:52 0, 55, N/A, 170.79, 92|1, 54, N/A, 181.14, 89|2, 56, N/A, 53.08, 62|3, 56, N/A, 173.50, 52|4, 57, N/A, 181.26, 28|5, 59, N/A, 43.78, 37|6, 38, N/A, 28.26, 0|
17:29:54 0, 56, N/A, 88.87, 92|1, 54, N/A, 84.75, 90|2, 57, N/A, 73.70, 52|3, 56, N/A, 54.78, 56|4, 56, N/A, 57.24, 54|5, 59, N/A, 53.58, 18|6, 38, N/A, 28.26, 0|
17:29:57 0, 55, N/A, 54.08, 88|1, 54, N/A, 50.91, 57|2, 57, N/A, 99.44, 82|3, 56, N/A, 86.56, 66|4, 55, N/A, 90.78, 27|5, 59, N/A, 73.41, 53|6, 38, N/A, 28.26, 0|
17:29:59 0, 56, N/A, 172.88, 86|1, 55, N/A, 183.25, 87|2, 57, N/A, 53.57, 68|3, 57, N/A, 134.80, 50|4, 57, N/A, 140.04, 36|5, 59, N/A, 43.99, 36|6, 38, N/A, 28.26, 0|
17:30:01 0, 56, N/A, 95.99, 91|1, 54, N/A, 46.75, 87|2, 58, N/A, 93.55, 66|3, 57, N/A, 99.07, 57|4, 55, N/A, 74.30, 26|5, 60, N/A, 94.92, 55|6, 38, N/A, 28.26, 0|
17:30:03 0, 56, N/A, 80.08, 89|1, 54, N/A, 80.58, 59|2, 57, N/A, 73.74, 77|3, 56, N/A, 56.28, 68|4, 55, N/A, 58.01, 25|5, 60, N/A, 53.62, 58|6, 38, N/A, 28.28, 0|
17:30:05 0, 56, N/A, 140.61, 90|1, 54, N/A, 156.99, 87|2, 57, N/A, 55.05, 60|3, 57, N/A, 163.71, 45|4, 56, N/A, 170.84, 35|5, 59, N/A, 44.21, 27|6, 38, N/A, 28.24, 0|
17:30:07 0, 56, N/A, 116.31, 90|1, 54, N/A, 47.00, 86|2, 58, N/A, 82.35, 65|3, 57, N/A, 63.62, 49|4, 56, N/A, 44.51, 34|5, 61, N/A, 72.97, 32|6, 38, N/A, 28.26, 0|
17:30:09 0, 56, N/A, 55.55, 87|1, 54, N/A, 88.18, 57|2, 57, N/A, 77.63, 79|3, 56, N/A, 57.48, 66|4, 56, N/A, 58.96, 28|5, 60, N/A, 54.57, 36|6, 38, N/A, 28.26, 0|
17:30:11 0, 55, N/A, 52.38, 60|1, 54, N/A, 53.62, 91|2, 57, N/A, 79.59, 65|3, 56, N/A, 58.67, 49|4, 56, N/A, 74.64, 52|5, 60, N/A, 56.53, 58|6, 38, N/A, 28.51, 0|
17:30:13 0, 56, N/A, 175.68, 90|1, 54, N/A, 46.23, 58|2, 59, N/A, 114.84, 65|3, 57, N/A, 75.12, 49|4, 56, N/A, 44.73, 29|5, 61, N/A, 66.58, 51|6, 39, N/A, 28.51, 0|
17:30:15 0, 56, N/A, 45.25, 93|1, 54, N/A, 47.99, 58|2, 58, N/A, 70.05, 70|3, 56, N/A, 59.44, 51|4, 56, N/A, 54.82, 25|5, 60, N/A, 51.16, 54|6, 38, N/A, 28.53, 0|
17:30:18 0, 56, N/A, 48.45, 61|1, 55, N/A, 71.28, 89|2, 58, N/A, 82.54, 76|3, 56, N/A, 61.90, 32|4, 56, N/A, 62.15, 53|5, 60, N/A, 57.76, 45|6, 39, N/A, 28.51, 0|
17:30:20 0, 56, N/A, 167.61, 91|1, 55, N/A, 46.69, 87|2, 58, N/A, 208.47, 67|3, 57, N/A, 172.18, 55|4, 56, N/A, 44.67, 33|5, 61, N/A, 179.77, 38|6, 39, N/A, 28.49, 0|
17:30:22 0, 56, N/A, 42.76, 79|1, 55, N/A, 184.47, 87|2, 59, N/A, 186.81, 54|3, 56, N/A, 42.76, 43|4, 58, N/A, 119.13, 38|5, 61, N/A, 95.71, 38|6, 39, N/A, 28.28, 0|
17:30:24 0, 56, N/A, 70.80, 59|1, 55, N/A, 68.63, 90|2, 58, N/A, 66.45, 79|3, 56, N/A, 55.55, 30|4, 57, N/A, 52.39, 52|5, 60, N/A, 49.22, 55|6, 38, N/A, 28.55, 0|
17:30:26 0, 56, N/A, 111.90, 84|1, 55, N/A, 49.95, 87|2, 58, N/A, 182.90, 64|3, 56, N/A, 155.76, 47|4, 56, N/A, 45.96, 34|5, 60, N/A, 168.01, 34|6, 39, N/A, 28.25, 0|
17:30:28 0, 56, N/A, 45.98, 89|1, 55, N/A, 143.37, 85|2, 58, N/A, 185.25, 66|3, 56, N/A, 43.96, 50|4, 57, N/A, 164.09, 46|5, 61, N/A, 166.30, 29|6, 39, N/A, 28.49, 0|
17:30:30 0, 56, N/A, 50.18, 74|1, 55, N/A, 52.63, 90|2, 58, N/A, 109.26, 69|3, 56, N/A, 74.58, 40|4, 57, N/A, 79.79, 55|5, 61, N/A, 71.49, 58|6, 39, N/A, 28.51, 0|
17:30:32 0, 56, N/A, 45.25, 36|1, 55, N/A, 71.00, 83|2, 59, N/A, 93.11, 40|3, 56, N/A, 59.69, 23|4, 57, N/A, 57.24, 22|5, 61, N/A, 54.11, 22|6, 39, N/A, 28.51, 0|
17:30:34 0, 57, N/A, 62.68, 91|1, 55, N/A, 63.91, 86|2, 58, N/A, 62.23, 45|3, 57, N/A, 48.66, 67|4, 57, N/A, 50.36, 37|5, 60, N/A, 75.17, 36|6, 39, N/A, 28.51, 0|
17:30:36 0, 56, N/A, 48.66, 59|1, 56, N/A, 61.94, 86|2, 59, N/A, 81.81, 76|3, 57, N/A, 53.30, 32|4, 57, N/A, 56.26, 55|5, 61, N/A, 57.28, 57|6, 39, N/A, 28.51, 0|
17:30:38 0, 57, N/A, 50.63, 88|1, 56, N/A, 76.68, 89|2, 58, N/A, 85.24, 42|3, 57, N/A, 53.79, 65|4, 57, N/A, 54.32, 41|5, 61, N/A, 55.56, 24|6, 39, N/A, 28.51, 0|
17:30:41 0, 57, N/A, 50.91, 92|1, 56, N/A, 52.60, 88|2, 59, N/A, 76.65, 42|3, 57, N/A, 56.50, 66|4, 57, N/A, 67.52, 34|5, 61, N/A, 52.14, 37|6, 39, N/A, 28.51, 0|
17:30:43 0, 57, N/A, 43.25, 77|1, 56, N/A, 181.78, 87|2, 59, N/A, 210.92, 70|3, 57, N/A, 43.22, 41|4, 58, N/A, 182.45, 36|5, 61, N/A, 180.26, 35|6, 39, N/A, 28.49, 0|
17:30:45 0, 57, N/A, 170.79, 89|1, 56, N/A, 181.78, 89|2, 59, N/A, 55.05, 66|3, 58, N/A, 173.02, 51|4, 57, N/A, 182.23, 34|5, 61, N/A, 44.73, 29|6, 39, N/A, 28.51, 0|
17:30:47 0, 57, N/A, 65.87, 91|1, 56, N/A, 62.96, 89|2, 59, N/A, 63.70, 44|3, 57, N/A, 48.17, 66|4, 57, N/A, 50.63, 49|5, 61, N/A, 66.33, 19|6, 39, N/A, 28.51, 0|
17:30:49 0, 57, N/A, 86.42, 93|1, 55, N/A, 77.63, 57|2, 59, N/A, 71.04, 76|3, 57, N/A, 52.32, 66|4, 57, N/A, 54.81, 21|5, 61, N/A, 51.37, 60|6, 39, N/A, 28.51, 0|
17:30:51 0, 56, N/A, 69.56, 88|1, 55, N/A, 68.83, 69|2, 59, N/A, 67.11, 65|3, 57, N/A, 50.14, 50|4, 57, N/A, 51.37, 20|5, 61, N/A, 49.19, 50|6, 39, N/A, 28.51, 0|
17:30:53 0, 58, N/A, 80.29, 91|1, 56, N/A, 73.00, 89|2, 58, N/A, 98.02, 59|3, 58, N/A, 89.55, 47|4, 58, N/A, 93.68, 44|5, 60, N/A, 73.70, 26|6, 39, N/A, 28.51, 0|
17:30:55 0, 57, N/A, 63.41, 92|1, 55, N/A, 58.78, 87|2, 59, N/A, 61.49, 77|3, 57, N/A, 70.50, 64|4, 56, N/A, 68.50, 20|5, 61, N/A, 81.57, 33|6, 39, N/A, 28.51, 0|
17:30:57 0, 56, N/A, 55.10, 91|1, 55, N/A, 53.62, 68|2, 58, N/A, 85.24, 73|3, 57, N/A, 63.33, 66|4, 56, N/A, 79.51, 22|5, 60, N/A, 57.28, 51|6, 38, N/A, 28.51, 0|
17:30:59 0, 56, N/A, 52.63, 74|1, 55, N/A, 52.87, 90|2, 58, N/A, 78.37, 71|3, 56, N/A, 57.23, 38|4, 56, N/A, 70.01, 35|5, 60, N/A, 55.06, 34|6, 38, N/A, 28.51, 0|
17:31:02 0, 57, N/A, 174.70, 90|1, 54, N/A, 46.47, 86|2, 59, N/A, 117.05, 66|3, 57, N/A, 74.38, 49|4, 56, N/A, 44.98, 36|5, 61, N/A, 67.32, 34|6, 38, N/A, 28.51, 0|
17:31:04 0, 56, N/A, 48.70, 91|1, 54, N/A, 50.17, 63|2, 58, N/A, 82.54, 79|3, 56, N/A, 75.38, 66|4, 56, N/A, 61.63, 23|5, 60, N/A, 60.44, 39|6, 38, N/A, 28.51, 0|
17:31:06 0, 55, N/A, 79.51, 73|1, 55, N/A, 67.10, 92|2, 58, N/A, 63.67, 71|3, 56, N/A, 53.30, 40|4, 56, N/A, 50.64, 57|5, 60, N/A, 48.70, 56|6, 38, N/A, 28.26, 0|
17:31:08 0, 55, N/A, 47.71, 90|1, 54, N/A, 52.10, 86|2, 57, N/A, 159.22, 68|3, 56, N/A, 143.77, 49|4, 56, N/A, 46.42, 35|5, 59, N/A, 154.32, 35|6, 38, N/A, 28.49, 0|
17:31:10 0, 55, N/A, 51.65, 91|1, 54, N/A, 54.36, 54|2, 57, N/A, 106.75, 65|3, 56, N/A, 47.43, 49|4, 56, N/A, 108.32, 23|5, 59, N/A, 125.68, 29|6, 38, N/A, 28.25, 0|
17:31:12 0, 55, N/A, 50.42, 81|1, 55, N/A, 55.09, 90|2, 57, N/A, 105.33, 67|3, 56, N/A, 61.65, 42|4, 56, N/A, 63.13, 61|5, 59, N/A, 64.15, 58|6, 38, N/A, 28.26, 0|
17:31:14 0, 55, N/A, 50.67, 89|1, 54, N/A, 52.63, 91|2, 57, N/A, 80.82, 64|3, 56, N/A, 60.67, 50|4, 56, N/A, 73.17, 57|5, 59, N/A, 53.34, 57|6, 38, N/A, 28.26, 0|
17:31:16 0, 55, N/A, 51.16, 91|1, 54, N/A, 52.63, 87|2, 57, N/A, 74.93, 41|3, 56, N/A, 56.00, 66|4, 56, N/A, 69.99, 48|5, 59, N/A, 53.83, 28|6, 38, N/A, 28.28, 0|
17:31:18 0, 55, N/A, 42.51, 80|1, 55, N/A, 183.98, 87|2, 58, N/A, 170.87, 64|3, 55, N/A, 42.52, 45|4, 57, N/A, 115.94, 36|5, 60, N/A, 95.46, 37|6, 38, N/A, 28.26, 0|
17:31:20 0, 55, N/A, 42.33, 77|1, 54, N/A, 46.51, 91|2, 57, N/A, 54.11, 68|3, 55, N/A, 42.30, 44|4, 56, N/A, 44.51, 56|5, 59, N/A, 43.81, 57|6, 38, N/A, 28.28, 0|
17:31:22 0, 55, N/A, 76.10, 94|1, 54, N/A, 84.25, 88|2, 56, N/A, 77.38, 37|3, 56, N/A, 54.78, 66|4, 55, N/A, 56.99, 59|5, 59, N/A, 53.83, 29|6, 38, N/A, 28.26, 0|
17:31:25 0, 55, N/A, 61.16, 91|1, 53, N/A, 87.95, 87|2, 56, N/A, 70.54, 44|3, 56, N/A, 53.79, 69|4, 55, N/A, 56.29, 41|5, 59, N/A, 51.65, 37|6, 38, N/A, 28.26, 0|
17:31:27 0, 55, N/A, 49.92, 85|1, 53, N/A, 53.37, 56|2, 56, N/A, 105.76, 67|3, 55, N/A, 76.29, 48|4, 55, N/A, 84.40, 35|5, 59, N/A, 69.03, 33|6, 38, N/A, 28.26, 0|
17:31:29 0, 56, N/A, 90.10, 90|1, 54, N/A, 77.18, 86|2, 56, N/A, 53.62, 64|3, 56, N/A, 81.90, 48|4, 56, N/A, 81.66, 38|5, 59, N/A, 87.31, 30|6, 38, N/A, 28.26, 0|
17:31:31 0, 55, N/A, 75.71, 92|1, 54, N/A, 66.65, 87|2, 56, N/A, 64.90, 41|3, 55, N/A, 48.67, 68|4, 55, N/A, 50.39, 55|5, 59, N/A, 48.45, 23|6, 38, N/A, 28.26, 0|
17:31:33 0, 55, N/A, 49.19, 92|1, 53, N/A, 59.48, 56|2, 56, N/A, 71.77, 75|3, 55, N/A, 64.11, 54|4, 55, N/A, 55.52, 19|5, 59, N/A, 52.60, 56|6, 38, N/A, 28.28, 0|
17:31:35 0, 55, N/A, 51.16, 87|1, 53, N/A, 52.88, 85|2, 56, N/A, 58.01, 67|3, 55, N/A, 106.86, 50|4, 55, N/A, 108.33, 36|5, 59, N/A, 46.70, 36|6, 38, N/A, 28.25, 0|
17:31:37 0, 54, N/A, 46.73, 59|1, 53, N/A, 65.38, 89|2, 56, N/A, 89.38, 65|3, 55, N/A, 64.81, 49|4, 55, N/A, 68.05, 59|5, 58, N/A, 59.98, 48|6, 38, N/A, 28.26, 0|
17:31:39 0, 55, N/A, 63.91, 91|1, 53, N/A, 65.38, 53|2, 57, N/A, 95.56, 62|3, 55, N/A, 68.99, 48|4, 54, N/A, 66.33, 27|5, 59, N/A, 64.16, 57|6, 38, N/A, 28.28, 0|
17:31:41 0, 54, N/A, 46.02, 87|1, 53, N/A, 47.26, 56|2, 56, N/A, 69.11, 73|3, 55, N/A, 57.23, 56|4, 55, N/A, 55.31, 19|5, 59, N/A, 51.16, 60|6, 38, N/A, 28.03, 0|
17:31:43 0, 54, N/A, 63.17, 56|1, 53, N/A, 55.83, 91|2, 56, N/A, 57.55, 75|3, 55, N/A, 47.19, 30|4, 55, N/A, 64.32, 55|5, 58, N/A, 90.05, 60|6, 38, N/A, 28.26, 0|
17:31:46 0, 54, N/A, 96.92, 88|1, 53, N/A, 49.43, 89|2, 55, N/A, 174.57, 64|3, 55, N/A, 150.12, 49|4, 54, N/A, 45.44, 34|5, 58, N/A, 162.85, 49|6, 38, N/A, 28.24, 0|
17:31:48 0, 54, N/A, 51.64, 36|1, 53, N/A, 52.88, 73|2, 55, N/A, 103.07, 28|3, 54, N/A, 45.44, 25|4, 54, N/A, 103.43, 33|5, 58, N/A, 118.82, 32|6, 38, N/A, 28.24, 0|
17:31:50 0, 54, N/A, 61.45, 64|1, 53, N/A, 63.21, 86|2, 56, N/A, 62.47, 76|3, 54, N/A, 46.94, 36|4, 55, N/A, 49.41, 62|5, 59, N/A, 64.12, 59|6, 38, N/A, 28.26, 0|
17:31:52 0, 54, N/A, 47.96, 56|1, 53, N/A, 73.49, 91|2, 55, N/A, 89.91, 73|3, 54, N/A, 68.50, 31|4, 55, N/A, 67.52, 59|5, 58, N/A, 60.47, 58|6, 38, N/A, 28.28, 0|
17:31:54 0, 54, N/A, 77.87, 94|1, 53, N/A, 65.38, 88|2, 55, N/A, 61.95, 40|3, 55, N/A, 54.07, 65|4, 54, N/A, 49.41, 56|5, 58, N/A, 46.98, 28|6, 38, N/A, 28.26, 0|
17:31:56 0, 54, N/A, 52.87, 91|1, 53, N/A, 54.35, 85|2, 55, N/A, 106.75, 62|3, 55, N/A, 45.19, 46|4, 54, N/A, 107.11, 47|5, 58, N/A, 124.93, 32|6, 38, N/A, 28.25, 0|
17:31:58 0, 54, N/A, 43.31, 90|1, 53, N/A, 96.05, 91|2, 56, N/A, 127.85, 63|3, 54, N/A, 77.57, 51|4, 55, N/A, 93.50, 48|5, 59, N/A, 75.68, 56|6, 38, N/A, 28.28, 0|
17:32:00 0, 55, N/A, 75.46, 92|1, 53, N/A, 70.31, 87|2, 55, N/A, 79.85, 40|3, 55, N/A, 91.96, 67|4, 55, N/A, 97.31, 35|5, 58, N/A, 73.94, 35|6, 38, N/A, 28.28, 0|
17:32:02 0, 54, N/A, 77.10, 92|1, 52, N/A, 58.78, 90|2, 55, N/A, 60.01, 40|3, 55, N/A, 49.65, 68|4, 54, N/A, 47.94, 56|5, 58, N/A, 46.24, 22|6, 38, N/A, 28.26, 0|
17:32:04 0, 54, N/A, 55.06, 88|1, 52, N/A, 53.86, 54|2, 55, N/A, 70.55, 81|3, 54, N/A, 82.97, 67|4, 54, N/A, 61.66, 27|5, 58, N/A, 57.03, 58|6, 38, N/A, 28.26, 0|
17:32:07 0, 54, N/A, 87.89, 87|1, 52, N/A, 81.56, 87|2, 55, N/A, 66.62, 75|3, 54, N/A, 51.12, 60|4, 54, N/A, 51.87, 36|5, 58, N/A, 48.70, 35|6, 37, N/A, 28.26, 0|
17:32:09 0, 54, N/A, 173.23, 92|1, 53, N/A, 182.76, 87|2, 55, N/A, 52.10, 58|3, 55, N/A, 173.75, 52|4, 55, N/A, 181.99, 33|5, 58, N/A, 43.25, 35|6, 38, N/A, 28.26, 0|
17:32:11 0, 54, N/A, 165.24, 90|1, 52, N/A, 45.74, 86|2, 55, N/A, 205.43, 65|3, 55, N/A, 170.33, 48|4, 54, N/A, 43.96, 34|5, 58, N/A, 177.92, 33|6, 37, N/A, 28.24, 0|
17:32:13 0, 54, N/A, 50.18, 90|1, 52, N/A, 50.94, 74|2, 55, N/A, 109.26, 75|3, 54, N/A, 77.29, 66|4, 54, N/A, 91.82, 18|5, 58, N/A, 77.87, 39|6, 38, N/A, 28.26, 0|
17:32:15 0, 53, N/A, 49.93, 91|1, 53, N/A, 53.12, 90|2, 56, N/A, 102.69, 62|3, 54, N/A, 59.94, 48|4, 55, N/A, 62.89, 51|5, 58, N/A, 69.04, 57|6, 38, N/A, 28.26, 0|
17:32:17 0, 54, N/A, 85.93, 64|1, 53, N/A, 82.09, 91|2, 55, N/A, 74.72, 72|3, 54, N/A, 56.50, 37|4, 54, N/A, 57.52, 34|5, 58, N/A, 53.12, 58|6, 38, N/A, 28.28, 0|
17:32:19 0, 54, N/A, 120.41, 78|1, 53, N/A, 48.20, 86|2, 55, N/A, 181.92, 69|3, 54, N/A, 155.01, 43|4, 54, N/A, 45.22, 34|5, 58, N/A, 164.83, 33|6, 38, N/A, 28.25, 0|
17:32:21 0, 54, N/A, 86.68, 90|1, 53, N/A, 84.81, 90|2, 55, N/A, 69.36, 65|3, 55, N/A, 53.58, 49|4, 54, N/A, 55.09, 35|5, 58, N/A, 50.70, 19|6, 38, N/A, 28.28, 0|
17:32:23 0, 54, N/A, 42.05, 90|1, 54, N/A, 176.62, 86|2, 57, N/A, 128.11, 65|3, 55, N/A, 42.30, 49|4, 56, N/A, 89.63, 39|5, 59, N/A, 77.19, 35|6, 38, N/A, 28.28, 0|
17:32:25 0, 54, N/A, 43.31, 55|1, 53, N/A, 47.25, 86|2, 56, N/A, 53.90, 73|3, 55, N/A, 42.30, 32|4, 55, N/A, 44.79, 55|5, 59, N/A, 43.81, 50|6, 38, N/A, 28.30, 0|
17:32:27 0, 55, N/A, 67.63, 91|1, 53, N/A, 65.42, 91|2, 56, N/A, 67.64, 62|3, 55, N/A, 47.96, 50|4, 55, N/A, 48.95, 52|5, 58, N/A, 50.18, 23|6, 38, N/A, 28.28, 0|
17:32:30 0, 55, N/A, 54.88, 91|1, 53, N/A, 53.65, 89|2, 56, N/A, 81.17, 39|3, 55, N/A, 59.69, 64|4, 55, N/A, 74.44, 36|5, 59, N/A, 55.84, 35|6, 38, N/A, 28.28, 0|
17:32:32 0, 55, N/A, 61.98, 93|1, 53, N/A, 53.89, 54|2, 56, N/A, 58.30, 68|3, 55, N/A, 62.15, 51|4, 55, N/A, 83.18, 23|5, 59, N/A, 73.95, 59|6, 38, N/A, 28.28, 0|
17:32:34 0, 55, N/A, 51.16, 86|1, 53, N/A, 53.15, 86|2, 56, N/A, 59.52, 67|3, 55, N/A, 105.38, 50|4, 55, N/A, 103.25, 36|5, 59, N/A, 47.19, 36|6, 38, N/A, 28.25, 0|
17:32:36 0, 56, N/A, 174.59, 92|1, 54, N/A, 184.72, 86|2, 56, N/A, 53.08, 50|3, 56, N/A, 159.65, 64|4, 56, N/A, 175.97, 34|5, 59, N/A, 43.50, 31|6, 38, N/A, 28.26, 0|
17:32:38 0, 55, N/A, 167.36, 88|1, 54, N/A, 46.44, 73|2, 57, N/A, 207.74, 66|3, 56, N/A, 171.20, 49|4, 55, N/A, 44.45, 37|5, 60, N/A, 178.80, 38|6, 38, N/A, 28.24, 0|
17:32:40 0, 56, N/A, 67.31, 90|1, 54, N/A, 68.33, 70|2, 57, N/A, 76.17, 79|3, 56, N/A, 50.14, 66|4, 55, N/A, 51.13, 35|5, 60, N/A, 51.16, 45|6, 38, N/A, 28.26, 0|
17:32:42 0, 55, N/A, 42.82, 91|1, 55, N/A, 80.88, 91|2, 58, N/A, 72.27, 65|3, 55, N/A, 57.94, 47|4, 57, N/A, 68.01, 48|5, 60, N/A, 93.49, 57|6, 38, N/A, 28.26, 0|
17:32:44 0, 55, N/A, 57.30, 55|1, 54, N/A, 56.32, 90|2, 57, N/A, 59.98, 79|3, 56, N/A, 82.20, 30|4, 56, N/A, 65.10, 52|5, 60, N/A, 59.76, 59|6, 38, N/A, 28.28, 0|
17:32:46 0, 55, N/A, 57.03, 57|1, 54, N/A, 65.67, 85|2, 57, N/A, 59.28, 78|3, 56, N/A, 46.70, 30|4, 56, N/A, 74.39, 37|5, 60, N/A, 88.09, 34|6, 38, N/A, 28.26, 0|
17:32:48 0, 56, N/A, 64.64, 90|1, 54, N/A, 92.56, 89|2, 57, N/A, 82.59, 39|3, 56, N/A, 60.67, 61|4, 56, N/A, 59.95, 35|5, 59, N/A, 54.11, 15|6, 38, N/A, 28.28, 0|
17:32:51 0, 56, N/A, 48.45, 89|1, 54, N/A, 79.35, 86|2, 57, N/A, 156.77, 45|3, 56, N/A, 44.70, 59|4, 56, N/A, 157.59, 36|5, 60, N/A, 162.39, 34|6, 38, N/A, 28.24, 0|
17:32:53 0, 56, N/A, 42.51, 86|1, 55, N/A, 186.19, 88|2, 58, N/A, 157.02, 63|3, 56, N/A, 42.74, 48|4, 57, N/A, 111.53, 59|5, 61, N/A, 93.99, 36|6, 38, N/A, 28.26, 0|
17:32:55 0, 56, N/A, 166.38, 86|1, 55, N/A, 178.36, 87|2, 57, N/A, 54.06, 66|3, 57, N/A, 171.44, 48|4, 57, N/A, 180.03, 36|5, 60, N/A, 44.21, 35|6, 38, N/A, 28.24, 0|
17:32:57 0, 57, N/A, 52.88, 93|1, 55, N/A, 55.34, 87|2, 57, N/A, 98.71, 36|3, 57, N/A, 59.20, 72|4, 57, N/A, 61.91, 61|5, 60, N/A, 65.38, 35|6, 38, N/A, 28.26, 0|
17:32:59 0, 57, N/A, 174.95, 90|1, 55, N/A, 46.23, 85|2, 59, N/A, 203.57, 65|3, 57, N/A, 137.81, 48|4, 56, N/A, 44.73, 35|5, 61, N/A, 120.67, 31|6, 38, N/A, 28.26, 0|
17:33:01 0, 56, N/A, 51.41, 89|1, 55, N/A, 52.38, 85|2, 58, N/A, 99.93, 79|3, 56, N/A, 85.38, 68|4, 56, N/A, 85.09, 20|5, 61, N/A, 79.06, 63|6, 38, N/A, 28.26, 0|
17:33:03 0, 56, N/A, 51.16, 89|1, 55, N/A, 49.22, 60|2, 58, N/A, 88.89, 60|3, 56, N/A, 89.56, 68|4, 56, N/A, 91.76, 17|5, 60, N/A, 75.63, 58|6, 38, N/A, 28.26, 0|
17:33:05 0, 56, N/A, 49.19, 56|1, 55, N/A, 60.95, 90|2, 58, N/A, 75.95, 77|3, 56, N/A, 66.57, 28|4, 57, N/A, 58.72, 59|5, 61, N/A, 52.14, 51|6, 38, N/A, 28.26, 0|
17:33:07 0, 56, N/A, 48.45, 56|1, 55, N/A, 53.86, 89|2, 58, N/A, 107.79, 63|3, 56, N/A, 76.10, 49|4, 57, N/A, 81.76, 61|5, 60, N/A, 68.34, 49|6, 38, N/A, 28.26, 0|
17:33:09 0, 56, N/A, 73.49, 29|1, 55, N/A, 65.91, 52|2, 58, N/A, 65.88, 22|3, 56, N/A, 49.16, 21|4, 57, N/A, 50.64, 29|5, 60, N/A, 48.67, 30|6, 38, N/A, 28.26, 0|
17:33:11 0, 57, N/A, 46.94, 91|1, 55, N/A, 133.08, 85|2, 58, N/A, 179.11, 63|3, 57, N/A, 44.70, 50|4, 57, N/A, 163.11, 49|5, 61, N/A, 165.05, 31|6, 38, N/A, 28.49, 0|
17:33:14 0, 56, N/A, 43.80, 91|1, 56, N/A, 70.54, 91|2, 59, N/A, 104.29, 61|3, 56, N/A, 66.56, 49|4, 58, N/A, 74.15, 51|5, 61, N/A, 66.86, 59|6, 39, N/A, 28.53, 0|
17:33:16 0, 57, N/A, 157.90, 91|1, 55, N/A, 175.02, 88|2, 58, N/A, 55.05, 62|3, 58, N/A, 170.33, 53|4, 57, N/A, 178.08, 27|5, 61, N/A, 44.48, 36|6, 38, N/A, 28.24, 0|
17:33:18 0, 57, N/A, 72.48, 91|1, 56, N/A, 69.36, 88|2, 59, N/A, 66.66, 63|3, 57, N/A, 50.39, 56|4, 58, N/A, 51.62, 57|5, 61, N/A, 84.96, 16|6, 38, N/A, 28.28, 0|
17:33:20 0, 57, N/A, 48.70, 94|1, 56, N/A, 51.89, 88|2, 59, N/A, 100.18, 38|3, 57, N/A, 68.24, 70|4, 57, N/A, 68.54, 62|5, 61, N/A, 59.98, 23|6, 38, N/A, 28.51, 0|
17:33:22 0, 57, N/A, 65.38, 91|1, 56, N/A, 63.69, 52|2, 59, N/A, 71.78, 64|3, 57, N/A, 48.39, 57|4, 57, N/A, 49.66, 26|5, 61, N/A, 50.63, 56|6, 38, N/A, 28.51, 0|
17:33:24 0, 57, N/A, 54.36, 89|1, 56, N/A, 51.89, 51|2, 59, N/A, 101.40, 82|3, 57, N/A, 86.11, 64|4, 57, N/A, 84.94, 28|5, 61, N/A, 71.49, 57|6, 38, N/A, 28.51, 0|
17:33:26 0, 56, N/A, 52.88, 89|1, 56, N/A, 54.85, 91|2, 59, N/A, 83.28, 62|3, 57, N/A, 87.36, 47|4, 58, N/A, 92.50, 54|5, 61, N/A, 76.89, 57|6, 38, N/A, 28.26, 0|
17:33:28 0, 56, N/A, 72.96, 55|1, 56, N/A, 93.30, 90|2, 59, N/A, 80.38, 79|3, 57, N/A, 59.69, 30|4, 57, N/A, 61.21, 44|5, 61, N/A, 55.84, 35|6, 38, N/A, 28.53, 0|
17:33:30 0, 56, N/A, 58.04, 54|1, 56, N/A, 58.04, 87|2, 58, N/A, 74.93, 63|3, 57, N/A, 90.00, 51|4, 57, N/A, 50.88, 43|5, 61, N/A, 105.64, 36|6, 38, N/A, 28.25, 0|
17:33:32 0, 56, N/A, 57.02, 91|1, 55, N/A, 55.34, 88|2, 58, N/A, 78.58, 39|3, 57, N/A, 64.32, 63|4, 57, N/A, 90.05, 35|5, 60, N/A, 61.95, 36|6, 38, N/A, 28.26, 0|
17:33:35 0, 56, N/A, 48.69, 91|1, 55, N/A, 85.93, 87|2, 58, N/A, 148.69, 61|3, 57, N/A, 45.19, 50|4, 57, N/A, 136.04, 37|5, 60, N/A, 145.10, 35|6, 38, N/A, 28.24, 0|
17:33:37 0, 56, N/A, 43.50, 88|1, 55, N/A, 173.71, 88|2, 58, N/A, 204.60, 64|3, 56, N/A, 43.23, 50|4, 57, N/A, 178.57, 37|5, 61, N/A, 177.43, 43|6, 38, N/A, 28.24, 0|
17:33:39 0, 56, N/A, 53.37, 88|1, 55, N/A, 55.58, 89|2, 58, N/A, 59.27, 61|3, 56, N/A, 112.92, 49|4, 56, N/A, 116.84, 27|5, 60, N/A, 46.45, 36|6, 38, N/A, 28.24, 0|
17:33:41 0, 57, N/A, 116.99, 91|1, 56, N/A, 102.38, 88|2, 58, N/A, 54.85, 62|3, 57, N/A, 61.16, 49|4, 57, N/A, 59.69, 50|5, 60, N/A, 88.08, 15|6, 38, N/A, 28.26, 0|
17:33:43 0, 55, N/A, 100.35, 91|1, 54, N/A, 50.87, 85|2, 58, N/A, 172.86, 62|3, 56, N/A, 149.88, 53|4, 56, N/A, 46.17, 40|5, 60, N/A, 160.19, 37|6, 38, N/A, 28.24, 0|
17:33:45 0, 57, N/A, 94.76, 91|1, 54, N/A, 47.71, 51|2, 59, N/A, 76.93, 63|3, 57, N/A, 87.05, 54|4, 56, N/A, 60.89, 26|5, 61, N/A, 89.08, 57|6, 38, N/A, 28.26, 0|
17:33:47 0, 56, N/A, 75.37, 89|1, 54, N/A, 80.33, 51|2, 58, N/A, 74.48, 81|3, 56, N/A, 52.10, 67|4, 56, N/A, 55.56, 26|5, 60, N/A, 53.09, 58|6, 38, N/A, 28.28, 0|
17:33:49 0, 55, N/A, 67.80, 86|1, 55, N/A, 65.38, 91|2, 58, N/A, 65.14, 62|3, 56, N/A, 48.17, 47|4, 57, N/A, 51.12, 57|5, 60, N/A, 60.46, 59|6, 38, N/A, 28.26, 0|
17:33:51 0, 55, N/A, 48.94, 57|1, 54, N/A, 63.66, 91|2, 57, N/A, 71.28, 79|3, 56, N/A, 59.41, 30|4, 56, N/A, 55.55, 56|5, 60, N/A, 52.35, 58|6, 38, N/A, 28.26, 0|
17:33:53 0, 55, N/A, 41.83, 53|1, 54, N/A, 46.02, 51|2, 57, N/A, 79.36, 77|3, 55, N/A, 56.28, 21|4, 56, N/A, 59.24, 40|5, 59, N/A, 55.34, 28|6, 38, N/A, 28.28, 0|
17:33:55 0, 56, N/A, 59.48, 91|1, 54, N/A, 70.05, 91|2, 57, N/A, 68.08, 39|3, 56, N/A, 58.22, 70|4, 56, N/A, 53.34, 55|5, 59, N/A, 50.17, 19|6, 38, N/A, 28.26, 0|
17:33:58 0, 55, N/A, 68.32, 92|1, 54, N/A, 76.40, 86|2, 57, N/A, 63.42, 37|3, 56, N/A, 49.40, 70|4, 56, N/A, 54.57, 48|5, 59, N/A, 48.20, 29|6, 38, N/A, 28.26, 0|
17:34:00 0, 55, N/A, 60.95, 88|1, 54, N/A, 72.01, 51|2, 57, N/A, 67.88, 81|3, 56, N/A, 57.23, 68|4, 55, N/A, 51.87, 28|5, 60, N/A, 49.93, 59|6, 38, N/A, 28.28, 0|
17:34:02 0, 55, N/A, 48.94, 92|1, 54, N/A, 83.81, 81|2, 57, N/A, 68.34, 80|3, 56, N/A, 51.61, 68|4, 55, N/A, 60.19, 22|5, 59, N/A, 50.18, 44|6, 38, N/A, 28.28, 0|
17:34:04 0, 55, N/A, 91.37, 91|1, 54, N/A, 84.46, 75|2, 57, N/A, 70.55, 61|3, 55, N/A, 53.33, 47|4, 55, N/A, 53.83, 32|5, 59, N/A, 49.68, 45|6, 38, N/A, 28.26, 0|
17:34:06 0, 55, N/A, 61.49, 54|1, 54, N/A, 57.30, 91|2, 57, N/A, 60.01, 79|3, 55, N/A, 70.25, 27|4, 55, N/A, 69.73, 60|5, 59, N/A, 65.84, 53|6, 38, N/A, 28.28, 0|
17:34:08 0, 55, N/A, 51.65, 90|1, 54, N/A, 54.88, 92|2, 56, N/A, 115.28, 65|3, 55, N/A, 110.78, 48|4, 55, N/A, 48.17, 38|5, 59, N/A, 127.13, 33|6, 38, N/A, 28.26, 0|
17:34:10 0, 55, N/A, 70.79, 36|1, 53, N/A, 64.90, 37|2, 56, N/A, 65.67, 43|3, 55, N/A, 49.90, 24|4, 55, N/A, 50.14, 18|5, 59, N/A, 62.89, 22|6, 38, N/A, 28.26, 0|
17:34:12 0, 55, N/A, 59.51, 90|1, 54, N/A, 61.98, 90|2, 56, N/A, 60.75, 66|3, 55, N/A, 49.65, 49|4, 55, N/A, 49.14, 36|5, 59, N/A, 77.58, 36|6, 38, N/A, 28.26, 0|
17:34:14 0, 54, N/A, 42.02, 89|1, 54, N/A, 185.10, 86|2, 57, N/A, 184.00, 77|3, 55, N/A, 42.24, 48|4, 57, N/A, 100.79, 35|5, 60, N/A, 84.70, 35|6, 38, N/A, 28.26, 0|
17:34:16 0, 55, N/A, 56.04, 87|1, 53, N/A, 55.83, 87|2, 56, N/A, 61.23, 67|3, 55, N/A, 109.05, 50|4, 55, N/A, 111.22, 36|5, 59, N/A, 45.96, 35|6, 38, N/A, 28.24, 0|
17:34:18 0, 56, N/A, 175.68, 86|1, 54, N/A, 184.96, 87|2, 56, N/A, 53.12, 45|3, 56, N/A, 86.12, 70|4, 56, N/A, 93.25, 35|5, 59, N/A, 43.53, 35|6, 38, N/A, 28.26, 0|
17:34:21 0, 55, N/A, 87.64, 92|1, 54, N/A, 82.05, 90|2, 56, N/A, 67.11, 58|3, 56, N/A, 54.78, 53|4, 56, N/A, 56.54, 62|5, 59, N/A, 50.42, 17|6, 38, N/A, 28.26, 0|
17:34:23 0, 55, N/A, 174.21, 92|1, 53, N/A, 45.73, 86|2, 57, N/A, 211.05, 75|3, 56, N/A, 173.40, 66|4, 54, N/A, 44.21, 33|5, 60, N/A, 172.41, 33|6, 38, N/A, 28.26, 0|
17:34:25 0, 55, N/A, 60.47, 92|1, 53, N/A, 54.60, 50|2, 56, N/A, 60.01, 69|3, 55, N/A, 68.53, 60|4, 55, N/A, 69.73, 19|5, 59, N/A, 77.63, 62|6, 38, N/A, 28.26, 0|
17:34:27 0, 54, N/A, 42.51, 81|1, 53, N/A, 175.67, 75|2, 57, N/A, 204.84, 68|3, 54, N/A, 42.24, 40|4, 55, N/A, 178.57, 34|5, 59, N/A, 177.43, 33|6, 38, N/A, 28.24, 0|
17:34:29 0, 54, N/A, 42.30, 91|1, 54, N/A, 80.33, 91|2, 57, N/A, 72.76, 62|3, 54, N/A, 42.52, 49|4, 56, N/A, 56.04, 49|5, 60, N/A, 78.57, 58|6, 38, N/A, 28.26, 0|
17:34:31 0, 54, N/A, 58.26, 54|1, 53, N/A, 56.81, 90|2, 56, N/A, 63.67, 76|3, 54, N/A, 50.85, 26|4, 55, N/A, 48.17, 42|5, 59, N/A, 85.35, 51|6, 38, N/A, 28.26, 0|
17:34:33 0, 55, N/A, 174.83, 88|1, 53, N/A, 184.23, 89|2, 55, N/A, 52.59, 64|3, 56, N/A, 171.53, 50|4, 56, N/A, 180.77, 36|5, 58, N/A, 43.50, 27|6, 38, N/A, 28.25, 0|
17:34:35 0, 55, N/A, 65.87, 93|1, 53, N/A, 65.17, 86|2, 55, N/A, 60.01, 35|3, 56, N/A, 48.91, 73|4, 55, N/A, 49.66, 39|5, 58, N/A, 69.73, 32|6, 38, N/A, 28.26, 0|
17:34:37 0, 55, N/A, 64.15, 92|1, 53, N/A, 61.24, 90|2, 55, N/A, 67.60, 51|3, 55, N/A, 47.68, 62|4, 55, N/A, 48.92, 63|5, 58, N/A, 49.43, 16|6, 38, N/A, 28.26, 0|
17:34:39 0, 55, N/A, 144.12, 92|1, 53, N/A, 45.99, 86|2, 57, N/A, 90.40, 69|3, 56, N/A, 64.85, 65|4, 54, N/A, 44.00, 33|5, 60, N/A, 60.72, 34|6, 38, N/A, 28.26, 0|
17:34:42 0, 55, N/A, 59.73, 92|1, 53, N/A, 56.81, 51|2, 56, N/A, 65.14, 68|3, 55, N/A, 46.94, 59|4, 54, N/A, 47.44, 19|5, 59, N/A, 65.59, 60|6, 37, N/A, 28.02, 0|
17:34:44 0, 53, N/A, 41.78, 86|1, 53, N/A, 183.01, 71|2, 56, N/A, 209.00, 63|3, 54, N/A, 42.00, 48|4, 55, N/A, 181.59, 31|5, 59, N/A, 179.88, 37|6, 38, N/A, 28.24, 0|
17:34:46 0, 54, N/A, 43.53, 91|1, 54, N/A, 94.52, 91|2, 56, N/A, 89.18, 62|3, 54, N/A, 61.41, 50|4, 55, N/A, 66.82, 48|5, 59, N/A, 60.72, 58|6, 37, N/A, 28.28, 0|
17:34:48 0, 54, N/A, 80.82, 53|1, 53, N/A, 70.29, 90|2, 56, N/A, 66.62, 76|3, 54, N/A, 48.42, 28|4, 55, N/A, 50.88, 55|5, 58, N/A, 48.92, 54|6, 37, N/A, 28.26, 0|
17:34:50 0, 55, N/A, 168.67, 89|1, 54, N/A, 131.69, 88|2, 55, N/A, 52.13, 65|3, 55, N/A, 75.61, 49|4, 56, N/A, 74.64, 37|5, 58, N/A, 43.53, 30|6, 37, N/A, 28.26, 0|
17:34:52 0, 54, N/A, 55.58, 93|1, 53, N/A, 55.58, 86|2, 55, N/A, 61.49, 35|3, 55, N/A, 51.34, 72|4, 55, N/A, 47.68, 62|5, 58, N/A, 73.90, 31|6, 37, N/A, 28.26, 0|
17:34:54 0, 54, N/A, 63.18, 92|1, 52, N/A, 61.49, 92|2, 55, N/A, 60.50, 52|3, 55, N/A, 47.22, 65|4, 55, N/A, 48.42, 63|5, 58, N/A, 67.55, 18|6, 37, N/A, 28.28, 0|
17:34:56 0, 55, N/A, 65.38, 93|1, 52, N/A, 58.78, 84|2, 56, N/A, 61.49, 75|3, 55, N/A, 47.44, 67|4, 54, N/A, 48.18, 18|5, 59, N/A, 72.23, 62|6, 37, N/A, 28.26, 0|
17:34:58 0, 54, N/A, 49.44, 93|1, 52, N/A, 50.66, 51|2, 55, N/A, 78.12, 75|3, 54, N/A, 64.57, 56|4, 54, N/A, 56.78, 19|5, 58, N/A, 53.09, 63|6, 37, N/A, 28.26, 0|
17:35:00 0, 53, N/A, 42.30, 85|1, 53, N/A, 67.85, 91|2, 56, N/A, 82.05, 62|3, 54, N/A, 84.15, 47|4, 55, N/A, 90.73, 62|5, 59, N/A, 82.74, 62|6, 37, N/A, 28.26, 0|
17:35:02 0, 53, N/A, 51.65, 52|1, 53, N/A, 52.91, 90|2, 55, N/A, 85.00, 76|3, 54, N/A, 83.18, 25|4, 55, N/A, 86.18, 48|5, 58, N/A, 79.81, 53|6, 38, N/A, 28.03, 0|
17:35:05 0, 53, N/A, 61.21, 53|1, 52, N/A, 52.88, 90|2, 55, N/A, 56.57, 79|3, 54, N/A, 80.44, 25|4, 54, N/A, 79.54, 58|5, 58, N/A, 82.21, 50|6, 37, N/A, 28.26, 0|
17:35:07 0, 54, N/A, 58.01, 93|1, 53, N/A, 56.57, 86|2, 55, N/A, 65.60, 35|3, 54, N/A, 59.16, 72|4, 54, N/A, 63.13, 38|5, 58, N/A, 64.86, 31|6, 37, N/A, 28.26, 0|
17:35:09 0, 54, N/A, 50.66, 94|1, 52, N/A, 52.38, 90|2, 55, N/A, 80.58, 37|3, 54, N/A, 71.64, 71|4, 54, N/A, 57.73, 64|5, 57, N/A, 53.58, 18|6, 37, N/A, 28.26, 0|
17:35:11 0, 54, N/A, 57.06, 91|1, 52, N/A, 51.16, 90|2, 54, N/A, 70.06, 38|3, 54, N/A, 92.45, 64|4, 54, N/A, 87.75, 41|5, 57, N/A, 68.79, 16|6, 37, N/A, 28.26, 0|
17:35:13 0, 54, N/A, 47.22, 92|1, 52, N/A, 73.00, 49|2, 55, N/A, 90.16, 69|3, 54, N/A, 63.33, 60|4, 54, N/A, 66.33, 22|5, 58, N/A, 62.92, 61|6, 37, N/A, 28.26, 0|
17:35:15 0, 54, N/A, 61.42, 88|1, 52, N/A, 86.67, 49|2, 55, N/A, 83.29, 83|3, 54, N/A, 59.44, 64|4, 54, N/A, 62.19, 27|5, 58, N/A, 56.57, 36|6, 37, N/A, 28.28, 0|
17:35:17 0, 53, N/A, 49.93, 91|1, 53, N/A, 52.88, 89|2, 55, N/A, 102.93, 77|3, 53, N/A, 60.43, 49|4, 54, N/A, 64.36, 44|5, 58, N/A, 67.56, 53|6, 37, N/A, 28.28, 0|
17:35:19 0, 53, N/A, 51.43, 53|1, 52, N/A, 53.65, 90|2, 55, N/A, 78.42, 79|3, 54, N/A, 68.04, 25|4, 54, N/A, 59.00, 61|5, 58, N/A, 54.61, 54|6, 37, N/A, 28.28, 0|
17:35:21 0, 53, N/A, 57.30, 51|1, 52, N/A, 55.37, 92|2, 54, N/A, 69.12, 66|3, 54, N/A, 66.32, 49|4, 54, N/A, 87.65, 62|5, 58, N/A, 61.00, 62|6, 37, N/A, 28.28, 0|
17:35:23 0, 54, N/A, 50.42, 94|1, 52, N/A, 50.69, 90|2, 54, N/A, 110.75, 43|3, 54, N/A, 77.58, 72|4, 54, N/A, 82.21, 65|5, 57, N/A, 73.21, 16|6, 37, N/A, 28.28, 0|
17:35:26 0, 54, N/A, 56.78, 90|1, 52, N/A, 51.16, 89|2, 54, N/A, 95.26, 44|3, 54, N/A, 84.60, 60|4, 54, N/A, 85.63, 65|5, 57, N/A, 73.70, 18|6, 37, N/A, 28.03, 0|
17:35:28 0, 54, N/A, 64.65, 94|1, 52, N/A, 60.75, 88|2, 54, N/A, 60.26, 34|3, 54, N/A, 47.69, 71|4, 54, N/A, 65.84, 57|5, 57, N/A, 67.11, 28|6, 37, N/A, 28.26, 0|
17:35:30 0, 53, N/A, 50.94, 90|1, 51, N/A, 51.44, 51|2, 55, N/A, 77.98, 82|3, 54, N/A, 71.00, 68|4, 53, N/A, 58.76, 21|5, 58, N/A, 54.88, 59|6, 37, N/A, 28.30, 0|
17:35:32 0, 53, N/A, 65.18, 92|1, 51, N/A, 60.29, 67|2, 54, N/A, 60.55, 81|3, 54, N/A, 47.96, 69|4, 53, N/A, 48.21, 17|5, 58, N/A, 66.58, 52|6, 37, N/A, 28.28, 0|
17:35:34 0, 53, N/A, 79.35, 51|1, 52, N/A, 86.27, 92|2, 55, N/A, 75.47, 77|3, 53, N/A, 51.37, 26|4, 54, N/A, 56.29, 60|5, 58, N/A, 52.88, 62|6, 37, N/A, 28.28, 0|
17:35:36 0, 53, N/A, 49.19, 81|1, 52, N/A, 49.95, 92|2, 54, N/A, 101.90, 65|3, 53, N/A, 72.18, 49|4, 54, N/A, 68.25, 62|5, 58, N/A, 60.47, 60|6, 37, N/A, 28.28, 0|
17:35:38 0, 53, N/A, 51.89, 60|1, 52, N/A, 56.07, 87|2, 54, N/A, 57.06, 74|3, 53, N/A, 79.99, 37|4, 54, N/A, 84.32, 34|5, 57, N/A, 80.08, 36|6, 37, N/A, 28.26, 0|
17:35:40 0, 53, N/A, 63.41, 92|1, 52, N/A, 61.73, 91|2, 54, N/A, 61.98, 37|3, 54, N/A, 46.70, 72|4, 54, N/A, 48.91, 50|5, 57, N/A, 69.28, 24|6, 37, N/A, 28.26, 0|
17:35:42 0, 53, N/A, 46.97, 94|1, 51, N/A, 70.54, 88|2, 54, N/A, 88.87, 36|3, 54, N/A, 61.16, 71|4, 54, N/A, 62.64, 63|5, 57, N/A, 53.83, 22|6, 37, N/A, 28.26, 0|
17:35:44 0, 53, N/A, 74.19, 90|1, 52, N/A, 63.17, 91|2, 54, N/A, 57.80, 46|3, 54, N/A, 47.68, 55|4, 53, N/A, 48.66, 35|5, 57, N/A, 67.07, 17|6, 37, N/A, 28.26, 0|
17:35:47 0, 53, N/A, 72.01, 93|1, 51, N/A, 62.72, 51|2, 54, N/A, 58.78, 72|3, 53, N/A, 46.21, 68|4, 53, N/A, 48.42, 19|5, 57, N/A, 69.07, 64|6, 37, N/A, 28.02, 0|
17:35:49 0, 53, N/A, 60.43, 88|1, 51, N/A, 90.35, 48|2, 54, N/A, 74.19, 83|3, 53, N/A, 59.44, 64|4, 53, N/A, 59.45, 27|5, 57, N/A, 55.31, 35|6, 37, N/A, 28.26, 0|
17:35:51 0, 52, N/A, 62.43, 92|1, 52, N/A, 58.29, 89|2, 54, N/A, 55.10, 77|3, 53, N/A, 60.64, 51|4, 54, N/A, 67.31, 39|5, 58, N/A, 72.48, 48|6, 37, N/A, 28.02, 0|
17:35:53 0, 53, N/A, 60.71, 50|1, 52, N/A, 59.27, 91|2, 54, N/A, 55.10, 77|3, 53, N/A, 62.64, 25|4, 54, N/A, 57.98, 63|5, 57, N/A, 66.37, 60|6, 37, N/A, 28.26, 0|
17:35:55 0, 53, N/A, 59.48, 83|1, 52, N/A, 88.39, 91|2, 54, N/A, 67.34, 64|3, 53, N/A, 54.53, 49|4, 54, N/A, 56.05, 62|5, 57, N/A, 52.38, 59|6, 37, N/A, 28.26, 0|
17:35:57 0, 54, N/A, 58.29, 91|1, 52, N/A, 55.61, 90|2, 54, N/A, 78.37, 58|3, 54, N/A, 62.36, 60|4, 54, N/A, 66.08, 63|5, 58, N/A, 69.77, 16|6, 37, N/A, 28.28, 0|
17:35:59 0, 54, N/A, 74.43, 94|1, 52, N/A, 76.19, 91|2, 54, N/A, 62.47, 34|3, 54, N/A, 50.88, 71|4, 54, N/A, 52.11, 56|5, 57, N/A, 49.93, 23|6, 37, N/A, 28.26, 0|
17:36:01 0, 54, N/A, 62.92, 93|1, 52, N/A, 60.50, 91|2, 54, N/A, 56.57, 45|3, 54, N/A, 46.70, 71|4, 54, N/A, 48.91, 64|5, 57, N/A, 70.75, 16|6, 37, N/A, 28.26, 0|
17:36:03 0, 55, N/A, 65.59, 93|1, 52, N/A, 90.16, 87|2, 55, N/A, 70.79, 76|3, 55, N/A, 56.50, 68|4, 54, N/A, 56.75, 18|5, 59, N/A, 55.09, 63|6, 37, N/A, 28.26, 0|
17:36:05 0, 54, N/A, 51.64, 92|1, 52, N/A, 51.65, 48|2, 55, N/A, 72.26, 65|3, 54, N/A, 86.37, 58|4, 54, N/A, 89.56, 26|5, 59, N/A, 78.12, 61|6, 37, N/A, 28.02, 0|
17:36:08 0, 54, N/A, 42.27, 91|1, 53, N/A, 172.57, 45|2, 55, N/A, 185.87, 60|3, 54, N/A, 41.75, 51|4, 55, N/A, 178.57, 43|5, 58, N/A, 177.43, 46|6, 37, N/A, 28.24, 0|
17:36:10 0, 54, N/A, 42.02, 90|1, 54, N/A, 182.76, 87|2, 56, N/A, 150.64, 65|3, 54, N/A, 41.76, 48|4, 56, N/A, 115.93, 37|5, 60, N/A, 94.72, 32|6, 37, N/A, 28.26, 0|
17:36:12 0, 54, N/A, 43.04, 65|1, 54, N/A, 91.76, 86|2, 55, N/A, 83.77, 73|3, 54, N/A, 58.92, 35|4, 56, N/A, 65.84, 65|5, 59, N/A, 60.22, 64|6, 37, N/A, 28.26, 0|
17:36:14 0, 54, N/A, 116.90, 71|1, 53, N/A, 48.17, 86|2, 55, N/A, 168.94, 72|3, 54, N/A, 153.79, 43|4, 55, N/A, 45.19, 36|5, 59, N/A, 166.19, 34|6, 38, N/A, 28.24, 0|
17:36:16 0, 55, N/A, 172.01, 90|1, 53, N/A, 45.71, 87|2, 56, N/A, 197.08, 61|3, 56, N/A, 172.91, 51|4, 55, N/A, 44.18, 33|5, 59, N/A, 180.26, 59|6, 38, N/A, 28.23, 0|
17:36:18 0, 56, N/A, 165.97, 90|1, 53, N/A, 45.74, 74|2, 57, N/A, 88.68, 64|3, 56, N/A, 65.79, 51|4, 55, N/A, 44.00, 38|5, 60, N/A, 61.17, 36|6, 38, N/A, 28.26, 0|
17:36:20 0, 55, N/A, 95.20, 56|1, 54, N/A, 101.15, 59|2, 56, N/A, 113.38, 55|3, 56, N/A, 92.94, 53|4, 56, N/A, 98.10, 50|5, 59, N/A, 94.62, 51|6, 38, N/A, 28.26, 0|
17:36:22 0, 56, N/A, 85.64, 55|1, 54, N/A, 94.03, 58|2, 57, N/A, 108.47, 55|3, 56, N/A, 86.61, 52|4, 56, N/A, 91.46, 50|5, 60, N/A, 91.52, 51|6, 38, N/A, 28.25, 0|
17:36:24 0, 56, N/A, 95.99, 56|1, 55, N/A, 100.65, 59|2, 57, N/A, 115.08, 56|3, 56, N/A, 95.38, 53|4, 57, N/A, 99.81, 51|5, 60, N/A, 97.86, 51|6, 38, N/A, 28.26, 0|
17:36:26 0, 56, N/A, 83.77, 56|1, 55, N/A, 93.11, 58|2, 57, N/A, 106.86, 54|3, 56, N/A, 89.79, 53|4, 57, N/A, 97.12, 51|5, 60, N/A, 94.73, 51|6, 38, N/A, 28.28, 0|
17:36:28 0, 56, N/A, 90.66, 57|1, 55, N/A, 97.77, 59|2, 57, N/A, 108.05, 55|3, 57, N/A, 92.55, 53|4, 57, N/A, 94.00, 51|5, 61, N/A, 90.90, 51|6, 38, N/A, 28.30, 0|
17:36:31 0, 57, N/A, 83.37, 56|1, 55, N/A, 93.42, 59|2, 58, N/A, 108.36, 55|3, 57, N/A, 87.40, 52|4, 57, N/A, 90.91, 51|5, 61, N/A, 90.47, 51|6, 38, N/A, 28.05, 0|
17:36:33 0, 57, N/A, 90.66, 55|1, 56, N/A, 97.04, 59|2, 58, N/A, 108.90, 55|3, 57, N/A, 87.85, 52|4, 57, N/A, 95.02, 52|5, 61, N/A, 94.60, 52|6, 38, N/A, 28.28, 0|
17:36:35 0, 57, N/A, 85.02, 55|1, 56, N/A, 96.16, 58|2, 58, N/A, 102.22, 54|3, 57, N/A, 83.48, 52|4, 57, N/A, 89.30, 50|5, 61, N/A, 97.89, 50|6, 38, N/A, 28.30, 0|
17:36:37 0, 57, N/A, 82.31, 56|1, 56, N/A, 92.47, 58|2, 58, N/A, 103.89, 55|3, 57, N/A, 91.33, 52|4, 58, N/A, 96.27, 51|5, 61, N/A, 92.88, 51|6, 38, N/A, 28.30, 0|
17:36:39 0, 57, N/A, 93.72, 56|1, 56, N/A, 98.64, 58|2, 58, N/A, 107.19, 55|3, 57, N/A, 88.20, 52|4, 58, N/A, 91.39, 51|5, 62, N/A, 95.58, 50|6, 38, N/A, 28.55, 0|
17:36:41 0, 57, N/A, 79.41, 57|1, 56, N/A, 92.44, 59|2, 59, N/A, 106.95, 55|3, 58, N/A, 89.67, 52|4, 58, N/A, 97.55, 51|5, 62, N/A, 97.54, 51|6, 38, N/A, 28.28, 0|
17:36:43 0, 58, N/A, 92.87, 56|1, 56, N/A, 102.26, 58|2, 59, N/A, 111.50, 55|3, 58, N/A, 92.32, 54|4, 58, N/A, 95.19, 51|5, 62, N/A, 94.59, 51|6, 38, N/A, 28.32, 0|
17:36:45 0, 58, N/A, 85.06, 56|1, 56, N/A, 92.43, 58|2, 59, N/A, 108.11, 55|3, 58, N/A, 89.18, 53|4, 58, N/A, 91.64, 51|5, 62, N/A, 90.71, 51|6, 38, N/A, 28.30, 0|
17:36:47 0, 57, N/A, 98.33, 58|1, 56, N/A, 107.18, 59|2, 59, N/A, 110.37, 56|3, 58, N/A, 82.59, 54|4, 58, N/A, 98.27, 51|5, 62, N/A, 98.77, 52|6, 38, N/A, 28.28, 0|
17:36:49 0, 57, N/A, 88.73, 56|1, 56, N/A, 100.05, 59|2, 59, N/A, 110.75, 55|3, 57, N/A, 93.54, 53|4, 58, N/A, 100.18, 52|5, 62, N/A, 99.20, 51|6, 38, N/A, 28.30, 0|
17:36:51 0, 57, N/A, 91.88, 41|1, 56, N/A, 100.34, 57|2, 59, N/A, 114.50, 40|3, 57, N/A, 93.54, 38|4, 58, N/A, 98.17, 36|5, 62, N/A, 99.44, 36|6, 38, N/A, 28.30, 0|
17:36:53 0, 57, N/A, 96.87, 57|1, 56, N/A, 95.34, 58|2, 59, N/A, 109.14, 55|3, 57, N/A, 86.47, 53|4, 58, N/A, 93.57, 51|5, 62, N/A, 91.11, 51|6, 38, N/A, 28.30, 0|
17:36:56 0, 57, N/A, 91.44, 57|1, 56, N/A, 101.84, 59|2, 59, N/A, 106.93, 56|3, 58, N/A, 90.16, 54|4, 58, N/A, 92.77, 51|5, 62, N/A, 100.74, 52|6, 38, N/A, 28.30, 0|
17:36:58 0, 58, N/A, 88.50, 57|1, 56, N/A, 100.05, 59|2, 59, N/A, 111.55, 55|3, 57, N/A, 93.54, 53|4, 58, N/A, 100.25, 52|5, 62, N/A, 97.29, 51|6, 38, N/A, 28.30, 0|
17:37:00 0, 57, N/A, 92.62, 55|1, 56, N/A, 97.10, 59|2, 59, N/A, 106.93, 54|3, 58, N/A, 96.01, 52|4, 58, N/A, 94.78, 51|5, 62, N/A, 95.53, 50|6, 38, N/A, 28.30, 0|
17:37:02 0, 57, N/A, 93.17, 57|1, 56, N/A, 95.88, 59|2, 59, N/A, 108.35, 56|3, 58, N/A, 93.35, 54|4, 58, N/A, 96.47, 52|5, 62, N/A, 96.31, 51|6, 38, N/A, 28.30, 0|
17:37:04 0, 58, N/A, 93.86, 56|1, 56, N/A, 100.54, 58|2, 59, N/A, 120.57, 55|3, 58, N/A, 81.56, 53|4, 58, N/A, 89.88, 51|5, 62, N/A, 91.70, 52|6, 38, N/A, 28.30, 0|
17:37:06 0, 57, N/A, 88.25, 57|1, 56, N/A, 90.46, 58|2, 59, N/A, 104.18, 56|3, 58, N/A, 87.89, 54|4, 58, N/A, 91.25, 51|5, 62, N/A, 93.77, 52|6, 38, N/A, 28.53, 0|
17:37:08 0, 58, N/A, 88.65, 57|1, 56, N/A, 92.92, 59|2, 59, N/A, 105.16, 55|3, 58, N/A, 89.36, 54|4, 58, N/A, 95.22, 51|5, 62, N/A, 95.57, 52|6, 38, N/A, 28.28, 0|
17:37:10 0, 57, N/A, 87.46, 55|1, 56, N/A, 99.50, 59|2, 59, N/A, 112.04, 55|3, 58, N/A, 85.88, 52|4, 58, N/A, 94.53, 51|5, 62, N/A, 96.80, 51|6, 38, N/A, 28.03, 0|
17:37:12 0, 57, N/A, 88.50, 56|1, 56, N/A, 93.41, 59|2, 59, N/A, 105.70, 56|3, 58, N/A, 90.65, 52|4, 58, N/A, 94.73, 51|5, 62, N/A, 92.08, 51|6, 37, N/A, 28.30, 0|
17:37:14 0, 57, N/A, 90.71, 57|1, 56, N/A, 99.27, 58|2, 59, N/A, 106.94, 55|3, 58, N/A, 80.58, 53|4, 58, N/A, 90.17, 51|5, 62, N/A, 89.69, 51|6, 37, N/A, 28.28, 0|
17:37:16 0, 58, N/A, 90.66, 56|1, 56, N/A, 99.56, 58|2, 59, N/A, 109.83, 55|3, 58, N/A, 93.74, 53|4, 58, N/A, 98.22, 50|5, 62, N/A, 95.27, 51|6, 37, N/A, 28.30, 0|
17:37:18 0, 58, N/A, 96.12, 57|1, 56, N/A, 101.59, 58|2, 59, N/A, 111.31, 55|3, 58, N/A, 84.26, 54|4, 58, N/A, 88.44, 51|5, 62, N/A, 91.15, 51|6, 37, N/A, 28.30, 0|
17:37:21 0, 57, N/A, 89.18, 56|1, 56, N/A, 99.80, 58|2, 59, N/A, 107.86, 55|3, 58, N/A, 89.18, 52|4, 58, N/A, 92.08, 51|5, 62, N/A, 91.59, 51|6, 37, N/A, 28.30, 0|
17:37:23 0, 57, N/A, 82.35, 57|1, 56, N/A, 92.92, 59|2, 59, N/A, 108.35, 55|3, 58, N/A, 86.91, 53|4, 58, N/A, 93.80, 51|5, 62, N/A, 96.95, 51|6, 37, N/A, 28.30, 0|
17:37:25 0, 57, N/A, 87.95, 56|1, 56, N/A, 90.71, 59|2, 59, N/A, 105.17, 56|3, 58, N/A, 84.42, 54|4, 58, N/A, 94.59, 51|5, 62, N/A, 93.61, 51|6, 38, N/A, 28.28, 0|
17:37:27 0, 55, N/A, 42.11, 0|1, 54, N/A, 45.58, 0|2, 57, N/A, 52.21, 0|3, 56, N/A, 42.33, 0|4, 56, N/A, 44.57, 0|5, 60, N/A, 43.83, 0|6, 37, N/A, 28.32, 0|
17:37:29 0, 55, N/A, 36.22, 0|1, 53, N/A, 39.18, 0|2, 56, N/A, 42.14, 3|3, 55, N/A, 36.45, 0|4, 55, N/A, 37.92, 3|5, 59, N/A, 37.95, 3|6, 37, N/A, 28.32, 0|
17:37:31 0, 54, N/A, 36.22, 5|1, 53, N/A, 38.69, 3|2, 55, N/A, 42.14, 5|3, 55, N/A, 36.45, 4|4, 55, N/A, 37.68, 2|5, 59, N/A, 37.70, 3|6, 37, N/A, 28.32, 0|
17:37:33 0, 54, N/A, 44.57, 2|1, 52, N/A, 46.33, 15|2, 55, N/A, 47.31, 2|3, 55, N/A, 40.39, 2|4, 55, N/A, 39.90, 2|5, 59, N/A, 39.67, 8|6, 37, N/A, 28.32, 0|
17:37:35 0, 54, N/A, 74.53, 86|1, 53, N/A, 63.74, 86|2, 55, N/A, 61.56, 64|3, 55, N/A, 47.25, 49|4, 55, N/A, 52.63, 35|5, 59, N/A, 53.65, 38|6, 37, N/A, 28.30, 0|
17:37:37 0, 54, N/A, 54.63, 88|1, 53, N/A, 52.69, 85|2, 55, N/A, 88.26, 64|3, 55, N/A, 62.89, 47|4, 55, N/A, 53.35, 35|5, 58, N/A, 61.01, 34|6, 37, N/A, 28.30, 0|
17:37:39 0, 55, N/A, 72.06, 44|1, 53, N/A, 78.75, 44|2, 55, N/A, 91.11, 41|3, 55, N/A, 73.21, 40|4, 55, N/A, 71.05, 38|5, 58, N/A, 63.21, 39|6, 37, N/A, 28.03, 0|
17:37:41 0, 55, N/A, 72.32, 44|1, 53, N/A, 76.75, 44|2, 55, N/A, 85.55, 41|3, 55, N/A, 70.75, 40|4, 55, N/A, 66.38, 39|5, 58, N/A, 63.49, 40|6, 37, N/A, 28.05, 0|
17:37:43 0, 54, N/A, 59.80, 91|1, 53, N/A, 59.60, 87|2, 55, N/A, 60.34, 65|3, 55, N/A, 50.18, 49|4, 54, N/A, 43.56, 35|5, 58, N/A, 70.84, 29|6, 37, N/A, 28.30, 0|
17:37:46 0, 54, N/A, 51.22, 82|1, 52, N/A, 52.70, 88|2, 55, N/A, 58.37, 68|3, 55, N/A, 69.07, 48|4, 54, N/A, 57.10, 31|5, 58, N/A, 39.40, 36|6, 37, N/A, 28.30, 0|
17:37:48 0, 54, N/A, 63.50, 89|1, 52, N/A, 54.67, 85|2, 55, N/A, 56.12, 63|3, 54, N/A, 47.25, 51|4, 54, N/A, 41.84, 39|5, 57, N/A, 58.29, 34|6, 37, N/A, 28.05, 0|
17:37:50 0, 54, N/A, 47.28, 87|1, 52, N/A, 61.53, 85|2, 54, N/A, 84.37, 65|3, 54, N/A, 53.37, 48|4, 53, N/A, 48.73, 31|5, 57, N/A, 49.50, 32|6, 37, N/A, 28.05, 0|
17:37:52 0, 54, N/A, 56.36, 86|1, 52, N/A, 54.42, 83|2, 54, N/A, 59.81, 62|3, 54, N/A, 83.77, 47|4, 53, N/A, 70.52, 39|5, 57, N/A, 63.47, 32|6, 37, N/A, 28.30, 0|
17:37:54 0, 54, N/A, 73.55, 89|1, 52, N/A, 64.48, 85|2, 54, N/A, 64.03, 61|3, 54, N/A, 48.24, 49|4, 53, N/A, 45.04, 38|5, 57, N/A, 48.49, 35|6, 37, N/A, 28.05, 0|
17:37:56 0, 53, N/A, 58.57, 89|1, 52, N/A, 85.11, 85|2, 54, N/A, 76.01, 66|3, 54, N/A, 55.10, 48|4, 53, N/A, 52.17, 34|5, 57, N/A, 47.04, 34|6, 37, N/A, 28.30, 0|
17:37:58 0, 54, N/A, 49.25, 85|1, 52, N/A, 52.69, 84|2, 54, N/A, 102.46, 64|3, 54, N/A, 78.37, 50|4, 53, N/A, 76.90, 35|5, 57, N/A, 60.54, 34|6, 37, N/A, 28.30, 0|
17:38:00 0, 54, N/A, 75.02, 44|1, 52, N/A, 81.67, 44|2, 54, N/A, 87.57, 41|3, 54, N/A, 70.80, 40|4, 53, N/A, 66.17, 39|5, 57, N/A, 63.50, 40|6, 37, N/A, 28.30, 0|
17:38:02 0, 54, N/A, 72.35, 44|1, 52, N/A, 75.52, 44|2, 55, N/A, 83.88, 41|3, 55, N/A, 70.30, 40|4, 54, N/A, 66.90, 38|5, 57, N/A, 65.47, 39|6, 37, N/A, 28.30, 0|
17:38:04 0, 54, N/A, 52.70, 87|1, 52, N/A, 52.95, 85|2, 55, N/A, 79.70, 68|3, 54, N/A, 61.49, 49|4, 53, N/A, 66.65, 33|5, 57, N/A, 48.02, 37|6, 37, N/A, 28.30, 0|
17:38:07 0, 54, N/A, 63.01, 88|1, 52, N/A, 61.77, 86|2, 55, N/A, 59.32, 64|3, 54, N/A, 46.51, 47|4, 53, N/A, 43.07, 37|5, 57, N/A, 51.41, 36|6, 37, N/A, 28.30, 0|
17:38:09 0, 54, N/A, 46.98, 86|1, 52, N/A, 51.46, 87|2, 55, N/A, 76.99, 66|3, 54, N/A, 57.03, 45|4, 53, N/A, 41.35, 33|5, 57, N/A, 47.99, 35|6, 37, N/A, 28.30, 0|
17:38:11 0, 54, N/A, 51.44, 87|1, 52, N/A, 52.94, 84|2, 54, N/A, 78.22, 62|3, 54, N/A, 60.47, 49|4, 53, N/A, 67.11, 35|5, 57, N/A, 49.01, 36|6, 37, N/A, 28.30, 0|
17:38:13 0, 54, N/A, 57.83, 78|1, 52, N/A, 56.11, 84|2, 55, N/A, 62.02, 57|3, 54, N/A, 46.46, 46|4, 53, N/A, 42.33, 34|5, 57, N/A, 57.31, 32|6, 38, N/A, 28.28, 0|
17:38:15 0, 54, N/A, 47.50, 87|1, 52, N/A, 74.27, 85|2, 54, N/A, 54.15, 66|3, 54, N/A, 56.53, 49|4, 53, N/A, 52.14, 35|5, 57, N/A, 38.42, 34|6, 38, N/A, 28.28, 0|
17:38:17 0, 54, N/A, 58.04, 76|1, 52, N/A, 51.19, 73|2, 55, N/A, 58.29, 55|3, 54, N/A, 85.62, 42|4, 53, N/A, 66.78, 36|5, 57, N/A, 73.70, 30|6, 38, N/A, 28.26, 0|
17:38:19 0, 54, N/A, 57.02, 87|1, 52, N/A, 56.57, 83|2, 55, N/A, 62.23, 61|3, 55, N/A, 59.44, 50|4, 53, N/A, 42.03, 34|5, 57, N/A, 59.24, 36|6, 38, N/A, 28.26, 0|
17:38:21 0, 54, N/A, 51.16, 88|1, 53, N/A, 67.34, 84|2, 55, N/A, 89.62, 62|3, 54, N/A, 45.47, 50|4, 53, N/A, 61.67, 36|5, 57, N/A, 54.32, 31|6, 38, N/A, 28.26, 0|
17:38:23 0, 54, N/A, 70.79, 88|1, 52, N/A, 57.06, 87|2, 55, N/A, 59.28, 62|3, 54, N/A, 48.42, 45|4, 53, N/A, 42.06, 37|5, 57, N/A, 50.88, 35|6, 38, N/A, 28.26, 0|
17:38:25 0, 54, N/A, 52.88, 90|1, 53, N/A, 53.86, 86|2, 55, N/A, 90.85, 61|3, 55, N/A, 62.39, 52|4, 53, N/A, 59.45, 39|5, 57, N/A, 63.18, 34|6, 38, N/A, 28.28, 0|
17:38:28 0, 54, N/A, 51.65, 87|1, 53, N/A, 55.83, 87|2, 55, N/A, 69.81, 62|3, 54, N/A, 87.34, 52|4, 53, N/A, 81.22, 35|5, 57, N/A, 68.79, 32|6, 38, N/A, 28.26, 0|
17:38:30 0, 54, N/A, 47.22, 85|1, 53, N/A, 58.53, 82|2, 55, N/A, 69.56, 68|3, 55, N/A, 64.11, 48|4, 53, N/A, 50.64, 36|5, 57, N/A, 45.99, 32|6, 38, N/A, 28.26, 0|
17:38:32 0, 54, N/A, 55.10, 85|1, 52, N/A, 55.83, 86|2, 55, N/A, 94.28, 68|3, 55, N/A, 81.21, 49|4, 53, N/A, 87.11, 35|5, 57, N/A, 64.12, 34|6, 38, N/A, 28.26, 0|
17:38:34 0, 54, N/A, 67.80, 86|1, 53, N/A, 81.07, 86|2, 55, N/A, 61.95, 65|3, 55, N/A, 49.65, 47|4, 53, N/A, 50.64, 36|5, 57, N/A, 42.79, 36|6, 38, N/A, 28.28, 0|
17:38:36 0, 54, N/A, 50.91, 89|1, 52, N/A, 51.65, 82|2, 55, N/A, 102.88, 64|3, 55, N/A, 71.19, 50|4, 53, N/A, 67.03, 36|5, 57, N/A, 58.99, 32|6, 38, N/A, 28.26, 0|
17:38:38 0, 54, N/A, 45.99, 89|1, 53, N/A, 78.66, 86|2, 55, N/A, 67.36, 66|3, 54, N/A, 43.26, 47|4, 53, N/A, 48.67, 34|5, 57, N/A, 44.51, 34|6, 38, N/A, 28.28, 0|
17:38:40 0, 54, N/A, 59.48, 85|1, 53, N/A, 51.65, 86|2, 55, N/A, 56.07, 65|3, 55, N/A, 77.09, 47|4, 53, N/A, 63.13, 38|5, 57, N/A, 77.58, 33|6, 38, N/A, 28.26, 0|
17:38:42 0, 55, N/A, 47.96, 86|1, 53, N/A, 50.17, 84|2, 55, N/A, 89.38, 63|3, 55, N/A, 56.50, 49|4, 54, N/A, 54.54, 34|5, 57, N/A, 54.60, 29|6, 38, N/A, 28.26, 0|
17:38:44 0, 55, N/A, 67.34, 88|1, 53, N/A, 69.07, 85|2, 55, N/A, 60.01, 64|3, 55, N/A, 47.68, 47|4, 53, N/A, 51.38, 35|5, 57, N/A, 41.84, 29|6, 38, N/A, 28.26, 0|
17:38:46 0, 55, N/A, 48.92, 92|1, 53, N/A, 73.70, 83|2, 55, N/A, 68.58, 66|3, 55, N/A, 58.95, 54|4, 53, N/A, 52.85, 34|5, 57, N/A, 45.01, 35|6, 38, N/A, 28.28, 0|
17:38:49 0, 54, N/A, 61.95, 87|1, 53, N/A, 59.76, 84|2, 55, N/A, 88.94, 63|3, 55, N/A, 85.59, 51|4, 54, N/A, 85.19, 34|5, 57, N/A, 60.96, 28|6, 38, N/A, 28.28, 0|
17:38:51 0, 54, N/A, 62.18, 88|1, 53, N/A, 71.08, 87|2, 55, N/A, 60.01, 65|3, 55, N/A, 46.94, 47|4, 54, N/A, 50.39, 34|5, 57, N/A, 41.32, 36|6, 38, N/A, 28.26, 0|
17:38:53 0, 55, N/A, 48.45, 87|1, 53, N/A, 50.91, 87|2, 55, N/A, 105.63, 65|3, 55, N/A, 73.64, 52|4, 54, N/A, 76.81, 33|5, 57, N/A, 63.18, 36|6, 38, N/A, 28.28, 0|
17:38:55 0, 55, N/A, 48.94, 88|1, 53, N/A, 91.58, 86|2, 55, N/A, 99.20, 64|3, 55, N/A, 43.99, 47|4, 54, N/A, 71.98, 36|5, 57, N/A, 56.29, 36|6, 38, N/A, 28.26, 0|
17:38:57 0, 55, N/A, 81.07, 87|1, 53, N/A, 60.96, 85|2, 55, N/A, 60.26, 66|3, 55, N/A, 49.90, 44|4, 54, N/A, 46.71, 36|5, 57, N/A, 42.55, 35|6, 38, N/A, 28.26, 0|
17:38:59 0, 55, N/A, 61.45, 91|1, 53, N/A, 61.73, 87|2, 55, N/A, 59.28, 67|3, 55, N/A, 50.38, 51|4, 54, N/A, 48.42, 35|5, 57, N/A, 65.59, 34|6, 38, N/A, 28.26, 0|
17:39:01 0, 55, N/A, 49.19, 73|1, 53, N/A, 64.15, 73|2, 55, N/A, 71.04, 54|3, 55, N/A, 51.86, 36|4, 54, N/A, 59.20, 29|5, 57, N/A, 44.76, 30|6, 38, N/A, 28.51, 0|
17:39:03 0, 55, N/A, 78.33, 85|1, 53, N/A, 73.49, 82|2, 55, N/A, 66.86, 69|3, 55, N/A, 51.61, 50|4, 54, N/A, 52.35, 36|5, 57, N/A, 47.71, 36|6, 38, N/A, 28.26, 0|
17:39:05 0, 55, N/A, 46.23, 88|1, 53, N/A, 80.37, 87|2, 55, N/A, 71.78, 66|3, 55, N/A, 43.50, 51|4, 54, N/A, 54.57, 34|5, 57, N/A, 57.48, 34|6, 38, N/A, 28.26, 0|
17:39:07 0, 55, N/A, 75.91, 86|1, 53, N/A, 78.86, 86|2, 55, N/A, 69.32, 61|3, 55, N/A, 55.02, 50|4, 54, N/A, 53.83, 36|5, 57, N/A, 47.22, 33|6, 38, N/A, 28.51, 0|
17:39:10 0, 55, N/A, 63.41, 86|1, 53, N/A, 59.27, 85|2, 55, N/A, 58.78, 66|3, 55, N/A, 58.46, 50|4, 54, N/A, 57.24, 33|5, 57, N/A, 81.07, 34|6, 38, N/A, 28.26, 0|
17:39:12 0, 55, N/A, 46.73, 88|1, 53, N/A, 69.06, 85|2, 55, N/A, 91.59, 60|3, 55, N/A, 67.51, 51|4, 54, N/A, 65.84, 35|5, 57, N/A, 53.83, 33|6, 38, N/A, 28.51, 0|
17:39:14 0, 55, N/A, 69.28, 37|1, 53, N/A, 73.00, 29|2, 56, N/A, 82.79, 22|3, 55, N/A, 68.98, 33|4, 54, N/A, 72.67, 22|5, 57, N/A, 67.07, 25|6, 38, N/A, 28.51, 0|
17:39:16 0, 55, N/A, 72.26, 44|1, 54, N/A, 74.72, 45|2, 56, N/A, 86.23, 42|3, 55, N/A, 73.65, 41|4, 55, N/A, 77.04, 37|5, 58, N/A, 75.62, 38|6, 38, N/A, 28.26, 0|
17:39:18 0, 55, N/A, 44.51, 44|1, 53, N/A, 48.23, 23|2, 56, N/A, 54.85, 26|3, 55, N/A, 44.74, 41|4, 54, N/A, 46.48, 20|5, 57, N/A, 42.55, 15|6, 38, N/A, 28.28, 0|
17:39:20 0, 54, N/A, 40.36, 0|1, 53, N/A, 44.05, 0|2, 55, N/A, 51.16, 0|3, 55, N/A, 40.58, 0|4, 53, N/A, 42.79, 0|5, 57, N/A, 42.08, 0|6, 39, N/A, 28.28, 0|
