15:51:26 0, 50, N/A, 28.35, 0|1, 47, N/A, 30.57, 0|2, 49, N/A, 32.55, 0|3, 49, N/A, 28.83, 0|4, 51, N/A, 30.06, 0|5, 53, N/A, 29.34, 0|6, 50, N/A, 30.78, 0|
15:51:28 0, 50, N/A, 39.18, 7|1, 48, N/A, 40.90, 64|2, 50, N/A, 32.53, 0|3, 49, N/A, 29.06, 0|4, 51, N/A, 29.81, 0|5, 53, N/A, 29.34, 0|6, 49, N/A, 30.78, 0|
15:51:30 0, 50, N/A, 39.42, 31|1, 48, N/A, 41.86, 33|2, 49, N/A, 32.53, 0|3, 49, N/A, 29.06, 0|4, 51, N/A, 29.80, 0|5, 53, N/A, 29.32, 0|6, 49, N/A, 30.76, 0|
15:51:32 0, 50, N/A, 39.40, 32|1, 48, N/A, 41.89, 32|2, 49, N/A, 32.53, 0|3, 49, N/A, 29.06, 0|4, 51, N/A, 29.80, 0|5, 53, N/A, 29.32, 0|6, 49, N/A, 30.52, 0|
15:51:34 0, 50, N/A, 39.18, 66|1, 48, N/A, 42.14, 70|2, 49, N/A, 32.28, 0|3, 49, N/A, 29.08, 0|4, 51, N/A, 29.82, 0|5, 53, N/A, 29.09, 0|6, 49, N/A, 30.78, 0|
15:51:36 0, 50, N/A, 38.93, 0|1, 48, N/A, 41.65, 0|2, 49, N/A, 32.30, 0|3, 49, N/A, 29.08, 0|4, 50, N/A, 29.82, 0|5, 53, N/A, 29.09, 0|6, 49, N/A, 30.54, 0|
15:51:38 0, 55, N/A, 145.88, 90|1, 53, N/A, 162.73, 91|2, 49, N/A, 32.28, 0|3, 49, N/A, 28.56, 0|4, 50, N/A, 29.80, 0|5, 52, N/A, 29.08, 0|6, 49, N/A, 30.52, 0|
15:51:40 0, 56, N/A, 154.15, 91|1, 54, N/A, 154.37, 91|2, 49, N/A, 32.28, 0|3, 49, N/A, 28.56, 0|4, 50, N/A, 29.81, 0|5, 52, N/A, 29.08, 0|6, 49, N/A, 30.52, 0|
15:51:42 0, 57, N/A, 147.74, 91|1, 55, N/A, 157.31, 91|2, 49, N/A, 32.28, 0|3, 48, N/A, 28.81, 0|4, 50, N/A, 29.80, 0|5, 52, N/A, 29.08, 0|6, 49, N/A, 30.52, 0|
15:51:45 0, 57, N/A, 151.10, 91|1, 55, N/A, 156.98, 91|2, 49, N/A, 32.28, 0|3, 48, N/A, 28.56, 0|4, 50, N/A, 29.55, 0|5, 52, N/A, 29.08, 0|6, 49, N/A, 30.52, 0|
15:51:47 0, 58, N/A, 147.60, 91|1, 56, N/A, 160.51, 90|2, 48, N/A, 32.28, 0|3, 48, N/A, 28.81, 0|4, 50, N/A, 29.55, 0|5, 52, N/A, 29.08, 0|6, 48, N/A, 30.52, 0|
15:51:49 0, 59, N/A, 158.71, 91|1, 57, N/A, 158.21, 91|2, 48, N/A, 32.28, 0|3, 48, N/A, 28.56, 0|4, 50, N/A, 29.55, 0|5, 52, N/A, 29.08, 0|6, 48, N/A, 30.52, 0|
15:51:51 0, 59, N/A, 149.95, 91|1, 58, N/A, 156.49, 91|2, 48, N/A, 32.03, 0|3, 48, N/A, 28.56, 0|4, 50, N/A, 29.55, 0|5, 52, N/A, 29.08, 0|6, 48, N/A, 30.27, 0|
15:51:53 0, 60, N/A, 149.46, 90|1, 58, N/A, 159.60, 91|2, 48, N/A, 32.03, 0|3, 48, N/A, 28.81, 0|4, 50, N/A, 29.55, 0|5, 52, N/A, 28.83, 0|6, 48, N/A, 30.52, 0|
15:51:55 0, 61, N/A, 152.58, 90|1, 59, N/A, 168.26, 91|2, 48, N/A, 32.03, 0|3, 48, N/A, 28.81, 0|4, 49, N/A, 29.55, 0|5, 52, N/A, 29.08, 0|6, 48, N/A, 30.27, 0|
15:51:57 0, 61, N/A, 151.35, 91|1, 59, N/A, 160.90, 91|2, 48, N/A, 32.01, 0|3, 48, N/A, 28.56, 0|4, 49, N/A, 29.55, 0|5, 52, N/A, 29.08, 0|6, 48, N/A, 30.51, 0|
15:51:59 0, 62, N/A, 154.05, 91|1, 60, N/A, 160.26, 91|2, 48, N/A, 32.03, 0|3, 48, N/A, 28.32, 0|4, 49, N/A, 29.31, 0|5, 52, N/A, 29.08, 0|6, 48, N/A, 30.27, 0|
15:52:01 0, 62, N/A, 154.54, 91|1, 61, N/A, 159.60, 91|2, 48, N/A, 31.79, 0|3, 48, N/A, 28.56, 0|4, 49, N/A, 29.57, 0|5, 52, N/A, 28.83, 0|6, 48, N/A, 30.27, 0|
15:52:03 0, 63, N/A, 150.05, 91|1, 61, N/A, 161.22, 91|2, 47, N/A, 32.03, 0|3, 48, N/A, 28.56, 0|4, 49, N/A, 29.30, 0|5, 51, N/A, 28.83, 0|6, 48, N/A, 30.27, 0|
15:52:05 0, 63, N/A, 157.48, 91|1, 62, N/A, 163.60, 90|2, 47, N/A, 31.79, 0|3, 48, N/A, 28.56, 0|4, 49, N/A, 29.55, 0|5, 51, N/A, 28.58, 0|6, 48, N/A, 30.27, 0|
15:52:07 0, 64, N/A, 156.01, 91|1, 62, N/A, 162.30, 91|2, 47, N/A, 31.54, 0|3, 48, N/A, 28.32, 0|4, 49, N/A, 29.30, 0|5, 51, N/A, 29.08, 0|6, 47, N/A, 30.27, 0|
15:52:10 0, 65, N/A, 154.54, 91|1, 63, N/A, 168.26, 91|2, 47, N/A, 31.52, 0|3, 48, N/A, 28.32, 0|4, 49, N/A, 29.55, 0|5, 51, N/A, 29.07, 0|6, 47, N/A, 30.27, 0|
15:52:12 0, 65, N/A, 154.76, 90|1, 63, N/A, 160.75, 91|2, 47, N/A, 31.52, 0|3, 47, N/A, 28.55, 0|4, 49, N/A, 29.29, 0|5, 51, N/A, 28.56, 0|6, 47, N/A, 30.27, 0|
15:52:14 0, 65, N/A, 163.19, 90|1, 63, N/A, 162.34, 91|2, 46, N/A, 31.76, 0|3, 47, N/A, 28.30, 0|4, 48, N/A, 29.30, 0|5, 50, N/A, 28.56, 0|6, 47, N/A, 30.25, 0|
15:52:16 0, 65, N/A, 155.07, 91|1, 63, N/A, 163.65, 91|2, 46, N/A, 31.50, 0|3, 47, N/A, 28.28, 0|4, 48, N/A, 29.28, 0|5, 50, N/A, 28.79, 0|6, 47, N/A, 30.25, 0|
15:52:18 0, 66, N/A, 156.00, 90|1, 64, N/A, 167.66, 91|2, 46, N/A, 31.50, 0|3, 47, N/A, 28.30, 0|4, 48, N/A, 29.04, 0|5, 50, N/A, 28.56, 0|6, 46, N/A, 30.00, 0|
15:52:20 0, 66, N/A, 159.91, 91|1, 64, N/A, 169.51, 91|2, 46, N/A, 31.25, 0|3, 46, N/A, 28.03, 0|4, 48, N/A, 29.02, 0|5, 50, N/A, 28.55, 0|6, 46, N/A, 30.00, 0|
15:52:22 0, 66, N/A, 153.85, 91|1, 64, N/A, 165.04, 91|2, 46, N/A, 31.01, 0|3, 46, N/A, 28.03, 0|4, 47, N/A, 29.04, 0|5, 50, N/A, 28.32, 0|6, 46, N/A, 30.00, 0|
15:52:24 0, 66, N/A, 156.05, 91|1, 64, N/A, 159.88, 90|2, 45, N/A, 31.01, 0|3, 46, N/A, 28.03, 0|4, 47, N/A, 29.04, 0|5, 49, N/A, 28.32, 0|6, 46, N/A, 29.74, 0|
15:52:26 0, 66, N/A, 154.18, 91|1, 64, N/A, 164.37, 91|2, 45, N/A, 31.00, 0|3, 46, N/A, 28.03, 0|4, 46, N/A, 29.02, 0|5, 49, N/A, 28.32, 0|6, 45, N/A, 29.74, 0|
15:52:28 0, 66, N/A, 157.69, 90|1, 64, N/A, 163.81, 91|2, 44, N/A, 31.01, 0|3, 45, N/A, 27.79, 0|4, 46, N/A, 29.03, 0|5, 49, N/A, 28.30, 0|6, 45, N/A, 29.49, 0|
15:52:30 0, 63, N/A, 45.78, 0|1, 61, N/A, 50.45, 0|2, 44, N/A, 30.78, 0|3, 45, N/A, 27.81, 0|4, 46, N/A, 28.79, 0|5, 48, N/A, 28.07, 0|6, 44, N/A, 29.51, 0|
15:52:32 0, 65, N/A, 147.82, 98|1, 63, N/A, 133.42, 97|2, 44, N/A, 30.76, 0|3, 45, N/A, 27.79, 0|4, 46, N/A, 28.79, 0|5, 48, N/A, 28.07, 0|6, 44, N/A, 29.51, 0|
15:52:35 0, 65, N/A, 138.57, 98|1, 63, N/A, 153.45, 98|2, 43, N/A, 30.76, 0|3, 44, N/A, 27.81, 0|4, 45, N/A, 28.30, 0|5, 48, N/A, 28.07, 0|6, 44, N/A, 29.26, 0|
15:52:37 0, 65, N/A, 140.22, 98|1, 62, N/A, 158.99, 96|2, 43, N/A, 30.78, 0|3, 44, N/A, 27.81, 0|4, 45, N/A, 28.30, 0|5, 48, N/A, 27.81, 0|6, 44, N/A, 29.26, 0|
15:52:39 0, 65, N/A, 153.19, 98|1, 62, N/A, 158.10, 97|2, 43, N/A, 30.76, 0|3, 44, N/A, 27.79, 0|4, 45, N/A, 28.79, 0|5, 47, N/A, 27.82, 0|6, 43, N/A, 29.26, 0|
15:52:41 0, 65, N/A, 143.14, 98|1, 62, N/A, 154.67, 98|2, 42, N/A, 30.51, 0|3, 44, N/A, 27.56, 0|4, 44, N/A, 28.79, 0|5, 47, N/A, 27.81, 0|6, 43, N/A, 29.26, 0|
15:52:43 0, 64, N/A, 135.38, 98|1, 62, N/A, 151.41, 98|2, 42, N/A, 30.51, 0|3, 43, N/A, 27.56, 0|4, 44, N/A, 28.55, 0|5, 47, N/A, 27.81, 0|6, 43, N/A, 29.02, 0|
15:52:45 0, 64, N/A, 149.29, 98|1, 62, N/A, 158.35, 98|2, 42, N/A, 30.51, 0|3, 43, N/A, 27.56, 0|4, 44, N/A, 28.55, 0|5, 46, N/A, 27.83, 0|6, 43, N/A, 29.02, 0|
15:52:47 0, 64, N/A, 146.84, 98|1, 62, N/A, 162.42, 98|2, 41, N/A, 30.27, 0|3, 43, N/A, 27.56, 0|4, 44, N/A, 28.55, 0|5, 46, N/A, 27.83, 0|6, 42, N/A, 29.02, 0|
15:52:49 0, 64, N/A, 147.82, 98|1, 62, N/A, 155.41, 98|2, 41, N/A, 30.29, 0|3, 43, N/A, 27.56, 0|4, 44, N/A, 28.55, 0|5, 46, N/A, 27.83, 0|6, 42, N/A, 29.02, 0|
15:52:51 0, 64, N/A, 142.99, 98|1, 62, N/A, 158.99, 97|2, 41, N/A, 30.02, 0|3, 42, N/A, 27.56, 0|4, 43, N/A, 28.55, 0|5, 46, N/A, 27.58, 0|6, 42, N/A, 29.02, 0|
15:52:53 0, 64, N/A, 140.78, 98|1, 62, N/A, 154.90, 98|2, 41, N/A, 30.27, 0|3, 42, N/A, 27.56, 0|4, 43, N/A, 28.05, 0|5, 46, N/A, 27.58, 0|6, 42, N/A, 28.77, 0|
15:52:55 0, 64, N/A, 151.96, 89|1, 62, N/A, 154.92, 89|2, 41, N/A, 30.02, 0|3, 42, N/A, 27.56, 0|4, 43, N/A, 28.05, 0|5, 45, N/A, 27.58, 0|6, 41, N/A, 28.77, 0|
15:52:57 0, 64, N/A, 152.39, 98|1, 62, N/A, 155.17, 98|2, 40, N/A, 30.02, 0|3, 42, N/A, 27.56, 0|4, 43, N/A, 28.05, 0|5, 45, N/A, 27.58, 0|6, 41, N/A, 28.77, 0|
15:52:59 0, 64, N/A, 147.01, 98|1, 62, N/A, 153.78, 98|2, 40, N/A, 29.78, 0|3, 42, N/A, 27.56, 0|4, 42, N/A, 28.05, 0|5, 45, N/A, 27.58, 0|6, 41, N/A, 28.77, 0|
15:53:02 0, 64, N/A, 154.17, 98|1, 62, N/A, 142.90, 98|2, 40, N/A, 29.78, 0|3, 42, N/A, 27.56, 0|4, 42, N/A, 28.05, 0|5, 45, N/A, 27.58, 0|6, 41, N/A, 28.77, 0|
15:53:04 0, 64, N/A, 136.62, 98|1, 62, N/A, 146.58, 98|2, 40, N/A, 29.78, 0|3, 41, N/A, 27.54, 0|4, 42, N/A, 28.05, 0|5, 45, N/A, 27.56, 0|6, 41, N/A, 28.77, 0|
15:53:06 0, 64, N/A, 146.12, 98|1, 62, N/A, 156.39, 98|2, 39, N/A, 29.78, 0|3, 41, N/A, 27.56, 0|4, 42, N/A, 28.30, 0|5, 44, N/A, 27.33, 0|6, 40, N/A, 28.77, 0|
15:53:08 0, 64, N/A, 70.10, 93|1, 62, N/A, 82.10, 98|2, 39, N/A, 29.80, 0|3, 41, N/A, 27.32, 0|4, 42, N/A, 27.81, 0|5, 44, N/A, 27.09, 0|6, 40, N/A, 28.53, 0|
15:53:10 0, 64, N/A, 143.65, 98|1, 62, N/A, 160.95, 98|2, 39, N/A, 29.53, 0|3, 41, N/A, 27.32, 0|4, 42, N/A, 27.81, 0|5, 44, N/A, 27.33, 0|6, 40, N/A, 28.53, 0|
15:53:12 0, 64, N/A, 146.84, 98|1, 62, N/A, 156.14, 98|2, 39, N/A, 29.53, 0|3, 41, N/A, 27.32, 0|4, 41, N/A, 27.81, 0|5, 44, N/A, 27.09, 0|6, 40, N/A, 28.77, 0|
15:53:14 0, 64, N/A, 143.97, 98|1, 62, N/A, 155.65, 97|2, 39, N/A, 29.55, 0|3, 41, N/A, 27.32, 0|4, 41, N/A, 27.81, 0|5, 44, N/A, 27.33, 0|6, 40, N/A, 28.77, 0|
15:53:16 0, 64, N/A, 128.60, 98|1, 62, N/A, 142.26, 98|2, 39, N/A, 29.55, 0|3, 41, N/A, 27.32, 0|4, 41, N/A, 27.81, 0|5, 44, N/A, 27.09, 0|6, 40, N/A, 28.53, 0|
15:53:18 0, 64, N/A, 140.71, 88|1, 61, N/A, 157.86, 88|2, 38, N/A, 29.55, 0|3, 41, N/A, 27.32, 0|4, 41, N/A, 27.81, 0|5, 43, N/A, 27.33, 0|6, 40, N/A, 28.53, 0|
15:53:20 0, 64, N/A, 143.90, 98|1, 62, N/A, 161.53, 97|2, 38, N/A, 29.55, 0|3, 40, N/A, 27.32, 0|4, 41, N/A, 27.81, 0|5, 43, N/A, 27.33, 0|6, 40, N/A, 28.53, 0|
15:53:22 0, 64, N/A, 153.36, 98|1, 61, N/A, 161.78, 98|2, 38, N/A, 29.53, 0|3, 40, N/A, 27.32, 0|4, 41, N/A, 27.81, 0|5, 43, N/A, 27.33, 0|6, 39, N/A, 28.53, 0|
15:53:24 0, 64, N/A, 163.65, 98|1, 62, N/A, 172.61, 97|2, 38, N/A, 29.28, 0|3, 40, N/A, 27.07, 0|4, 40, N/A, 27.81, 0|5, 43, N/A, 27.33, 0|6, 39, N/A, 28.53, 0|
15:53:27 0, 64, N/A, 136.12, 98|1, 61, N/A, 150.75, 98|2, 38, N/A, 29.30, 0|3, 40, N/A, 27.32, 0|4, 40, N/A, 27.81, 0|5, 43, N/A, 27.33, 0|6, 39, N/A, 28.53, 0|
15:53:29 0, 64, N/A, 144.39, 88|1, 61, N/A, 147.89, 88|2, 38, N/A, 29.30, 0|3, 40, N/A, 27.07, 0|4, 40, N/A, 27.56, 0|5, 43, N/A, 27.33, 0|6, 39, N/A, 28.53, 0|
15:53:31 0, 64, N/A, 152.23, 98|1, 61, N/A, 157.86, 97|2, 38, N/A, 29.28, 0|3, 40, N/A, 27.32, 0|4, 40, N/A, 27.56, 0|5, 43, N/A, 27.33, 0|6, 39, N/A, 28.53, 0|
15:53:33 0, 64, N/A, 141.27, 98|1, 61, N/A, 156.39, 98|2, 38, N/A, 29.28, 0|3, 40, N/A, 27.07, 0|4, 40, N/A, 27.56, 0|5, 43, N/A, 27.33, 0|6, 39, N/A, 28.53, 0|
15:53:35 0, 64, N/A, 149.04, 98|1, 62, N/A, 154.67, 97|2, 38, N/A, 29.28, 0|3, 40, N/A, 27.07, 0|4, 40, N/A, 27.56, 0|5, 42, N/A, 27.33, 0|6, 39, N/A, 28.28, 0|
15:53:37 0, 64, N/A, 147.33, 98|1, 61, N/A, 146.41, 98|2, 37, N/A, 29.28, 0|3, 40, N/A, 27.07, 0|4, 40, N/A, 27.81, 0|5, 42, N/A, 27.33, 0|6, 39, N/A, 28.28, 0|
15:53:39 0, 64, N/A, 140.71, 98|1, 61, N/A, 147.81, 87|2, 37, N/A, 29.28, 0|3, 39, N/A, 27.07, 0|4, 40, N/A, 27.81, 0|5, 42, N/A, 27.33, 0|6, 38, N/A, 28.28, 0|
15:53:41 0, 64, N/A, 152.48, 98|1, 61, N/A, 156.39, 99|2, 37, N/A, 29.06, 0|3, 39, N/A, 27.07, 0|4, 40, N/A, 27.56, 0|5, 42, N/A, 27.33, 0|6, 38, N/A, 28.30, 0|
15:53:43 0, 64, N/A, 151.10, 98|1, 62, N/A, 136.64, 98|2, 37, N/A, 29.08, 0|3, 39, N/A, 26.84, 0|4, 39, N/A, 27.58, 0|5, 42, N/A, 27.10, 0|6, 38, N/A, 28.30, 0|
15:53:45 0, 64, N/A, 147.18, 98|1, 61, N/A, 159.43, 98|2, 37, N/A, 29.08, 0|3, 39, N/A, 26.84, 0|4, 39, N/A, 27.58, 0|5, 42, N/A, 27.10, 0|6, 38, N/A, 28.30, 0|
15:53:47 0, 64, N/A, 152.82, 98|1, 61, N/A, 148.97, 98|2, 37, N/A, 29.08, 0|3, 39, N/A, 26.84, 0|4, 39, N/A, 27.59, 0|5, 42, N/A, 27.10, 0|6, 38, N/A, 28.30, 0|
15:53:49 0, 64, N/A, 140.38, 98|1, 61, N/A, 150.85, 98|2, 37, N/A, 29.07, 0|3, 39, N/A, 27.09, 0|4, 39, N/A, 27.58, 0|5, 42, N/A, 27.10, 0|6, 38, N/A, 28.30, 0|
15:53:52 0, 64, N/A, 153.80, 91|1, 62, N/A, 168.60, 91|2, 37, N/A, 29.32, 0|3, 39, N/A, 26.84, 0|4, 39, N/A, 27.83, 0|5, 41, N/A, 27.10, 0|6, 38, N/A, 28.30, 0|
15:53:54 0, 64, N/A, 154.11, 91|1, 62, N/A, 164.16, 91|2, 37, N/A, 29.06, 0|3, 39, N/A, 26.82, 0|4, 39, N/A, 27.58, 0|5, 41, N/A, 26.86, 0|6, 38, N/A, 28.30, 0|
15:53:56 0, 64, N/A, 155.25, 91|1, 62, N/A, 160.48, 91|2, 37, N/A, 29.05, 0|3, 39, N/A, 26.84, 0|4, 39, N/A, 27.56, 0|5, 41, N/A, 27.09, 0|6, 37, N/A, 28.28, 0|
15:53:58 0, 65, N/A, 154.41, 91|1, 62, N/A, 169.62, 91|2, 36, N/A, 29.05, 0|3, 39, N/A, 27.07, 0|4, 39, N/A, 27.56, 0|5, 41, N/A, 27.09, 0|6, 38, N/A, 28.28, 0|
15:54:00 0, 64, N/A, 153.60, 91|1, 62, N/A, 162.41, 91|2, 36, N/A, 29.04, 0|3, 38, N/A, 26.56, 0|4, 39, N/A, 27.56, 0|5, 41, N/A, 27.08, 0|6, 37, N/A, 28.02, 0|
15:54:02 0, 65, N/A, 154.34, 91|1, 62, N/A, 165.12, 91|2, 36, N/A, 28.79, 0|3, 38, N/A, 27.07, 0|4, 39, N/A, 27.56, 0|5, 41, N/A, 27.09, 0|6, 38, N/A, 28.28, 0|
15:54:04 0, 65, N/A, 158.01, 91|1, 62, N/A, 162.57, 91|2, 36, N/A, 29.04, 0|3, 38, N/A, 27.07, 0|4, 39, N/A, 27.56, 0|5, 41, N/A, 27.08, 0|6, 37, N/A, 28.02, 0|
15:54:06 0, 65, N/A, 155.51, 91|1, 62, N/A, 161.61, 91|2, 36, N/A, 28.79, 0|3, 38, N/A, 26.81, 0|4, 39, N/A, 27.55, 0|5, 41, N/A, 27.08, 0|6, 37, N/A, 28.02, 0|
15:54:08 0, 65, N/A, 154.58, 91|1, 62, N/A, 161.70, 91|2, 36, N/A, 29.04, 0|3, 38, N/A, 26.81, 0|4, 39, N/A, 27.56, 0|5, 41, N/A, 27.07, 0|6, 37, N/A, 28.03, 0|
15:54:10 0, 65, N/A, 158.75, 91|1, 62, N/A, 163.08, 91|2, 36, N/A, 29.04, 0|3, 38, N/A, 26.81, 0|4, 39, N/A, 27.55, 0|5, 41, N/A, 26.82, 0|6, 37, N/A, 28.02, 0|
15:54:12 0, 65, N/A, 163.73, 91|1, 62, N/A, 172.07, 91|2, 36, N/A, 28.79, 0|3, 38, N/A, 26.82, 0|4, 38, N/A, 27.56, 0|5, 41, N/A, 27.08, 0|6, 37, N/A, 28.03, 0|
15:54:14 0, 65, N/A, 157.23, 91|1, 62, N/A, 172.07, 91|2, 36, N/A, 28.79, 0|3, 38, N/A, 26.82, 0|4, 38, N/A, 27.56, 0|5, 41, N/A, 27.07, 0|6, 37, N/A, 28.03, 0|
15:54:17 0, 65, N/A, 161.03, 91|1, 62, N/A, 160.94, 91|2, 36, N/A, 28.79, 0|3, 38, N/A, 26.82, 0|4, 38, N/A, 27.56, 0|5, 41, N/A, 26.84, 0|6, 37, N/A, 27.77, 0|
15:54:19 0, 65, N/A, 157.11, 91|1, 62, N/A, 170.60, 91|2, 36, N/A, 29.05, 0|3, 38, N/A, 26.81, 0|4, 38, N/A, 27.56, 0|5, 41, N/A, 26.82, 0|6, 37, N/A, 28.03, 0|
15:54:21 0, 65, N/A, 158.61, 91|1, 62, N/A, 164.72, 91|2, 36, N/A, 28.79, 0|3, 38, N/A, 26.82, 0|4, 38, N/A, 27.56, 0|5, 40, N/A, 26.84, 0|6, 37, N/A, 28.03, 0|
15:54:23 0, 65, N/A, 154.09, 91|1, 62, N/A, 161.87, 91|2, 36, N/A, 28.79, 0|3, 38, N/A, 26.56, 0|4, 38, N/A, 27.32, 0|5, 40, N/A, 26.59, 0|6, 37, N/A, 28.02, 0|
15:54:25 0, 65, N/A, 158.75, 91|1, 63, N/A, 163.32, 91|2, 36, N/A, 28.79, 0|3, 38, N/A, 26.81, 0|4, 38, N/A, 27.30, 0|5, 40, N/A, 26.82, 0|6, 37, N/A, 28.03, 0|
15:54:27 0, 65, N/A, 161.21, 91|1, 63, N/A, 172.56, 91|2, 36, N/A, 28.81, 0|3, 38, N/A, 26.82, 0|4, 38, N/A, 27.56, 0|5, 40, N/A, 26.59, 0|6, 37, N/A, 27.77, 0|
15:54:29 0, 65, N/A, 158.58, 91|1, 63, N/A, 159.25, 91|2, 35, N/A, 28.79, 0|3, 38, N/A, 26.56, 0|4, 38, N/A, 27.56, 0|5, 40, N/A, 26.58, 0|6, 37, N/A, 27.79, 0|
15:54:31 0, 65, N/A, 154.66, 91|1, 63, N/A, 164.03, 91|2, 35, N/A, 28.79, 0|3, 38, N/A, 26.81, 0|4, 38, N/A, 27.56, 0|5, 40, N/A, 26.84, 0|6, 37, N/A, 28.03, 0|
15:54:33 0, 65, N/A, 157.77, 91|1, 63, N/A, 170.20, 91|2, 35, N/A, 28.79, 0|3, 37, N/A, 26.81, 0|4, 38, N/A, 27.30, 0|5, 40, N/A, 26.82, 0|6, 37, N/A, 28.02, 0|
15:54:35 0, 65, N/A, 160.89, 91|1, 63, N/A, 165.44, 91|2, 35, N/A, 28.79, 0|3, 37, N/A, 26.56, 0|4, 38, N/A, 27.32, 0|5, 40, N/A, 26.58, 0|6, 37, N/A, 27.79, 0|
15:54:37 0, 65, N/A, 161.27, 91|1, 63, N/A, 164.80, 91|2, 35, N/A, 28.79, 0|3, 37, N/A, 26.81, 0|4, 38, N/A, 27.55, 0|5, 40, N/A, 26.58, 0|6, 36, N/A, 28.02, 0|
15:54:39 0, 65, N/A, 160.72, 91|1, 63, N/A, 173.63, 91|2, 35, N/A, 28.56, 0|3, 38, N/A, 26.56, 0|4, 38, N/A, 27.32, 0|5, 40, N/A, 26.58, 0|6, 36, N/A, 27.79, 0|
15:54:42 0, 65, N/A, 152.79, 91|1, 63, N/A, 170.51, 91|2, 35, N/A, 28.55, 0|3, 37, N/A, 26.56, 0|4, 38, N/A, 27.32, 0|5, 40, N/A, 26.58, 0|6, 36, N/A, 27.77, 0|
15:54:44 0, 65, N/A, 154.90, 91|1, 63, N/A, 165.46, 91|2, 35, N/A, 28.79, 0|3, 37, N/A, 26.82, 0|4, 38, N/A, 27.32, 0|5, 40, N/A, 26.59, 0|6, 36, N/A, 28.03, 0|
15:54:46 0, 65, N/A, 154.75, 91|1, 63, N/A, 169.44, 91|2, 35, N/A, 28.55, 0|3, 37, N/A, 26.58, 0|4, 38, N/A, 27.30, 0|5, 40, N/A, 26.59, 0|6, 36, N/A, 28.03, 0|
15:54:48 0, 64, N/A, 135.81, 98|1, 62, N/A, 150.99, 98|2, 35, N/A, 28.55, 0|3, 37, N/A, 26.58, 0|4, 38, N/A, 27.32, 0|5, 40, N/A, 26.59, 0|6, 36, N/A, 28.03, 0|
15:54:50 0, 64, N/A, 134.16, 88|1, 62, N/A, 145.85, 88|2, 35, N/A, 28.55, 0|3, 37, N/A, 26.58, 0|4, 37, N/A, 27.32, 0|5, 40, N/A, 26.59, 0|6, 36, N/A, 28.03, 0|
15:54:52 0, 65, N/A, 130.17, 98|1, 62, N/A, 145.36, 98|2, 35, N/A, 28.79, 0|3, 37, N/A, 26.56, 0|4, 38, N/A, 27.32, 0|5, 40, N/A, 26.58, 0|6, 36, N/A, 27.79, 0|
15:54:54 0, 64, N/A, 148.21, 98|1, 62, N/A, 155.00, 98|2, 35, N/A, 28.55, 0|3, 37, N/A, 26.58, 0|4, 38, N/A, 27.32, 0|5, 40, N/A, 26.59, 0|6, 36, N/A, 28.03, 0|
15:54:56 0, 64, N/A, 144.21, 98|1, 62, N/A, 162.91, 98|2, 35, N/A, 28.55, 0|3, 37, N/A, 26.58, 0|4, 38, N/A, 27.32, 0|5, 40, N/A, 26.59, 0|6, 36, N/A, 28.03, 0|
15:54:58 0, 64, N/A, 152.23, 98|1, 62, N/A, 158.27, 98|2, 35, N/A, 28.30, 0|3, 37, N/A, 26.33, 0|4, 37, N/A, 27.32, 0|5, 39, N/A, 26.59, 0|6, 36, N/A, 27.79, 0|
15:55:00 0, 64, N/A, 141.18, 98|1, 62, N/A, 162.42, 97|2, 35, N/A, 28.55, 0|3, 37, N/A, 26.58, 0|4, 38, N/A, 27.32, 0|5, 39, N/A, 26.59, 0|6, 36, N/A, 27.79, 0|
15:55:02 0, 64, N/A, 137.52, 98|1, 62, N/A, 147.56, 98|2, 35, N/A, 28.55, 0|3, 37, N/A, 26.56, 0|4, 38, N/A, 27.32, 0|5, 39, N/A, 26.59, 0|6, 36, N/A, 28.02, 0|
15:55:04 0, 64, N/A, 142.18, 98|1, 62, N/A, 167.34, 98|2, 35, N/A, 28.55, 0|3, 37, N/A, 26.58, 0|4, 37, N/A, 27.32, 0|5, 39, N/A, 26.59, 0|6, 36, N/A, 27.79, 0|
15:55:07 0, 65, N/A, 153.05, 98|1, 62, N/A, 160.72, 98|2, 35, N/A, 28.56, 0|3, 37, N/A, 26.58, 0|4, 37, N/A, 27.32, 0|5, 39, N/A, 26.59, 0|6, 36, N/A, 27.54, 0|
15:55:09 0, 65, N/A, 69.37, 98|1, 62, N/A, 69.11, 91|2, 35, N/A, 28.32, 0|3, 37, N/A, 26.58, 0|4, 37, N/A, 27.32, 0|5, 39, N/A, 26.59, 0|6, 36, N/A, 27.79, 0|
15:55:11 0, 64, N/A, 150.52, 98|1, 62, N/A, 160.95, 97|2, 35, N/A, 28.32, 0|3, 37, N/A, 26.58, 0|4, 37, N/A, 27.32, 0|5, 39, N/A, 26.59, 0|6, 36, N/A, 27.79, 0|
15:55:13 0, 64, N/A, 153.21, 98|1, 62, N/A, 147.07, 99|2, 34, N/A, 28.55, 0|3, 37, N/A, 26.58, 0|4, 37, N/A, 27.32, 0|5, 39, N/A, 26.59, 0|6, 36, N/A, 27.79, 0|
15:55:15 0, 64, N/A, 143.16, 98|1, 62, N/A, 150.75, 98|2, 35, N/A, 28.30, 0|3, 37, N/A, 26.58, 0|4, 37, N/A, 27.32, 0|5, 39, N/A, 26.59, 0|6, 36, N/A, 28.03, 0|
15:55:17 0, 64, N/A, 142.25, 98|1, 62, N/A, 154.92, 98|2, 35, N/A, 28.30, 0|3, 37, N/A, 26.58, 0|4, 37, N/A, 27.32, 0|5, 39, N/A, 26.59, 0|6, 36, N/A, 27.79, 0|
15:55:19 0, 64, N/A, 139.55, 98|1, 62, N/A, 157.61, 98|2, 35, N/A, 28.55, 0|3, 37, N/A, 26.33, 0|4, 37, N/A, 27.32, 0|5, 39, N/A, 26.84, 0|6, 36, N/A, 27.79, 0|
15:55:21 0, 64, N/A, 137.77, 98|1, 62, N/A, 153.69, 99|2, 35, N/A, 28.30, 0|3, 37, N/A, 26.58, 0|4, 37, N/A, 27.32, 0|5, 39, N/A, 26.59, 0|6, 36, N/A, 27.54, 0|
15:55:23 0, 64, N/A, 151.01, 98|1, 62, N/A, 159.73, 99|2, 35, N/A, 28.30, 0|3, 37, N/A, 26.58, 0|4, 37, N/A, 27.32, 0|5, 39, N/A, 26.59, 0|6, 36, N/A, 27.54, 0|
15:55:25 0, 64, N/A, 112.17, 98|1, 61, N/A, 132.70, 98|2, 35, N/A, 28.56, 0|3, 37, N/A, 26.58, 0|4, 37, N/A, 27.32, 0|5, 39, N/A, 26.59, 0|6, 36, N/A, 27.79, 0|
15:55:27 0, 64, N/A, 147.08, 98|1, 62, N/A, 161.04, 97|2, 35, N/A, 28.30, 0|3, 37, N/A, 26.33, 0|4, 37, N/A, 27.32, 0|5, 39, N/A, 26.59, 0|6, 36, N/A, 27.79, 0|
15:55:30 0, 64, N/A, 176.17, 98|1, 62, N/A, 183.01, 98|2, 34, N/A, 28.32, 0|3, 37, N/A, 26.58, 0|4, 37, N/A, 27.32, 0|5, 39, N/A, 26.59, 0|6, 36, N/A, 27.79, 0|
15:55:32 0, 64, N/A, 141.02, 98|1, 62, N/A, 153.45, 99|2, 35, N/A, 28.30, 0|3, 37, N/A, 26.58, 0|4, 37, N/A, 27.32, 0|5, 39, N/A, 26.59, 0|6, 35, N/A, 27.54, 0|
15:55:34 0, 64, N/A, 144.63, 98|1, 62, N/A, 150.26, 98|2, 34, N/A, 28.55, 0|3, 37, N/A, 26.58, 0|4, 37, N/A, 27.32, 0|5, 39, N/A, 26.59, 0|6, 35, N/A, 27.54, 0|
15:55:36 0, 64, N/A, 154.90, 98|1, 62, N/A, 141.92, 98|2, 34, N/A, 28.30, 0|3, 37, N/A, 26.33, 0|4, 37, N/A, 27.32, 0|5, 39, N/A, 26.58, 0|6, 35, N/A, 27.54, 0|
15:55:38 0, 65, N/A, 155.64, 98|1, 62, N/A, 144.70, 99|2, 34, N/A, 28.30, 0|3, 37, N/A, 26.58, 0|4, 37, N/A, 27.32, 0|5, 39, N/A, 26.59, 0|6, 35, N/A, 27.54, 0|
15:55:40 0, 64, N/A, 134.90, 98|1, 62, N/A, 144.38, 98|2, 34, N/A, 28.55, 0|3, 37, N/A, 26.58, 0|4, 37, N/A, 27.32, 0|5, 39, N/A, 26.35, 0|6, 35, N/A, 27.79, 0|
15:55:42 0, 64, N/A, 145.68, 98|1, 62, N/A, 157.78, 98|2, 34, N/A, 28.55, 0|3, 36, N/A, 26.33, 0|4, 37, N/A, 27.32, 0|5, 39, N/A, 26.35, 0|6, 35, N/A, 27.79, 0|
15:55:44 0, 65, N/A, 152.72, 98|1, 62, N/A, 145.60, 98|2, 34, N/A, 28.55, 0|3, 36, N/A, 26.58, 0|4, 37, N/A, 27.32, 0|5, 39, N/A, 26.35, 0|6, 35, N/A, 27.54, 0|
15:55:46 0, 64, N/A, 144.46, 98|1, 62, N/A, 152.46, 97|2, 34, N/A, 28.55, 0|3, 36, N/A, 26.58, 0|4, 37, N/A, 27.32, 0|5, 39, N/A, 26.35, 0|6, 35, N/A, 27.79, 0|
15:55:48 0, 64, N/A, 144.63, 87|1, 62, N/A, 159.48, 87|2, 34, N/A, 28.30, 0|3, 36, N/A, 26.33, 0|4, 37, N/A, 27.32, 0|5, 39, N/A, 26.35, 0|6, 35, N/A, 27.79, 0|
15:55:50 0, 64, N/A, 172.14, 98|1, 62, N/A, 166.83, 98|2, 34, N/A, 28.30, 0|3, 36, N/A, 26.31, 0|4, 37, N/A, 27.32, 0|5, 39, N/A, 26.59, 0|6, 35, N/A, 27.54, 0|
15:55:52 0, 64, N/A, 148.55, 98|1, 62, N/A, 155.65, 98|2, 34, N/A, 28.30, 0|3, 36, N/A, 26.33, 0|4, 37, N/A, 27.32, 0|5, 38, N/A, 26.35, 0|6, 35, N/A, 27.54, 0|
15:55:55 0, 64, N/A, 178.50, 98|1, 62, N/A, 174.92, 98|2, 34, N/A, 28.55, 0|3, 36, N/A, 26.33, 0|4, 37, N/A, 27.32, 0|5, 39, N/A, 26.35, 0|6, 35, N/A, 27.54, 0|
15:55:57 0, 64, N/A, 153.68, 98|1, 62, N/A, 148.54, 98|2, 34, N/A, 28.55, 0|3, 36, N/A, 26.33, 0|4, 37, N/A, 27.32, 0|5, 39, N/A, 26.35, 0|6, 35, N/A, 27.79, 0|
15:55:59 0, 65, N/A, 178.50, 98|1, 62, N/A, 186.81, 98|2, 34, N/A, 28.30, 0|3, 36, N/A, 26.33, 0|4, 37, N/A, 27.32, 0|5, 39, N/A, 26.35, 0|6, 35, N/A, 27.54, 0|
15:56:01 0, 64, N/A, 141.27, 98|1, 62, N/A, 151.97, 98|2, 34, N/A, 28.55, 0|3, 36, N/A, 26.33, 0|4, 37, N/A, 27.32, 0|5, 39, N/A, 26.35, 0|6, 35, N/A, 27.54, 0|
15:56:03 0, 64, N/A, 136.79, 98|1, 62, N/A, 150.50, 99|2, 34, N/A, 28.55, 0|3, 36, N/A, 26.33, 0|4, 37, N/A, 27.31, 0|5, 39, N/A, 26.35, 0|6, 35, N/A, 27.53, 0|
15:56:05 0, 64, N/A, 158.09, 98|1, 62, N/A, 143.97, 98|2, 34, N/A, 28.30, 0|3, 36, N/A, 26.33, 0|4, 37, N/A, 27.32, 0|5, 38, N/A, 26.35, 0|6, 35, N/A, 27.54, 0|
15:56:07 0, 64, N/A, 149.76, 98|1, 62, N/A, 159.33, 98|2, 34, N/A, 28.55, 0|3, 36, N/A, 26.33, 0|4, 37, N/A, 27.07, 0|5, 38, N/A, 26.35, 0|6, 35, N/A, 27.54, 0|
15:56:09 0, 64, N/A, 159.48, 98|1, 62, N/A, 174.33, 97|2, 34, N/A, 28.30, 0|3, 36, N/A, 26.31, 0|4, 37, N/A, 27.07, 0|5, 38, N/A, 26.33, 0|6, 35, N/A, 27.54, 0|
15:56:11 0, 64, N/A, 149.03, 98|1, 62, N/A, 148.38, 98|2, 34, N/A, 28.30, 0|3, 36, N/A, 26.33, 0|4, 37, N/A, 27.07, 0|5, 38, N/A, 26.35, 0|6, 35, N/A, 27.54, 0|
15:56:13 0, 64, N/A, 156.64, 98|1, 62, N/A, 144.95, 98|2, 34, N/A, 28.30, 0|3, 36, N/A, 26.58, 0|4, 37, N/A, 27.32, 0|5, 38, N/A, 26.35, 0|6, 35, N/A, 27.54, 0|
15:56:15 0, 64, N/A, 144.39, 98|1, 62, N/A, 155.81, 99|2, 34, N/A, 28.30, 0|3, 36, N/A, 26.33, 0|4, 37, N/A, 27.32, 0|5, 38, N/A, 26.35, 0|6, 35, N/A, 27.79, 0|
15:56:17 0, 64, N/A, 151.96, 87|1, 62, N/A, 169.27, 88|2, 34, N/A, 28.30, 0|3, 36, N/A, 26.31, 0|4, 37, N/A, 27.07, 0|5, 38, N/A, 26.33, 0|6, 35, N/A, 27.54, 0|
15:56:20 0, 65, N/A, 153.46, 99|1, 62, N/A, 142.41, 98|2, 34, N/A, 28.55, 0|3, 36, N/A, 26.33, 0|4, 37, N/A, 27.32, 0|5, 38, N/A, 26.35, 0|6, 35, N/A, 27.54, 0|
15:56:22 0, 64, N/A, 142.43, 98|1, 62, N/A, 154.09, 98|2, 34, N/A, 28.56, 0|3, 36, N/A, 26.58, 0|4, 37, N/A, 27.07, 0|5, 38, N/A, 26.35, 0|6, 35, N/A, 27.79, 0|
15:56:24 0, 65, N/A, 158.91, 91|1, 62, N/A, 166.72, 91|2, 34, N/A, 28.55, 0|3, 36, N/A, 26.56, 0|4, 37, N/A, 27.32, 0|5, 38, N/A, 26.33, 0|6, 35, N/A, 27.54, 0|
15:56:26 0, 65, N/A, 157.77, 91|1, 62, N/A, 166.93, 92|2, 34, N/A, 28.30, 0|3, 36, N/A, 26.31, 0|4, 37, N/A, 27.07, 0|5, 38, N/A, 26.35, 0|6, 35, N/A, 27.54, 0|
15:56:28 0, 65, N/A, 156.63, 92|1, 62, N/A, 166.10, 92|2, 34, N/A, 28.30, 0|3, 36, N/A, 26.33, 0|4, 37, N/A, 27.32, 0|5, 38, N/A, 26.35, 0|6, 35, N/A, 27.54, 0|
15:56:30 0, 65, N/A, 158.59, 92|1, 62, N/A, 168.07, 92|2, 34, N/A, 28.55, 0|3, 36, N/A, 26.56, 0|4, 36, N/A, 27.32, 0|5, 38, N/A, 26.33, 0|6, 35, N/A, 27.53, 0|
15:56:32 0, 65, N/A, 156.14, 92|1, 62, N/A, 163.39, 92|2, 34, N/A, 28.55, 0|3, 36, N/A, 26.31, 0|4, 37, N/A, 27.32, 0|5, 38, N/A, 26.33, 0|6, 35, N/A, 27.54, 0|
15:56:34 0, 65, N/A, 160.05, 91|1, 62, N/A, 169.13, 92|2, 34, N/A, 28.55, 0|3, 36, N/A, 26.31, 0|4, 37, N/A, 27.32, 0|5, 38, N/A, 26.33, 0|6, 35, N/A, 27.54, 0|
15:56:36 0, 65, N/A, 154.83, 91|1, 62, N/A, 166.08, 92|2, 34, N/A, 28.30, 0|3, 36, N/A, 26.31, 0|4, 37, N/A, 27.07, 0|5, 38, N/A, 26.33, 0|6, 35, N/A, 27.54, 0|
15:56:38 0, 65, N/A, 159.80, 91|1, 62, N/A, 165.93, 92|2, 34, N/A, 28.30, 0|3, 36, N/A, 26.56, 0|4, 37, N/A, 27.05, 0|5, 38, N/A, 26.33, 0|6, 35, N/A, 27.54, 0|
15:56:40 0, 65, N/A, 158.50, 92|1, 63, N/A, 166.11, 92|2, 34, N/A, 28.30, 0|3, 36, N/A, 26.31, 0|4, 37, N/A, 27.07, 0|5, 38, N/A, 26.35, 0|6, 35, N/A, 27.53, 0|
15:56:42 0, 65, N/A, 157.86, 92|1, 62, N/A, 165.59, 92|2, 34, N/A, 28.30, 0|3, 36, N/A, 26.33, 0|4, 37, N/A, 27.07, 0|5, 38, N/A, 26.33, 0|6, 35, N/A, 27.53, 0|
15:56:45 0, 65, N/A, 158.53, 92|1, 63, N/A, 168.44, 92|2, 34, N/A, 28.30, 0|3, 36, N/A, 26.31, 0|4, 37, N/A, 27.32, 0|5, 38, N/A, 26.35, 0|6, 35, N/A, 27.54, 0|
15:56:47 0, 65, N/A, 157.28, 92|1, 62, N/A, 164.61, 92|2, 34, N/A, 28.30, 0|3, 36, N/A, 26.31, 0|4, 37, N/A, 27.07, 0|5, 38, N/A, 26.33, 0|6, 35, N/A, 27.79, 0|
15:56:49 0, 65, N/A, 158.01, 91|1, 63, N/A, 168.53, 92|2, 34, N/A, 28.30, 0|3, 36, N/A, 26.58, 0|4, 37, N/A, 27.05, 0|5, 38, N/A, 26.33, 0|6, 35, N/A, 27.54, 0|
15:56:51 0, 65, N/A, 155.32, 91|1, 63, N/A, 162.80, 92|2, 34, N/A, 28.30, 0|3, 36, N/A, 26.56, 0|4, 37, N/A, 27.05, 0|5, 38, N/A, 26.33, 0|6, 35, N/A, 27.53, 0|
15:56:53 0, 65, N/A, 161.20, 91|1, 63, N/A, 168.53, 92|2, 34, N/A, 28.30, 0|3, 36, N/A, 26.31, 0|4, 36, N/A, 27.32, 0|5, 38, N/A, 26.35, 0|6, 35, N/A, 27.54, 0|
15:56:55 0, 65, N/A, 156.54, 91|1, 63, N/A, 164.37, 92|2, 34, N/A, 28.30, 0|3, 36, N/A, 26.31, 0|4, 36, N/A, 27.07, 0|5, 38, N/A, 26.33, 0|6, 35, N/A, 27.54, 0|
15:56:57 0, 65, N/A, 157.79, 92|1, 63, N/A, 163.17, 92|2, 34, N/A, 28.30, 0|3, 36, N/A, 26.33, 0|4, 36, N/A, 27.30, 0|5, 38, N/A, 26.33, 0|6, 35, N/A, 27.54, 0|
15:56:59 0, 65, N/A, 158.99, 91|1, 63, N/A, 166.60, 92|2, 34, N/A, 28.30, 0|3, 36, N/A, 26.31, 0|4, 37, N/A, 27.07, 0|5, 38, N/A, 26.35, 0|6, 35, N/A, 27.79, 0|
15:57:01 0, 65, N/A, 155.56, 91|1, 63, N/A, 166.91, 91|2, 34, N/A, 28.55, 0|3, 36, N/A, 26.31, 0|4, 36, N/A, 27.05, 0|5, 38, N/A, 26.33, 0|6, 35, N/A, 27.54, 0|
15:57:03 0, 65, N/A, 158.90, 91|1, 63, N/A, 167.48, 92|2, 34, N/A, 28.30, 0|3, 36, N/A, 26.31, 0|4, 36, N/A, 27.05, 0|5, 38, N/A, 26.33, 0|6, 35, N/A, 27.54, 0|
15:57:05 0, 66, N/A, 159.73, 92|1, 63, N/A, 163.31, 92|2, 34, N/A, 28.55, 0|3, 36, N/A, 26.33, 0|4, 36, N/A, 27.07, 0|5, 38, N/A, 26.33, 0|6, 35, N/A, 27.54, 0|
15:57:07 0, 66, N/A, 160.22, 91|1, 63, N/A, 166.51, 92|2, 34, N/A, 28.30, 0|3, 36, N/A, 26.56, 0|4, 36, N/A, 27.32, 0|5, 38, N/A, 26.33, 0|6, 35, N/A, 27.53, 0|
15:57:10 0, 66, N/A, 162.56, 91|1, 63, N/A, 166.18, 92|2, 34, N/A, 28.30, 0|3, 36, N/A, 26.31, 0|4, 36, N/A, 27.05, 0|5, 38, N/A, 26.33, 0|6, 35, N/A, 27.53, 0|
15:57:12 0, 66, N/A, 158.04, 92|1, 63, N/A, 165.87, 92|2, 34, N/A, 28.30, 0|3, 36, N/A, 26.08, 0|4, 36, N/A, 27.07, 0|5, 38, N/A, 26.35, 0|6, 35, N/A, 27.53, 0|
15:57:14 0, 66, N/A, 155.07, 91|1, 63, N/A, 165.95, 91|2, 34, N/A, 28.30, 0|3, 36, N/A, 26.33, 0|4, 36, N/A, 27.07, 0|5, 38, N/A, 26.35, 0|6, 35, N/A, 27.79, 0|
15:57:16 0, 66, N/A, 159.48, 92|1, 63, N/A, 169.36, 92|2, 34, N/A, 28.30, 0|3, 36, N/A, 26.07, 0|4, 37, N/A, 27.32, 0|5, 38, N/A, 26.33, 0|6, 35, N/A, 27.54, 0|
15:57:18 0, 66, N/A, 157.61, 91|1, 63, N/A, 163.31, 92|2, 33, N/A, 28.30, 0|3, 36, N/A, 26.08, 0|4, 36, N/A, 27.32, 0|5, 38, N/A, 26.35, 0|6, 35, N/A, 27.54, 0|
15:57:20 0, 66, N/A, 160.71, 91|1, 63, N/A, 168.30, 92|2, 34, N/A, 28.30, 0|3, 36, N/A, 26.31, 0|4, 37, N/A, 27.31, 0|5, 38, N/A, 26.35, 0|6, 35, N/A, 27.54, 0|
15:57:22 0, 66, N/A, 158.10, 92|1, 63, N/A, 164.78, 92|2, 34, N/A, 28.30, 0|3, 36, N/A, 26.33, 0|4, 36, N/A, 27.07, 0|5, 38, N/A, 26.35, 0|6, 35, N/A, 27.54, 0|
15:57:24 0, 65, N/A, 156.80, 98|1, 62, N/A, 166.59, 98|2, 34, N/A, 28.30, 0|3, 36, N/A, 26.33, 0|4, 36, N/A, 27.07, 0|5, 38, N/A, 26.35, 0|6, 35, N/A, 27.79, 0|
15:57:26 0, 65, N/A, 153.85, 86|1, 62, N/A, 138.00, 86|2, 34, N/A, 28.30, 0|3, 36, N/A, 26.33, 0|4, 37, N/A, 27.07, 0|5, 38, N/A, 26.35, 0|6, 35, N/A, 27.54, 0|
15:57:28 0, 65, N/A, 140.22, 98|1, 62, N/A, 158.51, 99|2, 34, N/A, 28.30, 0|3, 36, N/A, 26.33, 0|4, 36, N/A, 27.07, 0|5, 38, N/A, 26.35, 0|6, 35, N/A, 27.54, 0|
15:57:30 0, 65, N/A, 137.84, 99|1, 62, N/A, 146.74, 98|2, 34, N/A, 28.30, 0|3, 36, N/A, 26.33, 0|4, 36, N/A, 27.07, 0|5, 38, N/A, 26.33, 0|6, 34, N/A, 27.53, 0|
15:57:32 0, 65, N/A, 157.03, 98|1, 62, N/A, 173.35, 98|2, 34, N/A, 28.30, 0|3, 36, N/A, 26.31, 0|4, 36, N/A, 27.07, 0|5, 38, N/A, 26.33, 0|6, 35, N/A, 27.53, 0|
15:57:35 0, 65, N/A, 153.45, 98|1, 63, N/A, 163.66, 98|2, 34, N/A, 28.05, 0|3, 36, N/A, 26.56, 0|4, 36, N/A, 27.07, 0|5, 38, N/A, 26.35, 0|6, 35, N/A, 27.54, 0|
15:57:37 0, 65, N/A, 147.98, 98|1, 62, N/A, 163.39, 98|2, 34, N/A, 28.30, 0|3, 36, N/A, 26.56, 0|4, 37, N/A, 27.07, 0|5, 38, N/A, 26.33, 0|6, 35, N/A, 27.53, 0|
15:57:39 0, 65, N/A, 149.03, 98|1, 63, N/A, 163.90, 98|2, 34, N/A, 28.32, 0|3, 36, N/A, 26.08, 0|4, 36, N/A, 27.07, 0|5, 38, N/A, 26.35, 0|6, 34, N/A, 27.54, 0|
15:57:41 0, 65, N/A, 144.87, 98|1, 63, N/A, 154.43, 99|2, 34, N/A, 28.30, 0|3, 36, N/A, 26.33, 0|4, 36, N/A, 27.07, 0|5, 38, N/A, 26.33, 0|6, 34, N/A, 27.79, 0|
15:57:43 0, 65, N/A, 139.31, 98|1, 62, N/A, 150.75, 97|2, 34, N/A, 28.30, 0|3, 36, N/A, 26.08, 0|4, 36, N/A, 27.07, 0|5, 38, N/A, 26.33, 0|6, 34, N/A, 27.54, 0|
15:57:45 0, 65, N/A, 154.58, 98|1, 62, N/A, 164.14, 98|2, 34, N/A, 28.30, 0|3, 36, N/A, 26.33, 0|4, 36, N/A, 27.07, 0|5, 38, N/A, 26.35, 0|6, 35, N/A, 27.77, 0|
15:57:47 0, 65, N/A, 153.63, 98|1, 63, N/A, 164.23, 98|2, 34, N/A, 28.30, 0|3, 36, N/A, 26.08, 0|4, 36, N/A, 27.07, 0|5, 38, N/A, 26.35, 0|6, 34, N/A, 27.54, 0|
15:57:49 0, 65, N/A, 174.44, 99|1, 63, N/A, 178.12, 98|2, 34, N/A, 28.07, 0|3, 36, N/A, 26.33, 0|4, 36, N/A, 27.07, 0|5, 38, N/A, 26.35, 0|6, 34, N/A, 27.54, 0|
15:57:51 0, 65, N/A, 167.08, 98|1, 62, N/A, 180.45, 99|2, 33, N/A, 28.30, 0|3, 35, N/A, 26.31, 0|4, 36, N/A, 27.07, 0|5, 38, N/A, 26.35, 0|6, 35, N/A, 27.54, 0|
15:57:53 0, 65, N/A, 148.07, 87|1, 62, N/A, 130.05, 85|2, 34, N/A, 28.30, 0|3, 36, N/A, 26.33, 0|4, 36, N/A, 27.07, 0|5, 38, N/A, 26.35, 0|6, 34, N/A, 27.54, 0|
15:57:55 0, 65, N/A, 145.77, 98|1, 62, N/A, 155.82, 98|2, 34, N/A, 28.30, 0|3, 36, N/A, 26.33, 0|4, 36, N/A, 27.07, 0|5, 38, N/A, 26.35, 0|6, 34, N/A, 27.54, 0|
15:57:57 0, 65, N/A, 151.99, 99|1, 62, N/A, 162.65, 98|2, 34, N/A, 28.30, 0|3, 36, N/A, 26.31, 0|4, 36, N/A, 27.05, 0|5, 38, N/A, 26.35, 0|6, 34, N/A, 27.54, 0|
15:57:59 0, 65, N/A, 137.52, 86|1, 62, N/A, 156.88, 98|2, 34, N/A, 28.05, 0|3, 36, N/A, 26.08, 0|4, 36, N/A, 27.07, 0|5, 38, N/A, 26.35, 0|6, 34, N/A, 27.54, 0|
15:58:02 0, 65, N/A, 151.40, 98|1, 62, N/A, 163.40, 99|2, 34, N/A, 28.05, 0|3, 36, N/A, 26.33, 0|4, 36, N/A, 27.07, 0|5, 38, N/A, 26.35, 0|6, 34, N/A, 27.54, 0|
15:58:04 0, 65, N/A, 163.89, 99|1, 62, N/A, 177.02, 99|2, 34, N/A, 28.30, 0|3, 36, N/A, 26.31, 0|4, 36, N/A, 27.07, 0|5, 38, N/A, 26.33, 0|6, 34, N/A, 27.54, 0|
15:58:06 0, 65, N/A, 139.24, 98|1, 62, N/A, 147.81, 98|2, 34, N/A, 28.05, 0|3, 36, N/A, 26.33, 0|4, 36, N/A, 27.07, 0|5, 37, N/A, 26.35, 0|6, 34, N/A, 27.54, 0|
15:58:08 0, 65, N/A, 141.53, 98|1, 62, N/A, 149.77, 99|2, 34, N/A, 28.30, 0|3, 36, N/A, 26.33, 0|4, 36, N/A, 27.07, 0|5, 38, N/A, 26.35, 0|6, 34, N/A, 27.54, 0|
15:58:10 0, 65, N/A, 155.07, 98|1, 62, N/A, 165.10, 99|2, 34, N/A, 28.05, 0|3, 36, N/A, 26.31, 0|4, 36, N/A, 27.07, 0|5, 38, N/A, 26.33, 0|6, 34, N/A, 27.54, 0|
15:58:12 0, 65, N/A, 148.96, 98|1, 62, N/A, 167.96, 99|2, 34, N/A, 28.30, 0|3, 36, N/A, 26.31, 0|4, 36, N/A, 27.07, 0|5, 38, N/A, 26.33, 0|6, 34, N/A, 27.77, 0|
15:58:14 0, 65, N/A, 145.10, 98|1, 62, N/A, 158.50, 99|2, 34, N/A, 28.05, 0|3, 36, N/A, 26.08, 0|4, 36, N/A, 27.07, 0|5, 38, N/A, 26.33, 0|6, 34, N/A, 27.54, 0|
15:58:16 0, 65, N/A, 151.50, 98|1, 62, N/A, 162.67, 99|2, 34, N/A, 28.07, 0|3, 36, N/A, 26.08, 0|4, 36, N/A, 27.07, 0|5, 38, N/A, 26.35, 0|6, 34, N/A, 27.54, 0|
15:58:18 0, 65, N/A, 139.55, 98|1, 62, N/A, 155.41, 97|2, 33, N/A, 28.05, 0|3, 36, N/A, 26.33, 0|4, 36, N/A, 27.07, 0|5, 38, N/A, 26.35, 0|6, 34, N/A, 27.54, 0|
15:58:20 0, 65, N/A, 145.34, 98|1, 62, N/A, 150.50, 99|2, 34, N/A, 28.05, 0|3, 36, N/A, 26.33, 0|4, 36, N/A, 27.07, 0|5, 38, N/A, 26.35, 0|6, 34, N/A, 27.54, 0|
15:58:22 0, 65, N/A, 177.52, 99|1, 62, N/A, 185.83, 97|2, 33, N/A, 28.05, 0|3, 36, N/A, 26.31, 0|4, 36, N/A, 27.07, 0|5, 38, N/A, 26.33, 0|6, 34, N/A, 27.54, 0|
15:58:25 0, 65, N/A, 149.70, 99|1, 62, N/A, 153.45, 94|2, 34, N/A, 28.05, 0|3, 36, N/A, 26.33, 0|4, 36, N/A, 27.07, 0|5, 38, N/A, 26.35, 0|6, 34, N/A, 27.54, 0|
15:58:27 0, 65, N/A, 150.42, 98|1, 62, N/A, 160.71, 98|2, 33, N/A, 28.30, 0|3, 35, N/A, 26.33, 0|4, 36, N/A, 27.07, 0|5, 38, N/A, 26.35, 0|6, 34, N/A, 27.79, 0|
15:58:29 0, 65, N/A, 147.33, 99|1, 62, N/A, 157.77, 98|2, 33, N/A, 28.55, 0|3, 36, N/A, 26.33, 0|4, 36, N/A, 27.07, 0|5, 38, N/A, 26.35, 0|6, 34, N/A, 27.54, 0|
15:58:31 0, 65, N/A, 153.46, 86|1, 62, N/A, 162.93, 85|2, 34, N/A, 28.32, 0|3, 36, N/A, 26.33, 0|4, 36, N/A, 27.07, 0|5, 38, N/A, 26.35, 0|6, 34, N/A, 27.54, 0|
15:58:33 0, 65, N/A, 149.54, 99|1, 62, N/A, 156.14, 99|2, 33, N/A, 28.55, 0|3, 35, N/A, 26.08, 0|4, 36, N/A, 27.07, 0|5, 37, N/A, 26.35, 0|6, 34, N/A, 27.54, 0|
15:58:35 0, 65, N/A, 156.64, 99|1, 62, N/A, 162.43, 98|2, 34, N/A, 28.56, 0|3, 35, N/A, 26.08, 0|4, 36, N/A, 27.07, 0|5, 38, N/A, 26.35, 0|6, 34, N/A, 27.54, 0|
15:58:37 0, 65, N/A, 150.61, 86|1, 62, N/A, 148.39, 86|2, 33, N/A, 28.56, 0|3, 36, N/A, 26.10, 0|4, 36, N/A, 27.09, 0|5, 37, N/A, 26.36, 0|6, 34, N/A, 27.56, 0|
15:58:39 0, 65, N/A, 155.27, 99|1, 62, N/A, 162.54, 98|2, 33, N/A, 28.58, 0|3, 35, N/A, 26.10, 0|4, 36, N/A, 27.09, 0|5, 38, N/A, 26.36, 0|6, 34, N/A, 27.56, 0|
15:58:41 0, 65, N/A, 140.63, 99|1, 62, N/A, 154.77, 98|2, 34, N/A, 28.58, 0|3, 36, N/A, 26.35, 0|4, 36, N/A, 27.09, 0|5, 38, N/A, 26.36, 0|6, 34, N/A, 27.56, 0|
15:58:43 0, 65, N/A, 180.58, 99|1, 62, N/A, 191.10, 99|2, 34, N/A, 28.56, 0|3, 36, N/A, 26.35, 0|4, 36, N/A, 27.09, 0|5, 38, N/A, 26.36, 0|6, 34, N/A, 27.56, 0|
15:58:45 0, 65, N/A, 135.24, 99|1, 62, N/A, 149.87, 99|2, 33, N/A, 28.58, 0|3, 36, N/A, 26.35, 0|4, 36, N/A, 27.09, 0|5, 38, N/A, 26.36, 0|6, 34, N/A, 27.56, 0|
15:58:47 0, 65, N/A, 150.61, 99|1, 62, N/A, 138.43, 99|2, 33, N/A, 28.58, 0|3, 36, N/A, 26.35, 0|4, 36, N/A, 27.09, 0|5, 38, N/A, 26.36, 0|6, 34, N/A, 27.56, 0|
15:58:49 0, 65, N/A, 182.54, 99|1, 62, N/A, 194.19, 98|2, 33, N/A, 28.56, 0|3, 36, N/A, 26.35, 0|4, 36, N/A, 27.09, 0|5, 38, N/A, 26.36, 0|6, 34, N/A, 27.81, 0|
15:58:52 0, 65, N/A, 136.21, 98|1, 62, N/A, 152.07, 98|2, 34, N/A, 28.56, 0|3, 35, N/A, 26.35, 0|4, 36, N/A, 27.09, 0|5, 38, N/A, 26.36, 0|6, 34, N/A, 27.56, 0|
15:58:54 0, 65, N/A, 146.20, 98|1, 62, N/A, 155.26, 99|2, 33, N/A, 28.58, 0|3, 35, N/A, 26.35, 0|4, 36, N/A, 27.09, 0|5, 37, N/A, 26.36, 0|6, 34, N/A, 27.56, 0|
15:58:56 0, 65, N/A, 168.44, 99|1, 62, N/A, 181.82, 98|2, 33, N/A, 28.33, 0|3, 36, N/A, 26.35, 0|4, 36, N/A, 27.09, 0|5, 37, N/A, 26.36, 0|6, 34, N/A, 27.56, 0|
15:58:58 0, 65, N/A, 175.29, 99|1, 63, N/A, 161.65, 98|2, 33, N/A, 28.58, 0|3, 36, N/A, 26.35, 0|4, 36, N/A, 27.09, 0|5, 38, N/A, 26.36, 0|6, 34, N/A, 27.56, 0|
15:59:00 0, 65, N/A, 159.94, 99|1, 62, N/A, 144.31, 98|2, 33, N/A, 28.58, 0|3, 35, N/A, 26.10, 0|4, 36, N/A, 27.09, 0|5, 37, N/A, 26.36, 0|6, 34, N/A, 27.81, 0|
15:59:02 0, 65, N/A, 138.17, 98|1, 62, N/A, 146.19, 98|2, 33, N/A, 28.58, 0|3, 35, N/A, 26.35, 0|4, 36, N/A, 27.09, 0|5, 37, N/A, 26.36, 0|6, 34, N/A, 27.81, 0|
15:59:04 0, 65, N/A, 150.86, 99|1, 62, N/A, 154.53, 98|2, 33, N/A, 28.58, 0|3, 35, N/A, 26.35, 0|4, 36, N/A, 27.09, 0|5, 37, N/A, 26.36, 0|6, 34, N/A, 27.56, 0|
15:59:06 0, 65, N/A, 172.09, 86|1, 62, N/A, 185.74, 85|2, 33, N/A, 28.58, 0|3, 35, N/A, 26.10, 0|4, 36, N/A, 27.09, 0|5, 37, N/A, 26.36, 0|6, 34, N/A, 27.81, 0|
15:59:08 0, 65, N/A, 153.80, 99|1, 63, N/A, 162.05, 97|2, 33, N/A, 28.58, 0|3, 35, N/A, 26.35, 0|4, 36, N/A, 27.09, 0|5, 37, N/A, 26.36, 0|6, 34, N/A, 27.56, 0|
15:59:10 0, 65, N/A, 138.42, 98|1, 62, N/A, 150.85, 99|2, 34, N/A, 28.58, 0|3, 35, N/A, 26.35, 0|4, 36, N/A, 27.09, 0|5, 37, N/A, 26.36, 0|6, 34, N/A, 27.56, 0|
15:59:12 0, 65, N/A, 152.09, 98|1, 62, N/A, 151.84, 98|2, 33, N/A, 28.56, 0|3, 35, N/A, 26.35, 0|4, 36, N/A, 27.09, 0|5, 37, N/A, 26.36, 0|6, 34, N/A, 27.56, 0|
15:59:14 0, 65, N/A, 133.03, 99|1, 62, N/A, 150.36, 99|2, 33, N/A, 28.56, 0|3, 35, N/A, 26.10, 0|4, 36, N/A, 27.09, 0|5, 37, N/A, 26.36, 0|6, 34, N/A, 27.56, 0|
15:59:17 0, 65, N/A, 145.22, 98|1, 62, N/A, 147.99, 99|2, 33, N/A, 28.56, 0|3, 36, N/A, 26.35, 0|4, 36, N/A, 27.09, 0|5, 37, N/A, 26.36, 0|6, 34, N/A, 27.56, 0|
15:59:19 0, 65, N/A, 151.67, 99|1, 62, N/A, 153.88, 98|2, 33, N/A, 28.58, 0|3, 36, N/A, 26.35, 0|4, 36, N/A, 27.09, 0|5, 37, N/A, 26.36, 0|6, 34, N/A, 27.56, 0|
15:59:21 0, 65, N/A, 140.13, 98|1, 62, N/A, 155.51, 98|2, 33, N/A, 28.58, 0|3, 35, N/A, 26.10, 0|4, 36, N/A, 27.09, 0|5, 37, N/A, 26.36, 0|6, 34, N/A, 27.32, 0|
15:59:23 0, 65, N/A, 141.85, 99|1, 62, N/A, 158.21, 98|2, 33, N/A, 28.58, 0|3, 35, N/A, 26.10, 0|4, 36, N/A, 27.09, 0|5, 37, N/A, 26.36, 0|6, 34, N/A, 27.56, 0|
15:59:25 0, 65, N/A, 146.02, 99|1, 62, N/A, 150.60, 99|2, 33, N/A, 28.58, 0|3, 35, N/A, 26.35, 0|4, 36, N/A, 27.09, 0|5, 37, N/A, 26.36, 0|6, 34, N/A, 27.56, 0|
15:59:27 0, 65, N/A, 152.82, 99|1, 62, N/A, 146.52, 98|2, 33, N/A, 28.58, 0|3, 36, N/A, 26.10, 0|4, 36, N/A, 27.09, 0|5, 37, N/A, 26.36, 0|6, 34, N/A, 27.56, 0|
15:59:29 0, 65, N/A, 152.82, 99|1, 62, N/A, 160.32, 99|2, 33, N/A, 28.56, 0|3, 36, N/A, 26.35, 0|4, 36, N/A, 27.09, 0|5, 37, N/A, 26.36, 0|6, 34, N/A, 27.56, 0|
15:59:31 0, 65, N/A, 152.33, 99|1, 62, N/A, 160.17, 98|2, 33, N/A, 28.58, 0|3, 35, N/A, 26.10, 0|4, 36, N/A, 27.09, 0|5, 37, N/A, 26.36, 0|6, 34, N/A, 27.56, 0|
15:59:33 0, 65, N/A, 139.09, 98|1, 62, N/A, 154.28, 98|2, 33, N/A, 28.58, 0|3, 35, N/A, 26.10, 0|4, 36, N/A, 27.09, 0|5, 37, N/A, 26.36, 0|6, 34, N/A, 27.56, 0|
15:59:35 0, 65, N/A, 144.06, 98|1, 62, N/A, 164.58, 98|2, 33, N/A, 28.58, 0|3, 36, N/A, 26.10, 0|4, 36, N/A, 27.09, 0|5, 38, N/A, 26.36, 0|6, 34, N/A, 27.32, 0|
15:59:37 0, 65, N/A, 136.70, 98|1, 63, N/A, 152.07, 98|2, 33, N/A, 28.58, 0|3, 35, N/A, 26.35, 0|4, 36, N/A, 27.09, 0|5, 37, N/A, 26.36, 0|6, 34, N/A, 27.56, 0|
15:59:39 0, 65, N/A, 147.41, 86|1, 63, N/A, 164.83, 98|2, 33, N/A, 28.32, 0|3, 35, N/A, 26.10, 0|4, 36, N/A, 27.09, 0|5, 37, N/A, 26.36, 0|6, 34, N/A, 27.56, 0|
15:59:42 0, 66, N/A, 171.51, 98|1, 63, N/A, 171.99, 98|2, 33, N/A, 28.56, 0|3, 36, N/A, 26.08, 0|4, 36, N/A, 27.09, 0|5, 37, N/A, 26.35, 0|6, 34, N/A, 27.56, 0|
15:59:44 0, 65, N/A, 174.59, 99|1, 62, N/A, 187.55, 98|2, 33, N/A, 28.55, 0|3, 35, N/A, 26.33, 0|4, 36, N/A, 27.07, 0|5, 37, N/A, 26.35, 0|6, 34, N/A, 27.54, 0|
15:59:46 0, 65, N/A, 165.85, 99|1, 63, N/A, 180.69, 99|2, 33, N/A, 28.55, 0|3, 35, N/A, 26.07, 0|4, 36, N/A, 27.05, 0|5, 37, N/A, 26.33, 0|6, 34, N/A, 27.53, 0|
15:59:48 0, 65, N/A, 150.52, 98|1, 63, N/A, 138.08, 97|2, 33, N/A, 28.56, 0|3, 35, N/A, 26.08, 0|4, 36, N/A, 27.07, 0|5, 37, N/A, 26.35, 0|6, 34, N/A, 27.54, 0|
15:59:50 0, 65, N/A, 143.73, 99|1, 63, N/A, 153.69, 99|2, 33, N/A, 28.55, 0|3, 35, N/A, 26.08, 0|4, 36, N/A, 27.07, 0|5, 37, N/A, 26.35, 0|6, 34, N/A, 27.54, 0|
15:59:52 0, 66, N/A, 150.50, 98|1, 63, N/A, 148.79, 99|2, 34, N/A, 28.30, 0|3, 35, N/A, 26.33, 0|4, 36, N/A, 27.07, 0|5, 37, N/A, 26.35, 0|6, 34, N/A, 27.54, 0|
15:59:54 0, 65, N/A, 179.24, 98|1, 63, N/A, 191.13, 99|2, 33, N/A, 28.54, 0|3, 35, N/A, 26.07, 0|4, 36, N/A, 27.05, 0|5, 37, N/A, 26.33, 0|6, 34, N/A, 27.53, 0|
15:59:56 0, 65, N/A, 136.54, 99|1, 62, N/A, 151.40, 98|2, 33, N/A, 28.55, 0|3, 36, N/A, 26.31, 0|4, 36, N/A, 27.07, 0|5, 37, N/A, 26.33, 0|6, 34, N/A, 27.53, 0|
15:59:58 0, 65, N/A, 146.08, 99|1, 63, N/A, 150.66, 99|2, 33, N/A, 28.55, 0|3, 35, N/A, 26.33, 0|4, 36, N/A, 27.07, 0|5, 37, N/A, 26.35, 0|6, 34, N/A, 27.54, 0|
16:00:00 0, 65, N/A, 152.71, 98|1, 63, N/A, 164.15, 99|2, 33, N/A, 28.55, 0|3, 35, N/A, 26.08, 0|4, 36, N/A, 27.07, 0|5, 37, N/A, 26.35, 0|6, 34, N/A, 27.54, 0|
16:00:02 0, 65, N/A, 169.28, 99|1, 62, N/A, 183.14, 97|2, 33, N/A, 28.55, 0|3, 35, N/A, 26.08, 0|4, 36, N/A, 27.07, 0|5, 37, N/A, 26.35, 0|6, 34, N/A, 27.54, 0|
16:00:04 0, 65, N/A, 145.44, 99|1, 63, N/A, 158.10, 98|2, 33, N/A, 28.56, 0|3, 35, N/A, 26.08, 0|4, 36, N/A, 27.07, 0|5, 38, N/A, 26.35, 0|6, 34, N/A, 27.54, 0|
16:00:07 0, 65, N/A, 73.01, 99|1, 62, N/A, 69.33, 99|2, 33, N/A, 28.56, 0|3, 35, N/A, 26.33, 0|4, 36, N/A, 27.07, 0|5, 37, N/A, 26.35, 0|6, 34, N/A, 27.54, 0|
16:00:09 0, 65, N/A, 177.52, 99|1, 62, N/A, 189.90, 98|2, 33, N/A, 28.55, 0|3, 35, N/A, 26.07, 0|4, 36, N/A, 27.07, 0|5, 37, N/A, 26.33, 0|6, 34, N/A, 27.28, 0|
16:00:11 0, 65, N/A, 139.24, 98|1, 62, N/A, 158.84, 99|2, 33, N/A, 28.55, 0|3, 35, N/A, 26.31, 0|4, 36, N/A, 27.07, 0|5, 37, N/A, 26.35, 0|6, 34, N/A, 27.54, 0|
16:00:13 0, 66, N/A, 139.06, 98|1, 63, N/A, 151.48, 99|2, 33, N/A, 28.55, 0|3, 35, N/A, 26.08, 0|4, 36, N/A, 27.07, 0|5, 37, N/A, 26.35, 0|6, 34, N/A, 27.30, 0|
16:00:15 0, 65, N/A, 161.44, 99|1, 62, N/A, 176.37, 99|2, 33, N/A, 28.55, 0|3, 35, N/A, 26.31, 0|4, 36, N/A, 27.07, 0|5, 37, N/A, 26.35, 0|6, 34, N/A, 27.54, 0|
16:00:17 0, 65, N/A, 135.63, 94|1, 62, N/A, 148.54, 98|2, 33, N/A, 28.55, 0|3, 35, N/A, 26.08, 0|4, 36, N/A, 27.07, 0|5, 37, N/A, 26.35, 0|6, 34, N/A, 27.54, 0|
16:00:19 0, 65, N/A, 182.90, 99|1, 63, N/A, 193.82, 98|2, 33, N/A, 28.54, 0|3, 35, N/A, 26.07, 0|4, 36, N/A, 27.05, 0|5, 37, N/A, 26.33, 0|6, 34, N/A, 27.53, 0|
16:00:21 0, 65, N/A, 146.18, 99|1, 62, N/A, 146.58, 99|2, 34, N/A, 28.55, 0|3, 35, N/A, 26.07, 0|4, 36, N/A, 27.07, 0|5, 37, N/A, 26.35, 0|6, 34, N/A, 27.54, 0|
16:00:23 0, 66, N/A, 151.48, 98|1, 63, N/A, 165.35, 99|2, 33, N/A, 28.55, 0|3, 35, N/A, 26.07, 0|4, 36, N/A, 27.07, 0|5, 37, N/A, 26.35, 0|6, 34, N/A, 27.54, 0|
16:00:25 0, 65, N/A, 138.57, 99|1, 63, N/A, 150.42, 98|2, 33, N/A, 28.55, 0|3, 35, N/A, 26.08, 0|4, 36, N/A, 27.07, 0|5, 37, N/A, 26.35, 0|6, 34, N/A, 27.54, 0|
16:00:27 0, 65, N/A, 94.54, 98|1, 63, N/A, 91.15, 98|2, 33, N/A, 28.56, 0|3, 35, N/A, 26.33, 0|4, 36, N/A, 27.07, 0|5, 37, N/A, 26.35, 0|6, 34, N/A, 27.54, 0|
16:00:29 0, 65, N/A, 144.63, 98|1, 62, N/A, 158.10, 99|2, 33, N/A, 28.56, 0|3, 35, N/A, 26.08, 0|4, 36, N/A, 27.07, 0|5, 37, N/A, 26.35, 0|6, 34, N/A, 27.54, 0|
16:00:32 0, 66, N/A, 151.97, 98|1, 63, N/A, 163.41, 98|2, 33, N/A, 28.55, 0|3, 35, N/A, 26.33, 0|4, 36, N/A, 27.07, 0|5, 37, N/A, 26.35, 0|6, 34, N/A, 27.54, 0|
16:00:34 0, 65, N/A, 149.76, 98|1, 62, N/A, 160.46, 98|2, 33, N/A, 28.55, 0|3, 35, N/A, 26.08, 0|4, 36, N/A, 27.07, 0|5, 37, N/A, 26.35, 0|6, 34, N/A, 27.54, 0|
16:00:36 0, 66, N/A, 175.91, 98|1, 63, N/A, 182.16, 98|2, 33, N/A, 28.55, 0|3, 35, N/A, 26.33, 0|4, 36, N/A, 27.07, 0|5, 37, N/A, 26.35, 0|6, 34, N/A, 27.54, 0|
16:00:38 0, 65, N/A, 143.90, 98|1, 63, N/A, 156.79, 98|2, 33, N/A, 28.30, 0|3, 35, N/A, 26.08, 0|4, 36, N/A, 27.07, 0|5, 37, N/A, 26.35, 0|6, 34, N/A, 27.54, 0|
16:00:40 0, 65, N/A, 183.15, 98|1, 63, N/A, 194.31, 98|2, 33, N/A, 28.55, 0|3, 35, N/A, 26.08, 0|4, 36, N/A, 27.07, 0|5, 37, N/A, 26.35, 0|6, 34, N/A, 27.54, 0|
16:00:42 0, 65, N/A, 150.27, 98|1, 63, N/A, 133.84, 98|2, 33, N/A, 28.56, 0|3, 35, N/A, 26.33, 0|4, 36, N/A, 27.07, 0|5, 37, N/A, 26.35, 0|6, 34, N/A, 27.54, 0|
16:00:44 0, 65, N/A, 176.30, 98|1, 63, N/A, 188.19, 99|2, 33, N/A, 28.54, 0|3, 35, N/A, 26.31, 0|4, 36, N/A, 27.07, 0|5, 37, N/A, 26.33, 0|6, 34, N/A, 27.54, 0|
16:00:46 0, 66, N/A, 153.36, 98|1, 63, N/A, 164.12, 98|2, 33, N/A, 28.30, 0|3, 35, N/A, 26.08, 0|4, 36, N/A, 27.07, 0|5, 37, N/A, 26.35, 0|6, 34, N/A, 27.54, 0|
16:00:48 0, 65, N/A, 153.36, 99|1, 63, N/A, 149.52, 98|2, 33, N/A, 28.55, 0|3, 35, N/A, 26.31, 0|4, 36, N/A, 27.07, 0|5, 37, N/A, 26.33, 0|6, 34, N/A, 27.53, 0|
16:00:50 0, 65, N/A, 146.84, 98|1, 63, N/A, 143.88, 99|2, 33, N/A, 28.55, 0|3, 35, N/A, 26.33, 0|4, 36, N/A, 27.07, 0|5, 37, N/A, 26.35, 0|6, 34, N/A, 27.54, 0|
16:00:52 0, 65, N/A, 146.42, 99|1, 63, N/A, 148.05, 98|2, 33, N/A, 28.55, 0|3, 35, N/A, 26.07, 0|4, 36, N/A, 27.07, 0|5, 37, N/A, 26.35, 0|6, 34, N/A, 27.54, 0|
16:00:54 0, 65, N/A, 156.79, 93|1, 63, N/A, 169.02, 92|2, 33, N/A, 28.28, 0|3, 35, N/A, 26.33, 0|4, 36, N/A, 27.05, 0|5, 37, N/A, 26.35, 0|6, 34, N/A, 27.53, 0|
16:00:57 0, 66, N/A, 167.09, 92|1, 63, N/A, 172.87, 92|2, 33, N/A, 28.55, 0|3, 35, N/A, 26.08, 0|4, 36, N/A, 27.07, 0|5, 37, N/A, 26.33, 0|6, 34, N/A, 27.30, 0|
16:00:59 0, 66, N/A, 160.15, 92|1, 63, N/A, 171.83, 92|2, 33, N/A, 28.55, 0|3, 35, N/A, 26.07, 0|4, 36, N/A, 27.07, 0|5, 37, N/A, 26.33, 0|6, 34, N/A, 27.53, 0|
16:01:01 0, 66, N/A, 156.14, 92|1, 63, N/A, 170.67, 92|2, 33, N/A, 28.54, 0|3, 35, N/A, 26.07, 0|4, 36, N/A, 27.05, 0|5, 37, N/A, 26.33, 0|6, 34, N/A, 27.30, 0|
16:01:03 0, 66, N/A, 159.32, 93|1, 63, N/A, 166.33, 92|2, 34, N/A, 28.54, 0|3, 35, N/A, 26.31, 0|4, 36, N/A, 27.05, 0|5, 37, N/A, 26.35, 0|6, 34, N/A, 27.54, 0|
16:01:05 0, 66, N/A, 160.63, 92|1, 63, N/A, 177.61, 92|2, 33, N/A, 28.54, 0|3, 35, N/A, 26.31, 0|4, 36, N/A, 27.05, 0|5, 37, N/A, 26.08, 0|6, 34, N/A, 27.28, 0|
16:01:07 0, 66, N/A, 158.09, 92|1, 63, N/A, 166.99, 92|2, 33, N/A, 28.79, 0|3, 35, N/A, 26.31, 0|4, 36, N/A, 27.05, 0|5, 37, N/A, 26.33, 0|6, 34, N/A, 27.28, 0|
16:01:09 0, 66, N/A, 162.18, 93|1, 63, N/A, 170.42, 92|2, 33, N/A, 28.54, 0|3, 35, N/A, 26.31, 0|4, 36, N/A, 27.07, 0|5, 37, N/A, 26.59, 0|6, 34, N/A, 27.54, 0|
16:01:11 0, 66, N/A, 163.97, 92|1, 63, N/A, 171.31, 93|2, 33, N/A, 28.56, 0|3, 35, N/A, 26.33, 0|4, 36, N/A, 27.05, 0|5, 37, N/A, 26.35, 0|6, 34, N/A, 27.54, 0|
16:01:13 0, 66, N/A, 155.90, 92|1, 63, N/A, 165.77, 92|2, 33, N/A, 28.55, 0|3, 35, N/A, 26.33, 0|4, 36, N/A, 27.07, 0|5, 37, N/A, 26.35, 0|6, 34, N/A, 27.54, 0|
16:01:15 0, 66, N/A, 158.91, 92|1, 63, N/A, 168.14, 92|2, 33, N/A, 28.30, 0|3, 35, N/A, 26.31, 0|4, 36, N/A, 27.07, 0|5, 37, N/A, 26.08, 0|6, 34, N/A, 27.53, 0|
16:01:17 0, 66, N/A, 152.21, 93|1, 63, N/A, 159.96, 93|2, 33, N/A, 28.55, 0|3, 35, N/A, 26.07, 0|4, 36, N/A, 27.07, 0|5, 37, N/A, 26.35, 0|6, 34, N/A, 27.30, 0|
16:01:20 0, 66, N/A, 154.70, 92|1, 63, N/A, 171.82, 92|2, 33, N/A, 28.55, 0|3, 35, N/A, 26.07, 0|4, 36, N/A, 27.05, 0|5, 37, N/A, 26.35, 0|6, 34, N/A, 27.53, 0|
16:01:22 0, 66, N/A, 162.26, 93|1, 63, N/A, 173.43, 92|2, 33, N/A, 28.55, 0|3, 35, N/A, 26.07, 0|4, 36, N/A, 27.07, 0|5, 37, N/A, 26.08, 0|6, 34, N/A, 27.54, 0|
16:01:24 0, 66, N/A, 161.69, 92|1, 63, N/A, 169.69, 93|2, 33, N/A, 28.30, 0|3, 35, N/A, 26.07, 0|4, 36, N/A, 27.07, 0|5, 37, N/A, 26.33, 0|6, 34, N/A, 27.54, 0|
16:01:26 0, 66, N/A, 157.12, 93|1, 63, N/A, 169.20, 93|2, 33, N/A, 28.55, 0|3, 35, N/A, 26.08, 0|4, 36, N/A, 27.07, 0|5, 37, N/A, 26.35, 0|6, 34, N/A, 27.53, 0|
16:01:28 0, 66, N/A, 155.98, 93|1, 63, N/A, 176.63, 92|2, 33, N/A, 28.79, 0|3, 35, N/A, 26.33, 0|4, 36, N/A, 27.07, 0|5, 37, N/A, 26.35, 0|6, 34, N/A, 27.28, 0|
16:01:30 0, 66, N/A, 156.79, 92|1, 63, N/A, 163.32, 92|2, 33, N/A, 28.30, 0|3, 35, N/A, 26.31, 0|4, 36, N/A, 27.31, 0|5, 37, N/A, 26.35, 0|6, 34, N/A, 27.28, 0|
16:01:32 0, 66, N/A, 159.73, 93|1, 63, N/A, 165.69, 92|2, 33, N/A, 28.55, 0|3, 35, N/A, 26.08, 0|4, 36, N/A, 26.81, 0|5, 37, N/A, 26.08, 0|6, 34, N/A, 27.54, 0|
16:01:34 0, 66, N/A, 158.91, 93|1, 63, N/A, 166.57, 93|2, 33, N/A, 28.55, 0|3, 35, N/A, 26.07, 0|4, 36, N/A, 27.31, 0|5, 37, N/A, 26.33, 0|6, 34, N/A, 27.54, 0|
16:01:36 0, 66, N/A, 157.86, 93|1, 63, N/A, 166.18, 92|2, 33, N/A, 28.55, 0|3, 35, N/A, 26.31, 0|4, 36, N/A, 27.07, 0|5, 37, N/A, 26.35, 0|6, 34, N/A, 27.54, 0|
16:01:38 0, 66, N/A, 168.63, 93|1, 63, N/A, 172.21, 93|2, 33, N/A, 28.55, 0|3, 35, N/A, 26.07, 0|4, 36, N/A, 27.07, 0|5, 37, N/A, 26.35, 0|6, 34, N/A, 27.28, 0|
16:01:40 0, 66, N/A, 157.52, 93|1, 63, N/A, 168.40, 92|2, 33, N/A, 28.56, 0|3, 35, N/A, 26.08, 0|4, 36, N/A, 27.05, 0|5, 37, N/A, 26.08, 0|6, 34, N/A, 27.30, 0|
16:01:42 0, 66, N/A, 162.20, 92|1, 63, N/A, 169.20, 92|2, 33, N/A, 28.55, 0|3, 35, N/A, 26.08, 0|4, 36, N/A, 27.05, 0|5, 37, N/A, 26.35, 0|6, 34, N/A, 27.30, 0|
16:01:45 0, 66, N/A, 163.57, 93|1, 63, N/A, 178.50, 92|2, 34, N/A, 28.55, 0|3, 35, N/A, 26.07, 0|4, 36, N/A, 27.07, 0|5, 37, N/A, 26.33, 0|6, 34, N/A, 27.54, 0|
16:01:47 0, 66, N/A, 157.59, 93|1, 63, N/A, 168.38, 93|2, 33, N/A, 28.55, 0|3, 35, N/A, 26.07, 0|4, 36, N/A, 27.05, 0|5, 37, N/A, 26.10, 0|6, 34, N/A, 27.54, 0|
16:01:49 0, 66, N/A, 158.99, 92|1, 63, N/A, 166.01, 93|2, 33, N/A, 28.55, 0|3, 35, N/A, 26.31, 0|4, 36, N/A, 27.07, 0|5, 37, N/A, 26.33, 0|6, 34, N/A, 27.53, 0|
16:01:51 0, 66, N/A, 157.03, 92|1, 63, N/A, 166.26, 93|2, 33, N/A, 28.30, 0|3, 35, N/A, 26.33, 0|4, 36, N/A, 27.07, 0|5, 37, N/A, 26.35, 0|6, 34, N/A, 27.30, 0|
16:01:53 0, 66, N/A, 164.71, 93|1, 63, N/A, 171.47, 93|2, 33, N/A, 28.55, 0|3, 35, N/A, 26.31, 0|4, 36, N/A, 27.05, 0|5, 37, N/A, 26.35, 0|6, 34, N/A, 27.28, 0|
16:01:55 0, 66, N/A, 156.79, 92|1, 63, N/A, 166.82, 93|2, 33, N/A, 28.55, 0|3, 35, N/A, 26.08, 0|4, 36, N/A, 27.07, 0|5, 37, N/A, 26.35, 0|6, 34, N/A, 27.54, 0|
16:01:57 0, 66, N/A, 156.54, 93|1, 63, N/A, 164.21, 93|2, 33, N/A, 28.55, 0|3, 35, N/A, 26.07, 0|4, 36, N/A, 27.07, 0|5, 37, N/A, 26.35, 0|6, 34, N/A, 27.28, 0|
16:01:59 0, 66, N/A, 157.52, 92|1, 63, N/A, 167.82, 93|2, 33, N/A, 28.55, 0|3, 35, N/A, 26.31, 0|4, 36, N/A, 27.07, 0|5, 37, N/A, 26.33, 0|6, 34, N/A, 27.28, 0|
16:02:01 0, 66, N/A, 159.24, 92|1, 63, N/A, 169.90, 93|2, 33, N/A, 28.55, 0|3, 35, N/A, 26.07, 0|4, 36, N/A, 27.07, 0|5, 37, N/A, 26.35, 0|6, 34, N/A, 27.54, 0|
16:02:03 0, 65, N/A, 140.46, 99|1, 62, N/A, 155.90, 97|2, 33, N/A, 28.55, 0|3, 35, N/A, 26.08, 0|4, 36, N/A, 27.07, 0|5, 37, N/A, 26.35, 0|6, 34, N/A, 27.54, 0|
16:02:05 0, 66, N/A, 153.95, 99|1, 63, N/A, 161.95, 98|2, 33, N/A, 28.55, 0|3, 35, N/A, 26.08, 0|4, 36, N/A, 27.07, 0|5, 37, N/A, 26.35, 0|6, 34, N/A, 27.54, 0|
16:02:07 0, 65, N/A, 147.33, 99|1, 63, N/A, 163.74, 99|2, 33, N/A, 28.56, 0|3, 35, N/A, 26.08, 0|4, 36, N/A, 27.07, 0|5, 37, N/A, 26.35, 0|6, 34, N/A, 27.54, 0|
16:02:10 0, 65, N/A, 179.97, 99|1, 63, N/A, 191.86, 99|2, 33, N/A, 28.55, 0|3, 35, N/A, 26.08, 0|4, 36, N/A, 27.07, 0|5, 37, N/A, 26.35, 0|6, 34, N/A, 27.30, 0|
16:02:12 0, 66, N/A, 151.25, 99|1, 63, N/A, 158.59, 99|2, 33, N/A, 28.55, 0|3, 35, N/A, 26.33, 0|4, 36, N/A, 27.07, 0|5, 37, N/A, 26.35, 0|6, 34, N/A, 27.30, 0|
16:02:14 0, 66, N/A, 152.72, 89|1, 63, N/A, 161.53, 84|2, 33, N/A, 28.55, 0|3, 35, N/A, 26.08, 0|4, 36, N/A, 27.07, 0|5, 37, N/A, 26.35, 0|6, 34, N/A, 27.30, 0|
16:02:16 0, 65, N/A, 153.46, 98|1, 63, N/A, 162.76, 99|2, 33, N/A, 28.56, 0|3, 35, N/A, 26.08, 0|4, 36, N/A, 27.07, 0|5, 37, N/A, 26.35, 0|6, 34, N/A, 27.54, 0|
16:02:18 0, 66, N/A, 181.44, 99|1, 63, N/A, 193.08, 99|2, 33, N/A, 28.55, 0|3, 35, N/A, 26.07, 0|4, 36, N/A, 27.07, 0|5, 37, N/A, 26.33, 0|6, 34, N/A, 27.54, 0|
16:02:20 0, 66, N/A, 155.56, 99|1, 63, N/A, 141.76, 99|2, 33, N/A, 28.55, 0|3, 35, N/A, 26.08, 0|4, 36, N/A, 27.07, 0|5, 37, N/A, 26.35, 0|6, 34, N/A, 27.54, 0|
16:02:22 0, 66, N/A, 144.14, 99|1, 63, N/A, 155.30, 99|2, 33, N/A, 28.55, 0|3, 35, N/A, 26.08, 0|4, 36, N/A, 27.07, 0|5, 37, N/A, 26.35, 0|6, 34, N/A, 27.54, 0|
16:02:24 0, 66, N/A, 161.44, 99|1, 63, N/A, 175.30, 98|2, 33, N/A, 28.55, 0|3, 35, N/A, 26.07, 0|4, 36, N/A, 27.07, 0|5, 37, N/A, 26.33, 0|6, 34, N/A, 27.28, 0|
16:02:26 0, 66, N/A, 180.46, 98|1, 63, N/A, 192.10, 99|2, 33, N/A, 28.55, 0|3, 35, N/A, 26.07, 0|4, 36, N/A, 27.07, 0|5, 37, N/A, 26.35, 0|6, 34, N/A, 27.54, 0|
16:02:28 0, 66, N/A, 183.77, 99|1, 63, N/A, 194.55, 99|2, 33, N/A, 28.54, 0|3, 35, N/A, 26.07, 0|4, 36, N/A, 27.05, 0|5, 37, N/A, 26.33, 0|6, 34, N/A, 27.53, 0|
16:02:30 0, 66, N/A, 139.55, 99|1, 63, N/A, 153.91, 99|2, 33, N/A, 28.55, 0|3, 35, N/A, 26.08, 0|4, 36, N/A, 27.07, 0|5, 37, N/A, 26.35, 0|6, 34, N/A, 27.54, 0|
16:02:32 0, 66, N/A, 132.93, 98|1, 63, N/A, 149.03, 98|2, 33, N/A, 28.55, 0|3, 35, N/A, 26.07, 0|4, 36, N/A, 27.07, 0|5, 37, N/A, 26.35, 0|6, 34, N/A, 27.54, 0|
16:02:35 0, 65, N/A, 146.59, 99|1, 63, N/A, 150.99, 99|2, 33, N/A, 28.55, 0|3, 35, N/A, 26.33, 0|4, 36, N/A, 27.07, 0|5, 37, N/A, 26.35, 0|6, 34, N/A, 27.54, 0|
16:02:37 0, 65, N/A, 143.65, 99|1, 63, N/A, 157.29, 98|2, 33, N/A, 28.55, 0|3, 35, N/A, 26.31, 0|4, 36, N/A, 27.07, 0|5, 37, N/A, 26.33, 0|6, 34, N/A, 27.53, 0|
16:02:39 0, 66, N/A, 183.65, 98|1, 63, N/A, 195.04, 98|2, 33, N/A, 28.55, 0|3, 35, N/A, 26.07, 0|4, 36, N/A, 27.05, 0|5, 37, N/A, 26.33, 0|6, 34, N/A, 27.54, 0|
16:02:41 0, 66, N/A, 183.65, 98|1, 64, N/A, 193.57, 99|2, 33, N/A, 28.55, 0|3, 35, N/A, 26.07, 0|4, 36, N/A, 27.07, 0|5, 37, N/A, 26.33, 0|6, 34, N/A, 27.30, 0|
16:02:43 0, 66, N/A, 169.54, 99|1, 63, N/A, 164.71, 98|2, 33, N/A, 28.55, 0|3, 35, N/A, 26.07, 0|4, 36, N/A, 27.07, 0|5, 37, N/A, 26.33, 0|6, 34, N/A, 27.54, 0|
16:02:45 0, 66, N/A, 140.96, 98|1, 63, N/A, 157.12, 98|2, 33, N/A, 28.56, 0|3, 35, N/A, 26.08, 0|4, 36, N/A, 27.07, 0|5, 37, N/A, 26.35, 0|6, 34, N/A, 27.54, 0|
16:02:47 0, 66, N/A, 145.37, 99|1, 63, N/A, 157.61, 99|2, 33, N/A, 28.55, 0|3, 35, N/A, 26.08, 0|4, 36, N/A, 27.07, 0|5, 37, N/A, 26.35, 0|6, 34, N/A, 27.54, 0|
16:02:49 0, 66, N/A, 137.28, 99|1, 63, N/A, 151.73, 98|2, 33, N/A, 28.30, 0|3, 35, N/A, 26.08, 0|4, 36, N/A, 27.07, 0|5, 37, N/A, 26.33, 0|6, 34, N/A, 27.54, 0|
16:02:51 0, 66, N/A, 143.64, 98|1, 63, N/A, 152.39, 99|2, 33, N/A, 28.55, 0|3, 35, N/A, 26.33, 0|4, 36, N/A, 27.07, 0|5, 37, N/A, 26.35, 0|6, 34, N/A, 27.30, 0|
16:02:53 0, 66, N/A, 138.26, 99|1, 63, N/A, 150.17, 99|2, 33, N/A, 28.55, 0|3, 35, N/A, 26.08, 0|4, 36, N/A, 27.07, 0|5, 37, N/A, 26.35, 0|6, 34, N/A, 27.54, 0|
16:02:55 0, 66, N/A, 145.37, 99|1, 63, N/A, 159.82, 98|2, 33, N/A, 28.55, 0|3, 35, N/A, 26.08, 0|4, 36, N/A, 27.07, 0|5, 37, N/A, 26.35, 0|6, 34, N/A, 27.54, 0|
16:02:57 0, 66, N/A, 145.86, 99|1, 63, N/A, 157.03, 98|2, 33, N/A, 28.55, 0|3, 35, N/A, 26.07, 0|4, 36, N/A, 27.07, 0|5, 37, N/A, 26.10, 0|6, 34, N/A, 27.54, 0|
16:03:00 0, 66, N/A, 142.50, 99|1, 63, N/A, 158.18, 99|2, 33, N/A, 28.55, 0|3, 35, N/A, 26.33, 0|4, 36, N/A, 27.07, 0|5, 37, N/A, 26.35, 0|6, 34, N/A, 27.30, 0|
16:03:02 0, 66, N/A, 145.12, 99|1, 63, N/A, 162.67, 98|2, 33, N/A, 28.55, 0|3, 35, N/A, 26.08, 0|4, 36, N/A, 27.07, 0|5, 37, N/A, 26.10, 0|6, 34, N/A, 27.30, 0|
16:03:04 0, 66, N/A, 131.95, 99|1, 63, N/A, 151.24, 98|2, 33, N/A, 28.55, 0|3, 35, N/A, 26.08, 0|4, 36, N/A, 27.07, 0|5, 37, N/A, 26.35, 0|6, 34, N/A, 27.54, 0|
16:03:06 0, 66, N/A, 142.92, 99|1, 63, N/A, 156.05, 99|2, 33, N/A, 28.55, 0|3, 35, N/A, 26.08, 0|4, 36, N/A, 27.07, 0|5, 37, N/A, 26.35, 0|6, 34, N/A, 27.54, 0|
16:03:08 0, 66, N/A, 147.82, 99|1, 63, N/A, 159.33, 98|2, 33, N/A, 28.55, 0|3, 35, N/A, 26.33, 0|4, 36, N/A, 27.07, 0|5, 37, N/A, 26.35, 0|6, 34, N/A, 27.54, 0|
16:03:10 0, 66, N/A, 136.61, 99|1, 63, N/A, 152.46, 99|2, 33, N/A, 28.55, 0|3, 35, N/A, 26.33, 0|4, 36, N/A, 27.07, 0|5, 37, N/A, 26.35, 0|6, 34, N/A, 27.30, 0|
16:03:12 0, 65, N/A, 110.68, 99|1, 63, N/A, 132.44, 99|2, 33, N/A, 28.55, 0|3, 35, N/A, 26.08, 0|4, 36, N/A, 27.07, 0|5, 37, N/A, 26.35, 0|6, 34, N/A, 27.30, 0|
16:03:14 0, 66, N/A, 138.57, 98|1, 63, N/A, 152.15, 99|2, 33, N/A, 28.55, 0|3, 35, N/A, 26.08, 0|4, 36, N/A, 27.07, 0|5, 37, N/A, 26.35, 0|6, 34, N/A, 27.54, 0|
16:03:16 0, 66, N/A, 148.80, 98|1, 63, N/A, 163.17, 98|2, 33, N/A, 28.55, 0|3, 35, N/A, 26.08, 0|4, 36, N/A, 27.07, 0|5, 37, N/A, 26.35, 0|6, 34, N/A, 27.30, 0|
16:03:18 0, 66, N/A, 149.77, 99|1, 63, N/A, 160.72, 98|2, 33, N/A, 28.55, 0|3, 35, N/A, 26.08, 0|4, 36, N/A, 27.07, 0|5, 37, N/A, 26.35, 0|6, 34, N/A, 27.30, 0|
16:03:20 0, 66, N/A, 182.67, 98|1, 63, N/A, 194.06, 99|2, 33, N/A, 28.55, 0|3, 35, N/A, 26.07, 0|4, 36, N/A, 27.05, 0|5, 37, N/A, 26.33, 0|6, 34, N/A, 27.53, 0|
16:03:22 0, 66, N/A, 180.46, 99|1, 63, N/A, 192.10, 99|2, 33, N/A, 28.55, 0|3, 35, N/A, 26.31, 0|4, 36, N/A, 27.07, 0|5, 37, N/A, 26.35, 0|6, 34, N/A, 27.53, 0|
16:03:25 0, 66, N/A, 149.78, 99|1, 63, N/A, 163.16, 99|2, 33, N/A, 28.55, 0|3, 35, N/A, 26.07, 0|4, 36, N/A, 27.07, 0|5, 37, N/A, 26.35, 0|6, 34, N/A, 27.54, 0|
16:03:27 0, 66, N/A, 139.80, 99|1, 63, N/A, 152.88, 98|2, 33, N/A, 28.55, 0|3, 35, N/A, 26.07, 0|4, 36, N/A, 27.07, 0|5, 37, N/A, 26.33, 0|6, 34, N/A, 27.54, 0|
16:03:29 0, 66, N/A, 135.14, 99|1, 63, N/A, 152.22, 99|2, 33, N/A, 28.55, 0|3, 35, N/A, 26.08, 0|4, 36, N/A, 27.07, 0|5, 37, N/A, 26.35, 0|6, 34, N/A, 27.54, 0|
16:03:31 0, 66, N/A, 82.60, 98|1, 63, N/A, 79.15, 98|2, 33, N/A, 28.56, 0|3, 35, N/A, 26.08, 0|4, 36, N/A, 27.07, 0|5, 37, N/A, 26.35, 0|6, 34, N/A, 27.54, 0|
16:03:33 0, 66, N/A, 183.40, 98|1, 63, N/A, 195.29, 98|2, 33, N/A, 28.55, 0|3, 35, N/A, 26.07, 0|4, 36, N/A, 27.07, 0|5, 37, N/A, 26.33, 0|6, 34, N/A, 27.54, 0|
16:03:35 0, 66, N/A, 135.87, 99|1, 63, N/A, 150.99, 99|2, 33, N/A, 28.55, 0|3, 35, N/A, 26.08, 0|4, 36, N/A, 27.07, 0|5, 37, N/A, 26.35, 0|6, 34, N/A, 27.30, 0|
16:03:37 0, 66, N/A, 140.53, 98|1, 63, N/A, 157.54, 99|2, 33, N/A, 28.55, 0|3, 35, N/A, 26.07, 0|4, 36, N/A, 27.07, 0|5, 37, N/A, 26.33, 0|6, 34, N/A, 27.54, 0|
16:03:39 0, 66, N/A, 143.16, 99|1, 63, N/A, 154.92, 98|2, 33, N/A, 28.55, 0|3, 35, N/A, 26.08, 0|4, 36, N/A, 27.07, 0|5, 37, N/A, 26.35, 0|6, 34, N/A, 27.54, 0|
16:03:41 0, 66, N/A, 168.32, 99|1, 64, N/A, 155.88, 98|2, 33, N/A, 28.55, 0|3, 35, N/A, 26.07, 0|4, 36, N/A, 27.07, 0|5, 37, N/A, 26.33, 0|6, 34, N/A, 27.28, 0|
16:03:43 0, 66, N/A, 176.79, 98|1, 63, N/A, 189.41, 99|2, 33, N/A, 28.55, 0|3, 35, N/A, 26.07, 0|4, 36, N/A, 27.07, 0|5, 37, N/A, 26.35, 0|6, 34, N/A, 27.54, 0|
16:03:45 0, 66, N/A, 153.70, 99|1, 63, N/A, 155.24, 99|2, 33, N/A, 28.55, 0|3, 35, N/A, 26.33, 0|4, 36, N/A, 27.07, 0|5, 37, N/A, 26.35, 0|6, 34, N/A, 27.30, 0|
16:03:47 0, 66, N/A, 149.54, 99|1, 63, N/A, 154.18, 99|2, 33, N/A, 28.55, 0|3, 35, N/A, 26.08, 0|4, 36, N/A, 27.07, 0|5, 37, N/A, 26.35, 0|6, 34, N/A, 27.54, 0|
16:03:50 0, 66, N/A, 175.57, 99|1, 64, N/A, 180.20, 99|2, 33, N/A, 28.55, 0|3, 35, N/A, 26.07, 0|4, 36, N/A, 27.07, 0|5, 37, N/A, 26.35, 0|6, 34, N/A, 27.54, 0|
16:03:52 0, 66, N/A, 134.89, 99|1, 63, N/A, 145.36, 99|2, 33, N/A, 28.56, 0|3, 35, N/A, 26.08, 0|4, 36, N/A, 27.07, 0|5, 37, N/A, 26.35, 0|6, 34, N/A, 27.54, 0|
16:03:54 0, 65, N/A, 139.73, 99|1, 63, N/A, 152.71, 99|2, 33, N/A, 28.55, 0|3, 35, N/A, 26.08, 0|4, 36, N/A, 27.07, 0|5, 37, N/A, 26.33, 0|6, 34, N/A, 27.54, 0|
16:03:56 0, 66, N/A, 184.12, 99|1, 64, N/A, 194.06, 98|2, 33, N/A, 28.55, 0|3, 35, N/A, 26.07, 0|4, 36, N/A, 27.07, 0|5, 37, N/A, 26.33, 0|6, 34, N/A, 27.28, 0|
16:03:58 0, 66, N/A, 152.38, 99|1, 63, N/A, 158.01, 99|2, 33, N/A, 28.55, 0|3, 35, N/A, 26.33, 0|4, 36, N/A, 27.07, 0|5, 37, N/A, 26.35, 0|6, 34, N/A, 27.53, 0|
16:04:00 0, 66, N/A, 152.72, 98|1, 63, N/A, 149.77, 99|2, 33, N/A, 28.55, 0|3, 35, N/A, 26.08, 0|4, 36, N/A, 27.07, 0|5, 37, N/A, 26.35, 0|6, 34, N/A, 27.30, 0|
16:04:02 0, 66, N/A, 183.89, 98|1, 64, N/A, 194.40, 99|2, 33, N/A, 28.55, 0|3, 35, N/A, 26.08, 0|4, 36, N/A, 27.07, 0|5, 37, N/A, 26.35, 0|6, 34, N/A, 27.54, 0|
16:04:04 0, 66, N/A, 152.23, 99|1, 63, N/A, 158.59, 98|2, 33, N/A, 28.32, 0|3, 35, N/A, 26.08, 0|4, 36, N/A, 27.07, 0|5, 37, N/A, 26.35, 0|6, 34, N/A, 27.54, 0|
16:04:06 0, 66, N/A, 152.70, 99|1, 64, N/A, 142.99, 98|2, 33, N/A, 28.55, 0|3, 35, N/A, 26.07, 0|4, 36, N/A, 27.07, 0|5, 37, N/A, 26.35, 0|6, 34, N/A, 27.54, 0|
16:04:08 0, 66, N/A, 180.71, 99|1, 63, N/A, 192.84, 99|2, 33, N/A, 28.54, 0|3, 35, N/A, 26.07, 0|4, 36, N/A, 27.07, 0|5, 37, N/A, 26.35, 0|6, 34, N/A, 27.54, 0|
16:04:10 0, 66, N/A, 151.25, 99|1, 63, N/A, 160.54, 99|2, 33, N/A, 28.55, 0|3, 35, N/A, 26.07, 0|4, 36, N/A, 27.07, 0|5, 37, N/A, 26.35, 0|6, 34, N/A, 27.54, 0|
16:04:12 0, 66, N/A, 177.52, 99|1, 64, N/A, 182.16, 99|2, 33, N/A, 28.55, 0|3, 35, N/A, 26.33, 0|4, 36, N/A, 27.07, 0|5, 37, N/A, 26.35, 0|6, 34, N/A, 27.54, 0|
16:04:15 0, 66, N/A, 138.08, 99|1, 63, N/A, 152.46, 99|2, 33, N/A, 28.55, 0|3, 35, N/A, 26.31, 0|4, 36, N/A, 27.07, 0|5, 37, N/A, 26.35, 0|6, 34, N/A, 27.54, 0|
16:04:17 0, 66, N/A, 150.98, 98|1, 64, N/A, 146.42, 97|2, 33, N/A, 28.55, 0|3, 35, N/A, 26.08, 0|4, 36, N/A, 27.07, 0|5, 37, N/A, 26.35, 0|6, 34, N/A, 27.54, 0|
16:04:19 0, 66, N/A, 155.42, 98|1, 63, N/A, 170.52, 98|2, 33, N/A, 28.56, 0|3, 35, N/A, 26.08, 0|4, 36, N/A, 27.07, 0|5, 37, N/A, 26.35, 0|6, 34, N/A, 27.54, 0|
16:04:21 0, 66, N/A, 53.37, 99|1, 63, N/A, 71.28, 98|2, 33, N/A, 28.56, 0|3, 35, N/A, 26.08, 0|4, 36, N/A, 27.07, 0|5, 37, N/A, 26.35, 0|6, 34, N/A, 27.30, 0|
16:04:23 0, 66, N/A, 173.36, 99|1, 63, N/A, 186.32, 98|2, 33, N/A, 28.55, 0|3, 35, N/A, 26.31, 0|4, 36, N/A, 27.07, 0|5, 37, N/A, 26.33, 0|6, 34, N/A, 27.53, 0|
16:04:25 0, 66, N/A, 141.26, 98|1, 64, N/A, 150.26, 84|2, 33, N/A, 28.55, 0|3, 35, N/A, 26.07, 0|4, 36, N/A, 27.07, 0|5, 37, N/A, 26.35, 0|6, 34, N/A, 27.54, 0|
16:04:27 0, 66, N/A, 178.99, 99|1, 63, N/A, 190.64, 98|2, 33, N/A, 28.55, 0|3, 35, N/A, 26.07, 0|4, 36, N/A, 27.05, 0|5, 37, N/A, 26.33, 0|6, 34, N/A, 27.53, 0|
16:04:29 0, 66, N/A, 154.34, 99|1, 64, N/A, 152.71, 98|2, 33, N/A, 28.55, 0|3, 35, N/A, 26.08, 0|4, 36, N/A, 27.07, 0|5, 37, N/A, 26.35, 0|6, 34, N/A, 27.54, 0|
16:04:31 0, 66, N/A, 179.97, 99|1, 63, N/A, 191.62, 99|2, 33, N/A, 28.55, 0|3, 35, N/A, 26.08, 0|4, 36, N/A, 27.07, 0|5, 37, N/A, 26.33, 0|6, 34, N/A, 27.53, 0|
16:04:33 0, 67, N/A, 141.13, 99|1, 64, N/A, 152.39, 99|2, 33, N/A, 28.55, 0|3, 35, N/A, 26.08, 0|4, 36, N/A, 27.07, 0|5, 37, N/A, 26.35, 0|6, 34, N/A, 27.54, 0|
16:04:35 0, 66, N/A, 169.77, 99|1, 63, N/A, 185.34, 99|2, 33, N/A, 28.55, 0|3, 35, N/A, 26.07, 0|4, 36, N/A, 27.07, 0|5, 37, N/A, 26.33, 0|6, 34, N/A, 27.53, 0|
16:04:37 0, 67, N/A, 154.41, 99|1, 64, N/A, 161.46, 98|2, 33, N/A, 28.55, 0|3, 35, N/A, 26.07, 0|4, 36, N/A, 27.07, 0|5, 37, N/A, 26.08, 0|6, 34, N/A, 27.54, 0|
16:04:40 0, 66, N/A, 143.90, 99|1, 63, N/A, 160.55, 100|2, 33, N/A, 28.55, 0|3, 35, N/A, 26.08, 0|4, 36, N/A, 27.07, 0|5, 37, N/A, 26.35, 0|6, 34, N/A, 27.54, 0|
16:04:42 0, 67, N/A, 181.93, 99|1, 64, N/A, 184.61, 99|2, 33, N/A, 28.55, 0|3, 35, N/A, 26.08, 0|4, 36, N/A, 27.07, 0|5, 37, N/A, 26.35, 0|6, 34, N/A, 27.30, 0|
16:04:44 0, 66, N/A, 150.68, 99|1, 63, N/A, 159.08, 99|2, 33, N/A, 28.32, 0|3, 35, N/A, 26.08, 0|4, 36, N/A, 27.07, 0|5, 37, N/A, 26.35, 0|6, 34, N/A, 27.30, 0|
16:04:46 0, 66, N/A, 183.15, 98|1, 64, N/A, 194.55, 98|2, 33, N/A, 28.55, 0|3, 35, N/A, 26.33, 0|4, 36, N/A, 27.07, 0|5, 37, N/A, 26.35, 0|6, 34, N/A, 27.54, 0|
16:04:48 0, 66, N/A, 140.54, 99|1, 64, N/A, 152.46, 97|2, 33, N/A, 28.55, 0|3, 35, N/A, 26.08, 0|4, 36, N/A, 27.07, 0|5, 37, N/A, 26.35, 0|6, 34, N/A, 27.54, 0|
16:04:50 0, 66, N/A, 140.04, 98|1, 63, N/A, 150.01, 99|2, 33, N/A, 28.55, 0|3, 35, N/A, 26.08, 0|4, 36, N/A, 27.07, 0|5, 37, N/A, 26.35, 0|6, 34, N/A, 27.54, 0|
16:04:52 0, 67, N/A, 152.97, 98|1, 64, N/A, 166.60, 98|2, 33, N/A, 28.56, 0|3, 35, N/A, 26.08, 0|4, 36, N/A, 27.07, 0|5, 37, N/A, 26.35, 0|6, 34, N/A, 27.54, 0|
16:04:54 0, 66, N/A, 147.65, 98|1, 63, N/A, 150.50, 99|2, 33, N/A, 28.56, 0|3, 35, N/A, 26.08, 0|4, 36, N/A, 27.07, 0|5, 37, N/A, 26.35, 0|6, 34, N/A, 27.54, 0|
16:04:56 0, 66, N/A, 183.89, 98|1, 64, N/A, 195.38, 99|2, 33, N/A, 28.56, 0|3, 35, N/A, 26.08, 0|4, 36, N/A, 27.07, 0|5, 37, N/A, 26.35, 0|6, 34, N/A, 27.30, 0|
16:04:58 0, 67, N/A, 145.46, 98|1, 64, N/A, 158.12, 99|2, 33, N/A, 28.58, 0|3, 35, N/A, 26.10, 0|4, 36, N/A, 27.09, 0|5, 37, N/A, 26.12, 0|6, 34, N/A, 27.56, 0|
16:05:00 0, 66, N/A, 143.08, 84|1, 63, N/A, 150.70, 93|2, 33, N/A, 28.58, 0|3, 35, N/A, 26.10, 0|4, 36, N/A, 27.09, 0|5, 37, N/A, 26.36, 0|6, 34, N/A, 27.32, 0|
16:05:02 0, 66, N/A, 180.58, 99|1, 63, N/A, 191.99, 99|2, 33, N/A, 28.56, 0|3, 35, N/A, 26.10, 0|4, 36, N/A, 27.09, 0|5, 37, N/A, 26.36, 0|6, 34, N/A, 27.56, 0|
16:05:04 0, 66, N/A, 176.76, 99|1, 64, N/A, 180.68, 91|2, 33, N/A, 28.56, 0|3, 35, N/A, 26.10, 0|4, 36, N/A, 27.09, 0|5, 37, N/A, 26.36, 0|6, 34, N/A, 27.56, 0|
16:05:07 0, 66, N/A, 144.24, 99|1, 64, N/A, 155.75, 98|2, 33, N/A, 28.58, 0|3, 35, N/A, 26.10, 0|4, 36, N/A, 27.09, 0|5, 37, N/A, 26.36, 0|6, 34, N/A, 27.56, 0|
16:05:09 0, 66, N/A, 157.97, 98|1, 63, N/A, 174.21, 99|2, 33, N/A, 28.32, 0|3, 35, N/A, 26.10, 0|4, 36, N/A, 27.09, 0|5, 37, N/A, 26.36, 0|6, 34, N/A, 27.32, 0|
16:05:11 0, 67, N/A, 183.76, 98|1, 64, N/A, 194.04, 99|2, 33, N/A, 28.58, 0|3, 35, N/A, 26.10, 0|4, 36, N/A, 27.09, 0|5, 37, N/A, 26.36, 0|6, 34, N/A, 27.56, 0|
16:05:13 0, 66, N/A, 139.40, 98|1, 64, N/A, 150.43, 99|2, 33, N/A, 28.56, 0|3, 35, N/A, 26.10, 0|4, 36, N/A, 27.09, 0|5, 37, N/A, 26.36, 0|6, 34, N/A, 27.32, 0|
16:05:15 0, 66, N/A, 135.97, 99|1, 63, N/A, 154.68, 99|2, 33, N/A, 28.56, 0|3, 35, N/A, 26.10, 0|4, 36, N/A, 27.09, 0|5, 37, N/A, 26.36, 0|6, 34, N/A, 27.56, 0|
16:05:17 0, 66, N/A, 172.49, 99|1, 63, N/A, 186.45, 98|2, 33, N/A, 28.56, 0|3, 35, N/A, 26.08, 0|4, 36, N/A, 27.08, 0|5, 37, N/A, 26.36, 0|6, 34, N/A, 27.56, 0|
16:05:19 0, 67, N/A, 180.44, 98|1, 64, N/A, 176.76, 99|2, 33, N/A, 28.58, 0|3, 35, N/A, 26.35, 0|4, 36, N/A, 27.09, 0|5, 37, N/A, 26.36, 0|6, 34, N/A, 27.32, 0|
16:05:21 0, 66, N/A, 143.99, 98|1, 64, N/A, 162.69, 97|2, 33, N/A, 28.58, 0|3, 35, N/A, 26.10, 0|4, 36, N/A, 27.09, 0|5, 37, N/A, 26.36, 0|6, 34, N/A, 27.32, 0|
16:05:23 0, 66, N/A, 130.64, 99|1, 64, N/A, 143.98, 99|2, 33, N/A, 28.58, 0|3, 35, N/A, 26.10, 0|4, 36, N/A, 27.09, 0|5, 37, N/A, 26.36, 0|6, 34, N/A, 27.56, 0|
16:05:25 0, 66, N/A, 152.90, 99|1, 63, N/A, 136.46, 99|2, 33, N/A, 28.58, 0|3, 35, N/A, 26.10, 0|4, 36, N/A, 27.09, 0|5, 37, N/A, 26.12, 0|6, 34, N/A, 27.32, 0|
16:05:27 0, 67, N/A, 184.50, 98|1, 64, N/A, 195.66, 99|2, 33, N/A, 28.56, 0|3, 35, N/A, 26.10, 0|4, 36, N/A, 27.09, 0|5, 37, N/A, 26.36, 0|6, 34, N/A, 27.56, 0|
16:05:29 0, 67, N/A, 183.27, 98|1, 64, N/A, 193.55, 98|2, 33, N/A, 28.56, 0|3, 35, N/A, 26.10, 0|4, 36, N/A, 27.09, 0|5, 37, N/A, 26.36, 0|6, 34, N/A, 27.56, 0|
16:05:32 0, 66, N/A, 151.84, 98|1, 64, N/A, 158.45, 99|2, 33, N/A, 28.58, 0|3, 35, N/A, 26.10, 0|4, 36, N/A, 27.09, 0|5, 37, N/A, 26.12, 0|6, 34, N/A, 27.32, 0|
16:05:34 0, 66, N/A, 151.84, 99|1, 63, N/A, 150.36, 99|2, 33, N/A, 28.58, 0|3, 35, N/A, 26.10, 0|4, 36, N/A, 27.09, 0|5, 37, N/A, 26.36, 0|6, 34, N/A, 27.56, 0|
16:05:36 0, 66, N/A, 151.67, 99|1, 63, N/A, 166.95, 98|2, 33, N/A, 28.56, 0|3, 35, N/A, 26.35, 0|4, 36, N/A, 27.09, 0|5, 37, N/A, 26.36, 0|6, 34, N/A, 27.32, 0|
16:05:38 0, 66, N/A, 178.13, 99|1, 63, N/A, 190.85, 99|2, 33, N/A, 28.56, 0|3, 35, N/A, 26.10, 0|4, 36, N/A, 27.09, 0|5, 37, N/A, 26.36, 0|6, 34, N/A, 27.32, 0|
16:05:40 0, 67, N/A, 184.74, 99|1, 64, N/A, 196.24, 100|2, 33, N/A, 28.58, 0|3, 35, N/A, 26.10, 0|4, 36, N/A, 27.09, 0|5, 37, N/A, 26.36, 0|6, 34, N/A, 27.56, 0|
16:05:42 0, 67, N/A, 184.49, 98|1, 64, N/A, 195.66, 98|2, 33, N/A, 28.56, 0|3, 35, N/A, 26.33, 0|4, 36, N/A, 27.08, 0|5, 37, N/A, 26.36, 0|6, 34, N/A, 27.56, 0|
16:05:44 0, 67, N/A, 140.07, 98|1, 64, N/A, 155.74, 98|2, 33, N/A, 28.56, 0|3, 35, N/A, 26.08, 0|4, 36, N/A, 27.08, 0|5, 37, N/A, 26.35, 0|6, 34, N/A, 27.54, 0|
16:05:46 0, 66, N/A, 148.87, 99|1, 64, N/A, 158.35, 99|2, 33, N/A, 28.32, 0|3, 35, N/A, 26.08, 0|4, 36, N/A, 27.07, 0|5, 37, N/A, 26.35, 0|6, 34, N/A, 27.54, 0|
16:05:48 0, 66, N/A, 142.92, 99|1, 64, N/A, 153.60, 99|2, 33, N/A, 28.30, 0|3, 35, N/A, 26.33, 0|4, 36, N/A, 27.07, 0|5, 37, N/A, 26.35, 0|6, 34, N/A, 27.30, 0|
16:05:50 0, 66, N/A, 139.55, 99|1, 63, N/A, 153.37, 99|2, 33, N/A, 28.55, 0|3, 35, N/A, 26.08, 0|4, 36, N/A, 27.07, 0|5, 37, N/A, 26.35, 0|6, 34, N/A, 27.54, 0|
16:05:52 0, 66, N/A, 178.26, 99|1, 64, N/A, 190.15, 99|2, 33, N/A, 28.55, 0|3, 35, N/A, 26.07, 0|4, 36, N/A, 27.05, 0|5, 37, N/A, 26.33, 0|6, 34, N/A, 27.53, 0|
16:05:54 0, 66, N/A, 177.28, 99|1, 64, N/A, 189.17, 98|2, 33, N/A, 28.55, 0|3, 35, N/A, 26.07, 0|4, 36, N/A, 27.07, 0|5, 37, N/A, 26.33, 0|6, 34, N/A, 27.53, 0|
16:05:57 0, 67, N/A, 184.75, 98|1, 64, N/A, 196.26, 99|2, 33, N/A, 28.54, 0|3, 35, N/A, 26.07, 0|4, 36, N/A, 27.07, 0|5, 37, N/A, 26.33, 0|6, 34, N/A, 27.28, 0|
16:05:59 0, 66, N/A, 184.13, 99|1, 64, N/A, 195.53, 98|2, 33, N/A, 28.55, 0|3, 35, N/A, 26.07, 0|4, 36, N/A, 27.05, 0|5, 37, N/A, 26.33, 0|6, 34, N/A, 27.54, 0|
16:06:01 0, 67, N/A, 180.48, 98|1, 64, N/A, 183.14, 98|2, 33, N/A, 28.55, 0|3, 35, N/A, 26.08, 0|4, 36, N/A, 27.07, 0|5, 37, N/A, 26.33, 0|6, 34, N/A, 27.54, 0|
16:06:03 0, 67, N/A, 170.91, 99|1, 64, N/A, 160.32, 99|2, 33, N/A, 28.55, 0|3, 35, N/A, 26.33, 0|4, 36, N/A, 27.07, 0|5, 37, N/A, 26.35, 0|6, 34, N/A, 27.54, 0|
16:06:05 0, 67, N/A, 144.61, 99|1, 64, N/A, 160.63, 99|2, 33, N/A, 28.55, 0|3, 35, N/A, 26.33, 0|4, 36, N/A, 27.07, 0|5, 37, N/A, 26.35, 0|6, 34, N/A, 27.30, 0|
16:06:07 0, 67, N/A, 154.17, 98|1, 64, N/A, 164.38, 99|2, 33, N/A, 28.55, 0|3, 35, N/A, 26.08, 0|4, 36, N/A, 27.07, 0|5, 37, N/A, 26.33, 0|6, 34, N/A, 27.54, 0|
16:06:09 0, 67, N/A, 145.84, 99|1, 64, N/A, 152.71, 99|2, 33, N/A, 28.55, 0|3, 35, N/A, 26.08, 0|4, 36, N/A, 27.07, 0|5, 37, N/A, 26.35, 0|6, 34, N/A, 27.54, 0|
16:06:11 0, 67, N/A, 138.82, 98|1, 64, N/A, 146.09, 98|2, 33, N/A, 28.55, 0|3, 35, N/A, 26.33, 0|4, 36, N/A, 27.07, 0|5, 37, N/A, 26.35, 0|6, 34, N/A, 27.54, 0|
16:06:13 0, 67, N/A, 138.34, 99|1, 64, N/A, 152.71, 99|2, 33, N/A, 28.55, 0|3, 35, N/A, 26.07, 0|4, 36, N/A, 27.07, 0|5, 37, N/A, 26.33, 0|6, 34, N/A, 27.53, 0|
16:06:15 0, 67, N/A, 149.68, 98|1, 64, N/A, 164.40, 98|2, 33, N/A, 28.55, 0|3, 35, N/A, 26.08, 0|4, 36, N/A, 27.07, 0|5, 37, N/A, 26.35, 0|6, 34, N/A, 27.54, 0|
16:06:17 0, 67, N/A, 158.99, 99|1, 64, N/A, 150.59, 99|2, 33, N/A, 28.55, 0|3, 35, N/A, 26.07, 0|4, 36, N/A, 27.07, 0|5, 37, N/A, 26.33, 0|6, 34, N/A, 27.54, 0|
16:06:19 0, 67, N/A, 154.67, 98|1, 64, N/A, 161.21, 98|2, 33, N/A, 28.55, 0|3, 35, N/A, 26.07, 0|4, 36, N/A, 27.07, 0|5, 37, N/A, 26.33, 0|6, 34, N/A, 27.54, 0|
16:06:22 0, 67, N/A, 153.85, 98|1, 64, N/A, 160.22, 99|2, 33, N/A, 28.55, 0|3, 35, N/A, 26.08, 0|4, 36, N/A, 27.07, 0|5, 37, N/A, 26.35, 0|6, 34, N/A, 27.54, 0|
16:06:24 0, 67, N/A, 178.99, 98|1, 64, N/A, 182.16, 98|2, 33, N/A, 28.55, 0|3, 35, N/A, 26.33, 0|4, 36, N/A, 27.07, 0|5, 37, N/A, 26.35, 0|6, 34, N/A, 27.54, 0|
16:06:26 0, 67, N/A, 166.35, 99|1, 64, N/A, 160.72, 99|2, 33, N/A, 28.30, 0|3, 35, N/A, 26.33, 0|4, 36, N/A, 27.07, 0|5, 37, N/A, 26.35, 0|6, 34, N/A, 27.54, 0|
16:06:28 0, 67, N/A, 184.75, 98|1, 64, N/A, 195.78, 97|2, 33, N/A, 28.30, 0|3, 35, N/A, 26.07, 0|4, 36, N/A, 27.05, 0|5, 37, N/A, 26.33, 0|6, 34, N/A, 27.53, 0|
16:06:30 0, 67, N/A, 185.02, 99|1, 64, N/A, 196.26, 99|2, 33, N/A, 28.55, 0|3, 35, N/A, 26.31, 0|4, 36, N/A, 27.05, 0|5, 37, N/A, 26.33, 0|6, 34, N/A, 27.53, 0|
16:06:32 0, 66, N/A, 182.42, 98|1, 64, N/A, 194.31, 98|2, 33, N/A, 28.55, 0|3, 35, N/A, 26.33, 0|4, 36, N/A, 27.07, 0|5, 37, N/A, 26.35, 0|6, 34, N/A, 27.54, 0|
16:06:34 0, 66, N/A, 180.95, 99|1, 64, N/A, 191.62, 99|2, 33, N/A, 28.54, 0|3, 35, N/A, 26.07, 0|4, 36, N/A, 27.05, 0|5, 37, N/A, 26.33, 0|6, 34, N/A, 27.53, 0|
16:06:36 0, 66, N/A, 145.37, 99|1, 63, N/A, 159.73, 100|2, 33, N/A, 28.55, 0|3, 35, N/A, 26.33, 0|4, 36, N/A, 27.07, 0|5, 37, N/A, 26.35, 0|6, 34, N/A, 27.30, 0|
16:06:38 0, 66, N/A, 143.41, 99|1, 64, N/A, 156.14, 99|2, 33, N/A, 28.55, 0|3, 35, N/A, 26.08, 0|4, 36, N/A, 27.07, 0|5, 37, N/A, 26.35, 0|6, 34, N/A, 27.54, 0|
16:06:40 0, 66, N/A, 156.40, 99|1, 64, N/A, 150.75, 99|2, 33, N/A, 28.55, 0|3, 35, N/A, 26.33, 0|4, 36, N/A, 27.07, 0|5, 37, N/A, 26.35, 0|6, 34, N/A, 27.54, 0|
16:06:42 0, 67, N/A, 134.16, 99|1, 64, N/A, 148.21, 98|2, 33, N/A, 28.55, 0|3, 35, N/A, 26.31, 0|4, 36, N/A, 27.07, 0|5, 37, N/A, 26.35, 0|6, 34, N/A, 27.54, 0|
16:06:44 0, 67, N/A, 148.21, 99|1, 64, N/A, 160.22, 99|2, 33, N/A, 28.55, 0|3, 35, N/A, 26.07, 0|4, 36, N/A, 27.07, 0|5, 37, N/A, 26.35, 0|6, 34, N/A, 27.54, 0|
16:06:47 0, 67, N/A, 175.07, 98|1, 64, N/A, 174.18, 98|2, 33, N/A, 28.55, 0|3, 35, N/A, 26.07, 0|4, 36, N/A, 27.07, 0|5, 37, N/A, 26.35, 0|6, 34, N/A, 27.30, 0|
16:06:49 0, 67, N/A, 183.89, 99|1, 64, N/A, 195.29, 98|2, 33, N/A, 28.55, 0|3, 35, N/A, 26.31, 0|4, 36, N/A, 27.07, 0|5, 37, N/A, 26.33, 0|6, 34, N/A, 27.28, 0|
16:06:51 0, 66, N/A, 177.52, 99|1, 64, N/A, 190.49, 99|2, 33, N/A, 28.55, 0|3, 35, N/A, 26.33, 0|4, 36, N/A, 27.07, 0|5, 37, N/A, 26.35, 0|6, 34, N/A, 27.54, 0|
16:06:53 0, 66, N/A, 141.27, 99|1, 64, N/A, 153.20, 98|2, 33, N/A, 28.55, 0|3, 35, N/A, 26.08, 0|4, 36, N/A, 27.07, 0|5, 37, N/A, 26.35, 0|6, 34, N/A, 27.30, 0|
16:06:55 0, 66, N/A, 155.66, 99|1, 64, N/A, 145.68, 99|2, 33, N/A, 28.55, 0|3, 35, N/A, 26.31, 0|4, 36, N/A, 27.07, 0|5, 37, N/A, 26.35, 0|6, 34, N/A, 27.30, 0|
16:06:57 0, 67, N/A, 149.54, 98|1, 64, N/A, 161.44, 99|2, 33, N/A, 28.55, 0|3, 35, N/A, 26.08, 0|4, 36, N/A, 27.07, 0|5, 37, N/A, 26.35, 0|6, 34, N/A, 27.30, 0|
16:06:59 0, 67, N/A, 184.85, 99|1, 64, N/A, 194.80, 99|2, 33, N/A, 28.54, 0|3, 35, N/A, 26.31, 0|4, 36, N/A, 27.05, 0|5, 37, N/A, 26.33, 0|6, 34, N/A, 27.54, 0|
16:07:01 0, 66, N/A, 179.73, 99|1, 64, N/A, 191.37, 99|2, 33, N/A, 28.55, 0|3, 35, N/A, 26.07, 0|4, 36, N/A, 27.07, 0|5, 37, N/A, 26.33, 0|6, 34, N/A, 27.53, 0|
16:07:03 0, 66, N/A, 135.64, 98|1, 64, N/A, 142.48, 98|2, 33, N/A, 28.55, 0|3, 35, N/A, 26.33, 0|4, 36, N/A, 27.07, 0|5, 37, N/A, 26.35, 0|6, 34, N/A, 27.54, 0|
16:07:05 0, 67, N/A, 130.72, 99|1, 64, N/A, 145.68, 98|2, 33, N/A, 28.55, 0|3, 35, N/A, 26.33, 0|4, 36, N/A, 27.07, 0|5, 37, N/A, 26.35, 0|6, 34, N/A, 27.30, 0|
16:07:07 0, 67, N/A, 135.88, 99|1, 64, N/A, 151.97, 99|2, 33, N/A, 28.55, 0|3, 35, N/A, 26.08, 0|4, 36, N/A, 27.07, 0|5, 37, N/A, 26.35, 0|6, 34, N/A, 27.30, 0|
16:07:09 0, 67, N/A, 184.87, 98|1, 64, N/A, 195.29, 97|2, 33, N/A, 28.55, 0|3, 35, N/A, 26.08, 0|4, 36, N/A, 27.07, 0|5, 37, N/A, 26.35, 0|6, 34, N/A, 27.54, 0|
16:07:12 0, 67, N/A, 183.89, 98|1, 64, N/A, 195.29, 98|2, 33, N/A, 28.30, 0|3, 35, N/A, 26.07, 0|4, 36, N/A, 27.07, 0|5, 37, N/A, 26.33, 0|6, 34, N/A, 27.30, 0|
16:07:14 0, 66, N/A, 135.87, 100|1, 64, N/A, 151.31, 99|2, 33, N/A, 28.55, 0|3, 35, N/A, 26.07, 0|4, 36, N/A, 27.07, 0|5, 37, N/A, 26.35, 0|6, 34, N/A, 27.54, 0|
16:07:16 0, 67, N/A, 150.49, 99|1, 64, N/A, 151.97, 99|2, 33, N/A, 28.30, 0|3, 35, N/A, 26.07, 0|4, 36, N/A, 27.07, 0|5, 37, N/A, 26.35, 0|6, 34, N/A, 27.54, 0|
16:07:18 0, 67, N/A, 184.53, 98|1, 64, N/A, 196.02, 99|2, 33, N/A, 28.54, 0|3, 35, N/A, 26.07, 0|4, 36, N/A, 27.05, 0|5, 37, N/A, 26.33, 0|6, 34, N/A, 27.54, 0|
16:07:20 0, 66, N/A, 181.69, 99|1, 64, N/A, 193.82, 97|2, 33, N/A, 28.55, 0|3, 35, N/A, 26.07, 0|4, 36, N/A, 27.07, 0|5, 37, N/A, 26.33, 0|6, 34, N/A, 27.30, 0|
16:07:22 0, 66, N/A, 151.01, 99|1, 64, N/A, 157.77, 99|2, 33, N/A, 28.55, 0|3, 35, N/A, 26.08, 0|4, 36, N/A, 27.07, 0|5, 37, N/A, 26.35, 0|6, 34, N/A, 27.54, 0|
16:07:24 0, 67, N/A, 154.34, 98|1, 64, N/A, 155.90, 99|2, 33, N/A, 28.30, 0|3, 35, N/A, 26.07, 0|4, 36, N/A, 27.07, 0|5, 37, N/A, 26.35, 0|6, 34, N/A, 27.54, 0|
16:07:26 0, 67, N/A, 184.37, 82|1, 64, N/A, 195.29, 81|2, 33, N/A, 28.30, 0|3, 35, N/A, 26.07, 0|4, 36, N/A, 27.07, 0|5, 37, N/A, 26.33, 0|6, 34, N/A, 27.54, 0|
16:07:28 0, 66, N/A, 153.37, 100|1, 64, N/A, 143.46, 99|2, 33, N/A, 28.55, 0|3, 35, N/A, 26.07, 0|4, 36, N/A, 27.07, 0|5, 37, N/A, 26.35, 0|6, 34, N/A, 27.54, 0|
16:07:30 0, 66, N/A, 117.30, 95|1, 64, N/A, 133.18, 99|2, 33, N/A, 28.55, 0|3, 35, N/A, 26.07, 0|4, 36, N/A, 27.05, 0|5, 37, N/A, 26.35, 0|6, 34, N/A, 27.54, 0|
16:07:32 0, 67, N/A, 185.11, 98|1, 64, N/A, 195.29, 98|2, 33, N/A, 28.55, 0|3, 35, N/A, 26.07, 0|4, 36, N/A, 27.07, 0|5, 37, N/A, 26.35, 0|6, 34, N/A, 27.54, 0|
16:07:34 0, 67, N/A, 182.67, 98|1, 64, N/A, 194.55, 98|2, 33, N/A, 28.55, 0|3, 35, N/A, 26.07, 0|4, 36, N/A, 27.07, 0|5, 37, N/A, 26.33, 0|6, 34, N/A, 27.54, 0|
16:07:37 0, 67, N/A, 142.43, 99|1, 64, N/A, 153.69, 99|2, 33, N/A, 28.55, 0|3, 35, N/A, 26.33, 0|4, 36, N/A, 27.07, 0|5, 37, N/A, 26.10, 0|6, 34, N/A, 27.30, 0|
16:07:39 0, 67, N/A, 152.97, 99|1, 64, N/A, 164.88, 99|2, 33, N/A, 28.56, 0|3, 35, N/A, 26.08, 0|4, 36, N/A, 27.07, 0|5, 37, N/A, 26.10, 0|6, 34, N/A, 27.54, 0|
16:07:41 0, 67, N/A, 171.00, 99|1, 64, N/A, 184.12, 99|2, 33, N/A, 28.55, 0|3, 35, N/A, 26.07, 0|4, 36, N/A, 27.07, 0|5, 37, N/A, 26.35, 0|6, 34, N/A, 27.54, 0|
16:07:43 0, 67, N/A, 147.50, 99|1, 64, N/A, 153.45, 99|2, 33, N/A, 28.55, 0|3, 35, N/A, 26.08, 0|4, 36, N/A, 27.07, 0|5, 37, N/A, 26.35, 0|6, 34, N/A, 27.30, 0|
16:07:45 0, 67, N/A, 185.11, 98|1, 64, N/A, 196.12, 98|2, 33, N/A, 28.55, 0|3, 35, N/A, 26.08, 0|4, 36, N/A, 27.07, 0|5, 37, N/A, 26.10, 0|6, 34, N/A, 27.30, 0|
16:07:47 0, 67, N/A, 146.59, 99|1, 64, N/A, 163.41, 97|2, 33, N/A, 28.55, 0|3, 35, N/A, 26.33, 0|4, 36, N/A, 27.07, 0|5, 37, N/A, 26.35, 0|6, 34, N/A, 27.30, 0|
16:07:49 0, 67, N/A, 153.95, 99|1, 65, N/A, 153.93, 98|2, 33, N/A, 28.32, 0|3, 35, N/A, 26.08, 0|4, 36, N/A, 27.07, 0|5, 37, N/A, 26.35, 0|6, 34, N/A, 27.54, 0|
16:07:51 0, 67, N/A, 184.13, 99|1, 64, N/A, 196.02, 100|2, 33, N/A, 28.55, 0|3, 35, N/A, 26.31, 0|4, 36, N/A, 27.07, 0|5, 37, N/A, 26.33, 0|6, 34, N/A, 27.28, 0|
16:07:53 0, 67, N/A, 144.14, 99|1, 64, N/A, 151.24, 100|2, 33, N/A, 28.55, 0|3, 35, N/A, 26.08, 0|4, 36, N/A, 27.07, 0|5, 37, N/A, 26.10, 0|6, 34, N/A, 27.30, 0|
16:07:55 0, 67, N/A, 183.15, 98|1, 65, N/A, 187.30, 98|2, 33, N/A, 28.55, 0|3, 35, N/A, 26.31, 0|4, 36, N/A, 27.07, 0|5, 37, N/A, 26.35, 0|6, 34, N/A, 27.54, 0|
16:07:57 0, 66, N/A, 146.35, 99|1, 64, N/A, 158.50, 99|2, 33, N/A, 28.55, 0|3, 35, N/A, 26.33, 0|4, 36, N/A, 27.07, 0|5, 37, N/A, 26.35, 0|6, 34, N/A, 27.30, 0|
16:07:59 0, 67, N/A, 156.15, 99|1, 64, N/A, 152.88, 98|2, 33, N/A, 28.55, 0|3, 35, N/A, 26.08, 0|4, 36, N/A, 27.07, 0|5, 37, N/A, 26.35, 0|6, 34, N/A, 27.30, 0|
16:08:02 0, 67, N/A, 180.95, 98|1, 64, N/A, 192.93, 98|2, 33, N/A, 28.55, 0|3, 35, N/A, 26.08, 0|4, 36, N/A, 27.07, 0|5, 37, N/A, 26.35, 0|6, 34, N/A, 27.30, 0|
16:08:04 0, 67, N/A, 138.08, 99|1, 64, N/A, 151.97, 99|2, 33, N/A, 28.55, 0|3, 35, N/A, 26.08, 0|4, 36, N/A, 27.07, 0|5, 37, N/A, 26.35, 0|6, 34, N/A, 27.30, 0|
16:08:06 0, 67, N/A, 184.38, 99|1, 64, N/A, 195.78, 99|2, 33, N/A, 28.55, 0|3, 35, N/A, 26.33, 0|4, 36, N/A, 27.07, 0|5, 37, N/A, 26.35, 0|6, 34, N/A, 27.30, 0|
16:08:08 0, 67, N/A, 143.72, 99|1, 64, N/A, 148.79, 99|2, 33, N/A, 28.55, 0|3, 35, N/A, 26.08, 0|4, 36, N/A, 27.07, 0|5, 37, N/A, 26.35, 0|6, 34, N/A, 27.54, 0|
16:08:10 0, 67, N/A, 181.93, 82|1, 64, N/A, 196.26, 99|2, 33, N/A, 28.30, 0|3, 35, N/A, 26.07, 0|4, 36, N/A, 27.07, 0|5, 37, N/A, 26.33, 0|6, 34, N/A, 27.54, 0|
16:08:12 0, 67, N/A, 140.96, 99|1, 64, N/A, 159.33, 100|2, 33, N/A, 28.30, 0|3, 35, N/A, 26.08, 0|4, 36, N/A, 27.07, 0|5, 37, N/A, 26.35, 0|6, 34, N/A, 27.30, 0|
16:08:14 0, 67, N/A, 156.79, 98|1, 64, N/A, 160.31, 99|2, 33, N/A, 28.56, 0|3, 35, N/A, 26.33, 0|4, 36, N/A, 27.07, 0|5, 37, N/A, 26.35, 0|6, 34, N/A, 27.30, 0|
16:08:16 0, 66, N/A, 140.78, 99|1, 64, N/A, 164.22, 99|2, 33, N/A, 28.55, 0|3, 35, N/A, 26.07, 0|4, 36, N/A, 27.07, 0|5, 37, N/A, 26.35, 0|6, 34, N/A, 27.54, 0|
16:08:18 0, 67, N/A, 142.92, 98|1, 64, N/A, 153.11, 98|2, 33, N/A, 28.55, 0|3, 35, N/A, 26.08, 0|4, 36, N/A, 27.07, 0|5, 37, N/A, 26.33, 0|6, 34, N/A, 27.30, 0|
16:08:20 0, 66, N/A, 149.21, 98|1, 64, N/A, 167.48, 99|2, 33, N/A, 28.55, 0|3, 35, N/A, 26.08, 0|4, 36, N/A, 27.07, 0|5, 37, N/A, 26.35, 0|6, 34, N/A, 27.54, 0|
16:08:22 0, 67, N/A, 136.54, 99|1, 64, N/A, 162.19, 98|2, 33, N/A, 28.55, 0|3, 35, N/A, 26.08, 0|4, 36, N/A, 27.07, 0|5, 37, N/A, 26.35, 0|6, 34, N/A, 27.30, 0|
16:08:24 0, 66, N/A, 142.18, 98|1, 64, N/A, 155.56, 99|2, 33, N/A, 28.55, 0|3, 35, N/A, 26.08, 0|4, 36, N/A, 27.07, 0|5, 37, N/A, 26.35, 0|6, 34, N/A, 27.54, 0|
16:08:27 0, 67, N/A, 154.18, 99|1, 65, N/A, 151.24, 98|2, 33, N/A, 28.55, 0|3, 35, N/A, 26.08, 0|4, 36, N/A, 27.07, 0|5, 37, N/A, 26.35, 0|6, 34, N/A, 27.54, 0|
16:08:29 0, 66, N/A, 149.70, 99|1, 64, N/A, 160.22, 98|2, 33, N/A, 28.55, 0|3, 35, N/A, 26.08, 0|4, 36, N/A, 27.07, 0|5, 37, N/A, 26.35, 0|6, 34, N/A, 27.28, 0|
16:08:31 0, 67, N/A, 147.57, 99|1, 65, N/A, 157.61, 98|2, 33, N/A, 28.55, 0|3, 35, N/A, 26.33, 0|4, 36, N/A, 27.07, 0|5, 37, N/A, 26.35, 0|6, 34, N/A, 27.54, 0|
16:08:33 0, 66, N/A, 142.43, 99|1, 64, N/A, 152.71, 99|2, 33, N/A, 28.30, 0|3, 35, N/A, 26.08, 0|4, 36, N/A, 27.07, 0|5, 37, N/A, 26.35, 0|6, 34, N/A, 27.79, 0|
16:08:35 0, 67, N/A, 180.22, 99|1, 65, N/A, 190.15, 98|2, 33, N/A, 28.55, 0|3, 35, N/A, 26.07, 0|4, 36, N/A, 27.07, 0|5, 37, N/A, 26.35, 0|6, 34, N/A, 27.54, 0|
16:08:37 0, 66, N/A, 149.29, 99|1, 64, N/A, 155.41, 99|2, 33, N/A, 28.55, 0|3, 35, N/A, 26.08, 0|4, 36, N/A, 27.07, 0|5, 37, N/A, 26.35, 0|6, 34, N/A, 27.54, 0|
16:08:39 0, 67, N/A, 181.69, 98|1, 65, N/A, 196.26, 98|2, 33, N/A, 28.55, 0|3, 35, N/A, 26.07, 0|4, 36, N/A, 27.07, 0|5, 37, N/A, 26.35, 0|6, 34, N/A, 27.53, 0|
16:08:41 0, 67, N/A, 144.88, 99|1, 64, N/A, 160.71, 90|2, 33, N/A, 28.55, 0|3, 35, N/A, 26.08, 0|4, 36, N/A, 27.07, 0|5, 37, N/A, 26.33, 0|6, 34, N/A, 27.54, 0|
16:08:43 0, 67, N/A, 180.45, 98|1, 64, N/A, 195.04, 98|2, 33, N/A, 28.55, 0|3, 35, N/A, 26.07, 0|4, 36, N/A, 27.05, 0|5, 37, N/A, 26.35, 0|6, 34, N/A, 27.53, 0|
16:08:45 0, 66, N/A, 54.11, 99|1, 64, N/A, 58.54, 99|2, 33, N/A, 28.56, 0|3, 35, N/A, 26.08, 0|4, 36, N/A, 27.07, 0|5, 37, N/A, 26.35, 0|6, 34, N/A, 27.54, 0|
16:08:47 0, 66, N/A, 159.97, 98|1, 64, N/A, 178.73, 99|2, 33, N/A, 28.55, 0|3, 35, N/A, 26.07, 0|4, 36, N/A, 27.05, 0|5, 37, N/A, 26.35, 0|6, 34, N/A, 27.53, 0|
16:08:49 0, 67, N/A, 151.96, 98|1, 65, N/A, 161.46, 99|2, 33, N/A, 28.55, 0|3, 35, N/A, 26.08, 0|4, 36, N/A, 27.07, 0|5, 37, N/A, 26.33, 0|6, 34, N/A, 27.53, 0|
16:08:51 0, 66, N/A, 134.89, 99|1, 64, N/A, 151.73, 99|2, 33, N/A, 28.55, 0|3, 35, N/A, 26.08, 0|4, 36, N/A, 27.07, 0|5, 37, N/A, 26.35, 0|6, 34, N/A, 27.30, 0|
16:08:54 0, 67, N/A, 182.41, 98|1, 65, N/A, 197.00, 99|2, 33, N/A, 28.54, 0|3, 35, N/A, 26.07, 0|4, 36, N/A, 27.05, 0|5, 37, N/A, 26.33, 0|6, 34, N/A, 27.53, 0|
16:08:56 0, 67, N/A, 140.96, 98|1, 64, N/A, 156.39, 100|2, 33, N/A, 28.55, 0|3, 35, N/A, 26.08, 0|4, 36, N/A, 27.07, 0|5, 37, N/A, 26.35, 0|6, 34, N/A, 27.54, 0|
16:08:58 0, 66, N/A, 175.07, 99|1, 64, N/A, 191.62, 99|2, 33, N/A, 28.55, 0|3, 35, N/A, 26.07, 0|4, 36, N/A, 27.07, 0|5, 37, N/A, 26.33, 0|6, 34, N/A, 27.28, 0|
16:09:00 0, 67, N/A, 182.42, 99|1, 65, N/A, 196.26, 98|2, 33, N/A, 28.54, 0|3, 35, N/A, 26.07, 0|4, 36, N/A, 27.05, 0|5, 37, N/A, 26.33, 0|6, 34, N/A, 27.30, 0|
16:09:02 0, 67, N/A, 151.25, 100|1, 64, N/A, 156.39, 100|2, 33, N/A, 28.30, 0|3, 35, N/A, 26.08, 0|4, 36, N/A, 27.07, 0|5, 37, N/A, 26.35, 0|6, 34, N/A, 27.30, 0|
16:09:04 0, 66, N/A, 175.57, 100|1, 64, N/A, 191.37, 98|2, 33, N/A, 28.55, 0|3, 35, N/A, 26.07, 0|4, 36, N/A, 27.05, 0|5, 37, N/A, 26.33, 0|6, 34, N/A, 27.28, 0|
16:09:06 0, 67, N/A, 147.06, 99|1, 65, N/A, 164.87, 99|2, 33, N/A, 28.55, 0|3, 35, N/A, 26.08, 0|4, 36, N/A, 27.07, 0|5, 37, N/A, 26.10, 0|6, 34, N/A, 27.30, 0|
16:09:08 0, 66, N/A, 137.84, 99|1, 64, N/A, 158.50, 98|2, 33, N/A, 28.56, 0|3, 35, N/A, 26.33, 0|4, 36, N/A, 27.07, 0|5, 37, N/A, 26.10, 0|6, 34, N/A, 27.30, 0|
16:09:10 0, 67, N/A, 180.46, 98|1, 65, N/A, 195.04, 99|2, 33, N/A, 28.55, 0|3, 35, N/A, 26.07, 0|4, 36, N/A, 27.05, 0|5, 37, N/A, 26.33, 0|6, 34, N/A, 27.28, 0|
16:09:12 0, 67, N/A, 151.01, 99|1, 65, N/A, 142.57, 98|2, 33, N/A, 28.56, 0|3, 35, N/A, 26.08, 0|4, 36, N/A, 27.07, 0|5, 37, N/A, 26.35, 0|6, 34, N/A, 27.54, 0|
16:09:14 0, 66, N/A, 148.80, 99|1, 64, N/A, 162.18, 100|2, 33, N/A, 28.55, 0|3, 35, N/A, 26.08, 0|4, 36, N/A, 27.07, 0|5, 37, N/A, 26.35, 0|6, 34, N/A, 27.54, 0|
16:09:16 0, 67, N/A, 182.18, 99|1, 65, N/A, 196.51, 99|2, 33, N/A, 28.54, 0|3, 35, N/A, 26.31, 0|4, 36, N/A, 27.07, 0|5, 37, N/A, 26.33, 0|6, 34, N/A, 27.54, 0|
16:09:19 0, 67, N/A, 181.20, 99|1, 65, N/A, 194.80, 99|2, 33, N/A, 28.55, 0|3, 35, N/A, 26.08, 0|4, 36, N/A, 27.07, 0|5, 37, N/A, 26.35, 0|6, 34, N/A, 27.30, 0|
16:09:21 0, 66, N/A, 143.41, 100|1, 64, N/A, 160.71, 99|2, 33, N/A, 28.55, 0|3, 35, N/A, 26.08, 0|4, 36, N/A, 27.07, 0|5, 37, N/A, 26.35, 0|6, 34, N/A, 27.54, 0|
16:09:23 0, 66, N/A, 165.85, 100|1, 64, N/A, 183.88, 98|2, 33, N/A, 28.55, 0|3, 35, N/A, 26.08, 0|4, 36, N/A, 27.07, 0|5, 37, N/A, 26.35, 0|6, 34, N/A, 27.30, 0|
16:09:25 0, 67, N/A, 182.42, 98|1, 65, N/A, 196.26, 98|2, 33, N/A, 28.55, 0|3, 35, N/A, 26.07, 0|4, 36, N/A, 27.07, 0|5, 37, N/A, 26.33, 0|6, 34, N/A, 27.54, 0|
16:09:27 0, 67, N/A, 142.18, 98|1, 65, N/A, 157.37, 100|2, 33, N/A, 28.55, 0|3, 35, N/A, 26.33, 0|4, 36, N/A, 27.07, 0|5, 37, N/A, 26.35, 0|6, 34, N/A, 27.30, 0|
16:09:29 0, 66, N/A, 147.08, 99|1, 64, N/A, 157.37, 99|2, 33, N/A, 28.55, 0|3, 35, N/A, 26.08, 0|4, 36, N/A, 27.07, 0|5, 37, N/A, 26.35, 0|6, 34, N/A, 27.54, 0|
16:09:31 0, 66, N/A, 178.50, 99|1, 64, N/A, 193.33, 98|2, 33, N/A, 28.55, 0|3, 35, N/A, 26.07, 0|4, 36, N/A, 27.07, 0|5, 37, N/A, 26.35, 0|6, 34, N/A, 27.30, 0|
16:09:33 0, 67, N/A, 180.22, 99|1, 65, N/A, 189.26, 98|2, 33, N/A, 28.55, 0|3, 35, N/A, 26.07, 0|4, 36, N/A, 27.07, 0|5, 37, N/A, 26.35, 0|6, 34, N/A, 27.54, 0|
16:09:35 0, 66, N/A, 111.41, 99|1, 64, N/A, 111.42, 98|2, 33, N/A, 28.55, 0|3, 35, N/A, 26.08, 0|4, 36, N/A, 27.07, 0|5, 37, N/A, 26.35, 0|6, 34, N/A, 27.28, 0|
16:09:37 0, 66, N/A, 142.43, 99|1, 64, N/A, 158.26, 99|2, 33, N/A, 28.55, 0|3, 35, N/A, 26.07, 0|4, 36, N/A, 27.07, 0|5, 37, N/A, 26.35, 0|6, 34, N/A, 27.30, 0|
16:09:39 0, 67, N/A, 182.42, 98|1, 64, N/A, 196.76, 99|2, 33, N/A, 28.54, 0|3, 35, N/A, 26.07, 0|4, 36, N/A, 27.05, 0|5, 37, N/A, 26.33, 0|6, 34, N/A, 27.28, 0|
16:09:41 0, 67, N/A, 182.18, 99|1, 65, N/A, 196.51, 99|2, 33, N/A, 28.55, 0|3, 35, N/A, 26.07, 0|4, 36, N/A, 27.07, 0|5, 37, N/A, 26.33, 0|6, 34, N/A, 27.54, 0|
16:09:44 0, 67, N/A, 142.43, 99|1, 64, N/A, 159.24, 98|2, 33, N/A, 28.55, 0|3, 35, N/A, 26.31, 0|4, 36, N/A, 27.07, 0|5, 37, N/A, 26.10, 0|6, 34, N/A, 27.54, 0|
16:09:46 0, 66, N/A, 145.44, 98|1, 64, N/A, 155.32, 99|2, 33, N/A, 28.55, 0|3, 35, N/A, 26.33, 0|4, 36, N/A, 27.07, 0|5, 37, N/A, 26.35, 0|6, 34, N/A, 27.54, 0|
16:09:48 0, 66, N/A, 158.75, 99|1, 64, N/A, 175.15, 99|2, 33, N/A, 28.55, 0|3, 35, N/A, 26.08, 0|4, 36, N/A, 27.07, 0|5, 37, N/A, 26.35, 0|6, 34, N/A, 27.54, 0|
16:09:50 0, 66, N/A, 180.95, 99|1, 64, N/A, 195.04, 98|2, 33, N/A, 28.55, 0|3, 35, N/A, 26.31, 0|4, 36, N/A, 27.05, 0|5, 37, N/A, 26.33, 0|6, 34, N/A, 27.53, 0|
16:09:52 0, 67, N/A, 180.95, 99|1, 65, N/A, 195.04, 97|2, 33, N/A, 28.30, 0|3, 35, N/A, 26.33, 0|4, 36, N/A, 27.07, 0|5, 37, N/A, 26.35, 0|6, 34, N/A, 27.30, 0|
16:09:54 0, 67, N/A, 152.97, 87|1, 65, N/A, 159.24, 79|2, 33, N/A, 28.55, 0|3, 35, N/A, 26.08, 0|4, 36, N/A, 27.07, 0|5, 37, N/A, 26.35, 0|6, 34, N/A, 27.30, 0|
16:09:56 0, 67, N/A, 152.48, 99|1, 64, N/A, 151.40, 100|2, 33, N/A, 28.55, 0|3, 35, N/A, 26.08, 0|4, 36, N/A, 27.07, 0|5, 37, N/A, 26.35, 0|6, 34, N/A, 27.54, 0|
16:09:58 0, 66, N/A, 175.32, 99|1, 64, N/A, 188.53, 100|2, 33, N/A, 28.55, 0|3, 35, N/A, 26.07, 0|4, 36, N/A, 27.05, 0|5, 37, N/A, 26.33, 0|6, 34, N/A, 27.53, 0|
16:10:00 0, 67, N/A, 183.40, 98|1, 65, N/A, 195.29, 98|2, 33, N/A, 28.55, 0|3, 35, N/A, 26.08, 0|4, 36, N/A, 27.07, 0|5, 37, N/A, 26.35, 0|6, 34, N/A, 27.54, 0|
16:10:02 0, 67, N/A, 185.36, 98|1, 65, N/A, 196.51, 98|2, 33, N/A, 28.55, 0|3, 35, N/A, 26.08, 0|4, 36, N/A, 27.07, 0|5, 37, N/A, 26.35, 0|6, 34, N/A, 27.54, 0|
16:10:04 0, 67, N/A, 143.42, 100|1, 65, N/A, 156.55, 99|2, 33, N/A, 28.55, 0|3, 35, N/A, 26.08, 0|4, 36, N/A, 27.07, 0|5, 37, N/A, 26.35, 0|6, 34, N/A, 27.30, 0|
16:10:06 0, 67, N/A, 145.19, 99|1, 65, N/A, 158.51, 99|2, 33, N/A, 28.56, 0|3, 35, N/A, 26.08, 0|4, 36, N/A, 27.07, 0|5, 37, N/A, 26.35, 0|6, 34, N/A, 27.54, 0|
16:10:09 0, 67, N/A, 143.16, 99|1, 64, N/A, 158.50, 100|2, 33, N/A, 28.55, 0|3, 35, N/A, 26.33, 0|4, 36, N/A, 27.07, 0|5, 37, N/A, 26.35, 0|6, 34, N/A, 27.54, 0|
16:10:11 0, 67, N/A, 150.03, 99|1, 64, N/A, 165.10, 99|2, 33, N/A, 28.55, 0|3, 35, N/A, 26.33, 0|4, 36, N/A, 27.07, 0|5, 37, N/A, 26.35, 0|6, 34, N/A, 27.30, 0|
16:10:13 0, 66, N/A, 173.61, 100|1, 64, N/A, 186.57, 98|2, 33, N/A, 28.55, 0|3, 35, N/A, 26.31, 0|4, 36, N/A, 27.07, 0|5, 37, N/A, 26.35, 0|6, 34, N/A, 27.28, 0|
16:10:15 0, 67, N/A, 184.87, 98|1, 65, N/A, 197.24, 98|2, 33, N/A, 28.54, 0|3, 35, N/A, 26.31, 0|4, 36, N/A, 27.07, 0|5, 37, N/A, 26.33, 0|6, 34, N/A, 27.54, 0|
16:10:17 0, 67, N/A, 163.41, 98|1, 65, N/A, 156.31, 100|2, 33, N/A, 28.55, 0|3, 35, N/A, 26.08, 0|4, 36, N/A, 27.07, 0|5, 37, N/A, 26.35, 0|6, 34, N/A, 27.30, 0|
16:10:19 0, 67, N/A, 149.22, 99|1, 65, N/A, 164.63, 99|2, 33, N/A, 28.55, 0|3, 35, N/A, 26.08, 0|4, 36, N/A, 27.07, 0|5, 37, N/A, 26.35, 0|6, 34, N/A, 27.30, 0|
16:10:21 0, 67, N/A, 150.42, 99|1, 64, N/A, 148.87, 99|2, 33, N/A, 28.55, 0|3, 35, N/A, 26.08, 0|4, 36, N/A, 27.07, 0|5, 37, N/A, 26.35, 0|6, 34, N/A, 27.30, 0|
16:10:23 0, 67, N/A, 154.68, 100|1, 64, N/A, 143.88, 100|2, 33, N/A, 28.56, 0|3, 35, N/A, 26.08, 0|4, 36, N/A, 27.07, 0|5, 37, N/A, 26.35, 0|6, 34, N/A, 27.30, 0|
16:10:25 0, 67, N/A, 152.97, 100|1, 64, N/A, 160.06, 98|2, 33, N/A, 28.55, 0|3, 35, N/A, 26.08, 0|4, 36, N/A, 27.07, 0|5, 37, N/A, 26.35, 0|6, 34, N/A, 27.30, 0|
16:10:27 0, 67, N/A, 151.01, 99|1, 64, N/A, 159.57, 99|2, 33, N/A, 28.56, 0|3, 35, N/A, 26.08, 0|4, 36, N/A, 27.07, 0|5, 37, N/A, 26.35, 0|6, 34, N/A, 27.54, 0|
16:10:29 0, 66, N/A, 179.48, 99|1, 64, N/A, 191.86, 100|2, 33, N/A, 28.55, 0|3, 35, N/A, 26.08, 0|4, 36, N/A, 27.07, 0|5, 37, N/A, 26.35, 0|6, 34, N/A, 27.30, 0|
16:10:31 0, 67, N/A, 178.75, 98|1, 64, N/A, 191.86, 99|2, 33, N/A, 28.55, 0|3, 35, N/A, 26.07, 0|4, 36, N/A, 27.07, 0|5, 37, N/A, 26.33, 0|6, 34, N/A, 27.53, 0|
16:10:34 0, 67, N/A, 184.50, 99|1, 65, N/A, 197.21, 99|2, 33, N/A, 28.54, 0|3, 35, N/A, 26.07, 0|4, 36, N/A, 27.05, 0|5, 37, N/A, 26.33, 0|6, 34, N/A, 27.53, 0|
16:10:36 0, 67, N/A, 185.36, 99|1, 65, N/A, 197.24, 99|2, 33, N/A, 28.55, 0|3, 35, N/A, 26.33, 0|4, 36, N/A, 27.07, 0|5, 37, N/A, 26.35, 0|6, 34, N/A, 27.54, 0|
16:10:38 0, 67, N/A, 185.36, 98|1, 65, N/A, 196.51, 99|2, 33, N/A, 28.55, 0|3, 35, N/A, 26.31, 0|4, 36, N/A, 27.07, 0|5, 37, N/A, 26.33, 0|6, 34, N/A, 27.30, 0|
16:10:40 0, 67, N/A, 166.60, 98|1, 65, N/A, 177.12, 98|2, 33, N/A, 28.56, 0|3, 35, N/A, 26.08, 0|4, 36, N/A, 27.07, 0|5, 37, N/A, 26.35, 0|6, 34, N/A, 27.54, 0|
16:10:42 0, 67, N/A, 185.60, 98|1, 64, N/A, 196.76, 98|2, 33, N/A, 28.55, 0|3, 35, N/A, 26.07, 0|4, 36, N/A, 27.07, 0|5, 37, N/A, 26.33, 0|6, 34, N/A, 27.30, 0|
16:10:44 0, 67, N/A, 185.36, 98|1, 65, N/A, 196.76, 99|2, 33, N/A, 28.30, 0|3, 35, N/A, 26.08, 0|4, 36, N/A, 27.07, 0|5, 37, N/A, 26.35, 0|6, 34, N/A, 27.30, 0|
16:10:46 0, 67, N/A, 162.18, 93|1, 64, N/A, 172.21, 93|2, 33, N/A, 28.30, 0|3, 35, N/A, 26.07, 0|4, 36, N/A, 27.07, 0|5, 37, N/A, 26.33, 0|6, 34, N/A, 27.54, 0|
16:10:48 0, 67, N/A, 160.71, 94|1, 64, N/A, 171.39, 93|2, 33, N/A, 28.55, 0|3, 35, N/A, 26.08, 0|4, 36, N/A, 27.07, 0|5, 37, N/A, 26.33, 0|6, 34, N/A, 27.54, 0|
16:10:50 0, 67, N/A, 163.57, 93|1, 64, N/A, 170.41, 94|2, 33, N/A, 28.55, 0|3, 35, N/A, 26.31, 0|4, 36, N/A, 27.05, 0|5, 37, N/A, 26.35, 0|6, 34, N/A, 27.54, 0|
16:10:52 0, 67, N/A, 161.61, 94|1, 64, N/A, 177.25, 94|2, 33, N/A, 28.55, 0|3, 35, N/A, 26.07, 0|4, 36, N/A, 27.07, 0|5, 37, N/A, 26.35, 0|6, 34, N/A, 27.30, 0|
16:10:54 0, 67, N/A, 160.29, 94|1, 64, N/A, 170.25, 93|2, 33, N/A, 28.55, 0|3, 35, N/A, 26.31, 0|4, 36, N/A, 27.05, 0|5, 37, N/A, 26.33, 0|6, 34, N/A, 27.28, 0|
16:10:56 0, 67, N/A, 161.93, 94|1, 64, N/A, 170.98, 93|2, 33, N/A, 28.30, 0|3, 35, N/A, 26.31, 0|4, 36, N/A, 27.07, 0|5, 37, N/A, 26.33, 0|6, 34, N/A, 27.53, 0|
16:10:59 0, 67, N/A, 164.71, 94|1, 64, N/A, 170.00, 94|2, 33, N/A, 28.55, 0|3, 35, N/A, 26.07, 0|4, 36, N/A, 27.07, 0|5, 37, N/A, 26.35, 0|6, 34, N/A, 27.53, 0|
16:11:01 0, 67, N/A, 164.46, 94|1, 64, N/A, 172.48, 94|2, 33, N/A, 28.55, 0|3, 35, N/A, 26.08, 0|4, 36, N/A, 27.07, 0|5, 37, N/A, 26.35, 0|6, 34, N/A, 27.53, 0|
16:11:03 0, 67, N/A, 164.38, 94|1, 64, N/A, 170.42, 94|2, 33, N/A, 28.55, 0|3, 35, N/A, 26.31, 0|4, 36, N/A, 27.07, 0|5, 37, N/A, 26.33, 0|6, 34, N/A, 27.30, 0|
16:11:05 0, 67, N/A, 163.25, 94|1, 64, N/A, 174.66, 93|2, 33, N/A, 28.55, 0|3, 35, N/A, 26.31, 0|4, 36, N/A, 27.07, 0|5, 37, N/A, 26.33, 0|6, 34, N/A, 27.54, 0|
16:11:07 0, 67, N/A, 166.83, 94|1, 64, N/A, 168.21, 93|2, 33, N/A, 28.55, 0|3, 35, N/A, 26.07, 0|4, 36, N/A, 27.07, 0|5, 37, N/A, 26.33, 0|6, 34, N/A, 27.28, 0|
16:11:09 0, 67, N/A, 163.89, 93|1, 64, N/A, 169.43, 94|2, 33, N/A, 28.55, 0|3, 35, N/A, 26.33, 0|4, 36, N/A, 27.05, 0|5, 37, N/A, 26.33, 0|6, 34, N/A, 27.53, 0|
16:11:11 0, 67, N/A, 166.59, 94|1, 64, N/A, 171.32, 93|2, 33, N/A, 28.55, 0|3, 35, N/A, 26.33, 0|4, 36, N/A, 27.07, 0|5, 37, N/A, 26.35, 0|6, 34, N/A, 27.54, 0|
16:11:13 0, 67, N/A, 158.10, 94|1, 64, N/A, 168.56, 94|2, 33, N/A, 28.55, 0|3, 35, N/A, 26.08, 0|4, 36, N/A, 27.07, 0|5, 37, N/A, 26.35, 0|6, 34, N/A, 27.30, 0|
16:11:15 0, 67, N/A, 159.16, 94|1, 64, N/A, 165.52, 93|2, 33, N/A, 28.55, 0|3, 35, N/A, 26.33, 0|4, 36, N/A, 27.07, 0|5, 37, N/A, 26.33, 0|6, 34, N/A, 27.30, 0|
16:11:17 0, 67, N/A, 161.03, 94|1, 64, N/A, 167.23, 94|2, 33, N/A, 28.55, 0|3, 35, N/A, 26.33, 0|4, 36, N/A, 27.07, 0|5, 37, N/A, 26.35, 0|6, 34, N/A, 27.54, 0|
16:11:19 0, 67, N/A, 164.30, 94|1, 64, N/A, 170.65, 93|2, 33, N/A, 28.55, 0|3, 35, N/A, 26.07, 0|4, 36, N/A, 27.07, 0|5, 37, N/A, 26.35, 0|6, 34, N/A, 27.30, 0|
16:11:21 0, 67, N/A, 167.16, 94|1, 64, N/A, 172.24, 93|2, 33, N/A, 28.55, 0|3, 35, N/A, 26.31, 0|4, 36, N/A, 27.05, 0|5, 37, N/A, 26.35, 0|6, 34, N/A, 27.30, 0|
16:11:24 0, 67, N/A, 162.83, 94|1, 64, N/A, 172.94, 93|2, 33, N/A, 28.30, 0|3, 35, N/A, 26.07, 0|4, 36, N/A, 27.05, 0|5, 37, N/A, 26.08, 0|6, 34, N/A, 27.53, 0|
16:11:26 0, 67, N/A, 167.32, 93|1, 64, N/A, 166.75, 93|2, 33, N/A, 28.55, 0|3, 35, N/A, 26.08, 0|4, 36, N/A, 27.07, 0|5, 37, N/A, 26.08, 0|6, 34, N/A, 27.28, 0|
16:11:28 0, 67, N/A, 157.03, 94|1, 64, N/A, 168.04, 93|2, 33, N/A, 28.55, 0|3, 35, N/A, 26.07, 0|4, 36, N/A, 27.07, 0|5, 37, N/A, 26.33, 0|6, 34, N/A, 27.54, 0|
16:11:30 0, 67, N/A, 164.38, 93|1, 64, N/A, 169.61, 94|2, 33, N/A, 28.55, 0|3, 35, N/A, 26.07, 0|4, 36, N/A, 27.07, 0|5, 37, N/A, 26.33, 0|6, 34, N/A, 27.28, 0|
16:11:32 0, 67, N/A, 161.69, 94|1, 64, N/A, 175.39, 93|2, 33, N/A, 28.55, 0|3, 35, N/A, 26.07, 0|4, 36, N/A, 27.05, 0|5, 37, N/A, 26.33, 0|6, 34, N/A, 27.53, 0|
16:11:34 0, 67, N/A, 158.53, 94|1, 64, N/A, 168.21, 93|2, 33, N/A, 28.55, 0|3, 35, N/A, 26.08, 0|4, 36, N/A, 27.07, 0|5, 37, N/A, 26.33, 0|6, 34, N/A, 27.54, 0|
16:11:36 0, 67, N/A, 160.14, 94|1, 64, N/A, 170.98, 94|2, 33, N/A, 28.55, 0|3, 35, N/A, 26.07, 0|4, 36, N/A, 27.05, 0|5, 37, N/A, 26.33, 0|6, 34, N/A, 27.28, 0|
16:11:38 0, 67, N/A, 158.99, 94|1, 64, N/A, 173.92, 94|2, 33, N/A, 28.30, 0|3, 35, N/A, 26.07, 0|4, 36, N/A, 27.05, 0|5, 37, N/A, 26.33, 0|6, 34, N/A, 27.53, 0|
16:11:40 0, 67, N/A, 163.24, 94|1, 64, N/A, 171.65, 93|2, 33, N/A, 28.55, 0|3, 35, N/A, 26.07, 0|4, 36, N/A, 27.07, 0|5, 37, N/A, 26.35, 0|6, 34, N/A, 27.30, 0|
16:11:42 0, 67, N/A, 161.61, 94|1, 64, N/A, 170.74, 93|2, 33, N/A, 28.55, 0|3, 35, N/A, 26.31, 0|4, 36, N/A, 27.07, 0|5, 37, N/A, 26.33, 0|6, 34, N/A, 27.54, 0|
16:11:44 0, 67, N/A, 164.22, 94|1, 64, N/A, 172.60, 93|2, 33, N/A, 28.55, 0|3, 35, N/A, 26.33, 0|4, 36, N/A, 27.05, 0|5, 37, N/A, 26.33, 0|6, 34, N/A, 27.30, 0|
16:11:46 0, 67, N/A, 161.20, 94|1, 64, N/A, 172.45, 94|2, 33, N/A, 28.56, 0|3, 35, N/A, 26.31, 0|4, 36, N/A, 27.07, 0|5, 37, N/A, 26.35, 0|6, 34, N/A, 27.30, 0|
16:11:49 0, 66, N/A, 156.79, 94|1, 64, N/A, 164.78, 94|2, 33, N/A, 28.55, 0|3, 35, N/A, 26.31, 0|4, 36, N/A, 27.05, 0|5, 37, N/A, 26.33, 0|6, 34, N/A, 27.53, 0|
16:11:51 0, 66, N/A, 162.10, 94|1, 64, N/A, 170.00, 93|2, 33, N/A, 28.55, 0|3, 35, N/A, 26.31, 0|4, 36, N/A, 27.05, 0|5, 37, N/A, 26.33, 0|6, 34, N/A, 27.53, 0|
16:11:53 0, 67, N/A, 168.71, 94|1, 64, N/A, 160.69, 94|2, 33, N/A, 28.55, 0|3, 35, N/A, 26.07, 0|4, 36, N/A, 26.81, 0|5, 37, N/A, 26.33, 0|6, 34, N/A, 27.54, 0|
16:11:55 0, 67, N/A, 160.73, 93|1, 64, N/A, 170.98, 94|2, 33, N/A, 28.55, 0|3, 35, N/A, 26.07, 0|4, 36, N/A, 27.05, 0|5, 37, N/A, 26.35, 0|6, 34, N/A, 27.54, 0|
16:11:57 0, 67, N/A, 160.95, 93|1, 64, N/A, 171.16, 93|2, 33, N/A, 28.55, 0|3, 35, N/A, 26.33, 0|4, 36, N/A, 27.07, 0|5, 37, N/A, 26.33, 0|6, 34, N/A, 27.28, 0|
16:11:59 0, 67, N/A, 164.14, 94|1, 64, N/A, 172.22, 93|2, 33, N/A, 28.55, 0|3, 35, N/A, 26.08, 0|4, 36, N/A, 27.07, 0|5, 37, N/A, 26.35, 0|6, 34, N/A, 27.30, 0|
16:12:01 0, 67, N/A, 165.28, 94|1, 64, N/A, 170.74, 94|2, 33, N/A, 28.55, 0|3, 35, N/A, 26.07, 0|4, 36, N/A, 27.07, 0|5, 37, N/A, 26.33, 0|6, 34, N/A, 27.53, 0|
16:12:03 0, 67, N/A, 162.91, 94|1, 64, N/A, 171.62, 93|2, 33, N/A, 28.30, 0|3, 35, N/A, 26.07, 0|4, 36, N/A, 27.07, 0|5, 37, N/A, 26.33, 0|6, 34, N/A, 27.54, 0|
16:12:05 0, 67, N/A, 161.44, 94|1, 64, N/A, 172.60, 94|2, 33, N/A, 28.30, 0|3, 35, N/A, 26.31, 0|4, 36, N/A, 27.05, 0|5, 37, N/A, 26.33, 0|6, 34, N/A, 27.53, 0|
16:12:07 0, 67, N/A, 164.87, 94|1, 64, N/A, 175.39, 93|2, 33, N/A, 28.55, 0|3, 35, N/A, 26.31, 0|4, 36, N/A, 27.05, 0|5, 37, N/A, 26.10, 0|6, 34, N/A, 27.54, 0|
16:12:09 0, 67, N/A, 161.93, 94|1, 64, N/A, 175.81, 94|2, 33, N/A, 28.55, 0|3, 35, N/A, 26.07, 0|4, 36, N/A, 27.07, 0|5, 37, N/A, 26.10, 0|6, 34, N/A, 27.30, 0|
16:12:12 0, 67, N/A, 157.77, 93|1, 64, N/A, 167.70, 93|2, 33, N/A, 28.55, 0|3, 35, N/A, 26.07, 0|4, 36, N/A, 27.05, 0|5, 37, N/A, 26.33, 0|6, 34, N/A, 27.28, 0|
16:12:14 0, 62, N/A, 43.56, 0|1, 60, N/A, 48.73, 0|2, 33, N/A, 28.32, 0|3, 35, N/A, 26.08, 0|4, 36, N/A, 27.07, 0|5, 37, N/A, 26.35, 0|6, 34, N/A, 27.30, 0|
16:12:16 0, 60, N/A, 38.15, 6|1, 58, N/A, 41.59, 0|2, 33, N/A, 28.56, 0|3, 35, N/A, 26.08, 0|4, 36, N/A, 27.07, 0|5, 37, N/A, 26.35, 0|6, 34, N/A, 27.30, 0|
16:12:18 0, 60, N/A, 37.65, 10|1, 57, N/A, 41.10, 18|2, 33, N/A, 28.56, 0|3, 35, N/A, 26.08, 0|4, 36, N/A, 27.07, 0|5, 37, N/A, 26.35, 0|6, 34, N/A, 27.30, 0|
16:12:20 0, 62, N/A, 143.23, 98|1, 59, N/A, 137.76, 98|2, 33, N/A, 28.30, 0|3, 35, N/A, 26.07, 0|4, 36, N/A, 27.07, 0|5, 37, N/A, 26.33, 0|6, 34, N/A, 27.30, 0|
16:12:22 0, 62, N/A, 162.76, 90|1, 60, N/A, 170.98, 41|2, 33, N/A, 28.30, 0|3, 35, N/A, 26.08, 0|4, 36, N/A, 27.07, 0|5, 37, N/A, 26.35, 0|6, 34, N/A, 27.30, 0|
16:12:24 0, 64, N/A, 154.90, 91|1, 61, N/A, 162.91, 91|2, 33, N/A, 28.30, 0|3, 35, N/A, 26.08, 0|4, 36, N/A, 27.07, 0|5, 37, N/A, 26.35, 0|6, 34, N/A, 27.28, 0|
16:12:26 0, 63, N/A, 147.33, 98|1, 60, N/A, 149.77, 97|2, 33, N/A, 28.30, 0|3, 35, N/A, 26.31, 0|4, 36, N/A, 27.07, 0|5, 37, N/A, 26.33, 0|6, 34, N/A, 27.30, 0|
16:12:28 0, 63, N/A, 141.45, 98|1, 60, N/A, 154.92, 98|2, 33, N/A, 28.30, 0|3, 35, N/A, 26.08, 0|4, 36, N/A, 27.07, 0|5, 37, N/A, 26.35, 0|6, 34, N/A, 27.30, 0|
16:12:30 0, 63, N/A, 149.78, 98|1, 60, N/A, 152.63, 88|2, 33, N/A, 28.55, 0|3, 35, N/A, 26.08, 0|4, 36, N/A, 27.07, 0|5, 37, N/A, 26.35, 0|6, 34, N/A, 27.30, 0|
16:12:32 0, 63, N/A, 141.67, 98|1, 60, N/A, 154.43, 69|2, 33, N/A, 28.55, 0|3, 35, N/A, 26.08, 0|4, 36, N/A, 27.07, 0|5, 37, N/A, 26.35, 0|6, 34, N/A, 27.30, 0|
16:12:34 0, 63, N/A, 140.69, 98|1, 60, N/A, 150.66, 99|2, 33, N/A, 28.30, 0|3, 35, N/A, 26.31, 0|4, 36, N/A, 27.07, 0|5, 37, N/A, 26.33, 0|6, 34, N/A, 27.30, 0|
16:12:37 0, 64, N/A, 165.36, 91|1, 61, N/A, 160.87, 91|2, 33, N/A, 28.55, 0|3, 35, N/A, 26.07, 0|4, 36, N/A, 27.05, 0|5, 37, N/A, 26.33, 0|6, 34, N/A, 27.30, 0|
16:12:39 0, 63, N/A, 139.31, 98|1, 60, N/A, 147.97, 98|2, 33, N/A, 28.55, 0|3, 35, N/A, 26.08, 0|4, 36, N/A, 27.07, 0|5, 37, N/A, 26.35, 0|6, 34, N/A, 27.30, 0|
16:12:41 0, 63, N/A, 150.49, 88|1, 60, N/A, 152.96, 88|2, 33, N/A, 28.30, 0|3, 35, N/A, 26.08, 0|4, 36, N/A, 27.05, 0|5, 37, N/A, 26.35, 0|6, 34, N/A, 27.30, 0|
16:12:43 0, 63, N/A, 141.20, 98|1, 60, N/A, 163.81, 98|2, 33, N/A, 28.55, 0|3, 35, N/A, 26.07, 0|4, 36, N/A, 27.07, 0|5, 37, N/A, 26.35, 0|6, 34, N/A, 27.30, 0|
16:12:45 0, 63, N/A, 145.12, 98|1, 61, N/A, 156.14, 97|2, 33, N/A, 28.55, 0|3, 35, N/A, 26.08, 0|4, 36, N/A, 27.07, 0|5, 37, N/A, 26.35, 0|6, 34, N/A, 27.54, 0|
16:12:47 0, 63, N/A, 153.62, 98|1, 61, N/A, 142.99, 98|2, 33, N/A, 28.55, 0|3, 35, N/A, 26.07, 0|4, 36, N/A, 27.07, 0|5, 37, N/A, 26.35, 0|6, 34, N/A, 27.54, 0|
16:12:49 0, 63, N/A, 140.29, 98|1, 60, N/A, 148.79, 98|2, 33, N/A, 28.30, 0|3, 35, N/A, 26.08, 0|4, 36, N/A, 27.07, 0|5, 37, N/A, 26.35, 0|6, 34, N/A, 27.30, 0|
16:12:51 0, 63, N/A, 139.49, 98|1, 60, N/A, 150.01, 98|2, 33, N/A, 28.30, 0|3, 35, N/A, 26.33, 0|4, 36, N/A, 27.07, 0|5, 37, N/A, 26.35, 0|6, 34, N/A, 27.30, 0|
16:12:53 0, 63, N/A, 145.12, 98|1, 60, N/A, 155.56, 98|2, 33, N/A, 28.55, 0|3, 35, N/A, 26.08, 0|4, 36, N/A, 27.07, 0|5, 37, N/A, 26.35, 0|6, 34, N/A, 27.54, 0|
16:12:55 0, 63, N/A, 130.72, 89|1, 60, N/A, 147.48, 89|2, 33, N/A, 28.55, 0|3, 35, N/A, 26.08, 0|4, 36, N/A, 27.07, 0|5, 37, N/A, 26.10, 0|6, 34, N/A, 27.54, 0|
16:12:57 0, 63, N/A, 150.43, 98|1, 61, N/A, 133.42, 99|2, 33, N/A, 28.30, 0|3, 35, N/A, 26.08, 0|4, 36, N/A, 27.07, 0|5, 37, N/A, 26.35, 0|6, 34, N/A, 27.30, 0|
16:12:59 0, 63, N/A, 144.21, 98|1, 60, N/A, 139.23, 98|2, 33, N/A, 28.30, 0|3, 35, N/A, 26.07, 0|4, 36, N/A, 27.07, 0|5, 37, N/A, 26.35, 0|6, 34, N/A, 27.30, 0|
16:13:02 0, 63, N/A, 151.25, 98|1, 60, N/A, 155.41, 98|2, 33, N/A, 28.32, 0|3, 35, N/A, 26.08, 0|4, 36, N/A, 27.07, 0|5, 37, N/A, 26.35, 0|6, 34, N/A, 27.54, 0|
16:13:04 0, 63, N/A, 148.80, 98|1, 60, N/A, 158.84, 99|2, 33, N/A, 28.55, 0|3, 35, N/A, 26.08, 0|4, 36, N/A, 27.07, 0|5, 37, N/A, 26.35, 0|6, 34, N/A, 27.30, 0|
16:13:06 0, 63, N/A, 142.67, 98|1, 60, N/A, 144.46, 98|2, 33, N/A, 28.55, 0|3, 35, N/A, 26.08, 0|4, 36, N/A, 27.07, 0|5, 37, N/A, 26.10, 0|6, 34, N/A, 27.54, 0|
16:13:08 0, 63, N/A, 136.79, 98|1, 60, N/A, 152.88, 98|2, 33, N/A, 28.30, 0|3, 35, N/A, 26.08, 0|4, 36, N/A, 27.07, 0|5, 37, N/A, 26.35, 0|6, 34, N/A, 27.54, 0|
16:13:10 0, 63, N/A, 149.29, 98|1, 60, N/A, 152.62, 98|2, 33, N/A, 28.55, 0|3, 35, N/A, 26.08, 0|4, 36, N/A, 27.07, 0|5, 37, N/A, 26.35, 0|6, 34, N/A, 27.30, 0|
16:13:12 0, 63, N/A, 152.97, 98|1, 60, N/A, 161.44, 98|2, 33, N/A, 28.30, 0|3, 35, N/A, 26.08, 0|4, 36, N/A, 27.07, 0|5, 37, N/A, 26.35, 0|6, 34, N/A, 27.30, 0|
16:13:14 0, 64, N/A, 151.50, 98|1, 61, N/A, 164.87, 97|2, 33, N/A, 28.55, 0|3, 35, N/A, 26.07, 0|4, 36, N/A, 27.07, 0|5, 37, N/A, 26.35, 0|6, 34, N/A, 27.30, 0|
16:13:16 0, 63, N/A, 136.37, 98|1, 60, N/A, 152.71, 98|2, 33, N/A, 28.55, 0|3, 35, N/A, 26.08, 0|4, 36, N/A, 27.07, 0|5, 37, N/A, 26.35, 0|6, 34, N/A, 27.54, 0|
16:13:18 0, 64, N/A, 160.39, 91|1, 61, N/A, 160.48, 91|2, 33, N/A, 28.55, 0|3, 35, N/A, 26.08, 0|4, 36, N/A, 27.07, 0|5, 37, N/A, 26.10, 0|6, 34, N/A, 27.54, 0|
16:13:20 0, 64, N/A, 159.42, 90|1, 61, N/A, 165.30, 91|2, 33, N/A, 28.30, 0|3, 35, N/A, 26.33, 0|4, 36, N/A, 27.07, 0|5, 37, N/A, 26.35, 0|6, 34, N/A, 27.54, 0|
16:13:22 0, 59, N/A, 43.56, 0|1, 57, N/A, 47.01, 0|2, 33, N/A, 28.57, 0|3, 35, N/A, 26.09, 0|4, 36, N/A, 27.09, 0|5, 37, N/A, 26.36, 0|6, 34, N/A, 27.56, 0|
